Country,1990,1990_lower, 1990_upper, 1990_Footnote, 1991,1991_lower, 1991_upper, 1991_Footnote, 1992,1992_lower, 1992_upper, 1992_Footnote, 1993,1993_lower, 1993_upper, 1993_Footnote, 1994,1994_lower, 1994_upper, 1994_Footnote, 1995,1995_lower, 1995_upper, 1995_Footnote, 1996,1996_lower, 1996_upper, 1996_Footnote, 1997,1997_lower, 1997_upper, 1997_Footnote, 1998,1998_lower, 1998_upper, 1998_Footnote, 1999,1999_lower, 1999_upper, 1999_Footnote, 2000,2000_lower, 2000_upper, 2000_Footnote, 2001,2001_lower, 2001_upper, 2001_Footnote, 2002,2002_lower, 2002_upper, 2002_Footnote, 2003,2003_lower, 2003_upper, 2003_Footnote, 2004,2004_lower, 2004_upper, 2004_Footnote, 2005,2005_lower, 2005_upper, 2005_Footnote, 2006,2006_lower, 2006_upper, 2006_Footnote, 2007,2007_lower, 2007_upper, 2007_Footnote, 2008,2008_lower, 2008_upper, 2008_Footnote, 2009,2009_lower, 2009_upper, 2009_Footnote, 2010,2010_lower, 2010_upper, 2010_Footnote, 2011,2011_lower, 2011_upper, 2011_Footnote, 2012,2012_lower, 2012_upper, 2012_Footnote, 2013,2013_lower, 2013_upper, 2013_Footnote, 2014,2014_lower, 2014_upper, 2014_Footnote, 2015,2015_lower, 2015_upper, 2015_Footnote, 2016,2016_lower, 2016_upper, 2016_Footnote, 2017,2017_lower, 2017_upper, 2017_Footnote, 2018,2018_lower, 2018_upper, 2018_Footnote, 2019,2019_lower, 2019_upper, 2019_Footnote, 2020,2020_lower, 2020_upper, 2020_Footnote, 2021,2021_lower, 2021_upper, 2021_Footnote, 2022,2022_lower, 2022_upper, 2022_Footnote, 2023,2023_lower, 2023_upper, 2023_Footnote, 2024,2024_lower, 2024_upper, 2024_Footnote
Afghanistan,<100 ,<100 , <100,,<100 ,<100 , <100,,<100 ,<100 , <100,,<100 ,<100 , <100,,<100 ,<100 , <100,,<100 ,<100 , <100,,<100 ,<100 , <100,,<100 ,<100 , <100,,<100 ,<100 , <100,,<100 ,<100 , <100,,<100 ,<100 , <100,,<100 ,<100 , <100,,<100 ,<100 , <100,,<100 ,<100 , <200,,<100 ,<100 , <200,,<100 ,<100 , <200,,<100 ,<100 , <200,,<100 ,<100 , <200,,<100 ,<100 , <200,,<100 ,<100 , <200,,<100 ,<100 , <200,,<100 ,<100 , <500,,<100 ,<100 , <500,,<100 ,<100 , <500,,<100 ,<100 , <500,,<100 ,<100 , <500,,<100 ,<100 , <500,,<100 ,<100 , <500,,<100 ,<100 , <500,,<100 ,<100 , <500,,<100 ,<100 , <500,,<100 ,<100 , 500,,<200 ,<100 , 580,,<200 ,<100 , 590,,<200 ,<100 , 660,
Albania,<100 ,<100 , <100,"Children estimates were not available at the time of publication.",<100 ,<100 , <100,"Children estimates were not available at the time of publication.",<100 ,<100 , <100,"Children estimates were not available at the time of publication.",<100 ,<100 , <100,"Children estimates were not available at the time of publication.",<100 ,<100 , <100,"Children estimates were not available at the time of publication.",<100 ,<100 , <100,"Children estimates were not available at the time of publication.",<100 ,<100 , <100,"Children estimates were not available at the time of publication.",<100 ,<100 , <100,"Children estimates were not available at the time of publication.",<100 ,<100 , <100,"Children estimates were not available at the time of publication.",<100 ,<100 , <100,"Children estimates were not available at the time of publication.",<100 ,<100 , <100,"Children estimates were not available at the time of publication.",<100 ,<100 , <100,"Children estimates were not available at the time of publication.",<100 ,<100 , <100,"Children estimates were not available at the time of publication.",<100 ,<100 , <100,"Children estimates were not available at the time of publication.",<100 ,<100 , <100,"Children estimates were not available at the time of publication.",<100 ,<100 , <100,"Children estimates were not available at the time of publication.",<100 ,<100 , <100,"Children estimates were not available at the time of publication.",<100 ,<100 , <100,"Children estimates were not available at the time of publication.",<100 ,<100 , <100,"Children estimates were not available at the time of publication.",<100 ,<100 , <100,"Children estimates were not available at the time of publication.",<100 ,<100 , <100,"Children estimates were not available at the time of publication.",<100 ,<100 , <100,"Children estimates were not available at the time of publication.",<100 ,<100 , <100,"Children estimates were not available at the time of publication.",<100 ,<100 , <100,"Children estimates were not available at the time of publication.",<100 ,<100 , <100,"Children estimates were not available at the time of publication.",<100 ,<100 , <100,"Children estimates were not available at the time of publication.",<100 ,<100 , <100,"Children estimates were not available at the time of publication.",<100 ,<100 , <100,"Children estimates were not available at the time of publication.",<100 ,<100 , <100,"Children estimates were not available at the time of publication.",<100 ,<100 , <100,"Children estimates were not available at the time of publication.",<100 ,<100 , <100,"Children estimates were not available at the time of publication.",<100 ,<100 , <100,"Children estimates were not available at the time of publication.",<100 ,<100 , <100,"Children estimates were not available at the time of publication.",<100 ,<100 , <100,"Children estimates were not available at the time of publication.",<100 ,<100 , <100,"Children estimates were not available at the time of publication."
Algeria,<100 ,<100 , <100,,<100 ,<100 , <100,,<100 ,<100 , <100,,<100 ,<100 , <100,,<100 ,<100 , <100,,<100 ,<100 , <200,,<200 ,<200 , <200,,<200 ,<200 , <200,,<200 ,<200 , <200,,<200 ,<200 , <200,,<500 ,<200 , <500,,<500 ,<500 , <500,,<500 ,<500 , <500,,<500 ,<500 , <500,,<500 ,<500 , <500,,<500 ,<500 , <500,,<500 ,<500 , 540,,550 ,<500 , 600,,580 ,<500 , 660,,570 ,<500 , 700,,550 ,<500 , 640,,530 ,<500 , 610,,520 ,<500 , 600,,520 ,<500 , 600,,540 ,<500 , 630,,570 ,<500 , 690,,610 ,520 , 730,,650 ,540 , 790,,710 ,590 , 860,,760 ,620 , 950,,830 ,670 , 1000,,900 ,720 , 1100,,980 ,770 , 1200,,1100 ,840 , 1300,,1200 ,890 , 1400,
Angola,4600 ,3000 , 6700,,5200 ,3500 , 7100,,6100 ,4200 , 8300,,6600 ,4700 , 8900,,7200 ,5400 , 9700,,7900 ,6100 , 10 000,,8300 ,6400 , 11 000,,8700 ,7000 , 11 000,,9000 ,7300 , 11 000,,9600 ,8000 , 12 000,,10 000 ,8400 , 12 000,,10 000 ,8700 , 12 000,,11 000 ,9200 , 13 000,,12 000 ,9800 , 14 000,,12 000 ,9900 , 14 000,,12 000 ,10 000 , 15 000,,12 000 ,10 000 , 14 000,,12 000 ,11 000 , 15 000,,13 000 ,11 000 , 16 000,,13 000 ,11 000 , 16 000,,13 000 ,11 000 , 16 000,,13 000 ,11 000 , 16 000,,14 000 ,12 000 , 17 000,,13 000 ,11 000 , 16 000,,13 000 ,11 000 , 17 000,,13 000 ,11 000 , 17 000,,13 000 ,11 000 , 17 000,,14 000 ,11 000 , 17 000,,14 000 ,11 000 , 17 000,,14 000 ,12 000 , 18 000,,14 000 ,12 000 , 17 000,,14 000 ,11 000 , 17 000,,13 000 ,10 000 , 17 000,,13 000 ,10 000 , 17 000,,12 000 ,9800 , 16 000,
Antigua and Barbuda,<100 ,<100 , <100,"Countries with a UNAIDS-approved estimate and population less than 250000 in 2024; not included in regional or global totals",<100 ,<100 , <100,"Countries with a UNAIDS-approved estimate and population less than 250000 in 2024; not included in regional or global totals",<100 ,<100 , <100,"Countries with a UNAIDS-approved estimate and population less than 250000 in 2024; not included in regional or global totals",<100 ,<100 , <100,"Countries with a UNAIDS-approved estimate and population less than 250000 in 2024; not included in regional or global totals",<100 ,<100 , <100,"Countries with a UNAIDS-approved estimate and population less than 250000 in 2024; not included in regional or global totals",<100 ,<100 , <100,"Countries with a UNAIDS-approved estimate and population less than 250000 in 2024; not included in regional or global totals",<100 ,<100 , <100,"Countries with a UNAIDS-approved estimate and population less than 250000 in 2024; not included in regional or global totals",<100 ,<100 , <100,"Countries with a UNAIDS-approved estimate and population less than 250000 in 2024; not included in regional or global totals",<100 ,<100 , <100,"Countries with a UNAIDS-approved estimate and population less than 250000 in 2024; not included in regional or global totals",<100 ,<100 , <100,"Countries with a UNAIDS-approved estimate and population less than 250000 in 2024; not included in regional or global totals",<100 ,<100 , <100,"Countries with a UNAIDS-approved estimate and population less than 250000 in 2024; not included in regional or global totals",<100 ,<100 , <100,"Countries with a UNAIDS-approved estimate and population less than 250000 in 2024; not included in regional or global totals",<100 ,<100 , <100,"Countries with a UNAIDS-approved estimate and population less than 250000 in 2024; not included in regional or global totals",<100 ,<100 , <100,"Countries with a UNAIDS-approved estimate and population less than 250000 in 2024; not included in regional or global totals",<100 ,<100 , <100,"Countries with a UNAIDS-approved estimate and population less than 250000 in 2024; not included in regional or global totals",<100 ,<100 , <100,"Countries with a UNAIDS-approved estimate and population less than 250000 in 2024; not included in regional or global totals",<100 ,<100 , <100,"Countries with a UNAIDS-approved estimate and population less than 250000 in 2024; not included in regional or global totals",<100 ,<100 , <100,"Countries with a UNAIDS-approved estimate and population less than 250000 in 2024; not included in regional or global totals",<100 ,<100 , <100,"Countries with a UNAIDS-approved estimate and population less than 250000 in 2024; not included in regional or global totals",<100 ,<100 , <100,"Countries with a UNAIDS-approved estimate and population less than 250000 in 2024; not included in regional or global totals",<100 ,<100 , <100,"Countries with a UNAIDS-approved estimate and population less than 250000 in 2024; not included in regional or global totals",<100 ,<100 , <100,"Countries with a UNAIDS-approved estimate and population less than 250000 in 2024; not included in regional or global totals",<100 ,<100 , <100,"Countries with a UNAIDS-approved estimate and population less than 250000 in 2024; not included in regional or global totals",<100 ,<100 , <100,"Countries with a UNAIDS-approved estimate and population less than 250000 in 2024; not included in regional or global totals",<100 ,<100 , <100,"Countries with a UNAIDS-approved estimate and population less than 250000 in 2024; not included in regional or global totals",<100 ,<100 , <100,"Countries with a UNAIDS-approved estimate and population less than 250000 in 2024; not included in regional or global totals",<100 ,<100 , <100,"Countries with a UNAIDS-approved estimate and population less than 250000 in 2024; not included in regional or global totals",<100 ,<100 , <100,"Countries with a UNAIDS-approved estimate and population less than 250000 in 2024; not included in regional or global totals",<100 ,<100 , <100,"Countries with a UNAIDS-approved estimate and population less than 250000 in 2024; not included in regional or global totals",<100 ,<100 , <100,"Countries with a UNAIDS-approved estimate and population less than 250000 in 2024; not included in regional or global totals",<100 ,<100 , <100,"Countries with a UNAIDS-approved estimate and population less than 250000 in 2024; not included in regional or global totals",<100 ,<100 , <100,"Countries with a UNAIDS-approved estimate and population less than 250000 in 2024; not included in regional or global totals",<100 ,<100 , <100,"Countries with a UNAIDS-approved estimate and population less than 250000 in 2024; not included in regional or global totals",<100 ,<100 , <100,"Countries with a UNAIDS-approved estimate and population less than 250000 in 2024; not included in regional or global totals",<100 ,<100 , <100,"Countries with a UNAIDS-approved estimate and population less than 250000 in 2024; not included in regional or global totals"
Argentina,1500 ,1300 , 1700,,1700 ,1400 , 1900,,1700 ,1400 , 1900,,1700 ,1500 , 1900,,1700 ,1500 , 1900,,1700 ,1500 , 1900,,1800 ,1600 , 1900,,1800 ,1600 , 2000,,1800 ,1600 , 2000,,1800 ,1600 , 2000,,1800 ,1600 , 2000,,1800 ,1600 , 2000,,1800 ,1600 , 2000,,1800 ,1600 , 2100,,1800 ,1600 , 2000,,1800 ,1600 , 2000,,1800 ,1600 , 2000,,1800 ,1600 , 2000,,1800 ,1600 , 2000,,1800 ,1600 , 2000,,1800 ,1600 , 2000,,1800 ,1600 , 2000,,1800 ,1500 , 2000,,1800 ,1600 , 2000,,1800 ,1600 , 2000,,1800 ,1500 , 2000,,1800 ,1500 , 2000,,1800 ,1500 , 2000,,1700 ,1500 , 2000,,1700 ,1500 , 2000,,1700 ,1500 , 2000,,1700 ,1400 , 2000,,1700 ,1400 , 1900,,1700 ,1300 , 1900,,1700 ,1300 , 2000,
Armenia,<100 ,<100 , <100,,<100 ,<100 , <100,,<100 ,<100 , <100,,<100 ,<100 , <100,,<100 ,<100 , <100,,<100 ,<100 , <100,,<100 ,<100 , <100,,<100 ,<100 , <100,,<100 ,<100 , <100,,<100 ,<100 , <100,,<100 ,<100 , <100,,<100 ,<100 , <100,,<100 ,<100 , <100,,<100 ,<100 , <100,,<100 ,<100 , <100,,<100 ,<100 , <100,,<100 ,<100 , <100,,<100 ,<100 , <100,,<100 ,<100 , <200,,<200 ,<100 , <200,,<200 ,<100 , <200,,<200 ,<200 , <200,,<200 ,<200 , <200,,<200 ,<200 , <200,,<200 ,<200 , <500,,<200 ,<200 , <500,,<200 ,<200 , <500,,<200 ,<200 , <500,,<200 ,<200 , <500,,<200 ,<200 , <500,,<200 ,<200 , <500,,<200 ,<200 , <500,,<200 ,<200 , <500,,<200 ,<100 , <500,,<500 ,<100 , <500,
Australia,<100 ,<100 , <200,,<100 ,<100 , <200,,<100 ,<100 , <200,,<100 ,<100 , <200,,<200 ,<100 , <200,,<200 ,<100 , <200,,<200 ,<100 , <200,,<200 ,<100 , <200,,<200 ,<100 , <200,,<200 ,<200 , <200,,<200 ,<200 , <200,,<200 ,<200 , <200,,<200 ,<200 , <200,,<200 ,<200 , <200,,<200 ,<200 , <200,,<200 ,<200 , <200,,<200 ,<200 , <200,,<200 ,<200 , <200,,<200 ,<200 , <200,,<200 ,<200 , <200,,<200 ,<200 , <200,,<200 ,<200 , <200,,<200 ,<200 , <200,,<200 ,<200 , <200,,<200 ,<200 , <200,,<200 ,<100 , <200,,<200 ,<100 , <200,,<100 ,<100 , <200,,<100 ,<100 , <100,,<100 ,<100 , <100,,<100 ,<100 , <100,,<100 ,<100 , <200,,<100 ,<100 , <100,,... ,... , ...,,... ,... , ...,
Austria,... ,... , ...,"Estimates were not available at the time of publication.",... ,... , ...,"Estimates were not available at the time of publication.",... ,... , ...,"Estimates were not available at the time of publication.",... ,... , ...,"Estimates were not available at the time of publication.",... ,... , ...,"Estimates were not available at the time of publication.",... ,... , ...,"Estimates were not available at the time of publication.",... ,... , ...,"Estimates were not available at the time of publication.",... ,... , ...,"Estimates were not available at the time of publication.",... ,... , ...,"Estimates were not available at the time of publication.",... ,... , ...,"Estimates were not available at the time of publication.",... ,... , ...,"Estimates were not available at the time of publication.",... ,... , ...,"Estimates were not available at the time of publication.",... ,... , ...,"Estimates were not available at the time of publication.",... ,... , ...,"Estimates were not available at the time of publication.",... ,... , ...,"Estimates were not available at the time of publication.",... ,... , ...,"Estimates were not available at the time of publication.",... ,... , ...,"Estimates were not available at the time of publication.",... ,... , ...,"Estimates were not available at the time of publication.",... ,... , ...,"Estimates were not available at the time of publication.",... ,... , ...,"Estimates were not available at the time of publication.",... ,... , ...,"Estimates were not available at the time of publication.",... ,... , ...,"Estimates were not available at the time of publication.",... ,... , ...,"Estimates were not available at the time of publication.",... ,... , ...,"Estimates were not available at the time of publication.",... ,... , ...,"Estimates were not available at the time of publication.",... ,... , ...,"Estimates were not available at the time of publication.",... ,... , ...,"Estimates were not available at the time of publication.",... ,... , ...,"Estimates were not available at the time of publication.",... ,... , ...,"Estimates were not available at the time of publication.",... ,... , ...,"Estimates were not available at the time of publication.",... ,... , ...,"Estimates were not available at the time of publication.",... ,... , ...,"Estimates were not available at the time of publication.",... ,... , ...,"Estimates were not available at the time of publication.",... ,... , ...,"Estimates were not available at the time of publication.",... ,... , ...,"Estimates were not available at the time of publication."
Azerbaijan,<100 ,<100 , <100,"Children estimates were not available at the time of publication.",<100 ,<100 , <100,"Children estimates were not available at the time of publication.",<100 ,<100 , <100,"Children estimates were not available at the time of publication.",<100 ,<100 , <100,"Children estimates were not available at the time of publication.",<100 ,<100 , <100,"Children estimates were not available at the time of publication.",<100 ,<100 , <100,"Children estimates were not available at the time of publication.",<100 ,<100 , <100,"Children estimates were not available at the time of publication.",<100 ,<100 , <200,"Children estimates were not available at the time of publication.",<100 ,<100 , <200,"Children estimates were not available at the time of publication.",<200 ,<100 , <200,"Children estimates were not available at the time of publication.",<200 ,<100 , <200,"Children estimates were not available at the time of publication.",<200 ,<100 , <200,"Children estimates were not available at the time of publication.",<200 ,<100 , <200,"Children estimates were not available at the time of publication.",<200 ,<200 , <200,"Children estimates were not available at the time of publication.",<200 ,<200 , <200,"Children estimates were not available at the time of publication.",<200 ,<200 , <200,"Children estimates were not available at the time of publication.",<200 ,<200 , <200,"Children estimates were not available at the time of publication.",<200 ,<200 , <500,"Children estimates were not available at the time of publication.",<200 ,<200 , <500,"Children estimates were not available at the time of publication.",<200 ,<200 , <500,"Children estimates were not available at the time of publication.",<200 ,<200 , <500,"Children estimates were not available at the time of publication.",<200 ,<200 , <500,"Children estimates were not available at the time of publication.",<200 ,<200 , <500,"Children estimates were not available at the time of publication.",<200 ,<200 , <500,"Children estimates were not available at the time of publication.",<200 ,<200 , <500,"Children estimates were not available at the time of publication.",<200 ,<200 , <200,"Children estimates were not available at the time of publication.",<200 ,<200 , <200,"Children estimates were not available at the time of publication.",<200 ,<200 , <200,"Children estimates were not available at the time of publication.",<200 ,<200 , <500,"Children estimates were not available at the time of publication.",<200 ,<200 , <200,"Children estimates were not available at the time of publication.",<200 ,<100 , <200,"Children estimates were not available at the time of publication.",<200 ,<100 , <200,"Children estimates were not available at the time of publication.",<200 ,<100 , <200,"Children estimates were not available at the time of publication.",<200 ,<100 , <200,"Children estimates were not available at the time of publication.",<100 ,<100 , <200,"Children estimates were not available at the time of publication."
Bahamas,<500 ,<200 , <500,"Children estimates were not available at the time of publication.",<500 ,<200 , <500,"Children estimates were not available at the time of publication.",<500 ,<200 , <500,"Children estimates were not available at the time of publication.",<200 ,<200 , <500,"Children estimates were not available at the time of publication.",<200 ,<200 , <500,"Children estimates were not available at the time of publication.",<200 ,<200 , <200,"Children estimates were not available at the time of publication.",<200 ,<200 , <200,"Children estimates were not available at the time of publication.",<200 ,<200 , <200,"Children estimates were not available at the time of publication.",<200 ,<200 , <200,"Children estimates were not available at the time of publication.",<200 ,<200 , <200,"Children estimates were not available at the time of publication.",<200 ,<200 , <200,"Children estimates were not available at the time of publication.",<200 ,<100 , <200,"Children estimates were not available at the time of publication.",<200 ,<100 , <200,"Children estimates were not available at the time of publication.",<100 ,<100 , <200,"Children estimates were not available at the time of publication.",<100 ,<100 , <200,"Children estimates were not available at the time of publication.",<100 ,<100 , <100,"Children estimates were not available at the time of publication.",<100 ,<100 , <100,"Children estimates were not available at the time of publication.",<100 ,<100 , <100,"Children estimates were not available at the time of publication.",<100 ,<100 , <100,"Children estimates were not available at the time of publication.",<100 ,<100 , <100,"Children estimates were not available at the time of publication.",<100 ,<100 , <100,"Children estimates were not available at the time of publication.",<100 ,<100 , <100,"Children estimates were not available at the time of publication.",<100 ,<100 , <100,"Children estimates were not available at the time of publication.",<100 ,<100 , <100,"Children estimates were not available at the time of publication.",<100 ,<100 , <100,"Children estimates were not available at the time of publication.",<100 ,<100 , <100,"Children estimates were not available at the time of publication.",<100 ,<100 , <100,"Children estimates were not available at the time of publication.",<100 ,<100 , <100,"Children estimates were not available at the time of publication.",<100 ,<100 , <100,"Children estimates were not available at the time of publication.",<100 ,<100 , <100,"Children estimates were not available at the time of publication.",<100 ,<100 , <100,"Children estimates were not available at the time of publication.",<100 ,<100 , <100,"Children estimates were not available at the time of publication.",<100 ,<100 , <100,"Children estimates were not available at the time of publication.",<100 ,<100 , <100,"Children estimates were not available at the time of publication.",<100 ,<100 , <100,"Children estimates were not available at the time of publication."
Bahrain,<100 ,<100 , <100,"Children estimates were not available at the time of publication.",<100 ,<100 , <100,"Children estimates were not available at the time of publication.",<100 ,<100 , <100,"Children estimates were not available at the time of publication.",<100 ,<100 , <100,"Children estimates were not available at the time of publication.",<100 ,<100 , <100,"Children estimates were not available at the time of publication.",<100 ,<100 , <100,"Children estimates were not available at the time of publication.",<100 ,<100 , <100,"Children estimates were not available at the time of publication.",<100 ,<100 , <100,"Children estimates were not available at the time of publication.",<100 ,<100 , <100,"Children estimates were not available at the time of publication.",<100 ,<100 , <100,"Children estimates were not available at the time of publication.",<100 ,<100 , <100,"Children estimates were not available at the time of publication.",<100 ,<100 , <100,"Children estimates were not available at the time of publication.",<100 ,<100 , <100,"Children estimates were not available at the time of publication.",<100 ,<100 , <100,"Children estimates were not available at the time of publication.",<100 ,<100 , <100,"Children estimates were not available at the time of publication.",<100 ,<100 , <100,"Children estimates were not available at the time of publication.",<100 ,<100 , <100,"Children estimates were not available at the time of publication.",<100 ,<100 , <100,"Children estimates were not available at the time of publication.",<100 ,<100 , <100,"Children estimates were not available at the time of publication.",<100 ,<100 , <100,"Children estimates were not available at the time of publication.",<100 ,<100 , <100,"Children estimates were not available at the time of publication.",<100 ,<100 , <100,"Children estimates were not available at the time of publication.",<100 ,<100 , <100,"Children estimates were not available at the time of publication.",<100 ,<100 , <100,"Children estimates were not available at the time of publication.",<100 ,<100 , <100,"Children estimates were not available at the time of publication.",<100 ,<100 , <100,"Children estimates were not available at the time of publication.",<100 ,<100 , <100,"Children estimates were not available at the time of publication.",<100 ,<100 , <100,"Children estimates were not available at the time of publication.",<100 ,<100 , <100,"Children estimates were not available at the time of publication.",<100 ,<100 , <100,"Children estimates were not available at the time of publication.",<100 ,<100 , <100,"Children estimates were not available at the time of publication.",<100 ,<100 , <100,"Children estimates were not available at the time of publication.",<100 ,<100 , <100,"Children estimates were not available at the time of publication.",<100 ,<100 , <100,"Children estimates were not available at the time of publication.",<100 ,<100 , <100,"Children estimates were not available at the time of publication."
Bangladesh,<100 ,<100 , <100,,<100 ,<100 , <100,,<100 ,<100 , <100,,<100 ,<100 , <100,,<100 ,<100 , <100,,<100 ,<100 , <100,,<100 ,<100 , <100,,<100 ,<100 , <100,,<100 ,<100 , <100,,<100 ,<100 , <100,,<100 ,<100 , <100,,<100 ,<100 , <200,,<200 ,<200 , <200,,<200 ,<200 , <200,,<200 ,<200 , <500,,<500 ,<500 , <500,,<500 ,<500 , <500,,<500 ,<500 , <500,,<500 ,<500 , <500,,<500 ,<500 , <500,,<500 ,<500 , <500,,<500 ,<500 , <500,,<500 ,<500 , <500,,<500 ,<500 , <500,,<500 ,<500 , <500,,<500 ,<500 , <500,,<500 ,<500 , <500,,<500 ,<500 , <500,,<500 ,<500 , <500,,<500 ,<500 , <500,,<500 ,<500 , <500,,<500 ,<500 , <500,,<500 ,<500 , <500,,<500 ,<500 , <500,,<500 ,<500 , <500,
Barbados,<100 ,<100 , <100,"Children estimates were not available at the time of publication.",<100 ,<100 , <100,"Children estimates were not available at the time of publication.",<100 ,<100 , <100,"Children estimates were not available at the time of publication.",<100 ,<100 , <200,"Children estimates were not available at the time of publication.",<100 ,<100 , <200,"Children estimates were not available at the time of publication.",<100 ,<100 , <200,"Children estimates were not available at the time of publication.",<100 ,<100 , <200,"Children estimates were not available at the time of publication.",<100 ,<100 , <100,"Children estimates were not available at the time of publication.",<100 ,<100 , <100,"Children estimates were not available at the time of publication.",<100 ,<100 , <100,"Children estimates were not available at the time of publication.",<100 ,<100 , <100,"Children estimates were not available at the time of publication.",<100 ,<100 , <100,"Children estimates were not available at the time of publication.",<100 ,<100 , <100,"Children estimates were not available at the time of publication.",<100 ,<100 , <100,"Children estimates were not available at the time of publication.",<100 ,<100 , <100,"Children estimates were not available at the time of publication.",<100 ,<100 , <100,"Children estimates were not available at the time of publication.",<100 ,<100 , <100,"Children estimates were not available at the time of publication.",<100 ,<100 , <100,"Children estimates were not available at the time of publication.",<100 ,<100 , <100,"Children estimates were not available at the time of publication.",<100 ,<100 , <100,"Children estimates were not available at the time of publication.",<100 ,<100 , <100,"Children estimates were not available at the time of publication.",<100 ,<100 , <100,"Children estimates were not available at the time of publication.",<100 ,<100 , <100,"Children estimates were not available at the time of publication.",<100 ,<100 , <100,"Children estimates were not available at the time of publication.",<100 ,<100 , <100,"Children estimates were not available at the time of publication.",<100 ,<100 , <100,"Children estimates were not available at the time of publication.",<100 ,<100 , <100,"Children estimates were not available at the time of publication.",<100 ,<100 , <100,"Children estimates were not available at the time of publication.",<100 ,<100 , <100,"Children estimates were not available at the time of publication.",<100 ,<100 , <100,"Children estimates were not available at the time of publication.",<100 ,<100 , <100,"Children estimates were not available at the time of publication.",<100 ,<100 , <100,"Children estimates were not available at the time of publication.",<100 ,<100 , <100,"Children estimates were not available at the time of publication.",<100 ,<100 , <100,"Children estimates were not available at the time of publication.",<100 ,<100 , <100,"Children estimates were not available at the time of publication."
Belarus,... ,... , ...,"Estimates were not available at the time of publication.",... ,... , ...,"Estimates were not available at the time of publication.",... ,... , ...,"Estimates were not available at the time of publication.",... ,... , ...,"Estimates were not available at the time of publication.",... ,... , ...,"Estimates were not available at the time of publication.",... ,... , ...,"Estimates were not available at the time of publication.",... ,... , ...,"Estimates were not available at the time of publication.",... ,... , ...,"Estimates were not available at the time of publication.",... ,... , ...,"Estimates were not available at the time of publication.",... ,... , ...,"Estimates were not available at the time of publication.",... ,... , ...,"Estimates were not available at the time of publication.",... ,... , ...,"Estimates were not available at the time of publication.",... ,... , ...,"Estimates were not available at the time of publication.",... ,... , ...,"Estimates were not available at the time of publication.",... ,... , ...,"Estimates were not available at the time of publication.",... ,... , ...,"Estimates were not available at the time of publication.",... ,... , ...,"Estimates were not available at the time of publication.",... ,... , ...,"Estimates were not available at the time of publication.",... ,... , ...,"Estimates were not available at the time of publication.",... ,... , ...,"Estimates were not available at the time of publication.",... ,... , ...,"Estimates were not available at the time of publication.",... ,... , ...,"Estimates were not available at the time of publication.",... ,... , ...,"Estimates were not available at the time of publication.",... ,... , ...,"Estimates were not available at the time of publication.",... ,... , ...,"Estimates were not available at the time of publication.",... ,... , ...,"Estimates were not available at the time of publication.",... ,... , ...,"Estimates were not available at the time of publication.",... ,... , ...,"Estimates were not available at the time of publication.",... ,... , ...,"Estimates were not available at the time of publication.",... ,... , ...,"Estimates were not available at the time of publication.",... ,... , ...,"Estimates were not available at the time of publication.",... ,... , ...,"Estimates were not available at the time of publication.",... ,... , ...,"Estimates were not available at the time of publication.",... ,... , ...,"Estimates were not available at the time of publication.",... ,... , ...,"Estimates were not available at the time of publication."
Belgium,<100 ,<100 , <100,,<100 ,<100 , <100,,<200 ,<100 , <200,,<200 ,<200 , <200,,<200 ,<200 , <200,,<200 ,<200 , <200,,<200 ,<200 , <200,,<200 ,<200 , <200,,<200 ,<200 , <200,,<200 ,<200 , <200,,<200 ,<200 , <200,,<200 ,<200 , <200,,<200 ,<200 , <200,,<200 ,<200 , <200,,<200 ,<200 , <200,,<200 ,<200 , <500,,<500 ,<200 , <500,,<500 ,<500 , <500,,<500 ,<500 , <500,,<500 ,<500 , <500,,<500 ,<500 , <500,,<500 ,<500 , <500,,<500 ,<200 , <500,,<500 ,<200 , <500,,<200 ,<200 , <500,,<200 ,<200 , <200,,<200 ,<200 , <200,,<200 ,<200 , <200,,<200 ,<200 , <200,,<100 ,<100 , <200,,<100 ,<100 , <200,,<100 ,<100 , <200,,<100 ,<100 , <200,,<200 ,<100 , <200,,<200 ,<100 , <200,
Belize,<100 ,<100 , <100,"Children estimates were not available at the time of publication.",<100 ,<100 , <100,"Children estimates were not available at the time of publication.",<100 ,<100 , <100,"Children estimates were not available at the time of publication.",<100 ,<100 , <100,"Children estimates were not available at the time of publication.",<100 ,<100 , <100,"Children estimates were not available at the time of publication.",<100 ,<100 , <100,"Children estimates were not available at the time of publication.",<100 ,<100 , <100,"Children estimates were not available at the time of publication.",<100 ,<100 , <100,"Children estimates were not available at the time of publication.",<100 ,<100 , <100,"Children estimates were not available at the time of publication.",<100 ,<100 , <100,"Children estimates were not available at the time of publication.",<100 ,<100 , <200,"Children estimates were not available at the time of publication.",<100 ,<100 , <200,"Children estimates were not available at the time of publication.",<100 ,<100 , <200,"Children estimates were not available at the time of publication.",<100 ,<100 , <200,"Children estimates were not available at the time of publication.",<100 ,<100 , <200,"Children estimates were not available at the time of publication.",<100 ,<100 , <200,"Children estimates were not available at the time of publication.",<100 ,<100 , <200,"Children estimates were not available at the time of publication.",<100 ,<100 , <200,"Children estimates were not available at the time of publication.",<100 ,<100 , <100,"Children estimates were not available at the time of publication.",<100 ,<100 , <100,"Children estimates were not available at the time of publication.",<100 ,<100 , <100,"Children estimates were not available at the time of publication.",<100 ,<100 , <100,"Children estimates were not available at the time of publication.",<100 ,<100 , <100,"Children estimates were not available at the time of publication.",<100 ,<100 , <100,"Children estimates were not available at the time of publication.",<100 ,<100 , <100,"Children estimates were not available at the time of publication.",<100 ,<100 , <100,"Children estimates were not available at the time of publication.",<100 ,<100 , <100,"Children estimates were not available at the time of publication.",<100 ,<100 , <100,"Children estimates were not available at the time of publication.",<100 ,<100 , <100,"Children estimates were not available at the time of publication.",<100 ,<100 , <100,"Children estimates were not available at the time of publication.",<100 ,<100 , <100,"Children estimates were not available at the time of publication.",<100 ,<100 , <100,"Children estimates were not available at the time of publication.",<100 ,<100 , <100,"Children estimates were not available at the time of publication.",<100 ,<100 , <100,"Children estimates were not available at the time of publication.",<100 ,<100 , <200,"Children estimates were not available at the time of publication."
Benin,1300 ,980 , 1900,,1900 ,1500 , 2600,,2600 ,2000 , 3400,,3400 ,2700 , 4400,,4200 ,3400 , 5300,,4600 ,3700 , 5700,,4500 ,3700 , 5400,,4200 ,3400 , 5000,,3700 ,2900 , 4400,,3200 ,2500 , 4000,,2900 ,2300 , 3600,,2700 ,2200 , 3300,,2500 ,2000 , 3000,,2300 ,1900 , 2900,,2300 ,1900 , 2900,,2300 ,1900 , 2800,,2100 ,1700 , 2700,,2200 ,1800 , 2600,,1900 ,1500 , 2500,,1800 ,1400 , 2300,,1600 ,1200 , 2100,,1400 ,1000 , 1900,,1400 ,1000 , 1900,,1300 ,930 , 1900,,1300 ,910 , 1900,,1300 ,860 , 1800,,1200 ,820 , 1900,,1200 ,760 , 1800,,1000 ,630 , 1600,,990 ,590 , 1500,,900 ,570 , 1400,,800 ,510 , 1200,,790 ,<500 , 1300,,640 ,<500 , 1100,,610 ,<500 , 1000,
Bhutan,<100 ,<100 , <100,"Children estimates were not available at the time of publication.",<100 ,<100 , <100,"Children estimates were not available at the time of publication.",<100 ,<100 , <100,"Children estimates were not available at the time of publication.",<100 ,<100 , <100,"Children estimates were not available at the time of publication.",<100 ,<100 , <100,"Children estimates were not available at the time of publication.",<100 ,<100 , <100,"Children estimates were not available at the time of publication.",<100 ,<100 , <100,"Children estimates were not available at the time of publication.",<100 ,<100 , <100,"Children estimates were not available at the time of publication.",<100 ,<100 , <100,"Children estimates were not available at the time of publication.",<100 ,<100 , <100,"Children estimates were not available at the time of publication.",<100 ,<100 , <100,"Children estimates were not available at the time of publication.",<100 ,<100 , <100,"Children estimates were not available at the time of publication.",<100 ,<100 , <100,"Children estimates were not available at the time of publication.",<100 ,<100 , <100,"Children estimates were not available at the time of publication.",<100 ,<100 , <100,"Children estimates were not available at the time of publication.",<100 ,<100 , <100,"Children estimates were not available at the time of publication.",<100 ,<100 , <100,"Children estimates were not available at the time of publication.",<100 ,<100 , <100,"Children estimates were not available at the time of publication.",<100 ,<100 , <100,"Children estimates were not available at the time of publication.",<100 ,<100 , <100,"Children estimates were not available at the time of publication.",<100 ,<100 , <100,"Children estimates were not available at the time of publication.",<100 ,<100 , <100,"Children estimates were not available at the time of publication.",<100 ,<100 , <100,"Children estimates were not available at the time of publication.",<100 ,<100 , <100,"Children estimates were not available at the time of publication.",<100 ,<100 , <100,"Children estimates were not available at the time of publication.",<100 ,<100 , <100,"Children estimates were not available at the time of publication.",<100 ,<100 , <100,"Children estimates were not available at the time of publication.",<100 ,<100 , <100,"Children estimates were not available at the time of publication.",<100 ,<100 , <100,"Children estimates were not available at the time of publication.",<100 ,<100 , <100,"Children estimates were not available at the time of publication.",<100 ,<100 , <100,"Children estimates were not available at the time of publication.",<100 ,<100 , <100,"Children estimates were not available at the time of publication.",<100 ,<100 , <100,"Children estimates were not available at the time of publication.",<100 ,<100 , <100,"Children estimates were not available at the time of publication.",<100 ,<100 , <100,"Children estimates were not available at the time of publication."
Bolivia (Plurinational State of),<200 ,<100 , 640,,<500 ,<100 , 670,,<500 ,<200 , 840,,<500 ,<200 , 1200,,<500 ,<500 , 960,,<500 ,<500 , 810,,<500 ,<500 , 850,,<500 ,<500 , 830,,<500 ,<500 , 760,,<500 ,<500 , 720,,<500 ,<500 , 640,,<500 ,<500 , 580,,<500 ,<500 , 560,,<500 ,<500 , 540,,<500 ,<500 , 520,,<500 ,<500 , 510,,<500 ,<500 , <500,,<500 ,<500 , <500,,<500 ,<500 , <500,,<500 ,<500 , <500,,<500 ,<500 , <500,,<500 ,<500 , 500,,<500 ,<500 , 510,,<500 ,<500 , 520,,<500 ,<500 , 540,,<500 ,<500 , 550,,<500 ,<500 , 570,,<500 ,<500 , 560,,<500 ,<500 , 610,,<500 ,<500 , 600,,<500 ,<500 , 620,,500 ,<500 , 650,,510 ,<500 , 650,,510 ,<500 , 650,,510 ,<500 , 660,
Bosnia and Herzegovina,... ,... , ...,"Estimates were not available at the time of publication.",... ,... , ...,"Estimates were not available at the time of publication.",... ,... , ...,"Estimates were not available at the time of publication.",... ,... , ...,"Estimates were not available at the time of publication.",... ,... , ...,"Estimates were not available at the time of publication.",... ,... , ...,"Estimates were not available at the time of publication.",... ,... , ...,"Estimates were not available at the time of publication.",... ,... , ...,"Estimates were not available at the time of publication.",... ,... , ...,"Estimates were not available at the time of publication.",... ,... , ...,"Estimates were not available at the time of publication.",... ,... , ...,"Estimates were not available at the time of publication.",... ,... , ...,"Estimates were not available at the time of publication.",... ,... , ...,"Estimates were not available at the time of publication.",... ,... , ...,"Estimates were not available at the time of publication.",... ,... , ...,"Estimates were not available at the time of publication.",... ,... , ...,"Estimates were not available at the time of publication.",... ,... , ...,"Estimates were not available at the time of publication.",... ,... , ...,"Estimates were not available at the time of publication.",... ,... , ...,"Estimates were not available at the time of publication.",... ,... , ...,"Estimates were not available at the time of publication.",... ,... , ...,"Estimates were not available at the time of publication.",... ,... , ...,"Estimates were not available at the time of publication.",... ,... , ...,"Estimates were not available at the time of publication.",... ,... , ...,"Estimates were not available at the time of publication.",... ,... , ...,"Estimates were not available at the time of publication.",... ,... , ...,"Estimates were not available at the time of publication.",... ,... , ...,"Estimates were not available at the time of publication.",... ,... , ...,"Estimates were not available at the time of publication.",... ,... , ...,"Estimates were not available at the time of publication.",... ,... , ...,"Estimates were not available at the time of publication.",... ,... , ...,"Estimates were not available at the time of publication.",... ,... , ...,"Estimates were not available at the time of publication.",... ,... , ...,"Estimates were not available at the time of publication.",... ,... , ...,"Estimates were not available at the time of publication.",... ,... , ...,"Estimates were not available at the time of publication."
Botswana,10 000 ,9100 , 11 000,,13 000 ,12 000 , 14 000,,16 000 ,15 000 , 17 000,,18 000 ,16 000 , 19 000,,19 000 ,18 000 , 21 000,,19 000 ,17 000 , 21 000,,18 000 ,17 000 , 20 000,,17 000 ,15 000 , 18 000,,15 000 ,14 000 , 17 000,,14 000 ,13 000 , 15 000,,13 000 ,11 000 , 14 000,,12 000 ,10 000 , 13 000,,11 000 ,9500 , 12 000,,10 000 ,8800 , 11 000,,9200 ,7900 , 11 000,,8300 ,7200 , 9700,,7700 ,6600 , 9100,,7500 ,6500 , 8700,,7300 ,6200 , 8300,,7100 ,6000 , 8000,,7000 ,6000 , 7800,,7300 ,6300 , 7900,,7000 ,6100 , 7600,,6600 ,5700 , 7400,,6600 ,5600 , 7200,,6400 ,5500 , 6900,,6000 ,5300 , 6500,,5600 ,4900 , 6000,,5100 ,4500 , 5600,,4500 ,4000 , 4900,,4200 ,3500 , 4600,,3400 ,2900 , 4000,,2900 ,2400 , 3400,,2700 ,2200 , 3300,,2600 ,2100 , 3300,
Brazil,... ,... , ...,,... ,... , ...,,... ,... , ...,,... ,... , ...,,... ,... , ...,,... ,... , ...,,... ,... , ...,,... ,... , ...,,... ,... , ...,,... ,... , ...,,... ,... , ...,,... ,... , ...,,... ,... , ...,,... ,... , ...,,... ,... , ...,,... ,... , ...,,... ,... , ...,,... ,... , ...,,... ,... , ...,,... ,... , ...,,... ,... , ...,,... ,... , ...,,... ,... , ...,,... ,... , ...,,... ,... , ...,,... ,... , ...,,... ,... , ...,,... ,... , ...,,... ,... , ...,,... ,... , ...,,... ,... , ...,,... ,... , ...,,... ,... , ...,,... ,... , ...,,... ,... , ...,
Brunei Darussalam,... ,... , ...,"Estimates were not available at the time of publication.",... ,... , ...,"Estimates were not available at the time of publication.",... ,... , ...,"Estimates were not available at the time of publication.",... ,... , ...,"Estimates were not available at the time of publication.",... ,... , ...,"Estimates were not available at the time of publication.",... ,... , ...,"Estimates were not available at the time of publication.",... ,... , ...,"Estimates were not available at the time of publication.",... ,... , ...,"Estimates were not available at the time of publication.",... ,... , ...,"Estimates were not available at the time of publication.",... ,... , ...,"Estimates were not available at the time of publication.",... ,... , ...,"Estimates were not available at the time of publication.",... ,... , ...,"Estimates were not available at the time of publication.",... ,... , ...,"Estimates were not available at the time of publication.",... ,... , ...,"Estimates were not available at the time of publication.",... ,... , ...,"Estimates were not available at the time of publication.",... ,... , ...,"Estimates were not available at the time of publication.",... ,... , ...,"Estimates were not available at the time of publication.",... ,... , ...,"Estimates were not available at the time of publication.",... ,... , ...,"Estimates were not available at the time of publication.",... ,... , ...,"Estimates were not available at the time of publication.",... ,... , ...,"Estimates were not available at the time of publication.",... ,... , ...,"Estimates were not available at the time of publication.",... ,... , ...,"Estimates were not available at the time of publication.",... ,... , ...,"Estimates were not available at the time of publication.",... ,... , ...,"Estimates were not available at the time of publication.",... ,... , ...,"Estimates were not available at the time of publication.",... ,... , ...,"Estimates were not available at the time of publication.",... ,... , ...,"Estimates were not available at the time of publication.",... ,... , ...,"Estimates were not available at the time of publication.",... ,... , ...,"Estimates were not available at the time of publication.",... ,... , ...,"Estimates were not available at the time of publication.",... ,... , ...,"Estimates were not available at the time of publication.",... ,... , ...,"Estimates were not available at the time of publication.",... ,... , ...,"Estimates were not available at the time of publication.",... ,... , ...,"Estimates were not available at the time of publication."
Bulgaria,<100 ,<100 , <100,"Children estimates were not available at the time of publication.",<100 ,<100 , <100,"Children estimates were not available at the time of publication.",<100 ,<100 , <100,"Children estimates were not available at the time of publication.",<100 ,<100 , <100,"Children estimates were not available at the time of publication.",<100 ,<100 , <100,"Children estimates were not available at the time of publication.",<100 ,<100 , <100,"Children estimates were not available at the time of publication.",<100 ,<100 , <100,"Children estimates were not available at the time of publication.",<100 ,<100 , <100,"Children estimates were not available at the time of publication.",<100 ,<100 , <100,"Children estimates were not available at the time of publication.",<100 ,<100 , <100,"Children estimates were not available at the time of publication.",<100 ,<100 , <100,"Children estimates were not available at the time of publication.",<100 ,<100 , <100,"Children estimates were not available at the time of publication.",<100 ,<100 , <100,"Children estimates were not available at the time of publication.",<100 ,<100 , <100,"Children estimates were not available at the time of publication.",<100 ,<100 , <100,"Children estimates were not available at the time of publication.",<100 ,<100 , <100,"Children estimates were not available at the time of publication.",<100 ,<100 , <100,"Children estimates were not available at the time of publication.",<100 ,<100 , <100,"Children estimates were not available at the time of publication.",<100 ,<100 , <100,"Children estimates were not available at the time of publication.",<100 ,<100 , <100,"Children estimates were not available at the time of publication.",<100 ,<100 , <100,"Children estimates were not available at the time of publication.",<100 ,<100 , <100,"Children estimates were not available at the time of publication.",<100 ,<100 , <100,"Children estimates were not available at the time of publication.",<100 ,<100 , <100,"Children estimates were not available at the time of publication.",<100 ,<100 , <100,"Children estimates were not available at the time of publication.",<100 ,<100 , <100,"Children estimates were not available at the time of publication.",<100 ,<100 , <100,"Children estimates were not available at the time of publication.",<100 ,<100 , <100,"Children estimates were not available at the time of publication.",<100 ,<100 , <100,"Children estimates were not available at the time of publication.",<100 ,<100 , <100,"Children estimates were not available at the time of publication.",<100 ,<100 , <100,"Children estimates were not available at the time of publication.",<100 ,<100 , <100,"Children estimates were not available at the time of publication.",<100 ,<100 , <100,"Children estimates were not available at the time of publication.",<100 ,<100 , <100,"Children estimates were not available at the time of publication.",<100 ,<100 , <100,"Children estimates were not available at the time of publication."
Burkina Faso,9100 ,6200 , 13 000,,8600 ,6400 , 12 000,,7600 ,5600 , 10 000,,6500 ,4800 , 9300,,5500 ,3900 , 7900,,4800 ,3500 , 6700,,4300 ,3200 , 5800,,4000 ,3100 , 5300,,3700 ,2800 , 4800,,3300 ,2500 , 4300,,3000 ,2300 , 3900,,2700 ,2000 , 3500,,2600 ,1900 , 3300,,2300 ,1600 , 3000,,2000 ,1400 , 2700,,1800 ,1300 , 2500,,1600 ,1100 , 2300,,1500 ,940 , 2100,,1400 ,890 , 2100,,1300 ,900 , 2000,,1300 ,900 , 1900,,1200 ,800 , 1800,,1200 ,780 , 1800,,1100 ,680 , 1600,,1000 ,600 , 1500,,980 ,630 , 1500,,980 ,630 , 1500,,1000 ,630 , 1600,,1200 ,820 , 1800,,1200 ,760 , 1700,,1100 ,750 , 1700,,1400 ,950 , 2000,,1300 ,900 , 2000,,1300 ,880 , 2100,,1300 ,830 , 2000,
Burundi,13 000 ,8400 , 18 000,,11 000 ,8100 , 15 000,,9900 ,7200 , 14 000,,5200 ,2400 , 9500,,10 000 ,8700 , 12 000,,2400 ,<500 , 5900,,5000 ,3800 , 7600,,4800 ,4000 , 6300,,4000 ,3300 , 5200,,3000 ,2200 , 4100,,2700 ,2000 , 3700,,2600 ,1900 , 3500,,2200 ,1500 , 3100,,2200 ,1500 , 3000,,2000 ,1300 , 2700,,1800 ,1300 , 2600,,1900 ,1400 , 2600,,1800 ,1300 , 2400,,1900 ,1400 , 2600,,1500 ,930 , 2100,,1900 ,1300 , 2600,,1600 ,1100 , 2200,,1500 ,1000 , 2100,,1400 ,920 , 2000,,1500 ,930 , 2100,,1400 ,910 , 2100,,1100 ,700 , 1800,,990 ,600 , 1600,,780 ,<500 , 1300,,770 ,<500 , 1300,,680 ,<500 , 1100,,690 ,<500 , 1100,,640 ,<500 , 1000,,560 ,<500 , 870,,630 ,<500 , 960,
Cabo Verde,<100 ,<100 , <200,,<100 ,<100 , <200,,<100 ,<100 , <200,,<100 ,<100 , <200,,<100 ,<100 , <200,,<100 ,<100 , <200,,<100 ,<100 , <200,,<100 ,<100 , <200,,<100 ,<100 , <200,,<100 ,<100 , <200,,<100 ,<100 , <200,,<100 ,<100 , <200,,<100 ,<100 , <200,,<100 ,<100 , <200,,<100 ,<100 , <200,,<100 ,<100 , <100,,<100 ,<100 , <100,,<100 ,<100 , <100,,<100 ,<100 , <100,,<100 ,<100 , <100,,<100 ,<100 , <200,,<100 ,<100 , <200,,<100 ,<100 , <200,,<100 ,<100 , <200,,<100 ,<100 , <200,,<100 ,<100 , <200,,<100 ,<100 , <200,,<200 ,<100 , <200,,<100 ,<100 , <200,,<100 ,<100 , <200,,<100 ,<100 , <200,,<100 ,<100 , <200,,<100 ,<100 , <200,,<100 ,<100 , <200,,<100 ,<100 , <200,
Cambodia,<100 ,<100 , <200,,<500 ,<500 , <500,,870 ,730 , 1000,,1900 ,1600 , 2200,,3100 ,2700 , 3600,,4500 ,3700 , 5100,,5400 ,4600 , 6200,,5900 ,5000 , 6700,,5900 ,4900 , 6600,,5200 ,4500 , 5800,,4300 ,3800 , 4900,,3600 ,3200 , 4100,,3200 ,2900 , 3600,,2900 ,2600 , 3200,,2600 ,2300 , 2900,,2200 ,2000 , 2500,,1900 ,1700 , 2100,,1600 ,1400 , 1800,,1400 ,1200 , 1500,,1100 ,1000 , 1300,,960 ,860 , 1100,,840 ,750 , 920,,750 ,670 , 820,,670 ,610 , 740,,610 ,550 , 670,,560 ,<500 , 610,,500 ,<500 , 550,,<500 ,<500 , 510,,<500 ,<500 , <500,,<500 ,<500 , <500,,<500 ,<500 , <500,,<500 ,<500 , <500,,<500 ,<500 , <500,,<500 ,<500 , <500,,<500 ,<500 , <500,
Cameroon,9800 ,7200 , 12 000,,13 000 ,9600 , 15 000,,17 000 ,13 000 , 19 000,,21 000 ,16 000 , 24 000,,25 000 ,21 000 , 30 000,,28 000 ,24 000 , 33 000,,31 000 ,27 000 , 37 000,,33 000 ,28 000 , 38 000,,34 000 ,29 000 , 39 000,,33 000 ,28 000 , 38 000,,31 000 ,27 000 , 36 000,,29 000 ,25 000 , 33 000,,27 000 ,24 000 , 31 000,,25 000 ,22 000 , 29 000,,23 000 ,20 000 , 27 000,,22 000 ,19 000 , 25 000,,21 000 ,18 000 , 25 000,,20 000 ,17 000 , 24 000,,19 000 ,16 000 , 23 000,,18 000 ,15 000 , 22 000,,16 000 ,14 000 , 20 000,,16 000 ,13 000 , 20 000,,15 000 ,12 000 , 18 000,,14 000 ,11 000 , 18 000,,13 000 ,10 000 , 17 000,,12 000 ,9800 , 17 000,,12 000 ,9600 , 17 000,,11 000 ,8700 , 16 000,,11 000 ,8100 , 15 000,,10 000 ,7800 , 15 000,,10 000 ,7700 , 15 000,,9200 ,6200 , 14 000,,7400 ,4800 , 12 000,,7000 ,4800 , 11 000,,6800 ,4800 , 10 000,
Canada,500 ,<500 , 600,,<500 ,<500 , 600,,<500 ,<500 , 590,,<500 ,<500 , 600,,510 ,<500 , 600,,510 ,<500 , 610,,520 ,<500 , 620,,530 ,<500 , 650,,540 ,<500 , 650,,540 ,<500 , 670,,550 ,<500 , 670,,550 ,<500 , 670,,550 ,<500 , 670,,560 ,<500 , 660,,560 ,<500 , 680,,560 ,<500 , 680,,560 ,<500 , 680,,560 ,<500 , 680,,550 ,<500 , 680,,540 ,<500 , 660,,500 ,<500 , 620,,<500 ,<500 , 590,,<500 ,<500 , 560,,<500 ,<500 , 560,,<500 ,<500 , 600,,<500 ,<500 , 620,,520 ,<500 , 630,,540 ,<500 , 690,,600 ,<500 , 750,,580 ,<500 , 720,,520 ,<500 , 670,,570 ,<500 , 720,,630 ,510 , 790,,... ,... , ...,,... ,... , ...,
Central African Republic,9300 ,6900 , 14 000,,10 000 ,7900 , 16 000,,10 000 ,7800 , 16 000,,11 000 ,8300 , 15 000,,11 000 ,8600 , 15 000,,11 000 ,8400 , 14 000,,9600 ,7700 , 13 000,,9100 ,7200 , 11 000,,8500 ,6700 , 11 000,,7900 ,6200 , 9900,,7200 ,5700 , 8800,,7000 ,5500 , 8600,,6400 ,5000 , 7800,,6100 ,4800 , 7600,,6000 ,4800 , 7500,,5700 ,4500 , 7100,,5400 ,4200 , 6900,,5300 ,4100 , 6700,,4900 ,3700 , 6200,,4900 ,3700 , 6200,,4700 ,3400 , 6100,,4600 ,3300 , 6000,,4300 ,3100 , 5800,,4300 ,3000 , 5800,,3900 ,2600 , 5300,,3800 ,2500 , 5300,,3400 ,2200 , 4900,,3100 ,1900 , 4800,,2800 ,1700 , 4500,,2700 ,1500 , 4400,,2500 ,1300 , 4200,,2500 ,1400 , 4200,,2200 ,1100 , 4200,,1900 ,800 , 3800,,1900 ,840 , 4500,
Chad,4700 ,2800 , 7300,,5700 ,3600 , 8200,,6000 ,4100 , 8300,,6400 ,4500 , 8400,,6100 ,4500 , 8300,,6100 ,4500 , 8200,,5600 ,4200 , 7600,,5900 ,4600 , 7800,,5600 ,4200 , 7200,,4800 ,3700 , 6300,,4400 ,3400 , 5800,,4500 ,3500 , 5800,,4300 ,3400 , 5600,,4100 ,3300 , 5300,,3700 ,2900 , 4800,,3700 ,2900 , 4800,,3600 ,2800 , 4700,,3600 ,2800 , 4700,,3300 ,2500 , 4400,,3100 ,2300 , 4200,,3100 ,2300 , 4300,,3000 ,2300 , 4100,,2900 ,2100 , 4100,,2900 ,2100 , 4000,,2700 ,1900 , 3800,,2700 ,1800 , 3700,,2600 ,1700 , 3600,,2300 ,1500 , 3300,,2300 ,1500 , 3400,,2300 ,1500 , 3500,,2100 ,1300 , 3100,,1900 ,1100 , 3000,,1900 ,1100 , 3000,,1800 ,980 , 3000,,1900 ,1100 , 3100,
Chile,<200 ,<200 , <200,,<200 ,<200 , <500,,<500 ,<200 , <500,,<500 ,<500 , <500,,<500 ,<500 , <500,,<500 ,<500 , <500,,<500 ,<500 , <500,,<500 ,<500 , <500,,<500 ,<500 , <500,,<500 ,<500 , <500,,<500 ,<500 , <500,,<500 ,<500 , <500,,<500 ,<500 , <500,,<500 ,<500 , <500,,<500 ,<500 , <500,,<500 ,<500 , <500,,<500 ,<500 , <500,,<500 ,<500 , <500,,<500 ,<500 , <500,,<500 ,<500 , <500,,<500 ,<500 , 520,,<500 ,<500 , 530,,<500 ,<500 , 550,,510 ,<500 , 570,,520 ,<500 , 590,,540 ,<500 , 620,,550 ,<500 , 620,,560 ,<500 , 650,,580 ,<500 , 670,,600 ,520 , 690,,610 ,530 , 710,,610 ,540 , 710,,620 ,530 , 710,,620 ,540 , 730,,630 ,540 , 730,
China,... ,... , ...,"Estimates were not available at the time of publication.",... ,... , ...,"Estimates were not available at the time of publication.",... ,... , ...,"Estimates were not available at the time of publication.",... ,... , ...,"Estimates were not available at the time of publication.",... ,... , ...,"Estimates were not available at the time of publication.",... ,... , ...,"Estimates were not available at the time of publication.",... ,... , ...,"Estimates were not available at the time of publication.",... ,... , ...,"Estimates were not available at the time of publication.",... ,... , ...,"Estimates were not available at the time of publication.",... ,... , ...,"Estimates were not available at the time of publication.",... ,... , ...,"Estimates were not available at the time of publication.",... ,... , ...,"Estimates were not available at the time of publication.",... ,... , ...,"Estimates were not available at the time of publication.",... ,... , ...,"Estimates were not available at the time of publication.",... ,... , ...,"Estimates were not available at the time of publication.",... ,... , ...,"Estimates were not available at the time of publication.",... ,... , ...,"Estimates were not available at the time of publication.",... ,... , ...,"Estimates were not available at the time of publication.",... ,... , ...,"Estimates were not available at the time of publication.",... ,... , ...,"Estimates were not available at the time of publication.",... ,... , ...,"Estimates were not available at the time of publication.",... ,... , ...,"Estimates were not available at the time of publication.",... ,... , ...,"Estimates were not available at the time of publication.",... ,... , ...,"Estimates were not available at the time of publication.",... ,... , ...,"Estimates were not available at the time of publication.",... ,... , ...,"Estimates were not available at the time of publication.",... ,... , ...,"Estimates were not available at the time of publication.",... ,... , ...,"Estimates were not available at the time of publication.",... ,... , ...,"Estimates were not available at the time of publication.",... ,... , ...,"Estimates were not available at the time of publication.",... ,... , ...,"Estimates were not available at the time of publication.",... ,... , ...,"Estimates were not available at the time of publication.",... ,... , ...,"Estimates were not available at the time of publication.",... ,... , ...,"Estimates were not available at the time of publication.",... ,... , ...,"Estimates were not available at the time of publication."
Colombia,2000 ,1400 , 3000,,2300 ,1600 , 3300,,2400 ,1700 , 3600,,2500 ,1800 , 3500,,2500 ,1700 , 3300,,2400 ,1700 , 3300,,2300 ,1600 , 3300,,2200 ,1500 , 3100,,2100 ,1500 , 2900,,2100 ,1500 , 2900,,2000 ,1500 , 2700,,1800 ,1400 , 2400,,1800 ,1400 , 2300,,1800 ,1500 , 2400,,1800 ,1400 , 2300,,1700 ,1400 , 2200,,1700 ,1300 , 2100,,1600 ,1300 , 2100,,1700 ,1300 , 2200,,1600 ,1300 , 2100,,1500 ,1100 , 2000,,1400 ,1000 , 1800,,1300 ,960 , 1900,,1400 ,980 , 2100,,1400 ,960 , 2000,,1400 ,980 , 2100,,1400 ,980 , 2100,,1500 ,1000 , 2400,,1600 ,1100 , 2600,,1600 ,1000 , 2700,,1600 ,1000 , 2800,,1700 ,1100 , 3200,,1800 ,1100 , 3400,,1800 ,1000 , 3600,,... ,... , ...,
Comoros,<100 ,<100 , <100,"Children estimates were not available at the time of publication.",<100 ,<100 , <100,"Children estimates were not available at the time of publication.",<100 ,<100 , <100,"Children estimates were not available at the time of publication.",<100 ,<100 , <100,"Children estimates were not available at the time of publication.",<100 ,<100 , <100,"Children estimates were not available at the time of publication.",<100 ,<100 , <100,"Children estimates were not available at the time of publication.",<100 ,<100 , <100,"Children estimates were not available at the time of publication.",<100 ,<100 , <100,"Children estimates were not available at the time of publication.",<100 ,<100 , <100,"Children estimates were not available at the time of publication.",<100 ,<100 , <100,"Children estimates were not available at the time of publication.",<100 ,<100 , <100,"Children estimates were not available at the time of publication.",<100 ,<100 , <100,"Children estimates were not available at the time of publication.",<100 ,<100 , <100,"Children estimates were not available at the time of publication.",<100 ,<100 , <100,"Children estimates were not available at the time of publication.",<100 ,<100 , <100,"Children estimates were not available at the time of publication.",<100 ,<100 , <100,"Children estimates were not available at the time of publication.",<100 ,<100 , <100,"Children estimates were not available at the time of publication.",<100 ,<100 , <100,"Children estimates were not available at the time of publication.",<100 ,<100 , <100,"Children estimates were not available at the time of publication.",<100 ,<100 , <100,"Children estimates were not available at the time of publication.",<100 ,<100 , <100,"Children estimates were not available at the time of publication.",<100 ,<100 , <100,"Children estimates were not available at the time of publication.",<100 ,<100 , <100,"Children estimates were not available at the time of publication.",<100 ,<100 , <100,"Children estimates were not available at the time of publication.",<100 ,<100 , <100,"Children estimates were not available at the time of publication.",<100 ,<100 , <100,"Children estimates were not available at the time of publication.",<100 ,<100 , <100,"Children estimates were not available at the time of publication.",<100 ,<100 , <100,"Children estimates were not available at the time of publication.",<100 ,<100 , <100,"Children estimates were not available at the time of publication.",<100 ,<100 , <100,"Children estimates were not available at the time of publication.",<100 ,<100 , <100,"Children estimates were not available at the time of publication.",<100 ,<100 , <100,"Children estimates were not available at the time of publication.",<100 ,<100 , <100,"Children estimates were not available at the time of publication.",<100 ,<100 , <100,"Children estimates were not available at the time of publication.",<100 ,<100 , <100,"Children estimates were not available at the time of publication."
Congo,5800 ,4500 , 7800,,5400 ,4200 , 7400,,4500 ,3700 , 6200,,4300 ,3600 , 5500,,4100 ,3500 , 5200,,4000 ,3400 , 4900,,3900 ,3400 , 4700,,3700 ,3200 , 4400,,3900 ,3400 , 4600,,3500 ,2900 , 4000,,3500 ,3000 , 4100,,3400 ,2900 , 4100,,3600 ,3000 , 4200,,3700 ,3100 , 4300,,3500 ,2900 , 4200,,3500 ,2900 , 4200,,3600 ,2900 , 4300,,3500 ,2800 , 4400,,3600 ,2800 , 4500,,3500 ,2700 , 4500,,3700 ,2800 , 4700,,4000 ,3000 , 5000,,4200 ,3100 , 5500,,4300 ,3200 , 5900,,4500 ,3300 , 6300,,4700 ,3400 , 6600,,5000 ,3400 , 7000,,5300 ,3400 , 7500,,5500 ,3400 , 7800,,6200 ,3800 , 8800,,6100 ,3700 , 9000,,6400 ,3700 , 9600,,6600 ,3700 , 10 000,,6400 ,3300 , 10 000,,6300 ,3200 , 11 000,
Costa Rica,<100 ,<100 , <100,,<100 ,<100 , <100,,<100 ,<100 , <100,,<100 ,<100 , <100,,<100 ,<100 , <100,,<100 ,<100 , <100,,<100 ,<100 , <100,,<100 ,<100 , <100,,<100 ,<100 , <100,,<100 ,<100 , <100,,<100 ,<100 , <200,,<100 ,<100 , <200,,<200 ,<100 , <200,,<200 ,<100 , <200,,<200 ,<200 , <200,,<200 ,<200 , <200,,<200 ,<200 , <200,,<200 ,<200 , <200,,<200 ,<200 , <200,,<200 ,<200 , <200,,<200 ,<200 , <200,,<200 ,<200 , <200,,<200 ,<200 , <200,,<200 ,<200 , <200,,<200 ,<200 , <200,,<200 ,<200 , <200,,<200 ,<200 , <200,,<200 ,<200 , <200,,<200 ,<200 , <200,,<200 ,<200 , <200,,<200 ,<200 , <200,,<200 ,<200 , <200,,<200 ,<200 , <200,,<200 ,<200 , <200,,<200 ,<200 , <200,
Croatia,<100 ,<100 , <100,"Children estimates were not available at the time of publication.",<100 ,<100 , <100,"Children estimates were not available at the time of publication.",<100 ,<100 , <100,"Children estimates were not available at the time of publication.",<100 ,<100 , <100,"Children estimates were not available at the time of publication.",<100 ,<100 , <100,"Children estimates were not available at the time of publication.",<100 ,<100 , <100,"Children estimates were not available at the time of publication.",<100 ,<100 , <100,"Children estimates were not available at the time of publication.",<100 ,<100 , <100,"Children estimates were not available at the time of publication.",<100 ,<100 , <100,"Children estimates were not available at the time of publication.",<100 ,<100 , <100,"Children estimates were not available at the time of publication.",<100 ,<100 , <100,"Children estimates were not available at the time of publication.",<100 ,<100 , <100,"Children estimates were not available at the time of publication.",<100 ,<100 , <100,"Children estimates were not available at the time of publication.",<100 ,<100 , <100,"Children estimates were not available at the time of publication.",<100 ,<100 , <100,"Children estimates were not available at the time of publication.",<100 ,<100 , <100,"Children estimates were not available at the time of publication.",<100 ,<100 , <100,"Children estimates were not available at the time of publication.",<100 ,<100 , <100,"Children estimates were not available at the time of publication.",<100 ,<100 , <100,"Children estimates were not available at the time of publication.",<100 ,<100 , <100,"Children estimates were not available at the time of publication.",<100 ,<100 , <100,"Children estimates were not available at the time of publication.",<100 ,<100 , <100,"Children estimates were not available at the time of publication.",<100 ,<100 , <100,"Children estimates were not available at the time of publication.",<100 ,<100 , <100,"Children estimates were not available at the time of publication.",<100 ,<100 , <100,"Children estimates were not available at the time of publication.",<100 ,<100 , <100,"Children estimates were not available at the time of publication.",<100 ,<100 , <100,"Children estimates were not available at the time of publication.",<100 ,<100 , <100,"Children estimates were not available at the time of publication.",<100 ,<100 , <100,"Children estimates were not available at the time of publication.",<100 ,<100 , <100,"Children estimates were not available at the time of publication.",<100 ,<100 , <100,"Children estimates were not available at the time of publication.",<100 ,<100 , <100,"Children estimates were not available at the time of publication.",<100 ,<100 , <100,"Children estimates were not available at the time of publication.",<100 ,<100 , <100,"Children estimates were not available at the time of publication.",<100 ,<100 , <100,"Children estimates were not available at the time of publication."
Cuba,<100 ,<100 , <100,,<100 ,<100 , <100,,<100 ,<100 , <100,,<100 ,<100 , <100,,<100 ,<100 , <100,,<100 ,<100 , <100,,<100 ,<100 , <100,,<100 ,<100 , <200,,<200 ,<200 , <200,,<200 ,<200 , <500,,<500 ,<200 , <500,,<500 ,<500 , <500,,<500 ,<500 , <500,,<500 ,<500 , <500,,<500 ,<500 , <500,,<500 ,<500 , <500,,<500 ,<500 , <500,,<500 ,<500 , <500,,<500 ,<500 , <500,,<500 ,<500 , <500,,<500 ,<500 , <500,,<500 ,<500 , <500,,<500 ,<500 , <500,,<500 ,<500 , <500,,<500 ,<500 , <500,,<500 ,<500 , <500,,<500 ,<500 , <500,,<500 ,<500 , <500,,<500 ,<500 , <500,,<500 ,<500 , <500,,<500 ,<500 , <500,,<500 ,<500 , <500,,<500 ,<500 , <500,,<500 ,<500 , <500,,<500 ,<500 , <500,
Cyprus,... ,... , ...,"Estimates were not available at the time of publication.",... ,... , ...,"Estimates were not available at the time of publication.",... ,... , ...,"Estimates were not available at the time of publication.",... ,... , ...,"Estimates were not available at the time of publication.",... ,... , ...,"Estimates were not available at the time of publication.",... ,... , ...,"Estimates were not available at the time of publication.",... ,... , ...,"Estimates were not available at the time of publication.",... ,... , ...,"Estimates were not available at the time of publication.",... ,... , ...,"Estimates were not available at the time of publication.",... ,... , ...,"Estimates were not available at the time of publication.",... ,... , ...,"Estimates were not available at the time of publication.",... ,... , ...,"Estimates were not available at the time of publication.",... ,... , ...,"Estimates were not available at the time of publication.",... ,... , ...,"Estimates were not available at the time of publication.",... ,... , ...,"Estimates were not available at the time of publication.",... ,... , ...,"Estimates were not available at the time of publication.",... ,... , ...,"Estimates were not available at the time of publication.",... ,... , ...,"Estimates were not available at the time of publication.",... ,... , ...,"Estimates were not available at the time of publication.",... ,... , ...,"Estimates were not available at the time of publication.",... ,... , ...,"Estimates were not available at the time of publication.",... ,... , ...,"Estimates were not available at the time of publication.",... ,... , ...,"Estimates were not available at the time of publication.",... ,... , ...,"Estimates were not available at the time of publication.",... ,... , ...,"Estimates were not available at the time of publication.",... ,... , ...,"Estimates were not available at the time of publication.",... ,... , ...,"Estimates were not available at the time of publication.",... ,... , ...,"Estimates were not available at the time of publication.",... ,... , ...,"Estimates were not available at the time of publication.",... ,... , ...,"Estimates were not available at the time of publication.",... ,... , ...,"Estimates were not available at the time of publication.",... ,... , ...,"Estimates were not available at the time of publication.",... ,... , ...,"Estimates were not available at the time of publication.",... ,... , ...,"Estimates were not available at the time of publication.",... ,... , ...,"Estimates were not available at the time of publication."
Czechia,... ,... , ...,"Estimates were not available at the time of publication.",... ,... , ...,"Estimates were not available at the time of publication.",... ,... , ...,"Estimates were not available at the time of publication.",... ,... , ...,"Estimates were not available at the time of publication.",... ,... , ...,"Estimates were not available at the time of publication.",... ,... , ...,"Estimates were not available at the time of publication.",... ,... , ...,"Estimates were not available at the time of publication.",... ,... , ...,"Estimates were not available at the time of publication.",... ,... , ...,"Estimates were not available at the time of publication.",... ,... , ...,"Estimates were not available at the time of publication.",... ,... , ...,"Estimates were not available at the time of publication.",... ,... , ...,"Estimates were not available at the time of publication.",... ,... , ...,"Estimates were not available at the time of publication.",... ,... , ...,"Estimates were not available at the time of publication.",... ,... , ...,"Estimates were not available at the time of publication.",... ,... , ...,"Estimates were not available at the time of publication.",... ,... , ...,"Estimates were not available at the time of publication.",... ,... , ...,"Estimates were not available at the time of publication.",... ,... , ...,"Estimates were not available at the time of publication.",... ,... , ...,"Estimates were not available at the time of publication.",... ,... , ...,"Estimates were not available at the time of publication.",... ,... , ...,"Estimates were not available at the time of publication.",... ,... , ...,"Estimates were not available at the time of publication.",... ,... , ...,"Estimates were not available at the time of publication.",... ,... , ...,"Estimates were not available at the time of publication.",... ,... , ...,"Estimates were not available at the time of publication.",... ,... , ...,"Estimates were not available at the time of publication.",... ,... , ...,"Estimates were not available at the time of publication.",... ,... , ...,"Estimates were not available at the time of publication.",... ,... , ...,"Estimates were not available at the time of publication.",... ,... , ...,"Estimates were not available at the time of publication.",... ,... , ...,"Estimates were not available at the time of publication.",... ,... , ...,"Estimates were not available at the time of publication.",... ,... , ...,"Estimates were not available at the time of publication.",... ,... , ...,"Estimates were not available at the time of publication."
Côte d'Ivoire,41 000 ,31 000 , 54 000,,46 000 ,38 000 , 59 000,,48 000 ,39 000 , 59 000,,46 000 ,37 000 , 57 000,,45 000 ,35 000 , 54 000,,41 000 ,32 000 , 50 000,,38 000 ,30 000 , 47 000,,34 000 ,27 000 , 42 000,,31 000 ,26 000 , 38 000,,30 000 ,25 000 , 36 000,,26 000 ,21 000 , 30 000,,23 000 ,20 000 , 28 000,,22 000 ,18 000 , 26 000,,19 000 ,16 000 , 24 000,,19 000 ,16 000 , 23 000,,17 000 ,14 000 , 21 000,,16 000 ,13 000 , 20 000,,15 000 ,11 000 , 19 000,,12 000 ,8900 , 16 000,,12 000 ,8700 , 17 000,,11 000 ,8400 , 16 000,,10 000 ,7200 , 15 000,,9400 ,6400 , 14 000,,9200 ,6000 , 14 000,,8000 ,4800 , 12 000,,8500 ,5400 , 12 000,,8600 ,5500 , 13 000,,7500 ,4500 , 12 000,,6900 ,4100 , 11 000,,6200 ,3700 , 9900,,6100 ,3700 , 9900,,6000 ,3800 , 10 000,,5400 ,3000 , 9500,,5200 ,2900 , 9200,,4700 ,2500 , 8500,
Democratic People's Republic of Korea,... ,... , ...,"Estimates were not available at the time of publication.",... ,... , ...,"Estimates were not available at the time of publication.",... ,... , ...,"Estimates were not available at the time of publication.",... ,... , ...,"Estimates were not available at the time of publication.",... ,... , ...,"Estimates were not available at the time of publication.",... ,... , ...,"Estimates were not available at the time of publication.",... ,... , ...,"Estimates were not available at the time of publication.",... ,... , ...,"Estimates were not available at the time of publication.",... ,... , ...,"Estimates were not available at the time of publication.",... ,... , ...,"Estimates were not available at the time of publication.",... ,... , ...,"Estimates were not available at the time of publication.",... ,... , ...,"Estimates were not available at the time of publication.",... ,... , ...,"Estimates were not available at the time of publication.",... ,... , ...,"Estimates were not available at the time of publication.",... ,... , ...,"Estimates were not available at the time of publication.",... ,... , ...,"Estimates were not available at the time of publication.",... ,... , ...,"Estimates were not available at the time of publication.",... ,... , ...,"Estimates were not available at the time of publication.",... ,... , ...,"Estimates were not available at the time of publication.",... ,... , ...,"Estimates were not available at the time of publication.",... ,... , ...,"Estimates were not available at the time of publication.",... ,... , ...,"Estimates were not available at the time of publication.",... ,... , ...,"Estimates were not available at the time of publication.",... ,... , ...,"Estimates were not available at the time of publication.",... ,... , ...,"Estimates were not available at the time of publication.",... ,... , ...,"Estimates were not available at the time of publication.",... ,... , ...,"Estimates were not available at the time of publication.",... ,... , ...,"Estimates were not available at the time of publication.",... ,... , ...,"Estimates were not available at the time of publication.",... ,... , ...,"Estimates were not available at the time of publication.",... ,... , ...,"Estimates were not available at the time of publication.",... ,... , ...,"Estimates were not available at the time of publication.",... ,... , ...,"Estimates were not available at the time of publication.",... ,... , ...,"Estimates were not available at the time of publication.",... ,... , ...,"Estimates were not available at the time of publication."
Democratic Republic of the Congo,40 000 ,30 000 , 55 000,,39 000 ,29 000 , 53 000,,39 000 ,29 000 , 53 000,,38 000 ,28 000 , 51 000,,36 000 ,26 000 , 47 000,,35 000 ,26 000 , 47 000,,34 000 ,26 000 , 44 000,,33 000 ,25 000 , 41 000,,30 000 ,24 000 , 38 000,,28 000 ,23 000 , 36 000,,27 000 ,22 000 , 34 000,,25 000 ,21 000 , 32 000,,25 000 ,20 000 , 31 000,,24 000 ,19 000 , 30 000,,23 000 ,19 000 , 29 000,,22 000 ,18 000 , 28 000,,21 000 ,17 000 , 27 000,,20 000 ,16 000 , 27 000,,19 000 ,15 000 , 26 000,,19 000 ,15 000 , 25 000,,18 000 ,14 000 , 24 000,,18 000 ,14 000 , 23 000,,17 000 ,13 000 , 22 000,,17 000 ,13 000 , 22 000,,17 000 ,12 000 , 22 000,,16 000 ,12 000 , 22 000,,16 000 ,11 000 , 23 000,,15 000 ,10 000 , 22 000,,16 000 ,11 000 , 22 000,,17 000 ,12 000 , 23 000,,15 000 ,9800 , 22 000,,14 000 ,8500 , 22 000,,13 000 ,7000 , 22 000,,12 000 ,5800 , 22 000,,11 000 ,5400 , 22 000,
Denmark,<100 ,<100 , <100,"Children estimates were not available at the time of publication.",<100 ,<100 , <100,"Children estimates were not available at the time of publication.",<100 ,<100 , <100,"Children estimates were not available at the time of publication.",<100 ,<100 , <100,"Children estimates were not available at the time of publication.",<100 ,<100 , <100,"Children estimates were not available at the time of publication.",<100 ,<100 , <100,"Children estimates were not available at the time of publication.",<100 ,<100 , <100,"Children estimates were not available at the time of publication.",<100 ,<100 , <100,"Children estimates were not available at the time of publication.",<100 ,<100 , <100,"Children estimates were not available at the time of publication.",<100 ,<100 , <100,"Children estimates were not available at the time of publication.",<100 ,<100 , <100,"Children estimates were not available at the time of publication.",<100 ,<100 , <100,"Children estimates were not available at the time of publication.",<100 ,<100 , <100,"Children estimates were not available at the time of publication.",<100 ,<100 , <100,"Children estimates were not available at the time of publication.",<100 ,<100 , <100,"Children estimates were not available at the time of publication.",<100 ,<100 , <100,"Children estimates were not available at the time of publication.",<100 ,<100 , <100,"Children estimates were not available at the time of publication.",<100 ,<100 , <100,"Children estimates were not available at the time of publication.",<100 ,<100 , <100,"Children estimates were not available at the time of publication.",<100 ,<100 , <100,"Children estimates were not available at the time of publication.",<100 ,<100 , <100,"Children estimates were not available at the time of publication.",<100 ,<100 , <100,"Children estimates were not available at the time of publication.",<100 ,<100 , <100,"Children estimates were not available at the time of publication.",<100 ,<100 , <100,"Children estimates were not available at the time of publication.",<100 ,<100 , <100,"Children estimates were not available at the time of publication.",<100 ,<100 , <100,"Children estimates were not available at the time of publication.",<100 ,<100 , <100,"Children estimates were not available at the time of publication.",<100 ,<100 , <100,"Children estimates were not available at the time of publication.",<100 ,<100 , <100,"Children estimates were not available at the time of publication.",<100 ,<100 , <100,"Children estimates were not available at the time of publication.",<100 ,<100 , <100,"Children estimates were not available at the time of publication.",<100 ,<100 , <100,"Children estimates were not available at the time of publication.",<100 ,<100 , <100,"Children estimates were not available at the time of publication.",<100 ,<100 , <100,"Children estimates were not available at the time of publication.",<100 ,<100 , <100,"Children estimates were not available at the time of publication."
Djibouti,<500 ,<200 , 520,,500 ,<500 , 750,,720 ,<500 , 1000,,670 ,<500 , 930,,710 ,<500 , 950,,740 ,520 , 1000,,770 ,520 , 1100,,720 ,<500 , 1000,,730 ,<500 , 1000,,760 ,500 , 1100,,780 ,510 , 1100,,720 ,<500 , 1100,,630 ,<500 , 910,,530 ,<500 , 760,,520 ,<500 , 760,,<500 ,<500 , 740,,<500 ,<500 , 660,,<500 ,<500 , 610,,<500 ,<500 , 600,,<500 ,<500 , 570,,<500 ,<200 , 520,,<500 ,<200 , <500,,<500 ,<200 , <500,,<500 ,<200 , <500,,<200 ,<100 , <500,,<200 ,<100 , <500,,<200 ,<100 , <500,,<200 ,<100 , <500,,<200 ,<100 , <500,,<200 ,<100 , <500,,<200 ,<200 , <500,,<200 ,<100 , <500,,<200 ,<100 , <500,,<200 ,<200 , <500,,<200 ,<200 , <500,
Dominica,<100 ,<100 , <100,"Countries with a UNAIDS-approved estimate and population less than 250000 in 2024; not included in regional or global totals",<100 ,<100 , <100,"Countries with a UNAIDS-approved estimate and population less than 250000 in 2024; not included in regional or global totals",<100 ,<100 , <100,"Countries with a UNAIDS-approved estimate and population less than 250000 in 2024; not included in regional or global totals",<100 ,<100 , <100,"Countries with a UNAIDS-approved estimate and population less than 250000 in 2024; not included in regional or global totals",<100 ,<100 , <100,"Countries with a UNAIDS-approved estimate and population less than 250000 in 2024; not included in regional or global totals",<100 ,<100 , <100,"Countries with a UNAIDS-approved estimate and population less than 250000 in 2024; not included in regional or global totals",<100 ,<100 , <100,"Countries with a UNAIDS-approved estimate and population less than 250000 in 2024; not included in regional or global totals",<100 ,<100 , <100,"Countries with a UNAIDS-approved estimate and population less than 250000 in 2024; not included in regional or global totals",<100 ,<100 , <100,"Countries with a UNAIDS-approved estimate and population less than 250000 in 2024; not included in regional or global totals",<100 ,<100 , <100,"Countries with a UNAIDS-approved estimate and population less than 250000 in 2024; not included in regional or global totals",<100 ,<100 , <100,"Countries with a UNAIDS-approved estimate and population less than 250000 in 2024; not included in regional or global totals",<100 ,<100 , <100,"Countries with a UNAIDS-approved estimate and population less than 250000 in 2024; not included in regional or global totals",<100 ,<100 , <100,"Countries with a UNAIDS-approved estimate and population less than 250000 in 2024; not included in regional or global totals",<100 ,<100 , <100,"Countries with a UNAIDS-approved estimate and population less than 250000 in 2024; not included in regional or global totals",<100 ,<100 , <100,"Countries with a UNAIDS-approved estimate and population less than 250000 in 2024; not included in regional or global totals",<100 ,<100 , <100,"Countries with a UNAIDS-approved estimate and population less than 250000 in 2024; not included in regional or global totals",<100 ,<100 , <100,"Countries with a UNAIDS-approved estimate and population less than 250000 in 2024; not included in regional or global totals",<100 ,<100 , <100,"Countries with a UNAIDS-approved estimate and population less than 250000 in 2024; not included in regional or global totals",<100 ,<100 , <100,"Countries with a UNAIDS-approved estimate and population less than 250000 in 2024; not included in regional or global totals",<100 ,<100 , <100,"Countries with a UNAIDS-approved estimate and population less than 250000 in 2024; not included in regional or global totals",<100 ,<100 , <100,"Countries with a UNAIDS-approved estimate and population less than 250000 in 2024; not included in regional or global totals",<100 ,<100 , <100,"Countries with a UNAIDS-approved estimate and population less than 250000 in 2024; not included in regional or global totals",<100 ,<100 , <100,"Countries with a UNAIDS-approved estimate and population less than 250000 in 2024; not included in regional or global totals",<100 ,<100 , <100,"Countries with a UNAIDS-approved estimate and population less than 250000 in 2024; not included in regional or global totals",<100 ,<100 , <100,"Countries with a UNAIDS-approved estimate and population less than 250000 in 2024; not included in regional or global totals",<100 ,<100 , <100,"Countries with a UNAIDS-approved estimate and population less than 250000 in 2024; not included in regional or global totals",<100 ,<100 , <100,"Countries with a UNAIDS-approved estimate and population less than 250000 in 2024; not included in regional or global totals",<100 ,<100 , <100,"Countries with a UNAIDS-approved estimate and population less than 250000 in 2024; not included in regional or global totals",<100 ,<100 , <100,"Countries with a UNAIDS-approved estimate and population less than 250000 in 2024; not included in regional or global totals",<100 ,<100 , <100,"Countries with a UNAIDS-approved estimate and population less than 250000 in 2024; not included in regional or global totals",<100 ,<100 , <100,"Countries with a UNAIDS-approved estimate and population less than 250000 in 2024; not included in regional or global totals",<100 ,<100 , <100,"Countries with a UNAIDS-approved estimate and population less than 250000 in 2024; not included in regional or global totals",<100 ,<100 , <100,"Countries with a UNAIDS-approved estimate and population less than 250000 in 2024; not included in regional or global totals",<100 ,<100 , <100,"Countries with a UNAIDS-approved estimate and population less than 250000 in 2024; not included in regional or global totals",<100 ,<100 , <100,"Countries with a UNAIDS-approved estimate and population less than 250000 in 2024; not included in regional or global totals"
Dominican Republic,3700 ,2600 , 6100,,4400 ,3200 , 6500,,4800 ,3700 , 6700,,5100 ,3900 , 7000,,5000 ,3800 , 6800,,4600 ,3700 , 6200,,3800 ,3000 , 5000,,3500 ,2700 , 4500,,3200 ,2600 , 4100,,3100 ,2500 , 3900,,3000 ,2400 , 4000,,2800 ,2300 , 3700,,2800 ,2200 , 3500,,2700 ,2200 , 3400,,2500 ,2000 , 3100,,2400 ,1900 , 2900,,2300 ,1800 , 2800,,2200 ,1700 , 2700,,2000 ,1500 , 2600,,1900 ,1400 , 2500,,1900 ,1400 , 2400,,1800 ,1200 , 2300,,1700 ,1100 , 2300,,1600 ,990 , 2200,,1600 ,900 , 2100,,1500 ,820 , 2100,,1600 ,840 , 2200,,1700 ,940 , 2300,,1800 ,980 , 2400,,1800 ,990 , 2400,,1900 ,1000 , 2400,,1800 ,1000 , 2500,,1700 ,950 , 2400,,1700 ,920 , 2300,,1600 ,890 , 2200,
Ecuador,<500 ,<500 , 760,,<500 ,<500 , 820,,530 ,<500 , 900,,600 ,<500 , 910,,670 ,<500 , 940,,720 ,520 , 980,,740 ,550 , 950,,770 ,570 , 980,,790 ,620 , 1000,,790 ,660 , 1000,,810 ,660 , 1000,,810 ,660 , 970,,810 ,690 , 990,,830 ,700 , 1000,,830 ,710 , 990,,820 ,710 , 980,,850 ,720 , 1000,,860 ,740 , 1000,,870 ,730 , 1000,,850 ,710 , 1000,,870 ,720 , 1000,,860 ,720 , 1000,,830 ,670 , 990,,810 ,680 , 990,,790 ,660 , 960,,760 ,610 , 930,,680 ,550 , 860,,650 ,520 , 810,,620 ,<500 , 820,,610 ,<500 , 800,,590 ,<500 , 750,,620 ,<500 , 810,,640 ,<500 , 830,,610 ,<500 , 830,,610 ,<500 , 820,
Egypt,<500 ,<500 , 770,,<500 ,<500 , 830,,<500 ,<500 , 770,,<500 ,<500 , 710,,<500 ,<500 , 710,,<500 ,<500 , 680,,<500 ,<500 , 630,,<500 ,<500 , 600,,<500 ,<500 , 540,,<500 ,<500 , 530,,<500 ,<500 , 510,,<500 ,<500 , <500,,<500 ,<500 , <500,,<500 ,<500 , <500,,<500 ,<500 , <500,,<500 ,<500 , <500,,<500 ,<500 , <500,,<500 ,<500 , <500,,<500 ,<500 , <500,,<500 ,<500 , <500,,<500 ,<500 , <500,,<500 ,<500 , <500,,<500 ,<500 , <500,,<500 ,<500 , 530,,<500 ,<500 , 540,,<500 ,<500 , 580,,<500 ,<500 , 630,,510 ,<500 , 710,,580 ,<500 , 850,,660 ,<500 , 950,,750 ,510 , 1100,,860 ,570 , 1300,,940 ,610 , 1400,,1100 ,690 , 1800,,1200 ,790 , 2000,
El Salvador,<200 ,<200 , <500,,<500 ,<500 , <500,,<500 ,<500 , <500,,<500 ,<500 , <500,,<500 ,<500 , 540,,550 ,<500 , 610,,610 ,540 , 670,,660 ,560 , 730,,690 ,600 , 780,,710 ,620 , 790,,710 ,630 , 810,,700 ,620 , 770,,670 ,600 , 720,,620 ,560 , 690,,570 ,<500 , 630,,500 ,<500 , 590,,<500 ,<500 , 530,,<500 ,<500 , <500,,<500 ,<500 , <500,,<500 ,<200 , <500,,<200 ,<200 , <500,,<200 ,<200 , <500,,<200 ,<200 , <500,,<200 ,<200 , <500,,<200 ,<200 , <500,,<200 ,<200 , <500,,<200 ,<200 , <500,,<200 ,<200 , <500,,<500 ,<200 , <500,,<500 ,<200 , <500,,<500 ,<200 , <500,,<500 ,<200 , <500,,<500 ,<200 , <500,,<500 ,<200 , <500,,<500 ,<200 , <500,
Equatorial Guinea,... ,... , ...,"Estimates were not available at the time of publication.",... ,... , ...,"Estimates were not available at the time of publication.",... ,... , ...,"Estimates were not available at the time of publication.",... ,... , ...,"Estimates were not available at the time of publication.",... ,... , ...,"Estimates were not available at the time of publication.",... ,... , ...,"Estimates were not available at the time of publication.",... ,... , ...,"Estimates were not available at the time of publication.",... ,... , ...,"Estimates were not available at the time of publication.",... ,... , ...,"Estimates were not available at the time of publication.",... ,... , ...,"Estimates were not available at the time of publication.",... ,... , ...,"Estimates were not available at the time of publication.",... ,... , ...,"Estimates were not available at the time of publication.",... ,... , ...,"Estimates were not available at the time of publication.",... ,... , ...,"Estimates were not available at the time of publication.",... ,... , ...,"Estimates were not available at the time of publication.",... ,... , ...,"Estimates were not available at the time of publication.",... ,... , ...,"Estimates were not available at the time of publication.",... ,... , ...,"Estimates were not available at the time of publication.",... ,... , ...,"Estimates were not available at the time of publication.",... ,... , ...,"Estimates were not available at the time of publication.",... ,... , ...,"Estimates were not available at the time of publication.",... ,... , ...,"Estimates were not available at the time of publication.",... ,... , ...,"Estimates were not available at the time of publication.",... ,... , ...,"Estimates were not available at the time of publication.",... ,... , ...,"Estimates were not available at the time of publication.",... ,... , ...,"Estimates were not available at the time of publication.",... ,... , ...,"Estimates were not available at the time of publication.",... ,... , ...,"Estimates were not available at the time of publication.",... ,... , ...,"Estimates were not available at the time of publication.",... ,... , ...,"Estimates were not available at the time of publication.",... ,... , ...,"Estimates were not available at the time of publication.",... ,... , ...,"Estimates were not available at the time of publication.",... ,... , ...,"Estimates were not available at the time of publication.",... ,... , ...,"Estimates were not available at the time of publication.",... ,... , ...,"Estimates were not available at the time of publication."
Eritrea,1900 ,1200 , 3100,,2100 ,1400 , 3300,,1900 ,1300 , 2800,,2000 ,1400 , 2700,,1800 ,1300 , 2500,,1800 ,1300 , 2400,,1400 ,1100 , 2000,,1700 ,1300 , 2100,,1400 ,1100 , 1900,,1300 ,940 , 1600,,1100 ,760 , 1500,,890 ,620 , 1200,,700 ,<500 , 1000,,660 ,<500 , 980,,<500 ,<500 , 790,,<500 ,<500 , 660,,<500 ,<200 , 640,,<500 ,<200 , 600,,<500 ,<200 , 560,,<500 ,<100 , <500,,<500 ,<100 , <500,,<500 ,<100 , <500,,<500 ,<100 , <500,,<200 ,<100 , <500,,<200 ,<100 , <500,,<200 ,<100 , <500,,<200 ,<100 , <500,,<200 ,<100 , <500,,<500 ,<100 , <500,,<500 ,<200 , <500,,<200 ,<100 , <500,,<500 ,<200 , <500,,<500 ,<200 , <500,,<500 ,<200 , <500,,<500 ,<200 , <500,
Estonia,<100 ,<100 , <100,"Children estimates were not available at the time of publication.",<100 ,<100 , <100,"Children estimates were not available at the time of publication.",<100 ,<100 , <100,"Children estimates were not available at the time of publication.",<100 ,<100 , <100,"Children estimates were not available at the time of publication.",<100 ,<100 , <100,"Children estimates were not available at the time of publication.",<100 ,<100 , <100,"Children estimates were not available at the time of publication.",<100 ,<100 , <100,"Children estimates were not available at the time of publication.",<100 ,<100 , <100,"Children estimates were not available at the time of publication.",<100 ,<100 , <100,"Children estimates were not available at the time of publication.",<100 ,<100 , <100,"Children estimates were not available at the time of publication.",<100 ,<100 , <200,"Children estimates were not available at the time of publication.",<500 ,<500 , <500,"Children estimates were not available at the time of publication.",<500 ,<500 , <500,"Children estimates were not available at the time of publication.",<500 ,<500 , <500,"Children estimates were not available at the time of publication.",<500 ,<500 , <500,"Children estimates were not available at the time of publication.",<500 ,<200 , <500,"Children estimates were not available at the time of publication.",<200 ,<200 , <500,"Children estimates were not available at the time of publication.",<200 ,<200 , <200,"Children estimates were not available at the time of publication.",<200 ,<200 , <200,"Children estimates were not available at the time of publication.",<200 ,<100 , <200,"Children estimates were not available at the time of publication.",<100 ,<100 , <200,"Children estimates were not available at the time of publication.",<100 ,<100 , <100,"Children estimates were not available at the time of publication.",<100 ,<100 , <100,"Children estimates were not available at the time of publication.",<100 ,<100 , <100,"Children estimates were not available at the time of publication.",<100 ,<100 , <100,"Children estimates were not available at the time of publication.",<100 ,<100 , <100,"Children estimates were not available at the time of publication.",<100 ,<100 , <100,"Children estimates were not available at the time of publication.",<100 ,<100 , <100,"Children estimates were not available at the time of publication.",<100 ,<100 , <100,"Children estimates were not available at the time of publication.",<100 ,<100 , <100,"Children estimates were not available at the time of publication.",<100 ,<100 , <100,"Children estimates were not available at the time of publication.",<100 ,<100 , <100,"Children estimates were not available at the time of publication.",<100 ,<100 , <100,"Children estimates were not available at the time of publication.",<100 ,<100 , <100,"Children estimates were not available at the time of publication.",<100 ,<100 , <100,"Children estimates were not available at the time of publication."
Eswatini,1200 ,1000 , 1500,,2400 ,2000 , 3000,,4300 ,3600 , 5200,,6600 ,5500 , 7800,,8800 ,7500 , 10 000,,10 000 ,8800 , 11 000,,11 000 ,9900 , 12 000,,12 000 ,10 000 , 13 000,,11 000 ,10 000 , 12 000,,11 000 ,10 000 , 12 000,,10 000 ,9500 , 11 000,,9800 ,8900 , 11 000,,9300 ,8500 , 10 000,,9100 ,8100 , 10 000,,8900 ,8000 , 10 000,,8400 ,7500 , 9400,,8400 ,7400 , 9300,,8200 ,7300 , 9400,,8200 ,7200 , 9300,,8000 ,7000 , 9000,,7400 ,6600 , 8400,,7500 ,6600 , 8400,,7400 ,6500 , 8400,,7300 ,6500 , 8400,,6900 ,6000 , 7800,,5800 ,5000 , 6500,,4700 ,3900 , 5400,,4000 ,3300 , 4700,,4000 ,3300 , 4700,,3700 ,3000 , 4400,,3100 ,2400 , 3700,,3100 ,2500 , 3900,,2500 ,1900 , 3200,,2700 ,2100 , 3300,,2500 ,2000 , 3200,
Ethiopia,70 000 ,40 000 , 140 000,,76 000 ,44 000 , 150 000,,72 000 ,42 000 , 140 000,,66 000 ,38 000 , 130 000,,56 000 ,32 000 , 110 000,,48 000 ,28 000 , 93 000,,40 000 ,23 000 , 78 000,,35 000 ,20 000 , 67 000,,31 000 ,18 000 , 59 000,,27 000 ,16 000 , 53 000,,24 000 ,14 000 , 47 000,,22 000 ,13 000 , 42 000,,20 000 ,11 000 , 39 000,,18 000 ,11 000 , 35 000,,16 000 ,9300 , 31 000,,15 000 ,8600 , 29 000,,14 000 ,7900 , 27 000,,13 000 ,7500 , 25 000,,13 000 ,7300 , 25 000,,12 000 ,6700 , 23 000,,11 000 ,6400 , 21 000,,10 000 ,6000 , 20 000,,10 000 ,5700 , 19 000,,9100 ,5200 , 18 000,,8300 ,4800 , 16 000,,7200 ,4100 , 14 000,,7800 ,4500 , 15 000,,7400 ,4200 , 14 000,,7300 ,4200 , 14 000,,6700 ,3800 , 13 000,,6000 ,3500 , 12 000,,7400 ,4200 , 14 000,,5600 ,3200 , 11 000,,5400 ,3100 , 10 000,,5000 ,2900 , 9700,
Fiji,<100 ,<100 , <100,,<100 ,<100 , <100,,<100 ,<100 , <100,,<100 ,<100 , <100,,<100 ,<100 , <100,,<100 ,<100 , <100,,<100 ,<100 , <100,,<100 ,<100 , <100,,<100 ,<100 , <100,,<100 ,<100 , <100,,<100 ,<100 , <100,,<100 ,<100 , <100,,<100 ,<100 , <100,,<100 ,<100 , <100,,<100 ,<100 , <100,,<100 ,<100 , <100,,<100 ,<100 , <100,,<100 ,<100 , <100,,<100 ,<100 , <100,,<100 ,<100 , <100,,<100 ,<100 , <100,,<100 ,<100 , <100,,<100 ,<100 , <100,,<100 ,<100 , <100,,<100 ,<100 , <100,,<100 ,<100 , <100,,<100 ,<100 , <200,,<200 ,<100 , <200,,<200 ,<200 , <200,,<500 ,<200 , <500,,<500 ,<200 , <500,,<500 ,<500 , <500,,<500 ,<500 , 620,,<500 ,<500 , 850,,590 ,<500 , 1200,
Finland,... ,... , ...,"Estimates were not available at the time of publication.",... ,... , ...,"Estimates were not available at the time of publication.",... ,... , ...,"Estimates were not available at the time of publication.",... ,... , ...,"Estimates were not available at the time of publication.",... ,... , ...,"Estimates were not available at the time of publication.",... ,... , ...,"Estimates were not available at the time of publication.",... ,... , ...,"Estimates were not available at the time of publication.",... ,... , ...,"Estimates were not available at the time of publication.",... ,... , ...,"Estimates were not available at the time of publication.",... ,... , ...,"Estimates were not available at the time of publication.",... ,... , ...,"Estimates were not available at the time of publication.",... ,... , ...,"Estimates were not available at the time of publication.",... ,... , ...,"Estimates were not available at the time of publication.",... ,... , ...,"Estimates were not available at the time of publication.",... ,... , ...,"Estimates were not available at the time of publication.",... ,... , ...,"Estimates were not available at the time of publication.",... ,... , ...,"Estimates were not available at the time of publication.",... ,... , ...,"Estimates were not available at the time of publication.",... ,... , ...,"Estimates were not available at the time of publication.",... ,... , ...,"Estimates were not available at the time of publication.",... ,... , ...,"Estimates were not available at the time of publication.",... ,... , ...,"Estimates were not available at the time of publication.",... ,... , ...,"Estimates were not available at the time of publication.",... ,... , ...,"Estimates were not available at the time of publication.",... ,... , ...,"Estimates were not available at the time of publication.",... ,... , ...,"Estimates were not available at the time of publication.",... ,... , ...,"Estimates were not available at the time of publication.",... ,... , ...,"Estimates were not available at the time of publication.",... ,... , ...,"Estimates were not available at the time of publication.",... ,... , ...,"Estimates were not available at the time of publication.",... ,... , ...,"Estimates were not available at the time of publication.",... ,... , ...,"Estimates were not available at the time of publication.",... ,... , ...,"Estimates were not available at the time of publication.",... ,... , ...,"Estimates were not available at the time of publication.",... ,... , ...,"Estimates were not available at the time of publication."
France,1900 ,1500 , 2300,,1900 ,1500 , 2300,,1900 ,1500 , 2300,,1900 ,1500 , 2300,,1900 ,1500 , 2400,,1900 ,1600 , 2500,,1900 ,1500 , 2500,,1800 ,1500 , 2300,,1700 ,1400 , 2200,,1700 ,1300 , 2000,,1700 ,1400 , 2000,,1700 ,1400 , 1900,,1700 ,1500 , 1900,,1600 ,1400 , 1900,,1600 ,1400 , 1900,,1600 ,1400 , 1900,,1600 ,1400 , 1800,,1500 ,1300 , 1700,,1500 ,1300 , 1700,,1500 ,1300 , 1700,,1500 ,1300 , 1700,,1400 ,1200 , 1600,,1300 ,1100 , 1500,,1200 ,1000 , 1400,,1100 ,980 , 1300,,1200 ,990 , 1300,,1100 ,970 , 1300,,1100 ,970 , 1300,,1000 ,880 , 1200,,1000 ,850 , 1200,,920 ,800 , 1100,,880 ,760 , 1000,,910 ,760 , 1100,,1000 ,840 , 1200,,... ,... , ...,
Gabon,1200 ,660 , 2100,,1600 ,880 , 2600,,1900 ,1100 , 3000,,2200 ,1400 , 3600,,2500 ,1700 , 4200,,2900 ,1800 , 4500,,2900 ,1900 , 4300,,2900 ,2000 , 4300,,2800 ,1900 , 3900,,2600 ,1800 , 3500,,2400 ,1800 , 3000,,2300 ,1800 , 2900,,2200 ,1700 , 2700,,2100 ,1600 , 2600,,1900 ,1500 , 2500,,1900 ,1400 , 2400,,1800 ,1400 , 2300,,1900 ,1400 , 2400,,1700 ,1300 , 2200,,1700 ,1300 , 2300,,1700 ,1200 , 2300,,1600 ,1100 , 2300,,1600 ,1100 , 2200,,1500 ,1000 , 2200,,1500 ,930 , 2100,,1500 ,920 , 2100,,1400 ,870 , 2000,,1500 ,920 , 2300,,1500 ,930 , 2400,,1400 ,840 , 2300,,1400 ,810 , 2300,,1400 ,780 , 2200,,1300 ,690 , 2200,,1200 ,620 , 2200,,1000 ,<500 , 2000,
Gambia,<200 ,<100 , <500,,<500 ,<200 , <500,,<500 ,<500 , 540,,<500 ,<500 , 690,,580 ,<500 , 820,,710 ,<500 , 1000,,820 ,560 , 1100,,930 ,650 , 1300,,1000 ,750 , 1400,,1100 ,780 , 1500,,1100 ,820 , 1500,,1100 ,830 , 1500,,1100 ,870 , 1500,,1100 ,870 , 1500,,1100 ,850 , 1400,,1100 ,860 , 1400,,1100 ,860 , 1500,,1100 ,840 , 1500,,1100 ,830 , 1500,,1100 ,840 , 1400,,1100 ,790 , 1400,,1000 ,790 , 1400,,1000 ,740 , 1400,,980 ,690 , 1300,,940 ,670 , 1300,,910 ,630 , 1200,,840 ,590 , 1100,,780 ,540 , 1100,,720 ,<500 , 1000,,710 ,<500 , 1100,,690 ,<500 , 1100,,640 ,<500 , 1000,,590 ,<500 , 1000,,560 ,<500 , 1000,,510 ,<500 , 940,
Georgia,<100 ,<100 , <100,"Children estimates were not available at the time of publication.",<100 ,<100 , <100,"Children estimates were not available at the time of publication.",<100 ,<100 , <100,"Children estimates were not available at the time of publication.",<100 ,<100 , <100,"Children estimates were not available at the time of publication.",<100 ,<100 , <100,"Children estimates were not available at the time of publication.",<100 ,<100 , <100,"Children estimates were not available at the time of publication.",<100 ,<100 , <100,"Children estimates were not available at the time of publication.",<100 ,<100 , <100,"Children estimates were not available at the time of publication.",<100 ,<100 , <100,"Children estimates were not available at the time of publication.",<100 ,<100 , <100,"Children estimates were not available at the time of publication.",<100 ,<100 , <100,"Children estimates were not available at the time of publication.",<100 ,<100 , <100,"Children estimates were not available at the time of publication.",<100 ,<100 , <100,"Children estimates were not available at the time of publication.",<100 ,<100 , <100,"Children estimates were not available at the time of publication.",<100 ,<100 , <100,"Children estimates were not available at the time of publication.",<100 ,<100 , <100,"Children estimates were not available at the time of publication.",<100 ,<100 , <100,"Children estimates were not available at the time of publication.",<100 ,<100 , <200,"Children estimates were not available at the time of publication.",<200 ,<100 , <200,"Children estimates were not available at the time of publication.",<200 ,<200 , <200,"Children estimates were not available at the time of publication.",<200 ,<200 , <200,"Children estimates were not available at the time of publication.",<200 ,<200 , <200,"Children estimates were not available at the time of publication.",<200 ,<200 , <200,"Children estimates were not available at the time of publication.",<200 ,<200 , <200,"Children estimates were not available at the time of publication.",<200 ,<200 , <200,"Children estimates were not available at the time of publication.",<200 ,<200 , <200,"Children estimates were not available at the time of publication.",<200 ,<200 , <200,"Children estimates were not available at the time of publication.",<200 ,<200 , <200,"Children estimates were not available at the time of publication.",<200 ,<200 , <200,"Children estimates were not available at the time of publication.",<200 ,<200 , <200,"Children estimates were not available at the time of publication.",<200 ,<200 , <200,"Children estimates were not available at the time of publication.",<200 ,<200 , <200,"Children estimates were not available at the time of publication.",<200 ,<200 , <200,"Children estimates were not available at the time of publication.",<200 ,<200 , <200,"Children estimates were not available at the time of publication.",<200 ,<200 , <200,"Children estimates were not available at the time of publication."
Germany,... ,... , ...,,... ,... , ...,,... ,... , ...,,... ,... , ...,,... ,... , ...,,... ,... , ...,,... ,... , ...,,... ,... , ...,,... ,... , ...,,... ,... , ...,,... ,... , ...,,... ,... , ...,,... ,... , ...,,... ,... , ...,,... ,... , ...,,... ,... , ...,,... ,... , ...,,... ,... , ...,,... ,... , ...,,... ,... , ...,,<500 ,<500 , <500,,<500 ,<500 , <500,,<500 ,<500 , <500,,<500 ,<500 , <500,,<500 ,<500 , <500,,<500 ,<500 , <500,,<500 ,<500 , <500,,<500 ,<500 , <500,,<500 ,<500 , <500,,<500 ,<500 , <500,,<500 ,<500 , <500,,<500 ,<500 , <500,,<500 ,<500 , 500,,<500 ,<500 , 570,,<500 ,<500 , 570,
Ghana,15 000 ,9700 , 19 000,,17 000 ,13 000 , 21 000,,18 000 ,15 000 , 23 000,,19 000 ,16 000 , 23 000,,19 000 ,15 000 , 23 000,,17 000 ,14 000 , 21 000,,17 000 ,14 000 , 20 000,,16 000 ,13 000 , 18 000,,15 000 ,12 000 , 17 000,,14 000 ,12 000 , 17 000,,14 000 ,11 000 , 16 000,,13 000 ,11 000 , 16 000,,13 000 ,11 000 , 15 000,,12 000 ,10 000 , 15 000,,12 000 ,9700 , 15 000,,12 000 ,9500 , 14 000,,11 000 ,9400 , 14 000,,11 000 ,9200 , 14 000,,11 000 ,9200 , 14 000,,11 000 ,8900 , 13 000,,11 000 ,9000 , 14 000,,11 000 ,8700 , 14 000,,11 000 ,8300 , 14 000,,11 000 ,8500 , 14 000,,11 000 ,8600 , 14 000,,11 000 ,8500 , 14 000,,11 000 ,8300 , 15 000,,11 000 ,8400 , 15 000,,11 000 ,8400 , 15 000,,11 000 ,8300 , 15 000,,12 000 ,8400 , 16 000,,11 000 ,7700 , 16 000,,11 000 ,7300 , 16 000,,10 000 ,6700 , 16 000,,9700 ,6300 , 16 000,
Greece,<100 ,<100 , <100,"Children estimates were not available at the time of publication.",<100 ,<100 , <100,"Children estimates were not available at the time of publication.",<100 ,<100 , <100,"Children estimates were not available at the time of publication.",<100 ,<100 , <100,"Children estimates were not available at the time of publication.",<100 ,<100 , <100,"Children estimates were not available at the time of publication.",<100 ,<100 , <100,"Children estimates were not available at the time of publication.",<100 ,<100 , <100,"Children estimates were not available at the time of publication.",<100 ,<100 , <100,"Children estimates were not available at the time of publication.",<100 ,<100 , <100,"Children estimates were not available at the time of publication.",<100 ,<100 , <100,"Children estimates were not available at the time of publication.",<100 ,<100 , <100,"Children estimates were not available at the time of publication.",<100 ,<100 , <100,"Children estimates were not available at the time of publication.",<100 ,<100 , <100,"Children estimates were not available at the time of publication.",<100 ,<100 , <200,"Children estimates were not available at the time of publication.",<200 ,<100 , <200,"Children estimates were not available at the time of publication.",<200 ,<200 , <200,"Children estimates were not available at the time of publication.",<200 ,<200 , <200,"Children estimates were not available at the time of publication.",<200 ,<200 , <200,"Children estimates were not available at the time of publication.",<200 ,<200 , <200,"Children estimates were not available at the time of publication.",<200 ,<200 , <200,"Children estimates were not available at the time of publication.",<200 ,<100 , <200,"Children estimates were not available at the time of publication.",<200 ,<100 , <200,"Children estimates were not available at the time of publication.",<200 ,<100 , <200,"Children estimates were not available at the time of publication.",<200 ,<100 , <200,"Children estimates were not available at the time of publication.",<200 ,<100 , <200,"Children estimates were not available at the time of publication.",<100 ,<100 , <200,"Children estimates were not available at the time of publication.",<100 ,<100 , <200,"Children estimates were not available at the time of publication.",<100 ,<100 , <200,"Children estimates were not available at the time of publication.",<100 ,<100 , <200,"Children estimates were not available at the time of publication.",<100 ,<100 , <200,"Children estimates were not available at the time of publication.",<100 ,<100 , <200,"Children estimates were not available at the time of publication.",<100 ,<100 , <200,"Children estimates were not available at the time of publication.",<100 ,<100 , <100,"Children estimates were not available at the time of publication.",<100 ,<100 , <100,"Children estimates were not available at the time of publication.",<100 ,<100 , <100,"Children estimates were not available at the time of publication."
Guatemala,900 ,540 , 1400,,1100 ,690 , 1600,,1200 ,760 , 1600,,1300 ,870 , 1800,,1300 ,890 , 1800,,1300 ,840 , 1700,,1200 ,840 , 1700,,1100 ,770 , 1600,,1000 ,750 , 1500,,980 ,680 , 1400,,950 ,670 , 1300,,810 ,570 , 1100,,780 ,560 , 1100,,650 ,<500 , 880,,540 ,<500 , 730,,510 ,<500 , 700,,<500 ,<500 , 650,,<500 ,<500 , 590,,<500 ,<500 , 510,,<500 ,<500 , <500,,<500 ,<200 , <500,,<500 ,<200 , <500,,<500 ,<200 , <500,,<200 ,<200 , <500,,<200 ,<200 , <500,,<500 ,<200 , <500,,<500 ,<200 , <500,,<500 ,<200 , <500,,<500 ,<500 , <500,,<500 ,<500 , <500,,<500 ,<500 , <500,,<500 ,<500 , 540,,<500 ,<500 , 540,,<500 ,<500 , 550,,<500 ,<500 , 560,
Guinea,1700 ,710 , 2600,,2100 ,1000 , 3100,,2600 ,1400 , 3700,,3100 ,1800 , 4500,,3500 ,2300 , 4900,,4000 ,2900 , 5200,,4500 ,3500 , 5700,,4800 ,3800 , 6100,,4900 ,4000 , 6200,,5100 ,4100 , 6400,,5100 ,4200 , 6400,,5100 ,4100 , 6200,,4900 ,4000 , 5700,,4900 ,4100 , 5800,,4700 ,3900 , 5600,,4800 ,3900 , 5600,,4600 ,3900 , 5600,,4700 ,3800 , 5700,,4600 ,3700 , 5700,,4500 ,3700 , 5600,,4400 ,3500 , 5400,,4300 ,3400 , 5400,,4100 ,3200 , 5200,,4000 ,3100 , 5200,,4200 ,3200 , 5500,,4100 ,3100 , 5300,,4000 ,2900 , 5200,,4000 ,2900 , 5200,,3900 ,2800 , 5200,,3700 ,2500 , 5000,,3500 ,2300 , 4900,,3300 ,2100 , 4800,,2900 ,1700 , 4400,,2600 ,1400 , 4100,,2400 ,1200 , 3900,
Guinea-Bissau,<500 ,<200 , <500,,<500 ,<500 , <500,,<500 ,<500 , 640,,640 ,<500 , 860,,920 ,600 , 1200,,1300 ,880 , 1600,,1800 ,1300 , 2200,,2200 ,1600 , 2700,,2700 ,2100 , 3200,,2800 ,2400 , 3400,,2800 ,2300 , 3500,,2500 ,2000 , 3100,,2200 ,1800 , 2700,,1900 ,1600 , 2300,,1700 ,1400 , 2000,,1500 ,1200 , 1900,,1500 ,1200 , 1800,,1500 ,1200 , 1900,,1400 ,1100 , 1800,,1300 ,1000 , 1700,,1200 ,980 , 1600,,1200 ,880 , 1500,,1100 ,820 , 1400,,1000 ,750 , 1400,,1000 ,710 , 1300,,950 ,660 , 1300,,860 ,600 , 1200,,810 ,560 , 1100,,770 ,510 , 1100,,700 ,<500 , 1000,,640 ,<500 , 990,,610 ,<500 , 960,,530 ,<500 , 880,,<500 ,<500 , 840,,<500 ,<500 , 780,
Guyana,<200 ,<100 , <500,,<200 ,<100 , 550,,<500 ,<200 , 610,,<500 ,<200 , <500,,<500 ,<200 , <500,,<500 ,<200 , 530,,<500 ,<500 , 560,,<500 ,<500 , 580,,<500 ,<500 , 560,,<500 ,<500 , 530,,<500 ,<500 , 530,,<500 ,<500 , <500,,<500 ,<500 , <500,,<500 ,<200 , <500,,<500 ,<200 , <500,,<500 ,<200 , <500,,<200 ,<200 , <500,,<200 ,<200 , <500,,<200 ,<100 , <500,,<200 ,<100 , <500,,<200 ,<100 , <500,,<200 ,<100 , <500,,<200 ,<200 , <500,,<200 ,<200 , <500,,<500 ,<200 , <500,,<500 ,<200 , <500,,<500 ,<200 , <500,,<500 ,<200 , <500,,<500 ,<200 , <500,,<500 ,<200 , <500,,<500 ,<200 , <500,,<500 ,<200 , <500,,<500 ,<200 , <500,,<500 ,<200 , <500,,<500 ,<200 , <500,
Haiti,8200 ,6200 , 11 000,,7900 ,6100 , 10 000,,7200 ,5600 , 9500,,6800 ,5300 , 8900,,6300 ,4900 , 8000,,6100 ,4900 , 7700,,5800 ,4700 , 7100,,5500 ,4500 , 6700,,5300 ,4500 , 6600,,5200 ,4400 , 6300,,5300 ,4500 , 6300,,5200 ,4500 , 6300,,5000 ,4300 , 6000,,4800 ,4100 , 5800,,4600 ,3900 , 5500,,4400 ,3700 , 5200,,4300 ,3700 , 5100,,4200 ,3500 , 5100,,4100 ,3400 , 5000,,4000 ,3300 , 4900,,4000 ,3400 , 4900,,4000 ,3300 , 4900,,3900 ,3100 , 4800,,3900 ,3200 , 5000,,3900 ,3100 , 4900,,4000 ,3100 , 5000,,4200 ,3300 , 5300,,4500 ,3600 , 5700,,4100 ,3300 , 5400,,4300 ,3500 , 5500,,4000 ,3100 , 5200,,3700 ,2900 , 5100,,3700 ,2800 , 5300,,3400 ,2500 , 5000,,3100 ,2100 , 4900,
Honduras,1200 ,870 , 1600,,1300 ,1000 , 1700,,1500 ,1200 , 1900,,1600 ,1300 , 2000,,1600 ,1400 , 2000,,1600 ,1300 , 1900,,1500 ,1200 , 1800,,1400 ,1200 , 1600,,1200 ,1000 , 1500,,1100 ,910 , 1300,,910 ,760 , 1100,,720 ,580 , 880,,570 ,<500 , 720,,<500 ,<500 , 560,,<500 ,<200 , <500,,<500 ,<200 , <500,,<200 ,<100 , <500,,<200 ,<100 , <500,,<100 ,<100 , <200,,<100 ,<100 , <200,,<100 ,<100 , <200,,<100 ,<100 , <200,,<100 ,<100 , <200,,<100 ,<100 , <200,,<100 ,<100 , <200,,<100 ,<100 , <200,,<100 ,<100 , <200,,<100 ,<100 , <200,,<100 ,<100 , <200,,<100 ,<100 , <200,,<100 ,<100 , <200,,<100 ,<100 , <200,,<100 ,<100 , <200,,<100 ,<100 , <200,,<100 ,<100 , <200,
Hungary,... ,... , ...,"Estimates were not available at the time of publication.",... ,... , ...,"Estimates were not available at the time of publication.",... ,... , ...,"Estimates were not available at the time of publication.",... ,... , ...,"Estimates were not available at the time of publication.",... ,... , ...,"Estimates were not available at the time of publication.",... ,... , ...,"Estimates were not available at the time of publication.",... ,... , ...,"Estimates were not available at the time of publication.",... ,... , ...,"Estimates were not available at the time of publication.",... ,... , ...,"Estimates were not available at the time of publication.",... ,... , ...,"Estimates were not available at the time of publication.",... ,... , ...,"Estimates were not available at the time of publication.",... ,... , ...,"Estimates were not available at the time of publication.",... ,... , ...,"Estimates were not available at the time of publication.",... ,... , ...,"Estimates were not available at the time of publication.",... ,... , ...,"Estimates were not available at the time of publication.",... ,... , ...,"Estimates were not available at the time of publication.",... ,... , ...,"Estimates were not available at the time of publication.",... ,... , ...,"Estimates were not available at the time of publication.",... ,... , ...,"Estimates were not available at the time of publication.",... ,... , ...,"Estimates were not available at the time of publication.",... ,... , ...,"Estimates were not available at the time of publication.",... ,... , ...,"Estimates were not available at the time of publication.",... ,... , ...,"Estimates were not available at the time of publication.",... ,... , ...,"Estimates were not available at the time of publication.",... ,... , ...,"Estimates were not available at the time of publication.",... ,... , ...,"Estimates were not available at the time of publication.",... ,... , ...,"Estimates were not available at the time of publication.",... ,... , ...,"Estimates were not available at the time of publication.",... ,... , ...,"Estimates were not available at the time of publication.",... ,... , ...,"Estimates were not available at the time of publication.",... ,... , ...,"Estimates were not available at the time of publication.",... ,... , ...,"Estimates were not available at the time of publication.",... ,... , ...,"Estimates were not available at the time of publication.",... ,... , ...,"Estimates were not available at the time of publication.",... ,... , ...,"Estimates were not available at the time of publication."
Iceland,<100 ,<100 , <100,"Children estimates were not available at the time of publication.",<100 ,<100 , <100,"Children estimates were not available at the time of publication.",<100 ,<100 , <100,"Children estimates were not available at the time of publication.",<100 ,<100 , <100,"Children estimates were not available at the time of publication.",<100 ,<100 , <100,"Children estimates were not available at the time of publication.",<100 ,<100 , <100,"Children estimates were not available at the time of publication.",<100 ,<100 , <100,"Children estimates were not available at the time of publication.",<100 ,<100 , <100,"Children estimates were not available at the time of publication.",<100 ,<100 , <100,"Children estimates were not available at the time of publication.",<100 ,<100 , <100,"Children estimates were not available at the time of publication.",<100 ,<100 , <100,"Children estimates were not available at the time of publication.",<100 ,<100 , <100,"Children estimates were not available at the time of publication.",<100 ,<100 , <100,"Children estimates were not available at the time of publication.",<100 ,<100 , <100,"Children estimates were not available at the time of publication.",<100 ,<100 , <100,"Children estimates were not available at the time of publication.",<100 ,<100 , <100,"Children estimates were not available at the time of publication.",<100 ,<100 , <100,"Children estimates were not available at the time of publication.",<100 ,<100 , <100,"Children estimates were not available at the time of publication.",<100 ,<100 , <100,"Children estimates were not available at the time of publication.",<100 ,<100 , <100,"Children estimates were not available at the time of publication.",<100 ,<100 , <100,"Children estimates were not available at the time of publication.",<100 ,<100 , <100,"Children estimates were not available at the time of publication.",<100 ,<100 , <100,"Children estimates were not available at the time of publication.",<100 ,<100 , <100,"Children estimates were not available at the time of publication.",<100 ,<100 , <100,"Children estimates were not available at the time of publication.",<100 ,<100 , <100,"Children estimates were not available at the time of publication.",<100 ,<100 , <100,"Children estimates were not available at the time of publication.",<100 ,<100 , <100,"Children estimates were not available at the time of publication.",<100 ,<100 , <100,"Children estimates were not available at the time of publication.",<100 ,<100 , <100,"Children estimates were not available at the time of publication.",<100 ,<100 , <100,"Children estimates were not available at the time of publication.",<100 ,<100 , <100,"Children estimates were not available at the time of publication.",<100 ,<100 , <100,"Children estimates were not available at the time of publication.",<100 ,<100 , <100,"Children estimates were not available at the time of publication.",<100 ,<100 , <100,"Children estimates were not available at the time of publication."
India,,,,,,,,,,,,,,,,,,,,,,,,,,,,,,,,,,,,,,,,,,,,,,,,,,,,,,,,,,,,,,,,,,,,,,,,,,,,,,,,,,,,,,,,,,,,,,,,,,,,,,,,,,,,,,,,,,,,,,,,,,,,,,,,,,,,,,,,,26 000 ,17 000 , 42 000,
Indonesia,<100 ,<100 , <100,,<100 ,<100 , <100,,<100 ,<100 , <100,,<200 ,<200 , <200,,<500 ,<200 , <500,,<500 ,<500 , <500,,560 ,<500 , 640,,890 ,760 , 1000,,1400 ,1100 , 1500,,2000 ,1700 , 2300,,3300 ,2800 , 3700,,5100 ,4500 , 6000,,7800 ,6800 , 9000,,10 000 ,9000 , 11 000,,12 000 ,11 000 , 14 000,,14 000 ,12 000 , 16 000,,15 000 ,13 000 , 17 000,,16 000 ,14 000 , 18 000,,16 000 ,14 000 , 18 000,,17 000 ,15 000 , 19 000,,17 000 ,15 000 , 18 000,,16 000 ,14 000 , 18 000,,16 000 ,14 000 , 17 000,,15 000 ,13 000 , 17 000,,14 000 ,12 000 , 16 000,,13 000 ,12 000 , 14 000,,12 000 ,11 000 , 13 000,,11 000 ,10 000 , 13 000,,11 000 ,9300 , 12 000,,9800 ,8500 , 11 000,,9000 ,8000 , 9900,,8300 ,7400 , 9300,,7600 ,6700 , 8500,,6900 ,6000 , 7800,,6200 ,5600 , 7000,
Iran (Islamic Republic of),... ,... , ...,,... ,... , ...,,... ,... , ...,,... ,... , ...,,... ,... , ...,,... ,... , ...,,... ,... , ...,,... ,... , ...,,... ,... , ...,,... ,... , ...,,... ,... , ...,,... ,... , ...,,... ,... , ...,,... ,... , ...,,... ,... , ...,,... ,... , ...,,... ,... , ...,,... ,... , ...,,... ,... , ...,,... ,... , ...,,... ,... , ...,,... ,... , ...,,... ,... , ...,,... ,... , ...,,... ,... , ...,,... ,... , ...,,... ,... , ...,,... ,... , ...,,... ,... , ...,,... ,... , ...,,... ,... , ...,,... ,... , ...,,... ,... , ...,,... ,... , ...,,<500 ,<500 , 960,
Iraq,<100 ,<100 , <100,"Children estimates were not available at the time of publication.",<100 ,<100 , <100,"Children estimates were not available at the time of publication.",<100 ,<100 , <100,"Children estimates were not available at the time of publication.",<100 ,<100 , <100,"Children estimates were not available at the time of publication.",<100 ,<100 , <100,"Children estimates were not available at the time of publication.",<100 ,<100 , <100,"Children estimates were not available at the time of publication.",<100 ,<100 , <100,"Children estimates were not available at the time of publication.",<100 ,<100 , <100,"Children estimates were not available at the time of publication.",<100 ,<100 , <100,"Children estimates were not available at the time of publication.",<100 ,<100 , <100,"Children estimates were not available at the time of publication.",<100 ,<100 , <100,"Children estimates were not available at the time of publication.",<100 ,<100 , <100,"Children estimates were not available at the time of publication.",<100 ,<100 , <100,"Children estimates were not available at the time of publication.",<100 ,<100 , <100,"Children estimates were not available at the time of publication.",<100 ,<100 , <100,"Children estimates were not available at the time of publication.",<100 ,<100 , <100,"Children estimates were not available at the time of publication.",<100 ,<100 , <100,"Children estimates were not available at the time of publication.",<100 ,<100 , <100,"Children estimates were not available at the time of publication.",<100 ,<100 , <100,"Children estimates were not available at the time of publication.",<100 ,<100 , <100,"Children estimates were not available at the time of publication.",<100 ,<100 , <100,"Children estimates were not available at the time of publication.",<100 ,<100 , <100,"Children estimates were not available at the time of publication.",<100 ,<100 , <100,"Children estimates were not available at the time of publication.",<100 ,<100 , <100,"Children estimates were not available at the time of publication.",<100 ,<100 , <100,"Children estimates were not available at the time of publication.",<100 ,<100 , <100,"Children estimates were not available at the time of publication.",<100 ,<100 , <100,"Children estimates were not available at the time of publication.",<100 ,<100 , <100,"Children estimates were not available at the time of publication.",<100 ,<100 , <100,"Children estimates were not available at the time of publication.",<100 ,<100 , <100,"Children estimates were not available at the time of publication.",<100 ,<100 , <100,"Children estimates were not available at the time of publication.",<100 ,<100 , <100,"Children estimates were not available at the time of publication.",<100 ,<100 , <200,"Children estimates were not available at the time of publication.",<100 ,<100 , <200,"Children estimates were not available at the time of publication.",<200 ,<100 , <200,"Children estimates were not available at the time of publication."
Ireland,<100 ,<100 , <100,,<100 ,<100 , <100,,<100 ,<100 , <100,,<100 ,<100 , <100,,<100 ,<100 , <100,,<100 ,<100 , <100,,<100 ,<100 , <100,,<100 ,<100 , <100,,<100 ,<100 , <100,,<100 ,<100 , <100,,<100 ,<100 , <100,,<100 ,<100 , <100,,<100 ,<100 , <100,,<100 ,<100 , <100,,<100 ,<100 , <100,,<100 ,<100 , <100,,<100 ,<100 , <100,,<100 ,<100 , <100,,<100 ,<100 , <100,,<100 ,<100 , <100,,<100 ,<100 , <100,,<100 ,<100 , <200,,<100 ,<100 , <100,,<100 ,<100 , <100,,<100 ,<100 , <100,,<100 ,<100 , <100,,<100 ,<100 , <100,,<100 ,<100 , <100,,<100 ,<100 , <100,,<100 ,<100 , <100,,<100 ,<100 , <100,,<100 ,<100 , <100,,<100 ,<100 , <100,,<100 ,<100 , <100,,<100 ,<100 , <100,
Israel,... ,... , ...,"Estimates were not available at the time of publication.",... ,... , ...,"Estimates were not available at the time of publication.",... ,... , ...,"Estimates were not available at the time of publication.",... ,... , ...,"Estimates were not available at the time of publication.",... ,... , ...,"Estimates were not available at the time of publication.",... ,... , ...,"Estimates were not available at the time of publication.",... ,... , ...,"Estimates were not available at the time of publication.",... ,... , ...,"Estimates were not available at the time of publication.",... ,... , ...,"Estimates were not available at the time of publication.",... ,... , ...,"Estimates were not available at the time of publication.",... ,... , ...,"Estimates were not available at the time of publication.",... ,... , ...,"Estimates were not available at the time of publication.",... ,... , ...,"Estimates were not available at the time of publication.",... ,... , ...,"Estimates were not available at the time of publication.",... ,... , ...,"Estimates were not available at the time of publication.",... ,... , ...,"Estimates were not available at the time of publication.",... ,... , ...,"Estimates were not available at the time of publication.",... ,... , ...,"Estimates were not available at the time of publication.",... ,... , ...,"Estimates were not available at the time of publication.",... ,... , ...,"Estimates were not available at the time of publication.",... ,... , ...,"Estimates were not available at the time of publication.",... ,... , ...,"Estimates were not available at the time of publication.",... ,... , ...,"Estimates were not available at the time of publication.",... ,... , ...,"Estimates were not available at the time of publication.",... ,... , ...,"Estimates were not available at the time of publication.",... ,... , ...,"Estimates were not available at the time of publication.",... ,... , ...,"Estimates were not available at the time of publication.",... ,... , ...,"Estimates were not available at the time of publication.",... ,... , ...,"Estimates were not available at the time of publication.",... ,... , ...,"Estimates were not available at the time of publication.",... ,... , ...,"Estimates were not available at the time of publication.",... ,... , ...,"Estimates were not available at the time of publication.",... ,... , ...,"Estimates were not available at the time of publication.",... ,... , ...,"Estimates were not available at the time of publication.",... ,... , ...,"Estimates were not available at the time of publication."
Italy,1300 ,1100 , 1500,,1300 ,1100 , 1500,,1300 ,1100 , 1500,,1300 ,1100 , 1500,,1300 ,1100 , 1500,,1200 ,1100 , 1400,,1200 ,1000 , 1400,,1200 ,1000 , 1400,,1200 ,1000 , 1400,,1200 ,980 , 1300,,1100 ,950 , 1300,,1100 ,940 , 1300,,1100 ,930 , 1300,,1100 ,910 , 1200,,1100 ,920 , 1200,,1000 ,890 , 1200,,1000 ,870 , 1200,,1000 ,860 , 1200,,1000 ,850 , 1200,,1000 ,840 , 1200,,980 ,820 , 1100,,970 ,810 , 1100,,950 ,790 , 1100,,930 ,780 , 1100,,900 ,760 , 1100,,880 ,730 , 1000,,850 ,700 , 1000,,820 ,680 , 980,,800 ,650 , 950,,770 ,630 , 920,,750 ,630 , 900,,720 ,590 , 880,,710 ,580 , 850,,710 ,570 , 850,,700 ,560 , 860,
Jamaica,800 ,510 , 1200,,980 ,710 , 1300,,1100 ,880 , 1500,,1300 ,1000 , 1600,,1400 ,1100 , 1800,,1500 ,1300 , 1800,,1500 ,1300 , 1800,,1500 ,1200 , 1700,,1400 ,1200 , 1600,,1300 ,1100 , 1500,,1200 ,1100 , 1400,,1100 ,970 , 1200,,1000 ,930 , 1200,,980 ,880 , 1100,,950 ,840 , 1100,,880 ,760 , 1000,,820 ,720 , 960,,810 ,700 , 940,,770 ,660 , 920,,710 ,600 , 840,,690 ,580 , 830,,660 ,560 , 770,,630 ,530 , 750,,580 ,<500 , 710,,530 ,<500 , 660,,500 ,<500 , 620,,<500 ,<500 , 590,,<500 ,<500 , 600,,520 ,<500 , 640,,<500 ,<500 , 620,,<500 ,<500 , 600,,520 ,<500 , 660,,<500 ,<500 , 610,,510 ,<500 , 650,,<500 ,<500 , 620,
Japan,... ,... , ...,"Estimates were not available at the time of publication.",... ,... , ...,"Estimates were not available at the time of publication.",... ,... , ...,"Estimates were not available at the time of publication.",... ,... , ...,"Estimates were not available at the time of publication.",... ,... , ...,"Estimates were not available at the time of publication.",... ,... , ...,"Estimates were not available at the time of publication.",... ,... , ...,"Estimates were not available at the time of publication.",... ,... , ...,"Estimates were not available at the time of publication.",... ,... , ...,"Estimates were not available at the time of publication.",... ,... , ...,"Estimates were not available at the time of publication.",... ,... , ...,"Estimates were not available at the time of publication.",... ,... , ...,"Estimates were not available at the time of publication.",... ,... , ...,"Estimates were not available at the time of publication.",... ,... , ...,"Estimates were not available at the time of publication.",... ,... , ...,"Estimates were not available at the time of publication.",... ,... , ...,"Estimates were not available at the time of publication.",... ,... , ...,"Estimates were not available at the time of publication.",... ,... , ...,"Estimates were not available at the time of publication.",... ,... , ...,"Estimates were not available at the time of publication.",... ,... , ...,"Estimates were not available at the time of publication.",... ,... , ...,"Estimates were not available at the time of publication.",... ,... , ...,"Estimates were not available at the time of publication.",... ,... , ...,"Estimates were not available at the time of publication.",... ,... , ...,"Estimates were not available at the time of publication.",... ,... , ...,"Estimates were not available at the time of publication.",... ,... , ...,"Estimates were not available at the time of publication.",... ,... , ...,"Estimates were not available at the time of publication.",... ,... , ...,"Estimates were not available at the time of publication.",... ,... , ...,"Estimates were not available at the time of publication.",... ,... , ...,"Estimates were not available at the time of publication.",... ,... , ...,"Estimates were not available at the time of publication.",... ,... , ...,"Estimates were not available at the time of publication.",... ,... , ...,"Estimates were not available at the time of publication.",... ,... , ...,"Estimates were not available at the time of publication.",... ,... , ...,"Estimates were not available at the time of publication."
Jordan,<100 ,<100 , <100,"Children estimates were not available at the time of publication.",<100 ,<100 , <100,"Children estimates were not available at the time of publication.",<100 ,<100 , <100,"Children estimates were not available at the time of publication.",<100 ,<100 , <100,"Children estimates were not available at the time of publication.",<100 ,<100 , <100,"Children estimates were not available at the time of publication.",<100 ,<100 , <100,"Children estimates were not available at the time of publication.",<100 ,<100 , <100,"Children estimates were not available at the time of publication.",<100 ,<100 , <100,"Children estimates were not available at the time of publication.",<100 ,<100 , <100,"Children estimates were not available at the time of publication.",<100 ,<100 , <100,"Children estimates were not available at the time of publication.",<100 ,<100 , <100,"Children estimates were not available at the time of publication.",<100 ,<100 , <100,"Children estimates were not available at the time of publication.",<100 ,<100 , <100,"Children estimates were not available at the time of publication.",<100 ,<100 , <100,"Children estimates were not available at the time of publication.",<100 ,<100 , <100,"Children estimates were not available at the time of publication.",<100 ,<100 , <100,"Children estimates were not available at the time of publication.",<100 ,<100 , <100,"Children estimates were not available at the time of publication.",<100 ,<100 , <100,"Children estimates were not available at the time of publication.",<100 ,<100 , <100,"Children estimates were not available at the time of publication.",<100 ,<100 , <100,"Children estimates were not available at the time of publication.",<100 ,<100 , <100,"Children estimates were not available at the time of publication.",<100 ,<100 , <100,"Children estimates were not available at the time of publication.",<100 ,<100 , <100,"Children estimates were not available at the time of publication.",<100 ,<100 , <100,"Children estimates were not available at the time of publication.",<100 ,<100 , <100,"Children estimates were not available at the time of publication.",<100 ,<100 , <100,"Children estimates were not available at the time of publication.",<100 ,<100 , <100,"Children estimates were not available at the time of publication.",<100 ,<100 , <100,"Children estimates were not available at the time of publication.",<100 ,<100 , <100,"Children estimates were not available at the time of publication.",<100 ,<100 , <100,"Children estimates were not available at the time of publication.",<100 ,<100 , <100,"Children estimates were not available at the time of publication.",<100 ,<100 , <100,"Children estimates were not available at the time of publication.",<100 ,<100 , <100,"Children estimates were not available at the time of publication.",<100 ,<100 , <100,"Children estimates were not available at the time of publication.",<100 ,<100 , <100,"Children estimates were not available at the time of publication."
Kazakhstan,<100 ,<100 , <100,,<100 ,<100 , <100,,<100 ,<100 , <100,,<100 ,<100 , <100,,<100 ,<100 , <100,,<100 ,<100 , <100,,<100 ,<100 , <200,,<200 ,<200 , <200,,<200 ,<200 , <500,,<500 ,<500 , <500,,<500 ,<500 , <500,,<500 ,<500 , <500,,<500 ,<500 , 530,,570 ,510 , 640,,670 ,590 , 750,,710 ,650 , 800,,800 ,720 , 890,,880 ,800 , 970,,970 ,890 , 1100,,1000 ,930 , 1100,,1100 ,1000 , 1200,,1200 ,1100 , 1300,,1300 ,1200 , 1500,,1300 ,1200 , 1500,,1400 ,1200 , 1500,,1400 ,1200 , 1500,,1400 ,1200 , 1500,,1300 ,1200 , 1500,,1300 ,1100 , 1400,,1300 ,1000 , 1400,,1300 ,1000 , 1500,,1200 ,970 , 1400,,1100 ,920 , 1300,,1200 ,980 , 1400,,1100 ,900 , 1400,
Kenya,110 000 ,67 000 , 180 000,,130 000 ,77 000 , 200 000,,130 000 ,80 000 , 210 000,,130 000 ,77 000 , 200 000,,110 000 ,68 000 , 180 000,,94 000 ,57 000 , 150 000,,81 000 ,49 000 , 130 000,,71 000 ,43 000 , 110 000,,64 000 ,39 000 , 100 000,,59 000 ,36 000 , 94 000,,53 000 ,32 000 , 84 000,,49 000 ,30 000 , 79 000,,46 000 ,28 000 , 74 000,,44 000 ,27 000 , 71 000,,42 000 ,26 000 , 67 000,,41 000 ,25 000 , 65 000,,39 000 ,24 000 , 62 000,,37 000 ,23 000 , 59 000,,36 000 ,22 000 , 57 000,,34 000 ,21 000 , 55 000,,32 000 ,20 000 , 51 000,,30 000 ,18 000 , 48 000,,27 000 ,17 000 , 44 000,,25 000 ,16 000 , 41 000,,23 000 ,14 000 , 37 000,,21 000 ,13 000 , 33 000,,18 000 ,11 000 , 29 000,,16 000 ,9600 , 25 000,,14 000 ,8700 , 23 000,,14 000 ,8500 , 22 000,,14 000 ,8300 , 22 000,,13 000 ,8000 , 21 000,,13 000 ,7900 , 21 000,,11 000 ,7000 , 18 000,,11 000 ,6700 , 18 000,
Kiribati,... ,... , ...,,... ,... , ...,,... ,... , ...,,... ,... , ...,,... ,... , ...,,... ,... , ...,,... ,... , ...,,... ,... , ...,,... ,... , ...,,... ,... , ...,,... ,... , ...,,... ,... , ...,,... ,... , ...,,... ,... , ...,,... ,... , ...,,... ,... , ...,,... ,... , ...,,... ,... , ...,,... ,... , ...,,... ,... , ...,,... ,... , ...,,... ,... , ...,,... ,... , ...,,... ,... , ...,,... ,... , ...,,... ,... , ...,,... ,... , ...,,... ,... , ...,,... ,... , ...,,... ,... , ...,,... ,... , ...,,... ,... , ...,,... ,... , ...,,... ,... , ...,,... ,... , ...,
Kuwait,... ,... , ...,"Children estimates were not available at the time of publication.",... ,... , ...,"Children estimates were not available at the time of publication.",... ,... , ...,"Children estimates were not available at the time of publication.",... ,... , ...,"Children estimates were not available at the time of publication.",... ,... , ...,"Children estimates were not available at the time of publication.",... ,... , ...,"Children estimates were not available at the time of publication.",... ,... , ...,"Children estimates were not available at the time of publication.",... ,... , ...,"Children estimates were not available at the time of publication.",... ,... , ...,"Children estimates were not available at the time of publication.",... ,... , ...,"Children estimates were not available at the time of publication.",... ,... , ...,"Children estimates were not available at the time of publication.",... ,... , ...,"Children estimates were not available at the time of publication.",... ,... , ...,"Children estimates were not available at the time of publication.",... ,... , ...,"Children estimates were not available at the time of publication.",... ,... , ...,"Children estimates were not available at the time of publication.",... ,... , ...,"Children estimates were not available at the time of publication.",... ,... , ...,"Children estimates were not available at the time of publication.",... ,... , ...,"Children estimates were not available at the time of publication.",... ,... , ...,"Children estimates were not available at the time of publication.",... ,... , ...,"Children estimates were not available at the time of publication.",... ,... , ...,"Children estimates were not available at the time of publication.",... ,... , ...,"Children estimates were not available at the time of publication.",... ,... , ...,"Children estimates were not available at the time of publication.",... ,... , ...,"Children estimates were not available at the time of publication.",... ,... , ...,"Children estimates were not available at the time of publication.",... ,... , ...,"Children estimates were not available at the time of publication.",... ,... , ...,"Children estimates were not available at the time of publication.",... ,... , ...,"Children estimates were not available at the time of publication.",... ,... , ...,"Children estimates were not available at the time of publication.",... ,... , ...,"Children estimates were not available at the time of publication.",... ,... , ...,"Children estimates were not available at the time of publication.",... ,... , ...,"Children estimates were not available at the time of publication.",... ,... , ...,"Children estimates were not available at the time of publication.",... ,... , ...,"Children estimates were not available at the time of publication.",... ,... , ...,"Children estimates were not available at the time of publication."
Kyrgyzstan,<100 ,<100 , <100,,<100 ,<100 , <100,,<100 ,<100 , <100,,<100 ,<100 , <100,,<100 ,<100 , <100,,<100 ,<100 , <100,,<100 ,<100 , <100,,<100 ,<100 , <100,,<100 ,<100 , <100,,<100 ,<100 , <100,,<100 ,<100 , <100,,<500 ,<200 , 1300,,<100 ,<100 , <200,,<100 ,<100 , <100,,<100 ,<100 , <100,,<100 ,<100 , <200,,<200 ,<200 , <200,,<200 ,<200 , <500,,<500 ,<200 , <500,,<500 ,<500 , <500,,<500 ,<500 , <500,,<500 ,<500 , <500,,<500 ,<500 , <500,,<500 ,<500 , <500,,<500 ,<500 , <500,,<500 ,<500 , <500,,<500 ,<500 , <500,,<500 ,<500 , <500,,<500 ,<500 , <500,,<500 ,<500 , <500,,<500 ,<500 , <500,,<500 ,<500 , <500,,<500 ,<500 , <500,,<500 ,<500 , <500,,<500 ,<500 , <500,
Lao People's Democratic Republic,<100 ,<100 , <100,,<100 ,<100 , <100,,<100 ,<100 , <100,,<100 ,<100 , <100,,<100 ,<100 , <100,,<100 ,<100 , <100,,<100 ,<100 , <100,,<200 ,<200 , <200,,<200 ,<200 , <200,,<200 ,<200 , <500,,<500 ,<200 , <500,,<500 ,<500 , <500,,<500 ,<500 , <500,,<500 ,<500 , <500,,<500 ,<500 , <500,,<500 ,<500 , <500,,<500 ,<500 , <500,,<500 ,<500 , <500,,<500 ,<500 , <500,,<500 ,<500 , <500,,<500 ,<500 , <500,,<500 ,<500 , <500,,<500 ,<500 , <500,,<500 ,<500 , <500,,<500 ,<500 , <500,,<500 ,<500 , <500,,<500 ,<500 , <500,,<500 ,<500 , <500,,<500 ,<500 , <500,,<500 ,<500 , <500,,<500 ,<500 , <500,,<500 ,<500 , <500,,<500 ,<500 , <500,,<500 ,<500 , <500,,<500 ,<500 , <500,
Latvia,<100 ,<100 , <100,"Children estimates were not available at the time of publication.",<100 ,<100 , <100,"Children estimates were not available at the time of publication.",<100 ,<100 , <200,"Children estimates were not available at the time of publication.",<100 ,<100 , <500,"Children estimates were not available at the time of publication.",<100 ,<100 , 810,"Children estimates were not available at the time of publication.",<100 ,<100 , <500,"Children estimates were not available at the time of publication.",<100 ,<100 , <200,"Children estimates were not available at the time of publication.",<200 ,<100 , <200,"Children estimates were not available at the time of publication.",<500 ,<200 , <500,"Children estimates were not available at the time of publication.",<500 ,<500 , <500,"Children estimates were not available at the time of publication.",<500 ,<200 , <500,"Children estimates were not available at the time of publication.",<500 ,<200 , <500,"Children estimates were not available at the time of publication.",<500 ,<200 , <500,"Children estimates were not available at the time of publication.",<500 ,<200 , <500,"Children estimates were not available at the time of publication.",<500 ,<200 , <500,"Children estimates were not available at the time of publication.",<500 ,<200 , <500,"Children estimates were not available at the time of publication.",<500 ,<200 , <500,"Children estimates were not available at the time of publication.",<200 ,<200 , <500,"Children estimates were not available at the time of publication.",<200 ,<200 , <500,"Children estimates were not available at the time of publication.",<200 ,<200 , <500,"Children estimates were not available at the time of publication.",<200 ,<200 , <500,"Children estimates were not available at the time of publication.",<200 ,<200 , <500,"Children estimates were not available at the time of publication.",<200 ,<200 , <500,"Children estimates were not available at the time of publication.",<200 ,<200 , <500,"Children estimates were not available at the time of publication.",<200 ,<200 , <500,"Children estimates were not available at the time of publication.",<200 ,<200 , <200,"Children estimates were not available at the time of publication.",<200 ,<200 , <200,"Children estimates were not available at the time of publication.",<200 ,<200 , <200,"Children estimates were not available at the time of publication.",<200 ,<100 , <200,"Children estimates were not available at the time of publication.",<100 ,<100 , <200,"Children estimates were not available at the time of publication.",<100 ,<100 , <200,"Children estimates were not available at the time of publication.",<100 ,<100 , <100,"Children estimates were not available at the time of publication.",<100 ,<100 , <100,"Children estimates were not available at the time of publication.",<100 ,<100 , <100,"Children estimates were not available at the time of publication.",<100 ,<100 , <100,"Children estimates were not available at the time of publication."
Lebanon,... ,... , ...,"Children estimates were not available at the time of publication.",... ,... , ...,"Children estimates were not available at the time of publication.",... ,... , ...,"Children estimates were not available at the time of publication.",... ,... , ...,"Children estimates were not available at the time of publication.",... ,... , ...,"Children estimates were not available at the time of publication.",... ,... , ...,"Children estimates were not available at the time of publication.",... ,... , ...,"Children estimates were not available at the time of publication.",... ,... , ...,"Children estimates were not available at the time of publication.",... ,... , ...,"Children estimates were not available at the time of publication.",... ,... , ...,"Children estimates were not available at the time of publication.",... ,... , ...,"Children estimates were not available at the time of publication.",... ,... , ...,"Children estimates were not available at the time of publication.",... ,... , ...,"Children estimates were not available at the time of publication.",... ,... , ...,"Children estimates were not available at the time of publication.",... ,... , ...,"Children estimates were not available at the time of publication.",... ,... , ...,"Children estimates were not available at the time of publication.",... ,... , ...,"Children estimates were not available at the time of publication.",... ,... , ...,"Children estimates were not available at the time of publication.",... ,... , ...,"Children estimates were not available at the time of publication.",... ,... , ...,"Children estimates were not available at the time of publication.",... ,... , ...,"Children estimates were not available at the time of publication.",... ,... , ...,"Children estimates were not available at the time of publication.",... ,... , ...,"Children estimates were not available at the time of publication.",... ,... , ...,"Children estimates were not available at the time of publication.",... ,... , ...,"Children estimates were not available at the time of publication.",... ,... , ...,"Children estimates were not available at the time of publication.",... ,... , ...,"Children estimates were not available at the time of publication.",... ,... , ...,"Children estimates were not available at the time of publication.",... ,... , ...,"Children estimates were not available at the time of publication.",... ,... , ...,"Children estimates were not available at the time of publication.",... ,... , ...,"Children estimates were not available at the time of publication.",... ,... , ...,"Children estimates were not available at the time of publication.",... ,... , ...,"Children estimates were not available at the time of publication.",... ,... , ...,"Children estimates were not available at the time of publication.",... ,... , ...,"Children estimates were not available at the time of publication."
Lesotho,4800 ,3800 , 6000,,7600 ,6400 , 9300,,11 000 ,9300 , 14 000,,15 000 ,12 000 , 18 000,,18 000 ,15 000 , 22 000,,19 000 ,16 000 , 23 000,,19 000 ,17 000 , 22 000,,17 000 ,15 000 , 20 000,,16 000 ,13 000 , 18 000,,14 000 ,12 000 , 17 000,,13 000 ,11 000 , 15 000,,13 000 ,11 000 , 15 000,,12 000 ,10 000 , 14 000,,12 000 ,10 000 , 14 000,,12 000 ,10 000 , 14 000,,12 000 ,10 000 , 14 000,,12 000 ,10 000 , 14 000,,12 000 ,10 000 , 14 000,,11 000 ,9700 , 13 000,,11 000 ,9300 , 13 000,,10 000 ,8500 , 12 000,,9600 ,8200 , 11 000,,9300 ,7800 , 11 000,,9100 ,7500 , 11 000,,8500 ,7100 , 10 000,,7700 ,6400 , 9100,,6200 ,5100 , 7600,,5000 ,4000 , 6100,,4200 ,3300 , 5300,,3800 ,3000 , 4800,,3400 ,2600 , 4400,,2800 ,2100 , 3600,,2200 ,1600 , 2900,,2100 ,1500 , 2800,,1800 ,1300 , 2400,
Liberia,... ,... , ...,,... ,... , ...,,... ,... , ...,,... ,... , ...,,... ,... , ...,,... ,... , ...,,... ,... , ...,,... ,... , ...,,... ,... , ...,,... ,... , ...,,... ,... , ...,,... ,... , ...,,... ,... , ...,,... ,... , ...,,... ,... , ...,,... ,... , ...,,... ,... , ...,,... ,... , ...,,... ,... , ...,,... ,... , ...,,... ,... , ...,,... ,... , ...,,... ,... , ...,,... ,... , ...,,... ,... , ...,,... ,... , ...,,... ,... , ...,,... ,... , ...,,... ,... , ...,,... ,... , ...,,... ,... , ...,,... ,... , ...,,... ,... , ...,,... ,... , ...,,... ,... , ...,
Libya,<100 ,<100 , <100,,<100 ,<100 , <100,,<100 ,<100 , <100,,<100 ,<100 , <100,,<100 ,<100 , <100,,<100 ,<100 , <100,,<100 ,<100 , <100,,<100 ,<100 , <100,,<100 ,<100 , <100,,<100 ,<100 , <100,,<100 ,<100 , <200,,<100 ,<100 , <200,,<200 ,<100 , <200,,<200 ,<200 , <200,,<200 ,<200 , <200,,<200 ,<200 , <200,,<200 ,<200 , <200,,<200 ,<200 , <200,,<200 ,<200 , <200,,<200 ,<200 , <200,,<200 ,<200 , <200,,<200 ,<200 , <200,,<200 ,<200 , <200,,<200 ,<200 , <200,,<200 ,<200 , <200,,<200 ,<200 , <200,,<200 ,<200 , <200,,<200 ,<200 , <200,,<200 ,<200 , <200,,<200 ,<200 , <200,,<200 ,<200 , <200,,<200 ,<200 , <500,,<200 ,<200 , <500,,<200 ,<200 , <500,,<200 ,<200 , <500,
Lithuania,<100 ,<100 , <100,"Children estimates were not available at the time of publication.",<100 ,<100 , <100,"Children estimates were not available at the time of publication.",<100 ,<100 , <100,"Children estimates were not available at the time of publication.",<100 ,<100 , <100,"Children estimates were not available at the time of publication.",<100 ,<100 , <100,"Children estimates were not available at the time of publication.",<100 ,<100 , <100,"Children estimates were not available at the time of publication.",<100 ,<100 , <100,"Children estimates were not available at the time of publication.",<100 ,<100 , <100,"Children estimates were not available at the time of publication.",<100 ,<100 , <100,"Children estimates were not available at the time of publication.",<100 ,<100 , <100,"Children estimates were not available at the time of publication.",<100 ,<100 , <100,"Children estimates were not available at the time of publication.",<100 ,<100 , <100,"Children estimates were not available at the time of publication.",<100 ,<100 , <100,"Children estimates were not available at the time of publication.",<100 ,<100 , <100,"Children estimates were not available at the time of publication.",<100 ,<100 , <100,"Children estimates were not available at the time of publication.",<100 ,<100 , <100,"Children estimates were not available at the time of publication.",<100 ,<100 , <100,"Children estimates were not available at the time of publication.",<100 ,<100 , <100,"Children estimates were not available at the time of publication.",<100 ,<100 , <100,"Children estimates were not available at the time of publication.",<100 ,<100 , <100,"Children estimates were not available at the time of publication.",<100 ,<100 , <100,"Children estimates were not available at the time of publication.",<100 ,<100 , <100,"Children estimates were not available at the time of publication.",<100 ,<100 , <100,"Children estimates were not available at the time of publication.",<100 ,<100 , <100,"Children estimates were not available at the time of publication.",<100 ,<100 , <100,"Children estimates were not available at the time of publication.",<100 ,<100 , <100,"Children estimates were not available at the time of publication.",<100 ,<100 , <100,"Children estimates were not available at the time of publication.",<100 ,<100 , <100,"Children estimates were not available at the time of publication.",<100 ,<100 , <100,"Children estimates were not available at the time of publication.",<100 ,<100 , <100,"Children estimates were not available at the time of publication.",<100 ,<100 , <100,"Children estimates were not available at the time of publication.",<100 ,<100 , <100,"Children estimates were not available at the time of publication.",<100 ,<100 , <100,"Children estimates were not available at the time of publication.",<100 ,<100 , <100,"Children estimates were not available at the time of publication.",<100 ,<100 , <100,"Children estimates were not available at the time of publication."
Luxembourg,<100 ,<100 , <100,"Children estimates were not available at the time of publication.",<100 ,<100 , <100,"Children estimates were not available at the time of publication.",<100 ,<100 , <100,"Children estimates were not available at the time of publication.",<100 ,<100 , <100,"Children estimates were not available at the time of publication.",<100 ,<100 , <100,"Children estimates were not available at the time of publication.",<100 ,<100 , <100,"Children estimates were not available at the time of publication.",<100 ,<100 , <100,"Children estimates were not available at the time of publication.",<100 ,<100 , <100,"Children estimates were not available at the time of publication.",<100 ,<100 , <100,"Children estimates were not available at the time of publication.",<100 ,<100 , <100,"Children estimates were not available at the time of publication.",<100 ,<100 , <100,"Children estimates were not available at the time of publication.",<100 ,<100 , <100,"Children estimates were not available at the time of publication.",<100 ,<100 , <100,"Children estimates were not available at the time of publication.",<100 ,<100 , <100,"Children estimates were not available at the time of publication.",<100 ,<100 , <100,"Children estimates were not available at the time of publication.",<100 ,<100 , <100,"Children estimates were not available at the time of publication.",<100 ,<100 , <100,"Children estimates were not available at the time of publication.",<100 ,<100 , <100,"Children estimates were not available at the time of publication.",<100 ,<100 , <100,"Children estimates were not available at the time of publication.",<100 ,<100 , <100,"Children estimates were not available at the time of publication.",<100 ,<100 , <100,"Children estimates were not available at the time of publication.",<100 ,<100 , <100,"Children estimates were not available at the time of publication.",<100 ,<100 , <100,"Children estimates were not available at the time of publication.",<100 ,<100 , <100,"Children estimates were not available at the time of publication.",<100 ,<100 , <100,"Children estimates were not available at the time of publication.",<100 ,<100 , <100,"Children estimates were not available at the time of publication.",<100 ,<100 , <100,"Children estimates were not available at the time of publication.",<100 ,<100 , <100,"Children estimates were not available at the time of publication.",<100 ,<100 , <100,"Children estimates were not available at the time of publication.",<100 ,<100 , <100,"Children estimates were not available at the time of publication.",<100 ,<100 , <100,"Children estimates were not available at the time of publication.",<100 ,<100 , <100,"Children estimates were not available at the time of publication.",<100 ,<100 , <100,"Children estimates were not available at the time of publication.",<100 ,<100 , <100,"Children estimates were not available at the time of publication.",<100 ,<100 , <100,"Children estimates were not available at the time of publication."
Madagascar,<100 ,<100 , <100,,<100 ,<100 , <200,,<100 ,<100 , <200,,<100 ,<100 , <200,,<200 ,<100 , <500,,<200 ,<100 , <500,,<200 ,<100 , <500,,<200 ,<100 , <500,,<500 ,<200 , 510,,<500 ,<200 , 630,,<500 ,<500 , 770,,510 ,<500 , 890,,640 ,<500 , 1000,,790 ,500 , 1200,,940 ,620 , 1300,,1100 ,780 , 1600,,1300 ,910 , 1700,,1400 ,1000 , 1800,,1500 ,1100 , 1900,,1600 ,1200 , 2000,,1700 ,1200 , 2100,,1700 ,1300 , 2200,,1800 ,1400 , 2300,,1900 ,1400 , 2500,,2000 ,1500 , 2800,,2100 ,1600 , 2900,,2300 ,1700 , 3200,,2500 ,1800 , 3400,,2700 ,1900 , 3800,,2900 ,2000 , 4100,,3200 ,2300 , 4600,,3500 ,2400 , 5200,,3700 ,2500 , 5600,,5900 ,4300 , 7900,,6800 ,5000 , 9000,
Malawi,54 000 ,51 000 , 58 000,,59 000 ,54 000 , 64 000,,61 000 ,56 000 , 66 000,,62 000 ,57 000 , 67 000,,59 000 ,54 000 , 65 000,,54 000 ,49 000 , 59 000,,50 000 ,46 000 , 55 000,,47 000 ,42 000 , 52 000,,44 000 ,40 000 , 49 000,,38 000 ,34 000 , 43 000,,39 000 ,34 000 , 45 000,,36 000 ,33 000 , 42 000,,34 000 ,30 000 , 39 000,,33 000 ,29 000 , 38 000,,31 000 ,28 000 , 37 000,,30 000 ,27 000 , 35 000,,29 000 ,25 000 , 34 000,,27 000 ,24 000 , 33 000,,28 000 ,25 000 , 34 000,,25 000 ,22 000 , 30 000,,26 000 ,22 000 , 31 000,,26 000 ,22 000 , 31 000,,25 000 ,22 000 , 29 000,,24 000 ,21 000 , 29 000,,22 000 ,19 000 , 27 000,,21 000 ,18 000 , 25 000,,19 000 ,16 000 , 23 000,,16 000 ,14 000 , 20 000,,13 000 ,11 000 , 17 000,,11 000 ,8900 , 14 000,,10 000 ,8000 , 13 000,,8500 ,6400 , 11 000,,7500 ,5600 , 10 000,,6600 ,4800 , 9200,,6100 ,4400 , 8800,
Malaysia,<500 ,<500 , <500,,<500 ,<500 , 570,,530 ,<500 , 630,,570 ,<500 , 670,,610 ,510 , 720,,640 ,530 , 750,,670 ,560 , 790,,700 ,590 , 810,,720 ,610 , 860,,740 ,610 , 850,,750 ,630 , 880,,760 ,630 , 890,,760 ,650 , 890,,760 ,660 , 870,,760 ,650 , 890,,780 ,680 , 900,,810 ,700 , 930,,840 ,730 , 960,,860 ,750 , 960,,870 ,770 , 990,,870 ,750 , 1000,,850 ,740 , 970,,800 ,700 , 910,,770 ,680 , 860,,740 ,640 , 820,,680 ,590 , 750,,610 ,540 , 690,,540 ,<500 , 620,,<500 ,<500 , 550,,<500 ,<500 , 520,,<500 ,<500 , <500,,<500 ,<500 , <500,,<500 ,<500 , <500,,<500 ,<500 , <500,,<500 ,<500 , <500,
Maldives,<100 ,<100 , <100,"Children estimates were not available at the time of publication.",<100 ,<100 , <100,"Children estimates were not available at the time of publication.",<100 ,<100 , <100,"Children estimates were not available at the time of publication.",<100 ,<100 , <100,"Children estimates were not available at the time of publication.",<100 ,<100 , <100,"Children estimates were not available at the time of publication.",<100 ,<100 , <100,"Children estimates were not available at the time of publication.",<100 ,<100 , <100,"Children estimates were not available at the time of publication.",<100 ,<100 , <100,"Children estimates were not available at the time of publication.",<100 ,<100 , <100,"Children estimates were not available at the time of publication.",<100 ,<100 , <100,"Children estimates were not available at the time of publication.",<100 ,<100 , <100,"Children estimates were not available at the time of publication.",<100 ,<100 , <100,"Children estimates were not available at the time of publication.",<100 ,<100 , <100,"Children estimates were not available at the time of publication.",<100 ,<100 , <100,"Children estimates were not available at the time of publication.",<100 ,<100 , <100,"Children estimates were not available at the time of publication.",<100 ,<100 , <100,"Children estimates were not available at the time of publication.",<100 ,<100 , <100,"Children estimates were not available at the time of publication.",<100 ,<100 , <100,"Children estimates were not available at the time of publication.",<100 ,<100 , <100,"Children estimates were not available at the time of publication.",<100 ,<100 , <100,"Children estimates were not available at the time of publication.",<100 ,<100 , <100,"Children estimates were not available at the time of publication.",<100 ,<100 , <100,"Children estimates were not available at the time of publication.",<100 ,<100 , <100,"Children estimates were not available at the time of publication.",<100 ,<100 , <100,"Children estimates were not available at the time of publication.",<100 ,<100 , <100,"Children estimates were not available at the time of publication.",<100 ,<100 , <100,"Children estimates were not available at the time of publication.",<100 ,<100 , <100,"Children estimates were not available at the time of publication.",<100 ,<100 , <100,"Children estimates were not available at the time of publication.",<100 ,<100 , <100,"Children estimates were not available at the time of publication.",<100 ,<100 , <100,"Children estimates were not available at the time of publication.",<100 ,<100 , <100,"Children estimates were not available at the time of publication.",<100 ,<100 , <100,"Children estimates were not available at the time of publication.",<100 ,<100 , <100,"Children estimates were not available at the time of publication.",<100 ,<100 , <100,"Children estimates were not available at the time of publication.",<100 ,<100 , <100,"Children estimates were not available at the time of publication."
Mali,5900 ,3600 , 9200,,6800 ,4600 , 9400,,6900 ,5000 , 9200,,6900 ,5400 , 9000,,6900 ,5500 , 8900,,6500 ,5400 , 8300,,5900 ,4900 , 7600,,5500 ,4500 , 7000,,5000 ,4200 , 6400,,4900 ,4100 , 6200,,4600 ,4000 , 5800,,4400 ,3700 , 5400,,4300 ,3600 , 5300,,4000 ,3300 , 5000,,4000 ,3300 , 5100,,4200 ,3500 , 5300,,4100 ,3400 , 5400,,4000 ,3300 , 5200,,3900 ,3200 , 5300,,3800 ,3000 , 5100,,3500 ,2800 , 4900,,3400 ,2700 , 4700,,3200 ,2500 , 4400,,3400 ,2600 , 4600,,3100 ,2400 , 4200,,3000 ,2300 , 4100,,2800 ,2200 , 3900,,2700 ,2000 , 3700,,2600 ,2000 , 3800,,2400 ,1800 , 3500,,2200 ,1500 , 3200,,2100 ,1500 , 3100,,2000 ,1400 , 3000,,1800 ,1200 , 2700,,1600 ,1200 , 2600,
Malta,<100 ,<100 , <100,"Children estimates were not available at the time of publication.",<100 ,<100 , <100,"Children estimates were not available at the time of publication.",<100 ,<100 , <100,"Children estimates were not available at the time of publication.",<100 ,<100 , <100,"Children estimates were not available at the time of publication.",<100 ,<100 , <100,"Children estimates were not available at the time of publication.",<100 ,<100 , <100,"Children estimates were not available at the time of publication.",<100 ,<100 , <100,"Children estimates were not available at the time of publication.",<100 ,<100 , <100,"Children estimates were not available at the time of publication.",<100 ,<100 , <100,"Children estimates were not available at the time of publication.",<100 ,<100 , <100,"Children estimates were not available at the time of publication.",<100 ,<100 , <100,"Children estimates were not available at the time of publication.",<100 ,<100 , <100,"Children estimates were not available at the time of publication.",<100 ,<100 , <100,"Children estimates were not available at the time of publication.",<100 ,<100 , <100,"Children estimates were not available at the time of publication.",<100 ,<100 , <100,"Children estimates were not available at the time of publication.",<100 ,<100 , <100,"Children estimates were not available at the time of publication.",<100 ,<100 , <100,"Children estimates were not available at the time of publication.",<100 ,<100 , <100,"Children estimates were not available at the time of publication.",<100 ,<100 , <100,"Children estimates were not available at the time of publication.",<100 ,<100 , <100,"Children estimates were not available at the time of publication.",<100 ,<100 , <100,"Children estimates were not available at the time of publication.",<100 ,<100 , <100,"Children estimates were not available at the time of publication.",<100 ,<100 , <100,"Children estimates were not available at the time of publication.",<100 ,<100 , <100,"Children estimates were not available at the time of publication.",<100 ,<100 , <100,"Children estimates were not available at the time of publication.",<100 ,<100 , <100,"Children estimates were not available at the time of publication.",<100 ,<100 , <100,"Children estimates were not available at the time of publication.",<100 ,<100 , <100,"Children estimates were not available at the time of publication.",<100 ,<100 , <100,"Children estimates were not available at the time of publication.",<100 ,<100 , <100,"Children estimates were not available at the time of publication.",<100 ,<100 , <100,"Children estimates were not available at the time of publication.",<100 ,<100 , <100,"Children estimates were not available at the time of publication.",<100 ,<100 , <100,"Children estimates were not available at the time of publication.",<100 ,<100 , <100,"Children estimates were not available at the time of publication.",<100 ,<100 , <100,"Children estimates were not available at the time of publication."
Marshall Islands,... ,... , ...,,... ,... , ...,,... ,... , ...,,... ,... , ...,,... ,... , ...,,... ,... , ...,,... ,... , ...,,... ,... , ...,,... ,... , ...,,... ,... , ...,,... ,... , ...,,... ,... , ...,,... ,... , ...,,... ,... , ...,,... ,... , ...,,... ,... , ...,,... ,... , ...,,... ,... , ...,,... ,... , ...,,... ,... , ...,,... ,... , ...,,... ,... , ...,,... ,... , ...,,... ,... , ...,,... ,... , ...,,... ,... , ...,,... ,... , ...,,... ,... , ...,,... ,... , ...,,... ,... , ...,,... ,... , ...,,... ,... , ...,,... ,... , ...,,... ,... , ...,,... ,... , ...,
Mauritania,<500 ,<200 , <500,,<500 ,<500 , <500,,<500 ,<500 , 510,,<500 ,<500 , 560,,<500 ,<500 , 620,,520 ,<500 , 650,,560 ,<500 , 690,,560 ,<500 , 660,,570 ,<500 , 670,,540 ,<500 , 630,,520 ,<500 , 620,,<500 ,<500 , 570,,<500 ,<500 , 520,,<500 ,<500 , <500,,<500 ,<500 , <500,,<500 ,<200 , <500,,<500 ,<200 , <500,,<200 ,<200 , <500,,<200 ,<100 , <500,,<200 ,<100 , <200,,<100 ,<100 , <200,,<100 ,<100 , <200,,<100 ,<100 , <200,,<100 ,<100 , <200,,<100 ,<100 , <200,,<100 ,<100 , <200,,<100 ,<100 , <200,,<100 ,<100 , <200,,<100 ,<100 , <200,,<100 ,<100 , <200,,<100 ,<100 , <200,,<100 ,<100 , <200,,<100 ,<100 , <200,,<100 ,<100 , <200,,<100 ,<100 , <200,
Mauritius,... ,... , ...,"Estimates were not available at the time of publication.",... ,... , ...,"Estimates were not available at the time of publication.",... ,... , ...,"Estimates were not available at the time of publication.",... ,... , ...,"Estimates were not available at the time of publication.",... ,... , ...,"Estimates were not available at the time of publication.",... ,... , ...,"Estimates were not available at the time of publication.",... ,... , ...,"Estimates were not available at the time of publication.",... ,... , ...,"Estimates were not available at the time of publication.",... ,... , ...,"Estimates were not available at the time of publication.",... ,... , ...,"Estimates were not available at the time of publication.",... ,... , ...,"Estimates were not available at the time of publication.",... ,... , ...,"Estimates were not available at the time of publication.",... ,... , ...,"Estimates were not available at the time of publication.",... ,... , ...,"Estimates were not available at the time of publication.",... ,... , ...,"Estimates were not available at the time of publication.",... ,... , ...,"Estimates were not available at the time of publication.",... ,... , ...,"Estimates were not available at the time of publication.",... ,... , ...,"Estimates were not available at the time of publication.",... ,... , ...,"Estimates were not available at the time of publication.",... ,... , ...,"Estimates were not available at the time of publication.",... ,... , ...,"Estimates were not available at the time of publication.",... ,... , ...,"Estimates were not available at the time of publication.",... ,... , ...,"Estimates were not available at the time of publication.",... ,... , ...,"Estimates were not available at the time of publication.",... ,... , ...,"Estimates were not available at the time of publication.",... ,... , ...,"Estimates were not available at the time of publication.",... ,... , ...,"Estimates were not available at the time of publication.",... ,... , ...,"Estimates were not available at the time of publication.",... ,... , ...,"Estimates were not available at the time of publication.",... ,... , ...,"Estimates were not available at the time of publication.",... ,... , ...,"Estimates were not available at the time of publication.",... ,... , ...,"Estimates were not available at the time of publication.",... ,... , ...,"Estimates were not available at the time of publication.",... ,... , ...,"Estimates were not available at the time of publication.",... ,... , ...,"Estimates were not available at the time of publication."
Mexico,1700 ,1500 , 2000,,1800 ,1600 , 2000,,1900 ,1600 , 2100,,1900 ,1700 , 2200,,2000 ,1800 , 2200,,2000 ,1800 , 2200,,2100 ,1900 , 2300,,2100 ,1900 , 2400,,2200 ,2000 , 2400,,2300 ,2000 , 2500,,2300 ,2100 , 2600,,2400 ,2100 , 2700,,2500 ,2200 , 2700,,2500 ,2300 , 2800,,2600 ,2300 , 2900,,2700 ,2400 , 2900,,2700 ,2400 , 3000,,2800 ,2500 , 3100,,2900 ,2500 , 3200,,2900 ,2600 , 3200,,3000 ,2600 , 3300,,3100 ,2700 , 3400,,3100 ,2700 , 3500,,3100 ,2800 , 3500,,3200 ,2800 , 3600,,3200 ,2800 , 3600,,3300 ,2800 , 3700,,3300 ,2900 , 3800,,3300 ,2900 , 3900,,3400 ,2800 , 4000,,3400 ,2800 , 4000,,3400 ,2800 , 4200,,3500 ,2700 , 4300,,3500 ,2600 , 4400,,3500 ,2700 , 4600,
Mongolia,<100 ,<100 , <100,"Children estimates were not available at the time of publication.",<100 ,<100 , <100,"Children estimates were not available at the time of publication.",<100 ,<100 , <100,"Children estimates were not available at the time of publication.",<100 ,<100 , <100,"Children estimates were not available at the time of publication.",<100 ,<100 , <100,"Children estimates were not available at the time of publication.",<100 ,<100 , <100,"Children estimates were not available at the time of publication.",<100 ,<100 , <100,"Children estimates were not available at the time of publication.",<100 ,<100 , <100,"Children estimates were not available at the time of publication.",<100 ,<100 , <100,"Children estimates were not available at the time of publication.",<100 ,<100 , <100,"Children estimates were not available at the time of publication.",<100 ,<100 , <100,"Children estimates were not available at the time of publication.",<100 ,<100 , <100,"Children estimates were not available at the time of publication.",<100 ,<100 , <100,"Children estimates were not available at the time of publication.",<100 ,<100 , <100,"Children estimates were not available at the time of publication.",<100 ,<100 , <100,"Children estimates were not available at the time of publication.",<100 ,<100 , <100,"Children estimates were not available at the time of publication.",<100 ,<100 , <100,"Children estimates were not available at the time of publication.",<100 ,<100 , <100,"Children estimates were not available at the time of publication.",<100 ,<100 , <100,"Children estimates were not available at the time of publication.",<100 ,<100 , <100,"Children estimates were not available at the time of publication.",<100 ,<100 , <100,"Children estimates were not available at the time of publication.",<100 ,<100 , <100,"Children estimates were not available at the time of publication.",<100 ,<100 , <100,"Children estimates were not available at the time of publication.",<100 ,<100 , <100,"Children estimates were not available at the time of publication.",<100 ,<100 , <100,"Children estimates were not available at the time of publication.",<100 ,<100 , <100,"Children estimates were not available at the time of publication.",<100 ,<100 , <100,"Children estimates were not available at the time of publication.",<100 ,<100 , <100,"Children estimates were not available at the time of publication.",<100 ,<100 , <100,"Children estimates were not available at the time of publication.",<100 ,<100 , <100,"Children estimates were not available at the time of publication.",<100 ,<100 , <100,"Children estimates were not available at the time of publication.",<100 ,<100 , <100,"Children estimates were not available at the time of publication.",<100 ,<100 , <100,"Children estimates were not available at the time of publication.",<100 ,<100 , <100,"Children estimates were not available at the time of publication.",<100 ,<100 , <100,"Children estimates were not available at the time of publication."
Montenegro,<100 ,<100 , <100,"Children estimates were not available at the time of publication.",<100 ,<100 , <100,"Children estimates were not available at the time of publication.",<100 ,<100 , <100,"Children estimates were not available at the time of publication.",<100 ,<100 , <100,"Children estimates were not available at the time of publication.",<100 ,<100 , <100,"Children estimates were not available at the time of publication.",<100 ,<100 , <100,"Children estimates were not available at the time of publication.",<100 ,<100 , <100,"Children estimates were not available at the time of publication.",<100 ,<100 , <100,"Children estimates were not available at the time of publication.",<100 ,<100 , <100,"Children estimates were not available at the time of publication.",<100 ,<100 , <100,"Children estimates were not available at the time of publication.",<100 ,<100 , <100,"Children estimates were not available at the time of publication.",<100 ,<100 , <100,"Children estimates were not available at the time of publication.",<100 ,<100 , <100,"Children estimates were not available at the time of publication.",<100 ,<100 , <100,"Children estimates were not available at the time of publication.",<100 ,<100 , <100,"Children estimates were not available at the time of publication.",<100 ,<100 , <100,"Children estimates were not available at the time of publication.",<100 ,<100 , <100,"Children estimates were not available at the time of publication.",<100 ,<100 , <100,"Children estimates were not available at the time of publication.",<100 ,<100 , <100,"Children estimates were not available at the time of publication.",<100 ,<100 , <100,"Children estimates were not available at the time of publication.",<100 ,<100 , <100,"Children estimates were not available at the time of publication.",<100 ,<100 , <100,"Children estimates were not available at the time of publication.",<100 ,<100 , <100,"Children estimates were not available at the time of publication.",<100 ,<100 , <100,"Children estimates were not available at the time of publication.",<100 ,<100 , <100,"Children estimates were not available at the time of publication.",<100 ,<100 , <100,"Children estimates were not available at the time of publication.",<100 ,<100 , <100,"Children estimates were not available at the time of publication.",<100 ,<100 , <100,"Children estimates were not available at the time of publication.",<100 ,<100 , <100,"Children estimates were not available at the time of publication.",<100 ,<100 , <100,"Children estimates were not available at the time of publication.",<100 ,<100 , <100,"Children estimates were not available at the time of publication.",<100 ,<100 , <100,"Children estimates were not available at the time of publication.",<100 ,<100 , <100,"Children estimates were not available at the time of publication.",<100 ,<100 , <100,"Children estimates were not available at the time of publication.",<100 ,<100 , <100,"Children estimates were not available at the time of publication."
Morocco,<500 ,<200 , <500,,<500 ,<200 , <500,,<500 ,<500 , <500,,<500 ,<500 , 510,,<500 ,<500 , 590,,<500 ,<500 , 600,,530 ,<500 , 660,,570 ,<500 , 720,,620 ,520 , 750,,670 ,560 , 800,,700 ,590 , 830,,710 ,600 , 830,,710 ,610 , 820,,690 ,600 , 800,,660 ,570 , 770,,640 ,550 , 740,,620 ,530 , 710,,600 ,530 , 710,,590 ,510 , 700,,560 ,<500 , 660,,550 ,<500 , 640,,520 ,<500 , 610,,<500 ,<500 , 550,,<500 ,<500 , 510,,<500 ,<500 , <500,,<500 ,<500 , <500,,<500 ,<500 , <500,,<500 ,<500 , <500,,<500 ,<500 , <500,,<500 ,<500 , <500,,<500 ,<500 , <500,,<500 ,<500 , <500,,<200 ,<200 , <500,,<200 ,<200 , <500,,<200 ,<200 , <500,
Mozambique,20 000 ,16 000 , 25 000,,25 000 ,20 000 , 31 000,,30 000 ,26 000 , 36 000,,35 000 ,30 000 , 42 000,,42 000 ,37 000 , 50 000,,51 000 ,45 000 , 59 000,,59 000 ,52 000 , 68 000,,65 000 ,58 000 , 75 000,,70 000 ,62 000 , 81 000,,74 000 ,66 000 , 85 000,,76 000 ,68 000 , 88 000,,77 000 ,67 000 , 88 000,,76 000 ,68 000 , 87 000,,74 000 ,67 000 , 85 000,,74 000 ,66 000 , 84 000,,73 000 ,65 000 , 85 000,,74 000 ,66 000 , 85 000,,73 000 ,64 000 , 85 000,,75 000 ,66 000 , 86 000,,76 000 ,67 000 , 89 000,,77 000 ,68 000 , 89 000,,80 000 ,71 000 , 92 000,,83 000 ,73 000 , 96 000,,84 000 ,74 000 , 96 000,,80 000 ,71 000 , 92 000,,78 000 ,68 000 , 89 000,,74 000 ,64 000 , 85 000,,70 000 ,60 000 , 81 000,,69 000 ,58 000 , 81 000,,70 000 ,58 000 , 82 000,,67 000 ,56 000 , 80 000,,64 000 ,52 000 , 78 000,,59 000 ,47 000 , 74 000,,54 000 ,43 000 , 68 000,,49 000 ,38 000 , 62 000,
Myanmar,900 ,740 , 1100,,1500 ,1300 , 1900,,2500 ,2000 , 3000,,3100 ,2600 , 3600,,3700 ,3100 , 4200,,4200 ,3600 , 4800,,4900 ,4200 , 5500,,5700 ,5100 , 6500,,6700 ,5900 , 7600,,7900 ,6900 , 8900,,8900 ,7900 , 10 000,,9400 ,8300 , 11 000,,9600 ,8500 , 11 000,,9500 ,8500 , 11 000,,9300 ,8100 , 11 000,,9000 ,8000 , 10 000,,8600 ,7600 , 9700,,8300 ,7400 , 9400,,7900 ,7000 , 8800,,7400 ,6600 , 8300,,7000 ,6100 , 7800,,6600 ,5800 , 7400,,6400 ,5600 , 7100,,6200 ,5500 , 7000,,5900 ,5300 , 6600,,5700 ,5100 , 6300,,5400 ,4800 , 6000,,5000 ,4500 , 5600,,4600 ,4100 , 5100,,4200 ,3700 , 4700,,3800 ,3400 , 4300,,3700 ,3200 , 4100,,3700 ,3200 , 4100,,3500 ,3100 , 3900,,3400 ,2900 , 3800,
Namibia,3200 ,2700 , 3700,,4500 ,4000 , 5200,,6100 ,5500 , 6900,,7800 ,6900 , 8900,,9500 ,8400 , 11 000,,11 000 ,9600 , 12 000,,11 000 ,10 000 , 13 000,,11 000 ,10 000 , 13 000,,11 000 ,9800 , 12 000,,10 000 ,9300 , 12 000,,9700 ,8600 , 11 000,,8900 ,7800 , 10 000,,8400 ,7500 , 9400,,8000 ,7100 , 9000,,7500 ,6700 , 8600,,7100 ,6200 , 8100,,6800 ,5900 , 7900,,6300 ,5500 , 7600,,6000 ,5200 , 7200,,5900 ,5100 , 7100,,5800 ,4900 , 7000,,5800 ,5000 , 6900,,5100 ,4300 , 6300,,4700 ,3900 , 6000,,4500 ,3700 , 5900,,4400 ,3500 , 5800,,4300 ,3400 , 5900,,4100 ,3200 , 5600,,3700 ,2900 , 4900,,3100 ,2300 , 4100,,2700 ,2000 , 3700,,2900 ,2200 , 3900,,2600 ,1900 , 3600,,2700 ,2000 , 3600,,2700 ,2100 , 3600,
Nepal,<100 ,<100 , <100,,<100 ,<100 , <100,,<100 ,<100 , <100,,<100 ,<100 , <100,,<100 ,<100 , <100,,<200 ,<100 , <200,,<200 ,<200 , <500,,<500 ,<500 , <500,,580 ,<500 , 690,,850 ,710 , 990,,1100 ,940 , 1300,,1300 ,1100 , 1400,,1400 ,1200 , 1600,,1400 ,1300 , 1600,,1400 ,1200 , 1600,,1400 ,1200 , 1500,,1300 ,1200 , 1500,,1300 ,1100 , 1400,,1200 ,1100 , 1300,,1100 ,1000 , 1300,,1100 ,930 , 1200,,950 ,850 , 1100,,830 ,750 , 920,,720 ,640 , 800,,650 ,570 , 710,,570 ,510 , 630,,510 ,<500 , 560,,<500 ,<500 , <500,,<500 ,<500 , <500,,<500 ,<500 , <500,,<500 ,<500 , <500,,<500 ,<500 , <500,,<500 ,<200 , <500,,<200 ,<200 , <500,,<200 ,<200 , <200,
Netherlands,<100 ,<100 , <100,,<100 ,<100 , <100,,<100 ,<100 , <100,,<100 ,<100 , <200,,<200 ,<100 , <200,,<200 ,<100 , <200,,<200 ,<200 , <200,,<200 ,<200 , <200,,<200 ,<200 , <200,,<200 ,<200 , <200,,<200 ,<200 , <200,,<200 ,<200 , <200,,<200 ,<200 , <200,,<200 ,<200 , <200,,<200 ,<200 , <200,,<200 ,<200 , <200,,<200 ,<200 , <200,,<200 ,<200 , <200,,<200 ,<200 , <200,,<200 ,<200 , <200,,<200 ,<200 , <200,,<200 ,<200 , <200,,<200 ,<200 , <200,,<200 ,<200 , <200,,<200 ,<100 , <200,,<100 ,<100 , <100,,<100 ,<100 , <100,,<100 ,<100 , <100,,<100 ,<100 , <100,,<100 ,<100 , <100,,<100 ,<100 , <100,,<100 ,<100 , <100,,<100 ,<100 , <100,,<100 ,<100 , <100,,... ,... , ...,
New Zealand,<100 ,<100 , <100,"Children estimates were not available at the time of publication.",<100 ,<100 , <100,"Children estimates were not available at the time of publication.",<100 ,<100 , <100,"Children estimates were not available at the time of publication.",<100 ,<100 , <100,"Children estimates were not available at the time of publication.",<100 ,<100 , <100,"Children estimates were not available at the time of publication.",<100 ,<100 , <100,"Children estimates were not available at the time of publication.",<100 ,<100 , <100,"Children estimates were not available at the time of publication.",<100 ,<100 , <100,"Children estimates were not available at the time of publication.",<100 ,<100 , <100,"Children estimates were not available at the time of publication.",<100 ,<100 , <100,"Children estimates were not available at the time of publication.",<100 ,<100 , <100,"Children estimates were not available at the time of publication.",<100 ,<100 , <100,"Children estimates were not available at the time of publication.",<100 ,<100 , <100,"Children estimates were not available at the time of publication.",<100 ,<100 , <100,"Children estimates were not available at the time of publication.",<100 ,<100 , <100,"Children estimates were not available at the time of publication.",<100 ,<100 , <100,"Children estimates were not available at the time of publication.",<100 ,<100 , <100,"Children estimates were not available at the time of publication.",<100 ,<100 , <100,"Children estimates were not available at the time of publication.",<100 ,<100 , <100,"Children estimates were not available at the time of publication.",<100 ,<100 , <100,"Children estimates were not available at the time of publication.",<100 ,<100 , <100,"Children estimates were not available at the time of publication.",<100 ,<100 , <100,"Children estimates were not available at the time of publication.",<100 ,<100 , <100,"Children estimates were not available at the time of publication.",<100 ,<100 , <100,"Children estimates were not available at the time of publication.",<100 ,<100 , <100,"Children estimates were not available at the time of publication.",<100 ,<100 , <100,"Children estimates were not available at the time of publication.",<100 ,<100 , <100,"Children estimates were not available at the time of publication.",<100 ,<100 , <100,"Children estimates were not available at the time of publication.",<100 ,<100 , <100,"Children estimates were not available at the time of publication.",<100 ,<100 , <100,"Children estimates were not available at the time of publication.",<100 ,<100 , <100,"Children estimates were not available at the time of publication.",<100 ,<100 , <100,"Children estimates were not available at the time of publication.",<100 ,<100 , <100,"Children estimates were not available at the time of publication.",<100 ,<100 , <100,"Children estimates were not available at the time of publication.",<100 ,<100 , <100,"Children estimates were not available at the time of publication."
Nicaragua,... ,... , ...,"Estimates were not available at the time of publication.",... ,... , ...,"Estimates were not available at the time of publication.",... ,... , ...,"Estimates were not available at the time of publication.",... ,... , ...,"Estimates were not available at the time of publication.",... ,... , ...,"Estimates were not available at the time of publication.",... ,... , ...,"Estimates were not available at the time of publication.",... ,... , ...,"Estimates were not available at the time of publication.",... ,... , ...,"Estimates were not available at the time of publication.",... ,... , ...,"Estimates were not available at the time of publication.",... ,... , ...,"Estimates were not available at the time of publication.",... ,... , ...,"Estimates were not available at the time of publication.",... ,... , ...,"Estimates were not available at the time of publication.",... ,... , ...,"Estimates were not available at the time of publication.",... ,... , ...,"Estimates were not available at the time of publication.",... ,... , ...,"Estimates were not available at the time of publication.",... ,... , ...,"Estimates were not available at the time of publication.",... ,... , ...,"Estimates were not available at the time of publication.",... ,... , ...,"Estimates were not available at the time of publication.",... ,... , ...,"Estimates were not available at the time of publication.",... ,... , ...,"Estimates were not available at the time of publication.",... ,... , ...,"Estimates were not available at the time of publication.",... ,... , ...,"Estimates were not available at the time of publication.",... ,... , ...,"Estimates were not available at the time of publication.",... ,... , ...,"Estimates were not available at the time of publication.",... ,... , ...,"Estimates were not available at the time of publication.",... ,... , ...,"Estimates were not available at the time of publication.",... ,... , ...,"Estimates were not available at the time of publication.",... ,... , ...,"Estimates were not available at the time of publication.",... ,... , ...,"Estimates were not available at the time of publication.",... ,... , ...,"Estimates were not available at the time of publication.",... ,... , ...,"Estimates were not available at the time of publication.",... ,... , ...,"Estimates were not available at the time of publication.",... ,... , ...,"Estimates were not available at the time of publication.",... ,... , ...,"Estimates were not available at the time of publication.",... ,... , ...,"Estimates were not available at the time of publication."
Niger,1300 ,920 , 1700,,1700 ,1300 , 2100,,2000 ,1600 , 2500,,2300 ,1800 , 2800,,2600 ,2000 , 3100,,2600 ,2100 , 3200,,2400 ,2000 , 2900,,2200 ,1800 , 2600,,1900 ,1600 , 2400,,1600 ,1400 , 2000,,1400 ,1200 , 1700,,1300 ,1100 , 1500,,1100 ,910 , 1300,,1000 ,840 , 1200,,960 ,810 , 1200,,800 ,670 , 980,,710 ,580 , 890,,610 ,<500 , 770,,590 ,<500 , 760,,<500 ,<500 , 670,,<500 ,<500 , 590,,<500 ,<500 , 570,,<500 ,<500 , 540,,<500 ,<500 , 560,,<500 ,<500 , 570,,<500 ,<500 , 560,,<500 ,<500 , 540,,<500 ,<500 , 540,,<500 ,<500 , 560,,<500 ,<500 , 570,,<500 ,<500 , 620,,<500 ,<500 , 560,,<500 ,<500 , 560,,<500 ,<500 , 590,,<500 ,<500 , 580,
Nigeria,63 000 ,54 000 , 76 000,,73 000 ,64 000 , 86 000,,82 000 ,71 000 , 95 000,,89 000 ,78 000 , 100 000,,93 000 ,82 000 , 110 000,,96 000 ,84 000 , 110 000,,97 000 ,84 000 , 110 000,,96 000 ,85 000 , 110 000,,94 000 ,84 000 , 110 000,,90 000 ,80 000 , 110 000,,87 000 ,77 000 , 100 000,,83 000 ,74 000 , 98 000,,80 000 ,71 000 , 93 000,,77 000 ,69 000 , 91 000,,75 000 ,66 000 , 88 000,,73 000 ,65 000 , 87 000,,70 000 ,62 000 , 84 000,,69 000 ,61 000 , 83 000,,68 000 ,60 000 , 82 000,,65 000 ,56 000 , 78 000,,64 000 ,56 000 , 77 000,,63 000 ,55 000 , 76 000,,60 000 ,52 000 , 74 000,,56 000 ,48 000 , 70 000,,54 000 ,46 000 , 68 000,,53 000 ,44 000 , 66 000,,49 000 ,40 000 , 62 000,,46 000 ,36 000 , 59 000,,44 000 ,35 000 , 57 000,,42 000 ,33 000 , 55 000,,37 000 ,28 000 , 49 000,,34 000 ,26 000 , 46 000,,28 000 ,21 000 , 39 000,,27 000 ,20 000 , 37 000,,20 000 ,14 000 , 28 000,
North Macedonia,<100 ,<100 , <100,"Children estimates were not available at the time of publication.",<100 ,<100 , <100,"Children estimates were not available at the time of publication.",<100 ,<100 , <100,"Children estimates were not available at the time of publication.",<100 ,<100 , <100,"Children estimates were not available at the time of publication.",<100 ,<100 , <100,"Children estimates were not available at the time of publication.",<100 ,<100 , <100,"Children estimates were not available at the time of publication.",<100 ,<100 , <100,"Children estimates were not available at the time of publication.",<100 ,<100 , <100,"Children estimates were not available at the time of publication.",<100 ,<100 , <100,"Children estimates were not available at the time of publication.",<100 ,<100 , <100,"Children estimates were not available at the time of publication.",<100 ,<100 , <100,"Children estimates were not available at the time of publication.",<100 ,<100 , <100,"Children estimates were not available at the time of publication.",<100 ,<100 , <100,"Children estimates were not available at the time of publication.",<100 ,<100 , <100,"Children estimates were not available at the time of publication.",<100 ,<100 , <100,"Children estimates were not available at the time of publication.",<100 ,<100 , <100,"Children estimates were not available at the time of publication.",<100 ,<100 , <100,"Children estimates were not available at the time of publication.",<100 ,<100 , <100,"Children estimates were not available at the time of publication.",<100 ,<100 , <100,"Children estimates were not available at the time of publication.",<100 ,<100 , <100,"Children estimates were not available at the time of publication.",<100 ,<100 , <100,"Children estimates were not available at the time of publication.",<100 ,<100 , <100,"Children estimates were not available at the time of publication.",<100 ,<100 , <100,"Children estimates were not available at the time of publication.",<100 ,<100 , <100,"Children estimates were not available at the time of publication.",<100 ,<100 , <100,"Children estimates were not available at the time of publication.",<100 ,<100 , <100,"Children estimates were not available at the time of publication.",<100 ,<100 , <100,"Children estimates were not available at the time of publication.",<100 ,<100 , <100,"Children estimates were not available at the time of publication.",<100 ,<100 , <100,"Children estimates were not available at the time of publication.",<100 ,<100 , <100,"Children estimates were not available at the time of publication.",<100 ,<100 , <100,"Children estimates were not available at the time of publication.",<100 ,<100 , <100,"Children estimates were not available at the time of publication.",<100 ,<100 , <100,"Children estimates were not available at the time of publication.",<100 ,<100 , <100,"Children estimates were not available at the time of publication.",<100 ,<100 , <100,"Children estimates were not available at the time of publication."
Norway,... ,... , ...,"Children estimates were not available at the time of publication.",... ,... , ...,"Children estimates were not available at the time of publication.",... ,... , ...,"Children estimates were not available at the time of publication.",... ,... , ...,"Children estimates were not available at the time of publication.",... ,... , ...,"Children estimates were not available at the time of publication.",... ,... , ...,"Children estimates were not available at the time of publication.",... ,... , ...,"Children estimates were not available at the time of publication.",... ,... , ...,"Children estimates were not available at the time of publication.",... ,... , ...,"Children estimates were not available at the time of publication.",... ,... , ...,"Children estimates were not available at the time of publication.",... ,... , ...,"Children estimates were not available at the time of publication.",... ,... , ...,"Children estimates were not available at the time of publication.",... ,... , ...,"Children estimates were not available at the time of publication.",... ,... , ...,"Children estimates were not available at the time of publication.",... ,... , ...,"Children estimates were not available at the time of publication.",... ,... , ...,"Children estimates were not available at the time of publication.",... ,... , ...,"Children estimates were not available at the time of publication.",... ,... , ...,"Children estimates were not available at the time of publication.",... ,... , ...,"Children estimates were not available at the time of publication.",... ,... , ...,"Children estimates were not available at the time of publication.",... ,... , ...,"Children estimates were not available at the time of publication.",... ,... , ...,"Children estimates were not available at the time of publication.",... ,... , ...,"Children estimates were not available at the time of publication.",... ,... , ...,"Children estimates were not available at the time of publication.",... ,... , ...,"Children estimates were not available at the time of publication.",... ,... , ...,"Children estimates were not available at the time of publication.",... ,... , ...,"Children estimates were not available at the time of publication.",... ,... , ...,"Children estimates were not available at the time of publication.",... ,... , ...,"Children estimates were not available at the time of publication.",... ,... , ...,"Children estimates were not available at the time of publication.",... ,... , ...,"Children estimates were not available at the time of publication.",... ,... , ...,"Children estimates were not available at the time of publication.",... ,... , ...,"Children estimates were not available at the time of publication.",... ,... , ...,"Children estimates were not available at the time of publication.",... ,... , ...,"Children estimates were not available at the time of publication."
Oman,<100 ,<100 , <100,"Children estimates were not available at the time of publication.",<100 ,<100 , <100,"Children estimates were not available at the time of publication.",<100 ,<100 , <100,"Children estimates were not available at the time of publication.",<100 ,<100 , <100,"Children estimates were not available at the time of publication.",<100 ,<100 , <100,"Children estimates were not available at the time of publication.",<100 ,<100 , <100,"Children estimates were not available at the time of publication.",<100 ,<100 , <100,"Children estimates were not available at the time of publication.",<100 ,<100 , <100,"Children estimates were not available at the time of publication.",<100 ,<100 , <100,"Children estimates were not available at the time of publication.",<100 ,<100 , <100,"Children estimates were not available at the time of publication.",<100 ,<100 , <100,"Children estimates were not available at the time of publication.",<100 ,<100 , <100,"Children estimates were not available at the time of publication.",<100 ,<100 , <100,"Children estimates were not available at the time of publication.",<100 ,<100 , <100,"Children estimates were not available at the time of publication.",<100 ,<100 , <100,"Children estimates were not available at the time of publication.",<100 ,<100 , <100,"Children estimates were not available at the time of publication.",<100 ,<100 , <100,"Children estimates were not available at the time of publication.",<100 ,<100 , <100,"Children estimates were not available at the time of publication.",<100 ,<100 , <100,"Children estimates were not available at the time of publication.",<100 ,<100 , <100,"Children estimates were not available at the time of publication.",<100 ,<100 , <100,"Children estimates were not available at the time of publication.",<100 ,<100 , <100,"Children estimates were not available at the time of publication.",<100 ,<100 , <100,"Children estimates were not available at the time of publication.",<100 ,<100 , <100,"Children estimates were not available at the time of publication.",<100 ,<100 , <100,"Children estimates were not available at the time of publication.",<100 ,<100 , <100,"Children estimates were not available at the time of publication.",<100 ,<100 , <100,"Children estimates were not available at the time of publication.",<100 ,<100 , <100,"Children estimates were not available at the time of publication.",<100 ,<100 , <100,"Children estimates were not available at the time of publication.",<100 ,<100 , <100,"Children estimates were not available at the time of publication.",<100 ,<100 , <100,"Children estimates were not available at the time of publication.",<100 ,<100 , <100,"Children estimates were not available at the time of publication.",<100 ,<100 , <100,"Children estimates were not available at the time of publication.",<100 ,<100 , <100,"Children estimates were not available at the time of publication.",<100 ,<100 , <100,"Children estimates were not available at the time of publication."
Pakistan,... ,... , ...,,... ,... , ...,,... ,... , ...,,... ,... , ...,,... ,... , ...,,... ,... , ...,,... ,... , ...,,... ,... , ...,,... ,... , ...,,... ,... , ...,,... ,... , ...,,... ,... , ...,,... ,... , ...,,... ,... , ...,,... ,... , ...,,... ,... , ...,,... ,... , ...,,... ,... , ...,,... ,... , ...,,... ,... , ...,,... ,... , ...,,... ,... , ...,,... ,... , ...,,... ,... , ...,,... ,... , ...,,... ,... , ...,,... ,... , ...,,... ,... , ...,,... ,... , ...,,... ,... , ...,,... ,... , ...,,... ,... , ...,,... ,... , ...,,... ,... , ...,,... ,... , ...,
Panama,<500 ,<500 , <500,,<500 ,<500 , <500,,<500 ,<500 , <500,,<500 ,<500 , <500,,<500 ,<500 , <500,,<500 ,<500 , <500,,<500 ,<500 , <500,,<500 ,<500 , <500,,<500 ,<500 , <500,,<500 ,<500 , <500,,<500 ,<500 , <500,,<500 ,<500 , <500,,<500 ,<500 , <500,,<500 ,<500 , <500,,<500 ,<500 , <500,,<500 ,<500 , <500,,<500 ,<500 , <500,,<500 ,<500 , <500,,<500 ,<500 , <500,,<500 ,<500 , <500,,<500 ,<500 , <500,,<500 ,<500 , <500,,<500 ,<500 , <500,,<500 ,<500 , <500,,<500 ,<500 , <500,,<500 ,<500 , <500,,<500 ,<500 , <500,,<500 ,<500 , <500,,<500 ,<500 , <500,,<500 ,<500 , <500,,<500 ,<500 , <500,,<500 ,<500 , <500,,<500 ,<500 , <500,,<500 ,<500 , <500,,<500 ,<500 , 500,
Papua New Guinea,520 ,<500 , 830,,590 ,<500 , 930,,650 ,<500 , 970,,750 ,560 , 1100,,840 ,650 , 1100,,1100 ,870 , 1400,,1200 ,970 , 1500,,1300 ,1100 , 1700,,1500 ,1200 , 1800,,1600 ,1300 , 2000,,1700 ,1400 , 2100,,1800 ,1500 , 2200,,1900 ,1600 , 2400,,2100 ,1700 , 2600,,2100 ,1700 , 2500,,2200 ,1800 , 2600,,2200 ,1800 , 2600,,2200 ,1800 , 2700,,2200 ,1800 , 2700,,2300 ,1900 , 2800,,2400 ,2000 , 2900,,2500 ,2100 , 3000,,2600 ,2100 , 3200,,2600 ,2200 , 3200,,2600 ,2200 , 3200,,2800 ,2300 , 3400,,2900 ,2400 , 3600,,3200 ,2600 , 3900,,3700 ,3100 , 4600,,4000 ,3200 , 4800,,4300 ,3600 , 5400,,4500 ,3800 , 5600,,4800 ,3900 , 6100,,5100 ,4200 , 6400,,5300 ,4400 , 6800,
Paraguay,<100 ,<100 , <100,,<100 ,<100 , <100,,<100 ,<100 , <100,,<100 ,<100 , <100,,<100 ,<100 , <200,,<200 ,<200 , <200,,<200 ,<200 , <500,,<200 ,<200 , <500,,<500 ,<200 , <500,,<500 ,<200 , <500,,<500 ,<500 , <500,,<500 ,<500 , <500,,<500 ,<500 , <500,,<500 ,<500 , <500,,<500 ,<500 , <500,,<500 ,<500 , <500,,<500 ,<500 , <500,,<500 ,<500 , <500,,<500 ,<500 , <500,,<500 ,<500 , <500,,<500 ,<500 , <500,,<500 ,<500 , <500,,<500 ,<500 , <500,,<500 ,<500 , <500,,<500 ,<500 , <500,,<500 ,<500 , <500,,<500 ,<500 , <500,,<500 ,<500 , <500,,<500 ,<500 , <500,,<500 ,<500 , <500,,<500 ,<500 , <500,,<500 ,<500 , <500,,<500 ,<500 , <500,,<500 ,<500 , <500,,<500 ,<500 , <500,
Peru,670 ,520 , 860,,630 ,<500 , 790,,610 ,<500 , 780,,640 ,<500 , 850,,650 ,<500 , 880,,690 ,510 , 900,,740 ,570 , 950,,770 ,590 , 970,,820 ,650 , 1000,,880 ,720 , 1100,,940 ,790 , 1200,,970 ,820 , 1200,,1000 ,830 , 1200,,1000 ,850 , 1300,,1100 ,890 , 1300,,1100 ,920 , 1300,,1100 ,920 , 1300,,1100 ,880 , 1300,,1000 ,860 , 1300,,970 ,810 , 1200,,900 ,750 , 1100,,900 ,750 , 1100,,960 ,790 , 1200,,1000 ,870 , 1300,,1100 ,920 , 1400,,1200 ,930 , 1400,,1300 ,1100 , 1600,,1300 ,1100 , 1600,,1300 ,1100 , 1700,,1300 ,1100 , 1700,,1300 ,1000 , 1600,,1300 ,1100 , 1700,,1300 ,1000 , 1600,,1300 ,1000 , 1700,,1300 ,960 , 1700,
Philippines,<100 ,<100 , <100,,<100 ,<100 , <100,,<100 ,<100 , <100,,<100 ,<100 , <100,,<100 ,<100 , <100,,<100 ,<100 , <100,,<100 ,<100 , <100,,<100 ,<100 , <100,,<100 ,<100 , <100,,<100 ,<100 , <100,,<100 ,<100 , <100,,<100 ,<100 , <100,,<100 ,<100 , <100,,<100 ,<100 , <100,,<100 ,<100 , <100,,<100 ,<100 , <100,,<100 ,<100 , <100,,<200 ,<100 , <200,,<500 ,<200 , <500,,<500 ,<500 , <500,,<500 ,<500 , <500,,<500 ,<500 , <500,,<500 ,<500 , <500,,<500 ,<500 , 580,,580 ,<500 , 690,,680 ,550 , 800,,790 ,640 , 950,,910 ,730 , 1100,,1100 ,840 , 1200,,1200 ,990 , 1500,,1400 ,1100 , 1700,,1600 ,1300 , 2000,,1800 ,1500 , 2200,,2100 ,1600 , 2500,,2400 ,2000 , 3000,
Poland,... ,... , ...,"Estimates were not available at the time of publication.",... ,... , ...,"Estimates were not available at the time of publication.",... ,... , ...,"Estimates were not available at the time of publication.",... ,... , ...,"Estimates were not available at the time of publication.",... ,... , ...,"Estimates were not available at the time of publication.",... ,... , ...,"Estimates were not available at the time of publication.",... ,... , ...,"Estimates were not available at the time of publication.",... ,... , ...,"Estimates were not available at the time of publication.",... ,... , ...,"Estimates were not available at the time of publication.",... ,... , ...,"Estimates were not available at the time of publication.",... ,... , ...,"Estimates were not available at the time of publication.",... ,... , ...,"Estimates were not available at the time of publication.",... ,... , ...,"Estimates were not available at the time of publication.",... ,... , ...,"Estimates were not available at the time of publication.",... ,... , ...,"Estimates were not available at the time of publication.",... ,... , ...,"Estimates were not available at the time of publication.",... ,... , ...,"Estimates were not available at the time of publication.",... ,... , ...,"Estimates were not available at the time of publication.",... ,... , ...,"Estimates were not available at the time of publication.",... ,... , ...,"Estimates were not available at the time of publication.",... ,... , ...,"Estimates were not available at the time of publication.",... ,... , ...,"Estimates were not available at the time of publication.",... ,... , ...,"Estimates were not available at the time of publication.",... ,... , ...,"Estimates were not available at the time of publication.",... ,... , ...,"Estimates were not available at the time of publication.",... ,... , ...,"Estimates were not available at the time of publication.",... ,... , ...,"Estimates were not available at the time of publication.",... ,... , ...,"Estimates were not available at the time of publication.",... ,... , ...,"Estimates were not available at the time of publication.",... ,... , ...,"Estimates were not available at the time of publication.",... ,... , ...,"Estimates were not available at the time of publication.",... ,... , ...,"Estimates were not available at the time of publication.",... ,... , ...,"Estimates were not available at the time of publication.",... ,... , ...,"Estimates were not available at the time of publication.",... ,... , ...,"Estimates were not available at the time of publication."
Portugal,770 ,660 , 880,,790 ,680 , 900,,760 ,660 , 870,,740 ,650 , 850,,720 ,620 , 820,,690 ,600 , 780,,670 ,580 , 750,,650 ,560 , 740,,620 ,540 , 700,,600 ,520 , 680,,580 ,510 , 660,,560 ,<500 , 630,,540 ,<500 , 620,,530 ,<500 , 600,,510 ,<500 , 580,,<500 ,<500 , 570,,<500 ,<500 , 540,,<500 ,<500 , 520,,<500 ,<500 , 500,,<500 ,<500 , <500,,<500 ,<500 , <500,,<500 ,<500 , <500,,<500 ,<500 , <500,,<500 ,<500 , <500,,<500 ,<500 , <500,,<500 ,<500 , <500,,<500 ,<500 , <500,,<500 ,<500 , <500,,<500 ,<500 , <500,,<500 ,<500 , <500,,<500 ,<500 , <500,,<500 ,<500 , <500,,<500 ,<200 , <500,,<500 ,<200 , <500,,<500 ,<200 , <500,
Qatar,<100 ,<100 , <100,"Children estimates were not available at the time of publication.",<100 ,<100 , <100,"Children estimates were not available at the time of publication.",<100 ,<100 , <100,"Children estimates were not available at the time of publication.",<100 ,<100 , <100,"Children estimates were not available at the time of publication.",<100 ,<100 , <100,"Children estimates were not available at the time of publication.",<100 ,<100 , <100,"Children estimates were not available at the time of publication.",<100 ,<100 , <100,"Children estimates were not available at the time of publication.",<100 ,<100 , <100,"Children estimates were not available at the time of publication.",<100 ,<100 , <100,"Children estimates were not available at the time of publication.",<100 ,<100 , <100,"Children estimates were not available at the time of publication.",<100 ,<100 , <100,"Children estimates were not available at the time of publication.",<100 ,<100 , <100,"Children estimates were not available at the time of publication.",<100 ,<100 , <100,"Children estimates were not available at the time of publication.",<100 ,<100 , <100,"Children estimates were not available at the time of publication.",<100 ,<100 , <100,"Children estimates were not available at the time of publication.",<100 ,<100 , <100,"Children estimates were not available at the time of publication.",<100 ,<100 , <100,"Children estimates were not available at the time of publication.",<100 ,<100 , <100,"Children estimates were not available at the time of publication.",<100 ,<100 , <100,"Children estimates were not available at the time of publication.",<100 ,<100 , <100,"Children estimates were not available at the time of publication.",<100 ,<100 , <100,"Children estimates were not available at the time of publication.",<100 ,<100 , <100,"Children estimates were not available at the time of publication.",<100 ,<100 , <100,"Children estimates were not available at the time of publication.",<100 ,<100 , <100,"Children estimates were not available at the time of publication.",<100 ,<100 , <100,"Children estimates were not available at the time of publication.",<100 ,<100 , <100,"Children estimates were not available at the time of publication.",<100 ,<100 , <100,"Children estimates were not available at the time of publication.",<100 ,<100 , <100,"Children estimates were not available at the time of publication.",<100 ,<100 , <100,"Children estimates were not available at the time of publication.",<100 ,<100 , <100,"Children estimates were not available at the time of publication.",<100 ,<100 , <100,"Children estimates were not available at the time of publication.",<100 ,<100 , <100,"Children estimates were not available at the time of publication.",<100 ,<100 , <100,"Children estimates were not available at the time of publication.",<100 ,<100 , <100,"Children estimates were not available at the time of publication.",<100 ,<100 , <100,"Children estimates were not available at the time of publication."
Republic of Korea,... ,... , ...,"Estimates were not available at the time of publication.",... ,... , ...,"Estimates were not available at the time of publication.",... ,... , ...,"Estimates were not available at the time of publication.",... ,... , ...,"Estimates were not available at the time of publication.",... ,... , ...,"Estimates were not available at the time of publication.",... ,... , ...,"Estimates were not available at the time of publication.",... ,... , ...,"Estimates were not available at the time of publication.",... ,... , ...,"Estimates were not available at the time of publication.",... ,... , ...,"Estimates were not available at the time of publication.",... ,... , ...,"Estimates were not available at the time of publication.",... ,... , ...,"Estimates were not available at the time of publication.",... ,... , ...,"Estimates were not available at the time of publication.",... ,... , ...,"Estimates were not available at the time of publication.",... ,... , ...,"Estimates were not available at the time of publication.",... ,... , ...,"Estimates were not available at the time of publication.",... ,... , ...,"Estimates were not available at the time of publication.",... ,... , ...,"Estimates were not available at the time of publication.",... ,... , ...,"Estimates were not available at the time of publication.",... ,... , ...,"Estimates were not available at the time of publication.",... ,... , ...,"Estimates were not available at the time of publication.",... ,... , ...,"Estimates were not available at the time of publication.",... ,... , ...,"Estimates were not available at the time of publication.",... ,... , ...,"Estimates were not available at the time of publication.",... ,... , ...,"Estimates were not available at the time of publication.",... ,... , ...,"Estimates were not available at the time of publication.",... ,... , ...,"Estimates were not available at the time of publication.",... ,... , ...,"Estimates were not available at the time of publication.",... ,... , ...,"Estimates were not available at the time of publication.",... ,... , ...,"Estimates were not available at the time of publication.",... ,... , ...,"Estimates were not available at the time of publication.",... ,... , ...,"Estimates were not available at the time of publication.",... ,... , ...,"Estimates were not available at the time of publication.",... ,... , ...,"Estimates were not available at the time of publication.",... ,... , ...,"Estimates were not available at the time of publication.",... ,... , ...,"Estimates were not available at the time of publication."
Republic of Moldova,<100 ,<100 , <100,,<100 ,<100 , <100,,<100 ,<100 , <200,,<200 ,<200 , <500,,<500 ,<200 , <500,,<500 ,<500 , <500,,<500 ,<500 , 580,,530 ,<500 , 730,,620 ,<500 , 850,,690 ,<500 , 950,,740 ,510 , 1000,,740 ,520 , 1000,,750 ,520 , 1000,,740 ,520 , 1000,,730 ,510 , 1000,,710 ,<500 , 980,,690 ,<500 , 960,,670 ,<500 , 920,,640 ,<500 , 880,,610 ,<500 , 840,,580 ,<500 , 800,,550 ,<500 , 750,,520 ,<500 , 710,,<500 ,<500 , 680,,<500 ,<500 , 610,,<500 ,<500 , 580,,<500 ,<500 , 560,,<500 ,<500 , 520,,<500 ,<500 , <500,,<500 ,<500 , <500,,<500 ,<500 , <500,,<500 ,<500 , <500,,<500 ,<500 , <500,,<500 ,<200 , <500,,<500 ,<200 , <500,
Romania,<500 ,<200 , <500,,<500 ,<200 , 550,,<500 ,<500 , 600,,<500 ,<500 , 660,,<500 ,<500 , 630,,<500 ,<500 , 570,,<500 ,<500 , 530,,<500 ,<500 , <500,,<500 ,<500 , <500,,<500 ,<500 , <500,,<500 ,<200 , <500,,<200 ,<200 , <200,,<200 ,<200 , <200,,<200 ,<200 , <200,,<200 ,<200 , <200,,<200 ,<200 , <200,,<200 ,<200 , <200,,<200 ,<200 , <200,,<200 ,<200 , <200,,<200 ,<200 , <200,,<200 ,<200 , <200,,<200 ,<200 , <200,,<200 ,<200 , <200,,<200 ,<200 , <200,,<200 ,<200 , <200,,<200 ,<200 , <200,,<200 ,<200 , <200,,<200 ,<200 , <200,,<200 ,<200 , <200,,<200 ,<100 , <200,,<200 ,<100 , <200,,<200 ,<100 , <200,,<200 ,<100 , <200,,<200 ,<100 , <200,,<100 ,<100 , <200,
Russian Federation,... ,... , ...,"Estimates were not available at the time of publication.",... ,... , ...,"Estimates were not available at the time of publication.",... ,... , ...,"Estimates were not available at the time of publication.",... ,... , ...,"Estimates were not available at the time of publication.",... ,... , ...,"Estimates were not available at the time of publication.",... ,... , ...,"Estimates were not available at the time of publication.",... ,... , ...,"Estimates were not available at the time of publication.",... ,... , ...,"Estimates were not available at the time of publication.",... ,... , ...,"Estimates were not available at the time of publication.",... ,... , ...,"Estimates were not available at the time of publication.",... ,... , ...,"Estimates were not available at the time of publication.",... ,... , ...,"Estimates were not available at the time of publication.",... ,... , ...,"Estimates were not available at the time of publication.",... ,... , ...,"Estimates were not available at the time of publication.",... ,... , ...,"Estimates were not available at the time of publication.",... ,... , ...,"Estimates were not available at the time of publication.",... ,... , ...,"Estimates were not available at the time of publication.",... ,... , ...,"Estimates were not available at the time of publication.",... ,... , ...,"Estimates were not available at the time of publication.",... ,... , ...,"Estimates were not available at the time of publication.",... ,... , ...,"Estimates were not available at the time of publication.",... ,... , ...,"Estimates were not available at the time of publication.",... ,... , ...,"Estimates were not available at the time of publication.",... ,... , ...,"Estimates were not available at the time of publication.",... ,... , ...,"Estimates were not available at the time of publication.",... ,... , ...,"Estimates were not available at the time of publication.",... ,... , ...,"Estimates were not available at the time of publication.",... ,... , ...,"Estimates were not available at the time of publication.",... ,... , ...,"Estimates were not available at the time of publication.",... ,... , ...,"Estimates were not available at the time of publication.",... ,... , ...,"Estimates were not available at the time of publication.",... ,... , ...,"Estimates were not available at the time of publication.",... ,... , ...,"Estimates were not available at the time of publication.",... ,... , ...,"Estimates were not available at the time of publication.",... ,... , ...,"Estimates were not available at the time of publication."
Rwanda,13 000 ,9600 , 19 000,,15 000 ,12 000 , 20 000,,16 000 ,13 000 , 20 000,,16 000 ,13 000 , 19 000,,14 000 ,11 000 , 17 000,,11 000 ,9500 , 13 000,,11 000 ,9500 , 12 000,,12 000 ,11 000 , 14 000,,13 000 ,12 000 , 15 000,,12 000 ,10 000 , 13 000,,11 000 ,9700 , 12 000,,11 000 ,9400 , 12 000,,9200 ,8200 , 10 000,,7600 ,6600 , 8700,,7800 ,6800 , 9400,,7400 ,6300 , 9100,,6900 ,5800 , 8600,,6400 ,5200 , 8000,,6200 ,4900 , 7900,,5600 ,4300 , 7200,,5500 ,4400 , 7300,,5300 ,4100 , 7100,,5000 ,3900 , 6800,,5000 ,3800 , 6900,,4200 ,3100 , 5900,,3900 ,2900 , 5700,,3300 ,2400 , 5000,,2700 ,1900 , 4300,,2500 ,1600 , 4000,,2100 ,1300 , 3600,,1800 ,1100 , 3100,,2000 ,1200 , 3300,,1800 ,980 , 3000,,1600 ,880 , 2600,,1500 ,930 , 2300,
Saint Kitts and Nevis,<100 ,<100 , <100,"Countries with a UNAIDS-approved estimate and population less than 250000 in 2024; not included in regional or global totals",<100 ,<100 , <100,"Countries with a UNAIDS-approved estimate and population less than 250000 in 2024; not included in regional or global totals",<100 ,<100 , <100,"Countries with a UNAIDS-approved estimate and population less than 250000 in 2024; not included in regional or global totals",<100 ,<100 , <100,"Countries with a UNAIDS-approved estimate and population less than 250000 in 2024; not included in regional or global totals",<100 ,<100 , <100,"Countries with a UNAIDS-approved estimate and population less than 250000 in 2024; not included in regional or global totals",<100 ,<100 , <100,"Countries with a UNAIDS-approved estimate and population less than 250000 in 2024; not included in regional or global totals",<100 ,<100 , <100,"Countries with a UNAIDS-approved estimate and population less than 250000 in 2024; not included in regional or global totals",<100 ,<100 , <100,"Countries with a UNAIDS-approved estimate and population less than 250000 in 2024; not included in regional or global totals",<100 ,<100 , <100,"Countries with a UNAIDS-approved estimate and population less than 250000 in 2024; not included in regional or global totals",<100 ,<100 , <100,"Countries with a UNAIDS-approved estimate and population less than 250000 in 2024; not included in regional or global totals",<100 ,<100 , <100,"Countries with a UNAIDS-approved estimate and population less than 250000 in 2024; not included in regional or global totals",<100 ,<100 , <100,"Countries with a UNAIDS-approved estimate and population less than 250000 in 2024; not included in regional or global totals",<100 ,<100 , <100,"Countries with a UNAIDS-approved estimate and population less than 250000 in 2024; not included in regional or global totals",<100 ,<100 , <100,"Countries with a UNAIDS-approved estimate and population less than 250000 in 2024; not included in regional or global totals",<100 ,<100 , <100,"Countries with a UNAIDS-approved estimate and population less than 250000 in 2024; not included in regional or global totals",<100 ,<100 , <100,"Countries with a UNAIDS-approved estimate and population less than 250000 in 2024; not included in regional or global totals",<100 ,<100 , <100,"Countries with a UNAIDS-approved estimate and population less than 250000 in 2024; not included in regional or global totals",<100 ,<100 , <100,"Countries with a UNAIDS-approved estimate and population less than 250000 in 2024; not included in regional or global totals",<100 ,<100 , <100,"Countries with a UNAIDS-approved estimate and population less than 250000 in 2024; not included in regional or global totals",<100 ,<100 , <100,"Countries with a UNAIDS-approved estimate and population less than 250000 in 2024; not included in regional or global totals",<100 ,<100 , <100,"Countries with a UNAIDS-approved estimate and population less than 250000 in 2024; not included in regional or global totals",<100 ,<100 , <100,"Countries with a UNAIDS-approved estimate and population less than 250000 in 2024; not included in regional or global totals",<100 ,<100 , <100,"Countries with a UNAIDS-approved estimate and population less than 250000 in 2024; not included in regional or global totals",<100 ,<100 , <100,"Countries with a UNAIDS-approved estimate and population less than 250000 in 2024; not included in regional or global totals",<100 ,<100 , <100,"Countries with a UNAIDS-approved estimate and population less than 250000 in 2024; not included in regional or global totals",<100 ,<100 , <100,"Countries with a UNAIDS-approved estimate and population less than 250000 in 2024; not included in regional or global totals",<100 ,<100 , <100,"Countries with a UNAIDS-approved estimate and population less than 250000 in 2024; not included in regional or global totals",<100 ,<100 , <100,"Countries with a UNAIDS-approved estimate and population less than 250000 in 2024; not included in regional or global totals",<100 ,<100 , <100,"Countries with a UNAIDS-approved estimate and population less than 250000 in 2024; not included in regional or global totals",<100 ,<100 , <100,"Countries with a UNAIDS-approved estimate and population less than 250000 in 2024; not included in regional or global totals",<100 ,<100 , <100,"Countries with a UNAIDS-approved estimate and population less than 250000 in 2024; not included in regional or global totals",<100 ,<100 , <100,"Countries with a UNAIDS-approved estimate and population less than 250000 in 2024; not included in regional or global totals",<100 ,<100 , <100,"Countries with a UNAIDS-approved estimate and population less than 250000 in 2024; not included in regional or global totals",<100 ,<100 , <100,"Countries with a UNAIDS-approved estimate and population less than 250000 in 2024; not included in regional or global totals",<100 ,<100 , <100,"Countries with a UNAIDS-approved estimate and population less than 250000 in 2024; not included in regional or global totals"
Saint Lucia,<100 ,<100 , <100,"Countries with a UNAIDS-approved estimate and population less than 250000 in 2024; not included in regional or global totals",<100 ,<100 , <100,"Countries with a UNAIDS-approved estimate and population less than 250000 in 2024; not included in regional or global totals",<100 ,<100 , <100,"Countries with a UNAIDS-approved estimate and population less than 250000 in 2024; not included in regional or global totals",<100 ,<100 , <100,"Countries with a UNAIDS-approved estimate and population less than 250000 in 2024; not included in regional or global totals",<100 ,<100 , <100,"Countries with a UNAIDS-approved estimate and population less than 250000 in 2024; not included in regional or global totals",<100 ,<100 , <100,"Countries with a UNAIDS-approved estimate and population less than 250000 in 2024; not included in regional or global totals",<100 ,<100 , <100,"Countries with a UNAIDS-approved estimate and population less than 250000 in 2024; not included in regional or global totals",<100 ,<100 , <100,"Countries with a UNAIDS-approved estimate and population less than 250000 in 2024; not included in regional or global totals",<100 ,<100 , <100,"Countries with a UNAIDS-approved estimate and population less than 250000 in 2024; not included in regional or global totals",<100 ,<100 , <100,"Countries with a UNAIDS-approved estimate and population less than 250000 in 2024; not included in regional or global totals",<100 ,<100 , <100,"Countries with a UNAIDS-approved estimate and population less than 250000 in 2024; not included in regional or global totals",<100 ,<100 , <100,"Countries with a UNAIDS-approved estimate and population less than 250000 in 2024; not included in regional or global totals",<100 ,<100 , <100,"Countries with a UNAIDS-approved estimate and population less than 250000 in 2024; not included in regional or global totals",<100 ,<100 , <100,"Countries with a UNAIDS-approved estimate and population less than 250000 in 2024; not included in regional or global totals",<100 ,<100 , <100,"Countries with a UNAIDS-approved estimate and population less than 250000 in 2024; not included in regional or global totals",<100 ,<100 , <100,"Countries with a UNAIDS-approved estimate and population less than 250000 in 2024; not included in regional or global totals",<100 ,<100 , <100,"Countries with a UNAIDS-approved estimate and population less than 250000 in 2024; not included in regional or global totals",<100 ,<100 , <100,"Countries with a UNAIDS-approved estimate and population less than 250000 in 2024; not included in regional or global totals",<100 ,<100 , <100,"Countries with a UNAIDS-approved estimate and population less than 250000 in 2024; not included in regional or global totals",<100 ,<100 , <100,"Countries with a UNAIDS-approved estimate and population less than 250000 in 2024; not included in regional or global totals",<100 ,<100 , <100,"Countries with a UNAIDS-approved estimate and population less than 250000 in 2024; not included in regional or global totals",<100 ,<100 , <100,"Countries with a UNAIDS-approved estimate and population less than 250000 in 2024; not included in regional or global totals",<100 ,<100 , <100,"Countries with a UNAIDS-approved estimate and population less than 250000 in 2024; not included in regional or global totals",<100 ,<100 , <100,"Countries with a UNAIDS-approved estimate and population less than 250000 in 2024; not included in regional or global totals",<100 ,<100 , <100,"Countries with a UNAIDS-approved estimate and population less than 250000 in 2024; not included in regional or global totals",<100 ,<100 , <100,"Countries with a UNAIDS-approved estimate and population less than 250000 in 2024; not included in regional or global totals",<100 ,<100 , <100,"Countries with a UNAIDS-approved estimate and population less than 250000 in 2024; not included in regional or global totals",<100 ,<100 , <100,"Countries with a UNAIDS-approved estimate and population less than 250000 in 2024; not included in regional or global totals",<100 ,<100 , <100,"Countries with a UNAIDS-approved estimate and population less than 250000 in 2024; not included in regional or global totals",<100 ,<100 , <100,"Countries with a UNAIDS-approved estimate and population less than 250000 in 2024; not included in regional or global totals",<100 ,<100 , <100,"Countries with a UNAIDS-approved estimate and population less than 250000 in 2024; not included in regional or global totals",<100 ,<100 , <100,"Countries with a UNAIDS-approved estimate and population less than 250000 in 2024; not included in regional or global totals",<100 ,<100 , <100,"Countries with a UNAIDS-approved estimate and population less than 250000 in 2024; not included in regional or global totals",<100 ,<100 , <100,"Countries with a UNAIDS-approved estimate and population less than 250000 in 2024; not included in regional or global totals",<100 ,<100 , <100,"Countries with a UNAIDS-approved estimate and population less than 250000 in 2024; not included in regional or global totals"
Saint Vincent and the Grenadines,<100 ,<100 , <100,"Countries with a UNAIDS-approved estimate and population less than 250000 in 2024; not included in regional or global totals",<100 ,<100 , <100,"Countries with a UNAIDS-approved estimate and population less than 250000 in 2024; not included in regional or global totals",<100 ,<100 , <100,"Countries with a UNAIDS-approved estimate and population less than 250000 in 2024; not included in regional or global totals",<100 ,<100 , <100,"Countries with a UNAIDS-approved estimate and population less than 250000 in 2024; not included in regional or global totals",<100 ,<100 , <100,"Countries with a UNAIDS-approved estimate and population less than 250000 in 2024; not included in regional or global totals",<100 ,<100 , <100,"Countries with a UNAIDS-approved estimate and population less than 250000 in 2024; not included in regional or global totals",<100 ,<100 , <100,"Countries with a UNAIDS-approved estimate and population less than 250000 in 2024; not included in regional or global totals",<100 ,<100 , <100,"Countries with a UNAIDS-approved estimate and population less than 250000 in 2024; not included in regional or global totals",<100 ,<100 , <100,"Countries with a UNAIDS-approved estimate and population less than 250000 in 2024; not included in regional or global totals",<100 ,<100 , <100,"Countries with a UNAIDS-approved estimate and population less than 250000 in 2024; not included in regional or global totals",<100 ,<100 , <100,"Countries with a UNAIDS-approved estimate and population less than 250000 in 2024; not included in regional or global totals",<100 ,<100 , <100,"Countries with a UNAIDS-approved estimate and population less than 250000 in 2024; not included in regional or global totals",<100 ,<100 , <100,"Countries with a UNAIDS-approved estimate and population less than 250000 in 2024; not included in regional or global totals",<100 ,<100 , <100,"Countries with a UNAIDS-approved estimate and population less than 250000 in 2024; not included in regional or global totals",<100 ,<100 , <100,"Countries with a UNAIDS-approved estimate and population less than 250000 in 2024; not included in regional or global totals",<100 ,<100 , <100,"Countries with a UNAIDS-approved estimate and population less than 250000 in 2024; not included in regional or global totals",<100 ,<100 , <100,"Countries with a UNAIDS-approved estimate and population less than 250000 in 2024; not included in regional or global totals",<100 ,<100 , <100,"Countries with a UNAIDS-approved estimate and population less than 250000 in 2024; not included in regional or global totals",<100 ,<100 , <100,"Countries with a UNAIDS-approved estimate and population less than 250000 in 2024; not included in regional or global totals",<100 ,<100 , <100,"Countries with a UNAIDS-approved estimate and population less than 250000 in 2024; not included in regional or global totals",<100 ,<100 , <100,"Countries with a UNAIDS-approved estimate and population less than 250000 in 2024; not included in regional or global totals",<100 ,<100 , <100,"Countries with a UNAIDS-approved estimate and population less than 250000 in 2024; not included in regional or global totals",<100 ,<100 , <100,"Countries with a UNAIDS-approved estimate and population less than 250000 in 2024; not included in regional or global totals",<100 ,<100 , <100,"Countries with a UNAIDS-approved estimate and population less than 250000 in 2024; not included in regional or global totals",<100 ,<100 , <100,"Countries with a UNAIDS-approved estimate and population less than 250000 in 2024; not included in regional or global totals",<100 ,<100 , <100,"Countries with a UNAIDS-approved estimate and population less than 250000 in 2024; not included in regional or global totals",<100 ,<100 , <100,"Countries with a UNAIDS-approved estimate and population less than 250000 in 2024; not included in regional or global totals",<100 ,<100 , <100,"Countries with a UNAIDS-approved estimate and population less than 250000 in 2024; not included in regional or global totals",<100 ,<100 , <100,"Countries with a UNAIDS-approved estimate and population less than 250000 in 2024; not included in regional or global totals",<100 ,<100 , <100,"Countries with a UNAIDS-approved estimate and population less than 250000 in 2024; not included in regional or global totals",<100 ,<100 , <100,"Countries with a UNAIDS-approved estimate and population less than 250000 in 2024; not included in regional or global totals",<100 ,<100 , <100,"Countries with a UNAIDS-approved estimate and population less than 250000 in 2024; not included in regional or global totals",<100 ,<100 , <100,"Countries with a UNAIDS-approved estimate and population less than 250000 in 2024; not included in regional or global totals",<100 ,<100 , <100,"Countries with a UNAIDS-approved estimate and population less than 250000 in 2024; not included in regional or global totals",<100 ,<100 , <100,"Countries with a UNAIDS-approved estimate and population less than 250000 in 2024; not included in regional or global totals"
Sao Tome and Principe,... ,... , ...,"Estimates were not available at the time of publication.",... ,... , ...,"Estimates were not available at the time of publication.",... ,... , ...,"Estimates were not available at the time of publication.",... ,... , ...,"Estimates were not available at the time of publication.",... ,... , ...,"Estimates were not available at the time of publication.",... ,... , ...,"Estimates were not available at the time of publication.",... ,... , ...,"Estimates were not available at the time of publication.",... ,... , ...,"Estimates were not available at the time of publication.",... ,... , ...,"Estimates were not available at the time of publication.",... ,... , ...,"Estimates were not available at the time of publication.",... ,... , ...,"Estimates were not available at the time of publication.",... ,... , ...,"Estimates were not available at the time of publication.",... ,... , ...,"Estimates were not available at the time of publication.",... ,... , ...,"Estimates were not available at the time of publication.",... ,... , ...,"Estimates were not available at the time of publication.",... ,... , ...,"Estimates were not available at the time of publication.",... ,... , ...,"Estimates were not available at the time of publication.",... ,... , ...,"Estimates were not available at the time of publication.",... ,... , ...,"Estimates were not available at the time of publication.",... ,... , ...,"Estimates were not available at the time of publication.",... ,... , ...,"Estimates were not available at the time of publication.",... ,... , ...,"Estimates were not available at the time of publication.",... ,... , ...,"Estimates were not available at the time of publication.",... ,... , ...,"Estimates were not available at the time of publication.",... ,... , ...,"Estimates were not available at the time of publication.",... ,... , ...,"Estimates were not available at the time of publication.",... ,... , ...,"Estimates were not available at the time of publication.",... ,... , ...,"Estimates were not available at the time of publication.",... ,... , ...,"Estimates were not available at the time of publication.",... ,... , ...,"Estimates were not available at the time of publication.",... ,... , ...,"Estimates were not available at the time of publication.",... ,... , ...,"Estimates were not available at the time of publication.",... ,... , ...,"Estimates were not available at the time of publication.",... ,... , ...,"Estimates were not available at the time of publication.",... ,... , ...,"Estimates were not available at the time of publication."
Saudi Arabia,<200 ,<200 , <500,"Children estimates were not available at the time of publication.",<200 ,<200 , <500,"Children estimates were not available at the time of publication.",<500 ,<200 , <500,"Children estimates were not available at the time of publication.",<500 ,<200 , <500,"Children estimates were not available at the time of publication.",<500 ,<200 , <500,"Children estimates were not available at the time of publication.",<500 ,<200 , <500,"Children estimates were not available at the time of publication.",<500 ,<200 , <500,"Children estimates were not available at the time of publication.",<200 ,<200 , <500,"Children estimates were not available at the time of publication.",<200 ,<200 , <500,"Children estimates were not available at the time of publication.",<200 ,<100 , <200,"Children estimates were not available at the time of publication.",<200 ,<100 , <200,"Children estimates were not available at the time of publication.",<100 ,<100 , <200,"Children estimates were not available at the time of publication.",<100 ,<100 , <100,"Children estimates were not available at the time of publication.",<100 ,<100 , <100,"Children estimates were not available at the time of publication.",<100 ,<100 , <100,"Children estimates were not available at the time of publication.",<100 ,<100 , <100,"Children estimates were not available at the time of publication.",<100 ,<100 , <100,"Children estimates were not available at the time of publication.",<100 ,<100 , <100,"Children estimates were not available at the time of publication.",<100 ,<100 , <100,"Children estimates were not available at the time of publication.",<100 ,<100 , <100,"Children estimates were not available at the time of publication.",<100 ,<100 , <100,"Children estimates were not available at the time of publication.",<100 ,<100 , <100,"Children estimates were not available at the time of publication.",<100 ,<100 , <100,"Children estimates were not available at the time of publication.",<100 ,<100 , <100,"Children estimates were not available at the time of publication.",<100 ,<100 , <100,"Children estimates were not available at the time of publication.",<100 ,<100 , <100,"Children estimates were not available at the time of publication.",<100 ,<100 , <100,"Children estimates were not available at the time of publication.",<100 ,<100 , <100,"Children estimates were not available at the time of publication.",<100 ,<100 , <100,"Children estimates were not available at the time of publication.",<100 ,<100 , <100,"Children estimates were not available at the time of publication.",<100 ,<100 , <100,"Children estimates were not available at the time of publication.",<100 ,<100 , <100,"Children estimates were not available at the time of publication.",<100 ,<100 , <100,"Children estimates were not available at the time of publication.",<100 ,<100 , <200,"Children estimates were not available at the time of publication.",<200 ,<100 , <200,"Children estimates were not available at the time of publication."
Senegal,610 ,550 , 660,,790 ,720 , 860,,1000 ,940 , 1100,,1200 ,1100 , 1300,,1400 ,1300 , 1600,,1700 ,1600 , 1800,,2000 ,1800 , 2100,,2300 ,2100 , 2500,,2500 ,2300 , 2700,,2600 ,2400 , 2900,,2600 ,2400 , 2800,,2200 ,2100 , 2500,,1900 ,1700 , 2100,,1600 ,1500 , 1800,,1300 ,1200 , 1500,,1200 ,1100 , 1300,,1100 ,1000 , 1200,,920 ,820 , 1100,,770 ,690 , 880,,770 ,690 , 880,,730 ,650 , 850,,690 ,610 , 830,,600 ,510 , 740,,560 ,<500 , 700,,530 ,<500 , 660,,530 ,<500 , 670,,590 ,500 , 710,,610 ,540 , 710,,710 ,630 , 810,,720 ,640 , 830,,770 ,710 , 880,,950 ,860 , 1100,,1300 ,1200 , 1500,,1300 ,1200 , 1400,,1200 ,1100 , 1400,
Serbia,<100 ,<100 , <100,"Children estimates were not available at the time of publication.",<100 ,<100 , <100,"Children estimates were not available at the time of publication.",<100 ,<100 , <100,"Children estimates were not available at the time of publication.",<100 ,<100 , <100,"Children estimates were not available at the time of publication.",<100 ,<100 , <100,"Children estimates were not available at the time of publication.",<100 ,<100 , <100,"Children estimates were not available at the time of publication.",<100 ,<100 , <100,"Children estimates were not available at the time of publication.",<100 ,<100 , <100,"Children estimates were not available at the time of publication.",<100 ,<100 , <100,"Children estimates were not available at the time of publication.",<100 ,<100 , <100,"Children estimates were not available at the time of publication.",<100 ,<100 , <100,"Children estimates were not available at the time of publication.",<100 ,<100 , <100,"Children estimates were not available at the time of publication.",<100 ,<100 , <100,"Children estimates were not available at the time of publication.",<100 ,<100 , <100,"Children estimates were not available at the time of publication.",<100 ,<100 , <100,"Children estimates were not available at the time of publication.",<100 ,<100 , <100,"Children estimates were not available at the time of publication.",<100 ,<100 , <100,"Children estimates were not available at the time of publication.",<100 ,<100 , <100,"Children estimates were not available at the time of publication.",<100 ,<100 , <100,"Children estimates were not available at the time of publication.",<100 ,<100 , <100,"Children estimates were not available at the time of publication.",<100 ,<100 , <100,"Children estimates were not available at the time of publication.",<100 ,<100 , <100,"Children estimates were not available at the time of publication.",<100 ,<100 , <100,"Children estimates were not available at the time of publication.",<100 ,<100 , <100,"Children estimates were not available at the time of publication.",<100 ,<100 , <100,"Children estimates were not available at the time of publication.",<100 ,<100 , <100,"Children estimates were not available at the time of publication.",<100 ,<100 , <100,"Children estimates were not available at the time of publication.",<100 ,<100 , <100,"Children estimates were not available at the time of publication.",<100 ,<100 , <100,"Children estimates were not available at the time of publication.",<100 ,<100 , <100,"Children estimates were not available at the time of publication.",<100 ,<100 , <100,"Children estimates were not available at the time of publication.",<100 ,<100 , <100,"Children estimates were not available at the time of publication.",<100 ,<100 , <100,"Children estimates were not available at the time of publication.",<100 ,<100 , <100,"Children estimates were not available at the time of publication.",<100 ,<100 , <100,"Children estimates were not available at the time of publication."
Sierra Leone,1800 ,1100 , 2700,,2100 ,1300 , 3000,,2200 ,1400 , 3000,,2400 ,1700 , 3300,,2600 ,1900 , 3400,,2500 ,2000 , 3300,,2600 ,2100 , 3300,,2600 ,2200 , 3300,,2600 ,2100 , 3300,,2500 ,2100 , 3100,,2400 ,2000 , 2900,,2400 ,2000 , 2900,,2500 ,2100 , 3000,,2500 ,2000 , 3000,,2500 ,2100 , 3100,,2500 ,2000 , 3000,,2500 ,2000 , 3000,,2500 ,2100 , 3000,,2600 ,2100 , 3100,,2500 ,2100 , 3000,,2500 ,2000 , 3000,,2500 ,2000 , 3100,,2500 ,2000 , 3200,,2500 ,2000 , 3100,,2600 ,2100 , 3300,,2700 ,2100 , 3500,,2700 ,2100 , 3500,,2600 ,2000 , 3500,,2500 ,1800 , 3400,,2300 ,1600 , 3300,,2300 ,1500 , 3400,,2000 ,1300 , 3000,,1600 ,1000 , 2600,,1400 ,780 , 2300,,1200 ,670 , 2300,
Singapore,<100 ,<100 , <100,"Children estimates were not available at the time of publication.",<100 ,<100 , <100,"Children estimates were not available at the time of publication.",<100 ,<100 , <100,"Children estimates were not available at the time of publication.",<100 ,<100 , <100,"Children estimates were not available at the time of publication.",<100 ,<100 , <100,"Children estimates were not available at the time of publication.",<100 ,<100 , <100,"Children estimates were not available at the time of publication.",<100 ,<100 , <100,"Children estimates were not available at the time of publication.",<100 ,<100 , <100,"Children estimates were not available at the time of publication.",<100 ,<100 , <100,"Children estimates were not available at the time of publication.",<100 ,<100 , <100,"Children estimates were not available at the time of publication.",<100 ,<100 , <100,"Children estimates were not available at the time of publication.",<100 ,<100 , <100,"Children estimates were not available at the time of publication.",<100 ,<100 , <100,"Children estimates were not available at the time of publication.",<100 ,<100 , <100,"Children estimates were not available at the time of publication.",<100 ,<100 , <100,"Children estimates were not available at the time of publication.",<100 ,<100 , <100,"Children estimates were not available at the time of publication.",<100 ,<100 , <100,"Children estimates were not available at the time of publication.",<100 ,<100 , <100,"Children estimates were not available at the time of publication.",<100 ,<100 , <100,"Children estimates were not available at the time of publication.",<100 ,<100 , <100,"Children estimates were not available at the time of publication.",<100 ,<100 , <100,"Children estimates were not available at the time of publication.",<100 ,<100 , <100,"Children estimates were not available at the time of publication.",<100 ,<100 , <100,"Children estimates were not available at the time of publication.",<100 ,<100 , <100,"Children estimates were not available at the time of publication.",<100 ,<100 , <100,"Children estimates were not available at the time of publication.",<100 ,<100 , <100,"Children estimates were not available at the time of publication.",<100 ,<100 , <100,"Children estimates were not available at the time of publication.",<100 ,<100 , <100,"Children estimates were not available at the time of publication.",<100 ,<100 , <100,"Children estimates were not available at the time of publication.",<100 ,<100 , <100,"Children estimates were not available at the time of publication.",<100 ,<100 , <100,"Children estimates were not available at the time of publication.",<100 ,<100 , <100,"Children estimates were not available at the time of publication.",<100 ,<100 , <100,"Children estimates were not available at the time of publication.",<100 ,<100 , <100,"Children estimates were not available at the time of publication.",... ,... , ...,"Children estimates were not available at the time of publication."
Slovakia,<100 ,<100 , <100,"Children estimates were not available at the time of publication.",<100 ,<100 , <100,"Children estimates were not available at the time of publication.",<100 ,<100 , <100,"Children estimates were not available at the time of publication.",<100 ,<100 , <100,"Children estimates were not available at the time of publication.",<100 ,<100 , <100,"Children estimates were not available at the time of publication.",<100 ,<100 , <100,"Children estimates were not available at the time of publication.",<100 ,<100 , <100,"Children estimates were not available at the time of publication.",<100 ,<100 , <100,"Children estimates were not available at the time of publication.",<100 ,<100 , <100,"Children estimates were not available at the time of publication.",<100 ,<100 , <100,"Children estimates were not available at the time of publication.",<100 ,<100 , <100,"Children estimates were not available at the time of publication.",<100 ,<100 , <100,"Children estimates were not available at the time of publication.",<100 ,<100 , <100,"Children estimates were not available at the time of publication.",<100 ,<100 , <100,"Children estimates were not available at the time of publication.",<100 ,<100 , <100,"Children estimates were not available at the time of publication.",<100 ,<100 , <100,"Children estimates were not available at the time of publication.",<100 ,<100 , <100,"Children estimates were not available at the time of publication.",<100 ,<100 , <100,"Children estimates were not available at the time of publication.",<100 ,<100 , <100,"Children estimates were not available at the time of publication.",<100 ,<100 , <100,"Children estimates were not available at the time of publication.",<100 ,<100 , <100,"Children estimates were not available at the time of publication.",<100 ,<100 , <100,"Children estimates were not available at the time of publication.",<100 ,<100 , <100,"Children estimates were not available at the time of publication.",<100 ,<100 , <100,"Children estimates were not available at the time of publication.",<100 ,<100 , <100,"Children estimates were not available at the time of publication.",<100 ,<100 , <100,"Children estimates were not available at the time of publication.",<100 ,<100 , <100,"Children estimates were not available at the time of publication.",<100 ,<100 , <100,"Children estimates were not available at the time of publication.",<100 ,<100 , <100,"Children estimates were not available at the time of publication.",<100 ,<100 , <100,"Children estimates were not available at the time of publication.",<100 ,<100 , <100,"Children estimates were not available at the time of publication.",<100 ,<100 , <100,"Children estimates were not available at the time of publication.",<100 ,<100 , <100,"Children estimates were not available at the time of publication.",<100 ,<100 , <100,"Children estimates were not available at the time of publication.",<100 ,<100 , <100,"Children estimates were not available at the time of publication."
Slovenia,<100 ,<100 , <100,"Children estimates were not available at the time of publication.",<100 ,<100 , <100,"Children estimates were not available at the time of publication.",<100 ,<100 , <100,"Children estimates were not available at the time of publication.",<100 ,<100 , <100,"Children estimates were not available at the time of publication.",<100 ,<100 , <100,"Children estimates were not available at the time of publication.",<100 ,<100 , <100,"Children estimates were not available at the time of publication.",<100 ,<100 , <100,"Children estimates were not available at the time of publication.",<100 ,<100 , <100,"Children estimates were not available at the time of publication.",<100 ,<100 , <100,"Children estimates were not available at the time of publication.",<100 ,<100 , <100,"Children estimates were not available at the time of publication.",<100 ,<100 , <100,"Children estimates were not available at the time of publication.",<100 ,<100 , <100,"Children estimates were not available at the time of publication.",<100 ,<100 , <100,"Children estimates were not available at the time of publication.",<100 ,<100 , <100,"Children estimates were not available at the time of publication.",<100 ,<100 , <100,"Children estimates were not available at the time of publication.",<100 ,<100 , <100,"Children estimates were not available at the time of publication.",<100 ,<100 , <100,"Children estimates were not available at the time of publication.",<100 ,<100 , <100,"Children estimates were not available at the time of publication.",<100 ,<100 , <100,"Children estimates were not available at the time of publication.",<100 ,<100 , <100,"Children estimates were not available at the time of publication.",<100 ,<100 , <100,"Children estimates were not available at the time of publication.",<100 ,<100 , <100,"Children estimates were not available at the time of publication.",<100 ,<100 , <100,"Children estimates were not available at the time of publication.",<100 ,<100 , <100,"Children estimates were not available at the time of publication.",<100 ,<100 , <100,"Children estimates were not available at the time of publication.",<100 ,<100 , <100,"Children estimates were not available at the time of publication.",<100 ,<100 , <100,"Children estimates were not available at the time of publication.",<100 ,<100 , <100,"Children estimates were not available at the time of publication.",<100 ,<100 , <100,"Children estimates were not available at the time of publication.",<100 ,<100 , <100,"Children estimates were not available at the time of publication.",<100 ,<100 , <100,"Children estimates were not available at the time of publication.",<100 ,<100 , <100,"Children estimates were not available at the time of publication.",<100 ,<100 , <100,"Children estimates were not available at the time of publication.",<100 ,<100 , <100,"Children estimates were not available at the time of publication.",<100 ,<100 , <100,"Children estimates were not available at the time of publication."
Solomon Islands,... ,... , ...,"Estimates were not available at the time of publication.",... ,... , ...,"Estimates were not available at the time of publication.",... ,... , ...,"Estimates were not available at the time of publication.",... ,... , ...,"Estimates were not available at the time of publication.",... ,... , ...,"Estimates were not available at the time of publication.",... ,... , ...,"Estimates were not available at the time of publication.",... ,... , ...,"Estimates were not available at the time of publication.",... ,... , ...,"Estimates were not available at the time of publication.",... ,... , ...,"Estimates were not available at the time of publication.",... ,... , ...,"Estimates were not available at the time of publication.",... ,... , ...,"Estimates were not available at the time of publication.",... ,... , ...,"Estimates were not available at the time of publication.",... ,... , ...,"Estimates were not available at the time of publication.",... ,... , ...,"Estimates were not available at the time of publication.",... ,... , ...,"Estimates were not available at the time of publication.",... ,... , ...,"Estimates were not available at the time of publication.",... ,... , ...,"Estimates were not available at the time of publication.",... ,... , ...,"Estimates were not available at the time of publication.",... ,... , ...,"Estimates were not available at the time of publication.",... ,... , ...,"Estimates were not available at the time of publication.",... ,... , ...,"Estimates were not available at the time of publication.",... ,... , ...,"Estimates were not available at the time of publication.",... ,... , ...,"Estimates were not available at the time of publication.",... ,... , ...,"Estimates were not available at the time of publication.",... ,... , ...,"Estimates were not available at the time of publication.",... ,... , ...,"Estimates were not available at the time of publication.",... ,... , ...,"Estimates were not available at the time of publication.",... ,... , ...,"Estimates were not available at the time of publication.",... ,... , ...,"Estimates were not available at the time of publication.",... ,... , ...,"Estimates were not available at the time of publication.",... ,... , ...,"Estimates were not available at the time of publication.",... ,... , ...,"Estimates were not available at the time of publication.",... ,... , ...,"Estimates were not available at the time of publication.",... ,... , ...,"Estimates were not available at the time of publication.",... ,... , ...,"Estimates were not available at the time of publication."
Somalia,780 ,<500 , 1400,,800 ,<500 , 1300,,700 ,<500 , 1100,,650 ,<500 , 930,,640 ,<500 , 910,,620 ,<500 , 860,,600 ,<500 , 800,,540 ,<500 , 700,,<500 ,<500 , 630,,510 ,<500 , 640,,<500 ,<500 , 560,,<500 ,<500 , 530,,<500 ,<500 , 500,,<500 ,<500 , <500,,<500 ,<500 , <500,,<500 ,<500 , <500,,<500 ,<500 , <500,,<500 ,<500 , <500,,<500 ,<500 , <500,,<500 ,<200 , <500,,<500 ,<200 , <500,,<500 ,<200 , <500,,<200 ,<200 , <500,,<200 ,<200 , <500,,<200 ,<200 , <500,,<200 ,<100 , <500,,<200 ,<100 , <500,,<200 ,<100 , <200,,<200 ,<100 , <200,,<200 ,<100 , <200,,<200 ,<100 , <200,,<200 ,<100 , <200,,<200 ,<100 , <200,,... ,... , ...,,... ,... , ...,
South Africa,60 000 ,53 000 , 67 000,,88 000 ,79 000 , 97 000,,120 000 ,110 000 , 140 000,,160 000 ,150 000 , 180 000,,200 000 ,180 000 , 220 000,,240 000 ,210 000 , 260 000,,260 000 ,230 000 , 290 000,,280 000 ,250 000 , 310 000,,290 000 ,260 000 , 320 000,,290 000 ,260 000 , 320 000,,290 000 ,250 000 , 310 000,,280 000 ,250 000 , 300 000,,260 000 ,240 000 , 290 000,,250 000 ,230 000 , 280 000,,240 000 ,220 000 , 270 000,,240 000 ,210 000 , 260 000,,230 000 ,210 000 , 260 000,,220 000 ,200 000 , 240 000,,220 000 ,200 000 , 240 000,,210 000 ,190 000 , 230 000,,200 000 ,180 000 , 220 000,,190 000 ,170 000 , 210 000,,180 000 ,160 000 , 200 000,,170 000 ,160 000 , 190 000,,170 000 ,150 000 , 180 000,,160 000 ,140 000 , 180 000,,150 000 ,130 000 , 170 000,,140 000 ,120 000 , 160 000,,130 000 ,120 000 , 150 000,,130 000 ,110 000 , 140 000,,120 000 ,110 000 , 130 000,,120 000 ,100 000 , 130 000,,110 000 ,99 000 , 120 000,,110 000 ,96 000 , 120 000,,100 000 ,93 000 , 120 000,
South Sudan,3900 ,1800 , 5800,,4700 ,2400 , 6800,,5200 ,2800 , 7400,,5800 ,3300 , 8400,,6600 ,3800 , 9600,,6400 ,3900 , 9200,,6300 ,4100 , 9200,,6500 ,4500 , 9600,,6500 ,4500 , 9600,,6100 ,4400 , 9200,,6200 ,4600 , 9000,,5700 ,4300 , 8100,,5700 ,4300 , 7900,,5900 ,4500 , 8100,,6500 ,5000 , 8600,,5900 ,4600 , 7900,,6100 ,4700 , 8300,,6300 ,4900 , 8200,,6300 ,5100 , 8300,,6500 ,5100 , 8400,,6400 ,5100 , 8300,,6800 ,5300 , 8800,,7200 ,5700 , 9300,,7400 ,5600 , 9700,,7800 ,6100 , 9900,,7000 ,5400 , 8800,,7100 ,5600 , 9200,,6400 ,4900 , 8000,,5200 ,3900 , 6900,,5200 ,3700 , 7000,,4900 ,3500 , 6800,,4900 ,3400 , 6800,,4600 ,3200 , 6700,,4300 ,2700 , 6400,,4200 ,2500 , 6500,
Spain,2800 ,2400 , 3200,,2400 ,2100 , 2800,,2000 ,1700 , 2200,,1500 ,1300 , 1700,,1100 ,980 , 1300,,840 ,710 , 980,,700 ,580 , 800,,590 ,500 , 690,,520 ,<500 , 600,,<500 ,<500 , 540,,<500 ,<500 , <500,,<500 ,<500 , <500,,<500 ,<500 , <500,,<500 ,<500 , <500,,<500 ,<500 , <500,,<500 ,<500 , <500,,<500 ,<500 , <500,,<500 ,<500 , <500,,<500 ,<500 , <500,,<500 ,<500 , <500,,<500 ,<500 , <500,,<500 ,<500 , <500,,<500 ,<500 , <500,,<500 ,<500 , <500,,<500 ,<500 , <500,,<500 ,<500 , <500,,<500 ,<500 , <500,,<500 ,<500 , <500,,<500 ,<500 , <500,,<500 ,<500 , <500,,<500 ,<500 , <500,,<500 ,<500 , <500,,<500 ,<500 , <500,,<500 ,<500 , <500,,<500 ,<500 , <500,
Sri Lanka,<100 ,<100 , <100,"Children estimates were not available at the time of publication.",<100 ,<100 , <100,"Children estimates were not available at the time of publication.",<100 ,<100 , <100,"Children estimates were not available at the time of publication.",<100 ,<100 , <100,"Children estimates were not available at the time of publication.",<100 ,<100 , <100,"Children estimates were not available at the time of publication.",<100 ,<100 , <100,"Children estimates were not available at the time of publication.",<100 ,<100 , <100,"Children estimates were not available at the time of publication.",<100 ,<100 , <200,"Children estimates were not available at the time of publication.",<100 ,<100 , <200,"Children estimates were not available at the time of publication.",<200 ,<100 , <200,"Children estimates were not available at the time of publication.",<200 ,<100 , <200,"Children estimates were not available at the time of publication.",<200 ,<200 , <200,"Children estimates were not available at the time of publication.",<200 ,<200 , <200,"Children estimates were not available at the time of publication.",<200 ,<200 , <200,"Children estimates were not available at the time of publication.",<200 ,<200 , <200,"Children estimates were not available at the time of publication.",<200 ,<200 , <200,"Children estimates were not available at the time of publication.",<200 ,<200 , <200,"Children estimates were not available at the time of publication.",<200 ,<200 , <200,"Children estimates were not available at the time of publication.",<200 ,<100 , <200,"Children estimates were not available at the time of publication.",<200 ,<100 , <200,"Children estimates were not available at the time of publication.",<100 ,<100 , <200,"Children estimates were not available at the time of publication.",<100 ,<100 , <100,"Children estimates were not available at the time of publication.",<100 ,<100 , <100,"Children estimates were not available at the time of publication.",<100 ,<100 , <100,"Children estimates were not available at the time of publication.",<100 ,<100 , <100,"Children estimates were not available at the time of publication.",<100 ,<100 , <100,"Children estimates were not available at the time of publication.",<100 ,<100 , <100,"Children estimates were not available at the time of publication.",<100 ,<100 , <100,"Children estimates were not available at the time of publication.",<100 ,<100 , <100,"Children estimates were not available at the time of publication.",<100 ,<100 , <100,"Children estimates were not available at the time of publication.",<100 ,<100 , <100,"Children estimates were not available at the time of publication.",<100 ,<100 , <100,"Children estimates were not available at the time of publication.",<100 ,<100 , <100,"Children estimates were not available at the time of publication.",<100 ,<100 , <100,"Children estimates were not available at the time of publication.",<100 ,<100 , <100,"Children estimates were not available at the time of publication."
Sudan,600 ,<500 , 1000,,670 ,<500 , 1000,,790 ,540 , 1200,,800 ,560 , 1200,,820 ,600 , 1200,,880 ,640 , 1200,,870 ,650 , 1200,,940 ,700 , 1200,,1000 ,750 , 1300,,1100 ,810 , 1400,,1100 ,850 , 1400,,1100 ,830 , 1400,,1100 ,830 , 1400,,1100 ,840 , 1400,,1000 ,830 , 1300,,1000 ,800 , 1300,,1000 ,800 , 1300,,1000 ,780 , 1400,,1000 ,770 , 1400,,1100 ,870 , 1500,,1200 ,890 , 1600,,1200 ,960 , 1700,,1200 ,910 , 1600,,1200 ,930 , 1700,,1300 ,990 , 2000,,1400 ,990 , 2100,,1400 ,1000 , 2200,,1400 ,980 , 2200,,1400 ,980 , 2200,,1400 ,980 , 2300,,1700 ,1100 , 2700,,1800 ,1200 , 3000,,2200 ,1400 , 3700,,2500 ,1600 , 4300,,2500 ,1600 , 4600,
Suriname,<100 ,<100 , <500,,<100 ,<100 , <200,,<100 ,<100 , <200,,<200 ,<100 , <200,,<200 ,<100 , <200,,<200 ,<100 , <200,,<200 ,<200 , <200,,<200 ,<200 , <200,,<200 ,<200 , <200,,<200 ,<200 , <200,,<200 ,<200 , <500,,<200 ,<200 , <200,,<200 ,<200 , <500,,<200 ,<200 , <500,,<200 ,<200 , <200,,<200 ,<200 , <200,,<200 ,<200 , <200,,<200 ,<200 , <200,,<200 ,<200 , <200,,<200 ,<200 , <200,,<200 ,<200 , <200,,<200 ,<200 , <200,,<200 ,<200 , <200,,<200 ,<200 , <200,,<200 ,<200 , <200,,<200 ,<200 , <200,,<200 ,<200 , <200,,<200 ,<200 , <200,,<200 ,<200 , <200,,<200 ,<200 , <200,,<200 ,<200 , <200,,<200 ,<200 , <200,,<200 ,<200 , <200,,<200 ,<200 , <200,,<200 ,<200 , <200,
Sweden,... ,... , ...,"Numbers are estimated by UNAIDS using the Spectrum model, based on the official national estimates. Any differences are within uncertainty margins of both sets of estimates, reflecting methodologies and assumptions. (https://pubmed.ncbi.nlm.nih.gov/39421951/).",... ,... , ...,"Numbers are estimated by UNAIDS using the Spectrum model, based on the official national estimates. Any differences are within uncertainty margins of both sets of estimates, reflecting methodologies and assumptions. (https://pubmed.ncbi.nlm.nih.gov/39421951/).",... ,... , ...,"Numbers are estimated by UNAIDS using the Spectrum model, based on the official national estimates. Any differences are within uncertainty margins of both sets of estimates, reflecting methodologies and assumptions. (https://pubmed.ncbi.nlm.nih.gov/39421951/).",... ,... , ...,"Numbers are estimated by UNAIDS using the Spectrum model, based on the official national estimates. Any differences are within uncertainty margins of both sets of estimates, reflecting methodologies and assumptions. (https://pubmed.ncbi.nlm.nih.gov/39421951/).",... ,... , ...,"Numbers are estimated by UNAIDS using the Spectrum model, based on the official national estimates. Any differences are within uncertainty margins of both sets of estimates, reflecting methodologies and assumptions. (https://pubmed.ncbi.nlm.nih.gov/39421951/).",... ,... , ...,"Numbers are estimated by UNAIDS using the Spectrum model, based on the official national estimates. Any differences are within uncertainty margins of both sets of estimates, reflecting methodologies and assumptions. (https://pubmed.ncbi.nlm.nih.gov/39421951/).",... ,... , ...,"Numbers are estimated by UNAIDS using the Spectrum model, based on the official national estimates. Any differences are within uncertainty margins of both sets of estimates, reflecting methodologies and assumptions. (https://pubmed.ncbi.nlm.nih.gov/39421951/).",... ,... , ...,"Numbers are estimated by UNAIDS using the Spectrum model, based on the official national estimates. Any differences are within uncertainty margins of both sets of estimates, reflecting methodologies and assumptions. (https://pubmed.ncbi.nlm.nih.gov/39421951/).",... ,... , ...,"Numbers are estimated by UNAIDS using the Spectrum model, based on the official national estimates. Any differences are within uncertainty margins of both sets of estimates, reflecting methodologies and assumptions. (https://pubmed.ncbi.nlm.nih.gov/39421951/).",... ,... , ...,"Numbers are estimated by UNAIDS using the Spectrum model, based on the official national estimates. Any differences are within uncertainty margins of both sets of estimates, reflecting methodologies and assumptions. (https://pubmed.ncbi.nlm.nih.gov/39421951/).",... ,... , ...,"Numbers are estimated by UNAIDS using the Spectrum model, based on the official national estimates. Any differences are within uncertainty margins of both sets of estimates, reflecting methodologies and assumptions. (https://pubmed.ncbi.nlm.nih.gov/39421951/).",... ,... , ...,"Numbers are estimated by UNAIDS using the Spectrum model, based on the official national estimates. Any differences are within uncertainty margins of both sets of estimates, reflecting methodologies and assumptions. (https://pubmed.ncbi.nlm.nih.gov/39421951/).",... ,... , ...,"Numbers are estimated by UNAIDS using the Spectrum model, based on the official national estimates. Any differences are within uncertainty margins of both sets of estimates, reflecting methodologies and assumptions. (https://pubmed.ncbi.nlm.nih.gov/39421951/).",... ,... , ...,"Numbers are estimated by UNAIDS using the Spectrum model, based on the official national estimates. Any differences are within uncertainty margins of both sets of estimates, reflecting methodologies and assumptions. (https://pubmed.ncbi.nlm.nih.gov/39421951/).",... ,... , ...,"Numbers are estimated by UNAIDS using the Spectrum model, based on the official national estimates. Any differences are within uncertainty margins of both sets of estimates, reflecting methodologies and assumptions. (https://pubmed.ncbi.nlm.nih.gov/39421951/).",... ,... , ...,"Numbers are estimated by UNAIDS using the Spectrum model, based on the official national estimates. Any differences are within uncertainty margins of both sets of estimates, reflecting methodologies and assumptions. (https://pubmed.ncbi.nlm.nih.gov/39421951/).",... ,... , ...,"Numbers are estimated by UNAIDS using the Spectrum model, based on the official national estimates. Any differences are within uncertainty margins of both sets of estimates, reflecting methodologies and assumptions. (https://pubmed.ncbi.nlm.nih.gov/39421951/).",... ,... , ...,"Numbers are estimated by UNAIDS using the Spectrum model, based on the official national estimates. Any differences are within uncertainty margins of both sets of estimates, reflecting methodologies and assumptions. (https://pubmed.ncbi.nlm.nih.gov/39421951/).",... ,... , ...,"Numbers are estimated by UNAIDS using the Spectrum model, based on the official national estimates. Any differences are within uncertainty margins of both sets of estimates, reflecting methodologies and assumptions. (https://pubmed.ncbi.nlm.nih.gov/39421951/).",... ,... , ...,"Numbers are estimated by UNAIDS using the Spectrum model, based on the official national estimates. Any differences are within uncertainty margins of both sets of estimates, reflecting methodologies and assumptions. (https://pubmed.ncbi.nlm.nih.gov/39421951/).",... ,... , ...,"Numbers are estimated by UNAIDS using the Spectrum model, based on the official national estimates. Any differences are within uncertainty margins of both sets of estimates, reflecting methodologies and assumptions. (https://pubmed.ncbi.nlm.nih.gov/39421951/).",... ,... , ...,"Numbers are estimated by UNAIDS using the Spectrum model, based on the official national estimates. Any differences are within uncertainty margins of both sets of estimates, reflecting methodologies and assumptions. (https://pubmed.ncbi.nlm.nih.gov/39421951/).",... ,... , ...,"Numbers are estimated by UNAIDS using the Spectrum model, based on the official national estimates. Any differences are within uncertainty margins of both sets of estimates, reflecting methodologies and assumptions. (https://pubmed.ncbi.nlm.nih.gov/39421951/).",... ,... , ...,"Numbers are estimated by UNAIDS using the Spectrum model, based on the official national estimates. Any differences are within uncertainty margins of both sets of estimates, reflecting methodologies and assumptions. (https://pubmed.ncbi.nlm.nih.gov/39421951/).",... ,... , ...,"Numbers are estimated by UNAIDS using the Spectrum model, based on the official national estimates. Any differences are within uncertainty margins of both sets of estimates, reflecting methodologies and assumptions. (https://pubmed.ncbi.nlm.nih.gov/39421951/).",... ,... , ...,"Numbers are estimated by UNAIDS using the Spectrum model, based on the official national estimates. Any differences are within uncertainty margins of both sets of estimates, reflecting methodologies and assumptions. (https://pubmed.ncbi.nlm.nih.gov/39421951/).",... ,... , ...,"Numbers are estimated by UNAIDS using the Spectrum model, based on the official national estimates. Any differences are within uncertainty margins of both sets of estimates, reflecting methodologies and assumptions. (https://pubmed.ncbi.nlm.nih.gov/39421951/).",... ,... , ...,"Numbers are estimated by UNAIDS using the Spectrum model, based on the official national estimates. Any differences are within uncertainty margins of both sets of estimates, reflecting methodologies and assumptions. (https://pubmed.ncbi.nlm.nih.gov/39421951/).",... ,... , ...,"Numbers are estimated by UNAIDS using the Spectrum model, based on the official national estimates. Any differences are within uncertainty margins of both sets of estimates, reflecting methodologies and assumptions. (https://pubmed.ncbi.nlm.nih.gov/39421951/).",... ,... , ...,"Numbers are estimated by UNAIDS using the Spectrum model, based on the official national estimates. Any differences are within uncertainty margins of both sets of estimates, reflecting methodologies and assumptions. (https://pubmed.ncbi.nlm.nih.gov/39421951/).",... ,... , ...,"Numbers are estimated by UNAIDS using the Spectrum model, based on the official national estimates. Any differences are within uncertainty margins of both sets of estimates, reflecting methodologies and assumptions. (https://pubmed.ncbi.nlm.nih.gov/39421951/).",... ,... , ...,"Numbers are estimated by UNAIDS using the Spectrum model, based on the official national estimates. Any differences are within uncertainty margins of both sets of estimates, reflecting methodologies and assumptions. (https://pubmed.ncbi.nlm.nih.gov/39421951/).",... ,... , ...,"Numbers are estimated by UNAIDS using the Spectrum model, based on the official national estimates. Any differences are within uncertainty margins of both sets of estimates, reflecting methodologies and assumptions. (https://pubmed.ncbi.nlm.nih.gov/39421951/).",... ,... , ...,"Numbers are estimated by UNAIDS using the Spectrum model, based on the official national estimates. Any differences are within uncertainty margins of both sets of estimates, reflecting methodologies and assumptions. (https://pubmed.ncbi.nlm.nih.gov/39421951/).",... ,... , ...,"Numbers are estimated by UNAIDS using the Spectrum model, based on the official national estimates. Any differences are within uncertainty margins of both sets of estimates, reflecting methodologies and assumptions. (https://pubmed.ncbi.nlm.nih.gov/39421951/)."
Switzerland,<500 ,<200 , <500,"Children estimates were not available at the time of publication.",<500 ,<200 , <500,"Children estimates were not available at the time of publication.",<500 ,<200 , <500,"Children estimates were not available at the time of publication.",<500 ,<200 , <500,"Children estimates were not available at the time of publication.",<500 ,<200 , <500,"Children estimates were not available at the time of publication.",<500 ,<200 , <500,"Children estimates were not available at the time of publication.",<200 ,<200 , <500,"Children estimates were not available at the time of publication.",<200 ,<200 , <200,"Children estimates were not available at the time of publication.",<200 ,<200 , <200,"Children estimates were not available at the time of publication.",<200 ,<200 , <200,"Children estimates were not available at the time of publication.",<200 ,<200 , <200,"Children estimates were not available at the time of publication.",<200 ,<100 , <200,"Children estimates were not available at the time of publication.",<200 ,<100 , <200,"Children estimates were not available at the time of publication.",<100 ,<100 , <200,"Children estimates were not available at the time of publication.",<100 ,<100 , <200,"Children estimates were not available at the time of publication.",<100 ,<100 , <200,"Children estimates were not available at the time of publication.",<100 ,<100 , <100,"Children estimates were not available at the time of publication.",<100 ,<100 , <100,"Children estimates were not available at the time of publication.",<100 ,<100 , <100,"Children estimates were not available at the time of publication.",<100 ,<100 , <200,"Children estimates were not available at the time of publication.",<100 ,<100 , <200,"Children estimates were not available at the time of publication.",<100 ,<100 , <200,"Children estimates were not available at the time of publication.",<100 ,<100 , <200,"Children estimates were not available at the time of publication.",<100 ,<100 , <200,"Children estimates were not available at the time of publication.",<100 ,<100 , <200,"Children estimates were not available at the time of publication.",<100 ,<100 , <200,"Children estimates were not available at the time of publication.",<100 ,<100 , <200,"Children estimates were not available at the time of publication.",<100 ,<100 , <200,"Children estimates were not available at the time of publication.",<100 ,<100 , <200,"Children estimates were not available at the time of publication.",<100 ,<100 , <200,"Children estimates were not available at the time of publication.",<100 ,<100 , <200,"Children estimates were not available at the time of publication.",<100 ,<100 , <200,"Children estimates were not available at the time of publication.",<100 ,<100 , <100,"Children estimates were not available at the time of publication.",<100 ,<100 , <100,"Children estimates were not available at the time of publication.",<100 ,<100 , <100,"Children estimates were not available at the time of publication."
Syrian Arab Republic,<100 ,<100 , <100,"Children estimates were not available at the time of publication.",<100 ,<100 , <100,"Children estimates were not available at the time of publication.",<100 ,<100 , <100,"Children estimates were not available at the time of publication.",<100 ,<100 , <100,"Children estimates were not available at the time of publication.",<100 ,<100 , <100,"Children estimates were not available at the time of publication.",<100 ,<100 , <100,"Children estimates were not available at the time of publication.",<100 ,<100 , <100,"Children estimates were not available at the time of publication.",<100 ,<100 , <100,"Children estimates were not available at the time of publication.",<100 ,<100 , <100,"Children estimates were not available at the time of publication.",<100 ,<100 , <100,"Children estimates were not available at the time of publication.",<100 ,<100 , <100,"Children estimates were not available at the time of publication.",<100 ,<100 , <100,"Children estimates were not available at the time of publication.",<100 ,<100 , <100,"Children estimates were not available at the time of publication.",<100 ,<100 , <100,"Children estimates were not available at the time of publication.",<100 ,<100 , <100,"Children estimates were not available at the time of publication.",<100 ,<100 , <100,"Children estimates were not available at the time of publication.",<100 ,<100 , <100,"Children estimates were not available at the time of publication.",<100 ,<100 , <100,"Children estimates were not available at the time of publication.",<100 ,<100 , <100,"Children estimates were not available at the time of publication.",<100 ,<100 , <100,"Children estimates were not available at the time of publication.",<100 ,<100 , <100,"Children estimates were not available at the time of publication.",<100 ,<100 , <100,"Children estimates were not available at the time of publication.",<100 ,<100 , <100,"Children estimates were not available at the time of publication.",<100 ,<100 , <100,"Children estimates were not available at the time of publication.",<100 ,<100 , <100,"Children estimates were not available at the time of publication.",<100 ,<100 , <100,"Children estimates were not available at the time of publication.",<100 ,<100 , <100,"Children estimates were not available at the time of publication.",<100 ,<100 , <100,"Children estimates were not available at the time of publication.",<100 ,<100 , <100,"Children estimates were not available at the time of publication.",<100 ,<100 , <100,"Children estimates were not available at the time of publication.",<100 ,<100 , <100,"Children estimates were not available at the time of publication.",<100 ,<100 , <100,"Children estimates were not available at the time of publication.",<100 ,<100 , <100,"Children estimates were not available at the time of publication.",<100 ,<100 , <100,"Children estimates were not available at the time of publication.",<100 ,<100 , <100,"Children estimates were not available at the time of publication."
Tajikistan,<100 ,<100 , <100,,<100 ,<100 , <100,,<100 ,<100 , <100,,<100 ,<100 , <100,,<200 ,<100 , <500,,<100 ,<100 , <200,,<100 ,<100 , <200,,<200 ,<100 , <200,,<200 ,<200 , <200,,<200 ,<200 , <200,,<500 ,<500 , <500,,<500 ,<500 , <500,,<500 ,<500 , <500,,<500 ,<500 , <500,,<500 ,<500 , <500,,<500 ,<500 , <500,,<500 ,<500 , <500,,<500 ,<500 , <500,,<500 ,<500 , <500,,<500 ,<500 , <500,,<500 ,<500 , <500,,<500 ,<500 , <500,,<500 ,<500 , <500,,<500 ,<500 , <500,,<500 ,<500 , <500,,<500 ,<500 , <500,,<500 ,<500 , <500,,<500 ,<500 , <500,,<500 ,<200 , <500,,<500 ,<200 , <500,,<200 ,<200 , <200,,<200 ,<200 , <200,,<200 ,<200 , <200,,<200 ,<200 , <200,,<100 ,<100 , <200,
Thailand,25 000 ,20 000 , 29 000,,37 000 ,31 000 , 43 000,,44 000 ,38 000 , 52 000,,46 000 ,40 000 , 52 000,,45 000 ,40 000 , 52 000,,43 000 ,38 000 , 49 000,,40 000 ,35 000 , 45 000,,38 000 ,33 000 , 42 000,,34 000 ,30 000 , 39 000,,31 000 ,27 000 , 35 000,,28 000 ,24 000 , 32 000,,25 000 ,22 000 , 28 000,,21 000 ,19 000 , 24 000,,18 000 ,16 000 , 21 000,,16 000 ,14 000 , 18 000,,13 000 ,12 000 , 15 000,,11 000 ,9700 , 12 000,,9400 ,8400 , 11 000,,8100 ,7100 , 8900,,6900 ,6200 , 7700,,6000 ,5300 , 6800,,5300 ,4600 , 5900,,4600 ,4100 , 5200,,4100 ,3700 , 4600,,3700 ,3200 , 4100,,3300 ,2900 , 3700,,3000 ,2700 , 3300,,2700 ,2400 , 3000,,2500 ,2200 , 2800,,2300 ,2100 , 2600,,2200 ,1900 , 2400,,2000 ,1800 , 2300,,2000 ,1700 , 2200,,1800 ,1600 , 2100,,1700 ,1500 , 1900,
Timor-Leste,<100 ,<100 , <100,"Children estimates were not available at the time of publication.",<100 ,<100 , <100,"Children estimates were not available at the time of publication.",<100 ,<100 , <100,"Children estimates were not available at the time of publication.",<100 ,<100 , <100,"Children estimates were not available at the time of publication.",<100 ,<100 , <100,"Children estimates were not available at the time of publication.",<100 ,<100 , <100,"Children estimates were not available at the time of publication.",<100 ,<100 , <100,"Children estimates were not available at the time of publication.",<100 ,<100 , <100,"Children estimates were not available at the time of publication.",<100 ,<100 , <100,"Children estimates were not available at the time of publication.",<100 ,<100 , <100,"Children estimates were not available at the time of publication.",<100 ,<100 , <100,"Children estimates were not available at the time of publication.",<100 ,<100 , <100,"Children estimates were not available at the time of publication.",<100 ,<100 , <100,"Children estimates were not available at the time of publication.",<100 ,<100 , <100,"Children estimates were not available at the time of publication.",<100 ,<100 , <100,"Children estimates were not available at the time of publication.",<100 ,<100 , <100,"Children estimates were not available at the time of publication.",<100 ,<100 , <100,"Children estimates were not available at the time of publication.",<100 ,<100 , <100,"Children estimates were not available at the time of publication.",<100 ,<100 , <100,"Children estimates were not available at the time of publication.",<100 ,<100 , <100,"Children estimates were not available at the time of publication.",<100 ,<100 , <100,"Children estimates were not available at the time of publication.",<100 ,<100 , <100,"Children estimates were not available at the time of publication.",<100 ,<100 , <100,"Children estimates were not available at the time of publication.",<100 ,<100 , <100,"Children estimates were not available at the time of publication.",<100 ,<100 , <100,"Children estimates were not available at the time of publication.",<100 ,<100 , <100,"Children estimates were not available at the time of publication.",<100 ,<100 , <100,"Children estimates were not available at the time of publication.",<100 ,<100 , <100,"Children estimates were not available at the time of publication.",<100 ,<100 , <100,"Children estimates were not available at the time of publication.",<100 ,<100 , <100,"Children estimates were not available at the time of publication.",<100 ,<100 , <100,"Children estimates were not available at the time of publication.",<100 ,<100 , <100,"Children estimates were not available at the time of publication.",<100 ,<100 , <100,"Children estimates were not available at the time of publication.",<100 ,<100 , <100,"Children estimates were not available at the time of publication.",<100 ,<100 , <100,"Children estimates were not available at the time of publication."
Togo,2700 ,1900 , 3600,,3500 ,2600 , 4600,,4400 ,3300 , 5800,,5400 ,4100 , 6900,,5700 ,4400 , 7400,,6600 ,5200 , 8400,,7100 ,5600 , 9100,,7200 ,5600 , 9800,,6500 ,5100 , 8900,,5900 ,4700 , 7800,,5400 ,4200 , 6800,,4700 ,3700 , 5900,,4100 ,3200 , 5200,,3800 ,3000 , 4700,,3500 ,2700 , 4500,,3300 ,2500 , 4200,,3000 ,2300 , 3900,,3000 ,2300 , 3900,,2900 ,2200 , 3800,,2800 ,2100 , 3700,,2700 ,2000 , 3600,,2300 ,1700 , 3200,,2100 ,1500 , 3000,,2000 ,1300 , 2800,,2000 ,1400 , 2900,,1900 ,1300 , 2700,,1800 ,1300 , 2600,,2000 ,1400 , 2800,,1800 ,1200 , 2500,,1700 ,1100 , 2600,,1600 ,950 , 2400,,1700 ,1000 , 2500,,1700 ,970 , 2500,,1700 ,970 , 2600,,1700 ,970 , 2600,
Tonga,... ,... , ...,,... ,... , ...,,... ,... , ...,,... ,... , ...,,... ,... , ...,,... ,... , ...,,... ,... , ...,,... ,... , ...,,... ,... , ...,,... ,... , ...,,... ,... , ...,,... ,... , ...,,... ,... , ...,,... ,... , ...,,... ,... , ...,,... ,... , ...,,... ,... , ...,,... ,... , ...,,... ,... , ...,,... ,... , ...,,... ,... , ...,,... ,... , ...,,... ,... , ...,,... ,... , ...,,... ,... , ...,,... ,... , ...,,... ,... , ...,,... ,... , ...,,... ,... , ...,,... ,... , ...,,... ,... , ...,,... ,... , ...,,... ,... , ...,,... ,... , ...,,... ,... , ...,
Trinidad and Tobago,... ,... , ...,"Estimates were not available at the time of publication.",... ,... , ...,"Estimates were not available at the time of publication.",... ,... , ...,"Estimates were not available at the time of publication.",... ,... , ...,"Estimates were not available at the time of publication.",... ,... , ...,"Estimates were not available at the time of publication.",... ,... , ...,"Estimates were not available at the time of publication.",... ,... , ...,"Estimates were not available at the time of publication.",... ,... , ...,"Estimates were not available at the time of publication.",... ,... , ...,"Estimates were not available at the time of publication.",... ,... , ...,"Estimates were not available at the time of publication.",... ,... , ...,"Estimates were not available at the time of publication.",... ,... , ...,"Estimates were not available at the time of publication.",... ,... , ...,"Estimates were not available at the time of publication.",... ,... , ...,"Estimates were not available at the time of publication.",... ,... , ...,"Estimates were not available at the time of publication.",... ,... , ...,"Estimates were not available at the time of publication.",... ,... , ...,"Estimates were not available at the time of publication.",... ,... , ...,"Estimates were not available at the time of publication.",... ,... , ...,"Estimates were not available at the time of publication.",... ,... , ...,"Estimates were not available at the time of publication.",... ,... , ...,"Estimates were not available at the time of publication.",... ,... , ...,"Estimates were not available at the time of publication.",... ,... , ...,"Estimates were not available at the time of publication.",... ,... , ...,"Estimates were not available at the time of publication.",... ,... , ...,"Estimates were not available at the time of publication.",... ,... , ...,"Estimates were not available at the time of publication.",... ,... , ...,"Estimates were not available at the time of publication.",... ,... , ...,"Estimates were not available at the time of publication.",... ,... , ...,"Estimates were not available at the time of publication.",... ,... , ...,"Estimates were not available at the time of publication.",... ,... , ...,"Estimates were not available at the time of publication.",... ,... , ...,"Estimates were not available at the time of publication.",... ,... , ...,"Estimates were not available at the time of publication.",... ,... , ...,"Estimates were not available at the time of publication.",... ,... , ...,"Estimates were not available at the time of publication."
Tunisia,<100 ,<100 , <200,,<100 ,<100 , <200,,<100 ,<100 , <500,,<100 ,<100 , <500,,<100 ,<100 , <500,,<100 ,<100 , <500,,<100 ,<100 , <200,,<100 ,<100 , <200,,<100 ,<100 , <200,,<100 ,<100 , <200,,<100 ,<100 , <200,,<100 ,<100 , <200,,<100 ,<100 , <200,,<100 ,<100 , <200,,<200 ,<100 , <200,,<200 ,<100 , <200,,<200 ,<100 , <200,,<200 ,<100 , <200,,<200 ,<100 , <200,,<200 ,<100 , <200,,<200 ,<100 , <200,,<200 ,<100 , <200,,<200 ,<100 , <200,,<200 ,<100 , <500,,<200 ,<100 , <500,,<200 ,<100 , <500,,<200 ,<100 , <500,,<200 ,<100 , <500,,<200 ,<100 , <500,,<200 ,<100 , <500,,<200 ,<100 , <500,,<200 ,<100 , <500,,<200 ,<100 , <500,,<200 ,<100 , <500,,<200 ,<100 , <500,
Turkmenistan,... ,... , ...,"Estimates were not available at the time of publication.",... ,... , ...,"Estimates were not available at the time of publication.",... ,... , ...,"Estimates were not available at the time of publication.",... ,... , ...,"Estimates were not available at the time of publication.",... ,... , ...,"Estimates were not available at the time of publication.",... ,... , ...,"Estimates were not available at the time of publication.",... ,... , ...,"Estimates were not available at the time of publication.",... ,... , ...,"Estimates were not available at the time of publication.",... ,... , ...,"Estimates were not available at the time of publication.",... ,... , ...,"Estimates were not available at the time of publication.",... ,... , ...,"Estimates were not available at the time of publication.",... ,... , ...,"Estimates were not available at the time of publication.",... ,... , ...,"Estimates were not available at the time of publication.",... ,... , ...,"Estimates were not available at the time of publication.",... ,... , ...,"Estimates were not available at the time of publication.",... ,... , ...,"Estimates were not available at the time of publication.",... ,... , ...,"Estimates were not available at the time of publication.",... ,... , ...,"Estimates were not available at the time of publication.",... ,... , ...,"Estimates were not available at the time of publication.",... ,... , ...,"Estimates were not available at the time of publication.",... ,... , ...,"Estimates were not available at the time of publication.",... ,... , ...,"Estimates were not available at the time of publication.",... ,... , ...,"Estimates were not available at the time of publication.",... ,... , ...,"Estimates were not available at the time of publication.",... ,... , ...,"Estimates were not available at the time of publication.",... ,... , ...,"Estimates were not available at the time of publication.",... ,... , ...,"Estimates were not available at the time of publication.",... ,... , ...,"Estimates were not available at the time of publication.",... ,... , ...,"Estimates were not available at the time of publication.",... ,... , ...,"Estimates were not available at the time of publication.",... ,... , ...,"Estimates were not available at the time of publication.",... ,... , ...,"Estimates were not available at the time of publication.",... ,... , ...,"Estimates were not available at the time of publication.",... ,... , ...,"Estimates were not available at the time of publication.",... ,... , ...,"Estimates were not available at the time of publication."
Tuvalu,... ,... , ...,"Estimates were not available at the time of publication.",... ,... , ...,"Estimates were not available at the time of publication.",... ,... , ...,"Estimates were not available at the time of publication.",... ,... , ...,"Estimates were not available at the time of publication.",... ,... , ...,"Estimates were not available at the time of publication.",... ,... , ...,"Estimates were not available at the time of publication.",... ,... , ...,"Estimates were not available at the time of publication.",... ,... , ...,"Estimates were not available at the time of publication.",... ,... , ...,"Estimates were not available at the time of publication.",... ,... , ...,"Estimates were not available at the time of publication.",... ,... , ...,"Estimates were not available at the time of publication.",... ,... , ...,"Estimates were not available at the time of publication.",... ,... , ...,"Estimates were not available at the time of publication.",... ,... , ...,"Estimates were not available at the time of publication.",... ,... , ...,"Estimates were not available at the time of publication.",... ,... , ...,"Estimates were not available at the time of publication.",... ,... , ...,"Estimates were not available at the time of publication.",... ,... , ...,"Estimates were not available at the time of publication.",... ,... , ...,"Estimates were not available at the time of publication.",... ,... , ...,"Estimates were not available at the time of publication.",... ,... , ...,"Estimates were not available at the time of publication.",... ,... , ...,"Estimates were not available at the time of publication.",... ,... , ...,"Estimates were not available at the time of publication.",... ,... , ...,"Estimates were not available at the time of publication.",... ,... , ...,"Estimates were not available at the time of publication.",... ,... , ...,"Estimates were not available at the time of publication.",... ,... , ...,"Estimates were not available at the time of publication.",... ,... , ...,"Estimates were not available at the time of publication.",... ,... , ...,"Estimates were not available at the time of publication.",... ,... , ...,"Estimates were not available at the time of publication.",... ,... , ...,"Estimates were not available at the time of publication.",... ,... , ...,"Estimates were not available at the time of publication.",... ,... , ...,"Estimates were not available at the time of publication.",... ,... , ...,"Estimates were not available at the time of publication.",... ,... , ...,"Estimates were not available at the time of publication."
Türkiye,... ,... , ...,"Estimates were not available at the time of publication.",... ,... , ...,"Estimates were not available at the time of publication.",... ,... , ...,"Estimates were not available at the time of publication.",... ,... , ...,"Estimates were not available at the time of publication.",... ,... , ...,"Estimates were not available at the time of publication.",... ,... , ...,"Estimates were not available at the time of publication.",... ,... , ...,"Estimates were not available at the time of publication.",... ,... , ...,"Estimates were not available at the time of publication.",... ,... , ...,"Estimates were not available at the time of publication.",... ,... , ...,"Estimates were not available at the time of publication.",... ,... , ...,"Estimates were not available at the time of publication.",... ,... , ...,"Estimates were not available at the time of publication.",... ,... , ...,"Estimates were not available at the time of publication.",... ,... , ...,"Estimates were not available at the time of publication.",... ,... , ...,"Estimates were not available at the time of publication.",... ,... , ...,"Estimates were not available at the time of publication.",... ,... , ...,"Estimates were not available at the time of publication.",... ,... , ...,"Estimates were not available at the time of publication.",... ,... , ...,"Estimates were not available at the time of publication.",... ,... , ...,"Estimates were not available at the time of publication.",... ,... , ...,"Estimates were not available at the time of publication.",... ,... , ...,"Estimates were not available at the time of publication.",... ,... , ...,"Estimates were not available at the time of publication.",... ,... , ...,"Estimates were not available at the time of publication.",... ,... , ...,"Estimates were not available at the time of publication.",... ,... , ...,"Estimates were not available at the time of publication.",... ,... , ...,"Estimates were not available at the time of publication.",... ,... , ...,"Estimates were not available at the time of publication.",... ,... , ...,"Estimates were not available at the time of publication.",... ,... , ...,"Estimates were not available at the time of publication.",... ,... , ...,"Estimates were not available at the time of publication.",... ,... , ...,"Estimates were not available at the time of publication.",... ,... , ...,"Estimates were not available at the time of publication.",... ,... , ...,"Estimates were not available at the time of publication.",... ,... , ...,"Estimates were not available at the time of publication."
Uganda,45 000 ,38 000 , 52 000,,42 000 ,37 000 , 48 000,,42 000 ,37 000 , 48 000,,41 000 ,36 000 , 48 000,,40 000 ,36 000 , 46 000,,41 000 ,36 000 , 47 000,,40 000 ,36 000 , 47 000,,40 000 ,36 000 , 46 000,,40 000 ,37 000 , 45 000,,40 000 ,35 000 , 45 000,,40 000 ,35 000 , 45 000,,40 000 ,36 000 , 46 000,,41 000 ,37 000 , 46 000,,41 000 ,37 000 , 46 000,,42 000 ,38 000 , 47 000,,41 000 ,36 000 , 47 000,,42 000 ,38 000 , 48 000,,44 000 ,39 000 , 50 000,,45 000 ,40 000 , 51 000,,45 000 ,41 000 , 53 000,,45 000 ,40 000 , 52 000,,46 000 ,40 000 , 53 000,,44 000 ,39 000 , 52 000,,41 000 ,36 000 , 49 000,,39 000 ,33 000 , 46 000,,37 000 ,32 000 , 45 000,,37 000 ,31 000 , 45 000,,33 000 ,28 000 , 41 000,,30 000 ,25 000 , 37 000,,28 000 ,24 000 , 37 000,,27 000 ,22 000 , 35 000,,28 000 ,22 000 , 37 000,,25 000 ,19 000 , 35 000,,23 000 ,17 000 , 32 000,,21 000 ,15 000 , 31 000,
Ukraine,... ,... , ...,"Estimates were not available at the time of publication.",... ,... , ...,"Estimates were not available at the time of publication.",... ,... , ...,"Estimates were not available at the time of publication.",... ,... , ...,"Estimates were not available at the time of publication.",... ,... , ...,"Estimates were not available at the time of publication.",... ,... , ...,"Estimates were not available at the time of publication.",... ,... , ...,"Estimates were not available at the time of publication.",... ,... , ...,"Estimates were not available at the time of publication.",... ,... , ...,"Estimates were not available at the time of publication.",... ,... , ...,"Estimates were not available at the time of publication.",... ,... , ...,"Estimates were not available at the time of publication.",... ,... , ...,"Estimates were not available at the time of publication.",... ,... , ...,"Estimates were not available at the time of publication.",... ,... , ...,"Estimates were not available at the time of publication.",... ,... , ...,"Estimates were not available at the time of publication.",... ,... , ...,"Estimates were not available at the time of publication.",... ,... , ...,"Estimates were not available at the time of publication.",... ,... , ...,"Estimates were not available at the time of publication.",... ,... , ...,"Estimates were not available at the time of publication.",... ,... , ...,"Estimates were not available at the time of publication.",... ,... , ...,"Estimates were not available at the time of publication.",... ,... , ...,"Estimates were not available at the time of publication.",... ,... , ...,"Estimates were not available at the time of publication.",... ,... , ...,"Estimates were not available at the time of publication.",... ,... , ...,"Estimates were not available at the time of publication.",... ,... , ...,"Estimates were not available at the time of publication.",... ,... , ...,"Estimates were not available at the time of publication.",... ,... , ...,"Estimates were not available at the time of publication.",... ,... , ...,"Estimates were not available at the time of publication.",... ,... , ...,"Estimates were not available at the time of publication.",... ,... , ...,"Estimates were not available at the time of publication.",... ,... , ...,"Estimates were not available at the time of publication.",... ,... , ...,"Estimates were not available at the time of publication.",... ,... , ...,"Estimates were not available at the time of publication.",... ,... , ...,"Estimates were not available at the time of publication."
United Arab Emirates,<100 ,<100 , <100,"Children estimates were not available at the time of publication.",<100 ,<100 , <100,"Children estimates were not available at the time of publication.",<100 ,<100 , <100,"Children estimates were not available at the time of publication.",<100 ,<100 , <100,"Children estimates were not available at the time of publication.",<100 ,<100 , <100,"Children estimates were not available at the time of publication.",<100 ,<100 , <100,"Children estimates were not available at the time of publication.",<100 ,<100 , <100,"Children estimates were not available at the time of publication.",<100 ,<100 , <100,"Children estimates were not available at the time of publication.",<100 ,<100 , <100,"Children estimates were not available at the time of publication.",<100 ,<100 , <100,"Children estimates were not available at the time of publication.",<100 ,<100 , <100,"Children estimates were not available at the time of publication.",<100 ,<100 , <100,"Children estimates were not available at the time of publication.",<100 ,<100 , <100,"Children estimates were not available at the time of publication.",<100 ,<100 , <100,"Children estimates were not available at the time of publication.",<100 ,<100 , <100,"Children estimates were not available at the time of publication.",<100 ,<100 , <100,"Children estimates were not available at the time of publication.",<100 ,<100 , <100,"Children estimates were not available at the time of publication.",<100 ,<100 , <100,"Children estimates were not available at the time of publication.",<100 ,<100 , <100,"Children estimates were not available at the time of publication.",<100 ,<100 , <100,"Children estimates were not available at the time of publication.",<100 ,<100 , <100,"Children estimates were not available at the time of publication.",<100 ,<100 , <100,"Children estimates were not available at the time of publication.",<100 ,<100 , <100,"Children estimates were not available at the time of publication.",<100 ,<100 , <100,"Children estimates were not available at the time of publication.",<100 ,<100 , <100,"Children estimates were not available at the time of publication.",<100 ,<100 , <100,"Children estimates were not available at the time of publication.",<100 ,<100 , <100,"Children estimates were not available at the time of publication.",<100 ,<100 , <100,"Children estimates were not available at the time of publication.",<100 ,<100 , <100,"Children estimates were not available at the time of publication.",<100 ,<100 , <100,"Children estimates were not available at the time of publication.",<100 ,<100 , <100,"Children estimates were not available at the time of publication.",<100 ,<100 , <100,"Children estimates were not available at the time of publication.",<100 ,<100 , <100,"Children estimates were not available at the time of publication.",<100 ,<100 , <100,"Children estimates were not available at the time of publication.",<100 ,<100 , <100,"Children estimates were not available at the time of publication."
United Kingdom,... ,... , ...,"Numbers are estimated by UNAIDS using the Spectrum model, based on the official national estimates (accessed May 2025). Any differences are within uncertainty margins of both sets of estimates, reflecting methodologies and assumptions. (https://www.gov.uk/government/statistics/hiv-annual-data-tables).",... ,... , ...,"Numbers are estimated by UNAIDS using the Spectrum model, based on the official national estimates (accessed May 2025). Any differences are within uncertainty margins of both sets of estimates, reflecting methodologies and assumptions. (https://www.gov.uk/government/statistics/hiv-annual-data-tables).",... ,... , ...,"Numbers are estimated by UNAIDS using the Spectrum model, based on the official national estimates (accessed May 2025). Any differences are within uncertainty margins of both sets of estimates, reflecting methodologies and assumptions. (https://www.gov.uk/government/statistics/hiv-annual-data-tables).",... ,... , ...,"Numbers are estimated by UNAIDS using the Spectrum model, based on the official national estimates (accessed May 2025). Any differences are within uncertainty margins of both sets of estimates, reflecting methodologies and assumptions. (https://www.gov.uk/government/statistics/hiv-annual-data-tables).",... ,... , ...,"Numbers are estimated by UNAIDS using the Spectrum model, based on the official national estimates (accessed May 2025). Any differences are within uncertainty margins of both sets of estimates, reflecting methodologies and assumptions. (https://www.gov.uk/government/statistics/hiv-annual-data-tables).",... ,... , ...,"Numbers are estimated by UNAIDS using the Spectrum model, based on the official national estimates (accessed May 2025). Any differences are within uncertainty margins of both sets of estimates, reflecting methodologies and assumptions. (https://www.gov.uk/government/statistics/hiv-annual-data-tables).",... ,... , ...,"Numbers are estimated by UNAIDS using the Spectrum model, based on the official national estimates (accessed May 2025). Any differences are within uncertainty margins of both sets of estimates, reflecting methodologies and assumptions. (https://www.gov.uk/government/statistics/hiv-annual-data-tables).",... ,... , ...,"Numbers are estimated by UNAIDS using the Spectrum model, based on the official national estimates (accessed May 2025). Any differences are within uncertainty margins of both sets of estimates, reflecting methodologies and assumptions. (https://www.gov.uk/government/statistics/hiv-annual-data-tables).",... ,... , ...,"Numbers are estimated by UNAIDS using the Spectrum model, based on the official national estimates (accessed May 2025). Any differences are within uncertainty margins of both sets of estimates, reflecting methodologies and assumptions. (https://www.gov.uk/government/statistics/hiv-annual-data-tables).",... ,... , ...,"Numbers are estimated by UNAIDS using the Spectrum model, based on the official national estimates (accessed May 2025). Any differences are within uncertainty margins of both sets of estimates, reflecting methodologies and assumptions. (https://www.gov.uk/government/statistics/hiv-annual-data-tables).",... ,... , ...,"Numbers are estimated by UNAIDS using the Spectrum model, based on the official national estimates (accessed May 2025). Any differences are within uncertainty margins of both sets of estimates, reflecting methodologies and assumptions. (https://www.gov.uk/government/statistics/hiv-annual-data-tables).",... ,... , ...,"Numbers are estimated by UNAIDS using the Spectrum model, based on the official national estimates (accessed May 2025). Any differences are within uncertainty margins of both sets of estimates, reflecting methodologies and assumptions. (https://www.gov.uk/government/statistics/hiv-annual-data-tables).",... ,... , ...,"Numbers are estimated by UNAIDS using the Spectrum model, based on the official national estimates (accessed May 2025). Any differences are within uncertainty margins of both sets of estimates, reflecting methodologies and assumptions. (https://www.gov.uk/government/statistics/hiv-annual-data-tables).",... ,... , ...,"Numbers are estimated by UNAIDS using the Spectrum model, based on the official national estimates (accessed May 2025). Any differences are within uncertainty margins of both sets of estimates, reflecting methodologies and assumptions. (https://www.gov.uk/government/statistics/hiv-annual-data-tables).",... ,... , ...,"Numbers are estimated by UNAIDS using the Spectrum model, based on the official national estimates (accessed May 2025). Any differences are within uncertainty margins of both sets of estimates, reflecting methodologies and assumptions. (https://www.gov.uk/government/statistics/hiv-annual-data-tables).",... ,... , ...,"Numbers are estimated by UNAIDS using the Spectrum model, based on the official national estimates (accessed May 2025). Any differences are within uncertainty margins of both sets of estimates, reflecting methodologies and assumptions. (https://www.gov.uk/government/statistics/hiv-annual-data-tables).",... ,... , ...,"Numbers are estimated by UNAIDS using the Spectrum model, based on the official national estimates (accessed May 2025). Any differences are within uncertainty margins of both sets of estimates, reflecting methodologies and assumptions. (https://www.gov.uk/government/statistics/hiv-annual-data-tables).",... ,... , ...,"Numbers are estimated by UNAIDS using the Spectrum model, based on the official national estimates (accessed May 2025). Any differences are within uncertainty margins of both sets of estimates, reflecting methodologies and assumptions. (https://www.gov.uk/government/statistics/hiv-annual-data-tables).",... ,... , ...,"Numbers are estimated by UNAIDS using the Spectrum model, based on the official national estimates (accessed May 2025). Any differences are within uncertainty margins of both sets of estimates, reflecting methodologies and assumptions. (https://www.gov.uk/government/statistics/hiv-annual-data-tables).",... ,... , ...,"Numbers are estimated by UNAIDS using the Spectrum model, based on the official national estimates (accessed May 2025). Any differences are within uncertainty margins of both sets of estimates, reflecting methodologies and assumptions. (https://www.gov.uk/government/statistics/hiv-annual-data-tables).",... ,... , ...,"Numbers are estimated by UNAIDS using the Spectrum model, based on the official national estimates (accessed May 2025). Any differences are within uncertainty margins of both sets of estimates, reflecting methodologies and assumptions. (https://www.gov.uk/government/statistics/hiv-annual-data-tables).",... ,... , ...,"Numbers are estimated by UNAIDS using the Spectrum model, based on the official national estimates (accessed May 2025). Any differences are within uncertainty margins of both sets of estimates, reflecting methodologies and assumptions. (https://www.gov.uk/government/statistics/hiv-annual-data-tables).",... ,... , ...,"Numbers are estimated by UNAIDS using the Spectrum model, based on the official national estimates (accessed May 2025). Any differences are within uncertainty margins of both sets of estimates, reflecting methodologies and assumptions. (https://www.gov.uk/government/statistics/hiv-annual-data-tables).",... ,... , ...,"Numbers are estimated by UNAIDS using the Spectrum model, based on the official national estimates (accessed May 2025). Any differences are within uncertainty margins of both sets of estimates, reflecting methodologies and assumptions. (https://www.gov.uk/government/statistics/hiv-annual-data-tables).",... ,... , ...,"Numbers are estimated by UNAIDS using the Spectrum model, based on the official national estimates (accessed May 2025). Any differences are within uncertainty margins of both sets of estimates, reflecting methodologies and assumptions. (https://www.gov.uk/government/statistics/hiv-annual-data-tables).",... ,... , ...,"Numbers are estimated by UNAIDS using the Spectrum model, based on the official national estimates (accessed May 2025). Any differences are within uncertainty margins of both sets of estimates, reflecting methodologies and assumptions. (https://www.gov.uk/government/statistics/hiv-annual-data-tables).",870 ,690 , 1100,"Numbers are estimated by UNAIDS using the Spectrum model, based on the official national estimates (accessed May 2025). Any differences are within uncertainty margins of both sets of estimates, reflecting methodologies and assumptions. (https://www.gov.uk/government/statistics/hiv-annual-data-tables).",830 ,670 , 1000,"Numbers are estimated by UNAIDS using the Spectrum model, based on the official national estimates (accessed May 2025). Any differences are within uncertainty margins of both sets of estimates, reflecting methodologies and assumptions. (https://www.gov.uk/government/statistics/hiv-annual-data-tables).",770 ,610 , 970,"Numbers are estimated by UNAIDS using the Spectrum model, based on the official national estimates (accessed May 2025). Any differences are within uncertainty margins of both sets of estimates, reflecting methodologies and assumptions. (https://www.gov.uk/government/statistics/hiv-annual-data-tables).",710 ,560 , 870,"Numbers are estimated by UNAIDS using the Spectrum model, based on the official national estimates (accessed May 2025). Any differences are within uncertainty margins of both sets of estimates, reflecting methodologies and assumptions. (https://www.gov.uk/government/statistics/hiv-annual-data-tables).",650 ,520 , 820,"Numbers are estimated by UNAIDS using the Spectrum model, based on the official national estimates (accessed May 2025). Any differences are within uncertainty margins of both sets of estimates, reflecting methodologies and assumptions. (https://www.gov.uk/government/statistics/hiv-annual-data-tables).",590 ,<500 , 740,"Numbers are estimated by UNAIDS using the Spectrum model, based on the official national estimates (accessed May 2025). Any differences are within uncertainty margins of both sets of estimates, reflecting methodologies and assumptions. (https://www.gov.uk/government/statistics/hiv-annual-data-tables).",560 ,<500 , 690,"Numbers are estimated by UNAIDS using the Spectrum model, based on the official national estimates (accessed May 2025). Any differences are within uncertainty margins of both sets of estimates, reflecting methodologies and assumptions. (https://www.gov.uk/government/statistics/hiv-annual-data-tables).",610 ,<500 , 770,"Numbers are estimated by UNAIDS using the Spectrum model, based on the official national estimates (accessed May 2025). Any differences are within uncertainty margins of both sets of estimates, reflecting methodologies and assumptions. (https://www.gov.uk/government/statistics/hiv-annual-data-tables).",... ,... , ...,"Numbers are estimated by UNAIDS using the Spectrum model, based on the official national estimates (accessed May 2025). Any differences are within uncertainty margins of both sets of estimates, reflecting methodologies and assumptions. (https://www.gov.uk/government/statistics/hiv-annual-data-tables)."
United Republic of Tanzania,73 000 ,64 000 , 83 000,,74 000 ,66 000 , 83 000,,73 000 ,63 000 , 82 000,,71 000 ,61 000 , 80 000,,67 000 ,58 000 , 76 000,,63 000 ,54 000 , 73 000,,59 000 ,52 000 , 68 000,,57 000 ,51 000 , 65 000,,53 000 ,47 000 , 61 000,,51 000 ,45 000 , 60 000,,49 000 ,43 000 , 58 000,,47 000 ,41 000 , 56 000,,47 000 ,41 000 , 54 000,,45 000 ,40 000 , 52 000,,44 000 ,38 000 , 50 000,,43 000 ,38 000 , 50 000,,42 000 ,37 000 , 49 000,,40 000 ,34 000 , 47 000,,39 000 ,33 000 , 47 000,,42 000 ,36 000 , 50 000,,43 000 ,37 000 , 51 000,,46 000 ,40 000 , 54 000,,47 000 ,41 000 , 56 000,,51 000 ,45 000 , 62 000,,56 000 ,48 000 , 66 000,,59 000 ,51 000 , 72 000,,66 000 ,58 000 , 80 000,,64 000 ,55 000 , 77 000,,62 000 ,53 000 , 76 000,,56 000 ,48 000 , 70 000,,47 000 ,39 000 , 60 000,,43 000 ,35 000 , 57 000,,36 000 ,29 000 , 50 000,,32 000 ,24 000 , 45 000,,25 000 ,18 000 , 39 000,
United States,... ,... , ...,"Estimates were not available at the time of publication.",... ,... , ...,"Estimates were not available at the time of publication.",... ,... , ...,"Estimates were not available at the time of publication.",... ,... , ...,"Estimates were not available at the time of publication.",... ,... , ...,"Estimates were not available at the time of publication.",... ,... , ...,"Estimates were not available at the time of publication.",... ,... , ...,"Estimates were not available at the time of publication.",... ,... , ...,"Estimates were not available at the time of publication.",... ,... , ...,"Estimates were not available at the time of publication.",... ,... , ...,"Estimates were not available at the time of publication.",... ,... , ...,"Estimates were not available at the time of publication.",... ,... , ...,"Estimates were not available at the time of publication.",... ,... , ...,"Estimates were not available at the time of publication.",... ,... , ...,"Estimates were not available at the time of publication.",... ,... , ...,"Estimates were not available at the time of publication.",... ,... , ...,"Estimates were not available at the time of publication.",... ,... , ...,"Estimates were not available at the time of publication.",... ,... , ...,"Estimates were not available at the time of publication.",... ,... , ...,"Estimates were not available at the time of publication.",... ,... , ...,"Estimates were not available at the time of publication.",... ,... , ...,"Estimates were not available at the time of publication.",... ,... , ...,"Estimates were not available at the time of publication.",... ,... , ...,"Estimates were not available at the time of publication.",... ,... , ...,"Estimates were not available at the time of publication.",... ,... , ...,"Estimates were not available at the time of publication.",... ,... , ...,"Estimates were not available at the time of publication.",... ,... , ...,"Estimates were not available at the time of publication.",... ,... , ...,"Estimates were not available at the time of publication.",... ,... , ...,"Estimates were not available at the time of publication.",... ,... , ...,"Estimates were not available at the time of publication.",... ,... , ...,"Estimates were not available at the time of publication.",... ,... , ...,"Estimates were not available at the time of publication.",... ,... , ...,"Estimates were not available at the time of publication.",... ,... , ...,"Estimates were not available at the time of publication.",... ,... , ...,"Estimates were not available at the time of publication."
Uruguay,... ,... , ...,"Estimates were not available at the time of publication.",... ,... , ...,"Estimates were not available at the time of publication.",... ,... , ...,"Estimates were not available at the time of publication.",... ,... , ...,"Estimates were not available at the time of publication.",... ,... , ...,"Estimates were not available at the time of publication.",... ,... , ...,"Estimates were not available at the time of publication.",... ,... , ...,"Estimates were not available at the time of publication.",... ,... , ...,"Estimates were not available at the time of publication.",... ,... , ...,"Estimates were not available at the time of publication.",... ,... , ...,"Estimates were not available at the time of publication.",... ,... , ...,"Estimates were not available at the time of publication.",... ,... , ...,"Estimates were not available at the time of publication.",... ,... , ...,"Estimates were not available at the time of publication.",... ,... , ...,"Estimates were not available at the time of publication.",... ,... , ...,"Estimates were not available at the time of publication.",... ,... , ...,"Estimates were not available at the time of publication.",... ,... , ...,"Estimates were not available at the time of publication.",... ,... , ...,"Estimates were not available at the time of publication.",... ,... , ...,"Estimates were not available at the time of publication.",... ,... , ...,"Estimates were not available at the time of publication.",... ,... , ...,"Estimates were not available at the time of publication.",... ,... , ...,"Estimates were not available at the time of publication.",... ,... , ...,"Estimates were not available at the time of publication.",... ,... , ...,"Estimates were not available at the time of publication.",... ,... , ...,"Estimates were not available at the time of publication.",... ,... , ...,"Estimates were not available at the time of publication.",... ,... , ...,"Estimates were not available at the time of publication.",... ,... , ...,"Estimates were not available at the time of publication.",... ,... , ...,"Estimates were not available at the time of publication.",... ,... , ...,"Estimates were not available at the time of publication.",... ,... , ...,"Estimates were not available at the time of publication.",... ,... , ...,"Estimates were not available at the time of publication.",... ,... , ...,"Estimates were not available at the time of publication.",... ,... , ...,"Estimates were not available at the time of publication.",... ,... , ...,"Estimates were not available at the time of publication."
Uzbekistan,... ,... , ...,"Estimates were not available at the time of publication.",... ,... , ...,"Estimates were not available at the time of publication.",... ,... , ...,"Estimates were not available at the time of publication.",... ,... , ...,"Estimates were not available at the time of publication.",... ,... , ...,"Estimates were not available at the time of publication.",... ,... , ...,"Estimates were not available at the time of publication.",... ,... , ...,"Estimates were not available at the time of publication.",... ,... , ...,"Estimates were not available at the time of publication.",... ,... , ...,"Estimates were not available at the time of publication.",... ,... , ...,"Estimates were not available at the time of publication.",... ,... , ...,"Estimates were not available at the time of publication.",... ,... , ...,"Estimates were not available at the time of publication.",... ,... , ...,"Estimates were not available at the time of publication.",... ,... , ...,"Estimates were not available at the time of publication.",... ,... , ...,"Estimates were not available at the time of publication.",... ,... , ...,"Estimates were not available at the time of publication.",... ,... , ...,"Estimates were not available at the time of publication.",... ,... , ...,"Estimates were not available at the time of publication.",... ,... , ...,"Estimates were not available at the time of publication.",... ,... , ...,"Estimates were not available at the time of publication.",... ,... , ...,"Estimates were not available at the time of publication.",... ,... , ...,"Estimates were not available at the time of publication.",... ,... , ...,"Estimates were not available at the time of publication.",... ,... , ...,"Estimates were not available at the time of publication.",... ,... , ...,"Estimates were not available at the time of publication.",... ,... , ...,"Estimates were not available at the time of publication.",... ,... , ...,"Estimates were not available at the time of publication.",... ,... , ...,"Estimates were not available at the time of publication.",... ,... , ...,"Estimates were not available at the time of publication.",... ,... , ...,"Estimates were not available at the time of publication.",... ,... , ...,"Estimates were not available at the time of publication.",... ,... , ...,"Estimates were not available at the time of publication.",... ,... , ...,"Estimates were not available at the time of publication.",... ,... , ...,"Estimates were not available at the time of publication.",... ,... , ...,"Estimates were not available at the time of publication."
Vanuatu,... ,... , ...,"Estimates were not available at the time of publication.",... ,... , ...,"Estimates were not available at the time of publication.",... ,... , ...,"Estimates were not available at the time of publication.",... ,... , ...,"Estimates were not available at the time of publication.",... ,... , ...,"Estimates were not available at the time of publication.",... ,... , ...,"Estimates were not available at the time of publication.",... ,... , ...,"Estimates were not available at the time of publication.",... ,... , ...,"Estimates were not available at the time of publication.",... ,... , ...,"Estimates were not available at the time of publication.",... ,... , ...,"Estimates were not available at the time of publication.",... ,... , ...,"Estimates were not available at the time of publication.",... ,... , ...,"Estimates were not available at the time of publication.",... ,... , ...,"Estimates were not available at the time of publication.",... ,... , ...,"Estimates were not available at the time of publication.",... ,... , ...,"Estimates were not available at the time of publication.",... ,... , ...,"Estimates were not available at the time of publication.",... ,... , ...,"Estimates were not available at the time of publication.",... ,... , ...,"Estimates were not available at the time of publication.",... ,... , ...,"Estimates were not available at the time of publication.",... ,... , ...,"Estimates were not available at the time of publication.",... ,... , ...,"Estimates were not available at the time of publication.",... ,... , ...,"Estimates were not available at the time of publication.",... ,... , ...,"Estimates were not available at the time of publication.",... ,... , ...,"Estimates were not available at the time of publication.",... ,... , ...,"Estimates were not available at the time of publication.",... ,... , ...,"Estimates were not available at the time of publication.",... ,... , ...,"Estimates were not available at the time of publication.",... ,... , ...,"Estimates were not available at the time of publication.",... ,... , ...,"Estimates were not available at the time of publication.",... ,... , ...,"Estimates were not available at the time of publication.",... ,... , ...,"Estimates were not available at the time of publication.",... ,... , ...,"Estimates were not available at the time of publication.",... ,... , ...,"Estimates were not available at the time of publication.",... ,... , ...,"Estimates were not available at the time of publication.",... ,... , ...,"Estimates were not available at the time of publication."
Venezuela (Bolivarian Republic of),<500 ,<500 , <500,,<500 ,<500 , <500,,<500 ,<500 , 570,,590 ,500 , 680,,720 ,630 , 830,,880 ,760 , 990,,1100 ,940 , 1200,,1300 ,1100 , 1500,,1600 ,1300 , 1800,,1900 ,1600 , 2100,,2200 ,1900 , 2500,,2600 ,2200 , 3000,,3100 ,2700 , 3600,,3500 ,2900 , 4200,,3500 ,2500 , 4300,,2600 ,1700 , 3800,,1100 ,<500 , 2100,,<500 ,<200 , 990,,<500 ,<500 , 980,,510 ,<500 , 1000,,590 ,<500 , 1000,,670 ,<500 , 1000,,760 ,530 , 1100,,860 ,610 , 1200,,960 ,680 , 1300,,1100 ,760 , 1400,,1200 ,860 , 1600,,1300 ,930 , 1700,,1400 ,1000 , 1800,,1500 ,1000 , 1900,,1500 ,1100 , 1900,,1700 ,1200 , 2100,,1800 ,1200 , 2300,,1900 ,1300 , 2500,,2100 ,1500 , 2700,
Viet Nam,<100 ,<100 , <100,,<200 ,<200 , <500,,<500 ,<500 , <500,,600 ,<500 , 710,,990 ,810 , 1200,,1500 ,1200 , 1700,,2100 ,1700 , 2400,,2700 ,2200 , 3100,,3200 ,2800 , 3800,,3700 ,3100 , 4300,,4100 ,3600 , 4800,,4600 ,3900 , 5400,,4900 ,4300 , 5700,,5100 ,4500 , 5800,,5300 ,4600 , 6000,,5300 ,4700 , 6100,,5200 ,4500 , 5900,,5100 ,4500 , 5800,,4800 ,4200 , 5400,,4500 ,4000 , 5100,,4300 ,3700 , 4900,,4000 ,3500 , 4600,,3800 ,3400 , 4300,,3700 ,3300 , 4100,,3400 ,2900 , 3700,,3100 ,2700 , 3300,,2800 ,2400 , 3100,,2500 ,2200 , 2800,,2200 ,2000 , 2500,,1900 ,1700 , 2200,,1700 ,1400 , 1900,,1400 ,1200 , 1600,,1200 ,1100 , 1400,,1100 ,970 , 1300,,1000 ,910 , 1200,
Yemen,<100 ,<100 , <100,,<100 ,<100 , <100,,<100 ,<100 , <100,,<100 ,<100 , <100,,<100 ,<100 , <100,,<100 ,<100 , <100,,<100 ,<100 , <100,,<100 ,<100 , <100,,<100 ,<100 , <100,,<100 ,<100 , <100,,<100 ,<100 , <100,,<200 ,<100 , <200,,<200 ,<200 , <200,,<200 ,<200 , <200,,<200 ,<200 , <200,,<200 ,<200 , <500,,<500 ,<200 , <500,,<500 ,<500 , <500,,<500 ,<200 , <500,,<500 ,<200 , <500,,<500 ,<200 , <500,,<200 ,<200 , <500,,<200 ,<200 , <500,,<200 ,<200 , <500,,<500 ,<200 , <500,,<500 ,<500 , <500,,<500 ,<500 , <500,,<500 ,<500 , <500,,<500 ,<500 , <500,,<500 ,<500 , <500,,<500 ,<500 , <500,,<500 ,<500 , <500,,<500 ,<500 , <500,,<500 ,<500 , 500,,<500 ,<500 , 520,
Zambia,44 000 ,39 000 , 49 000,,46 000 ,41 000 , 52 000,,46 000 ,40 000 , 52 000,,43 000 ,37 000 , 49 000,,42 000 ,36 000 , 47 000,,40 000 ,34 000 , 44 000,,38 000 ,33 000 , 43 000,,36 000 ,31 000 , 40 000,,35 000 ,31 000 , 39 000,,34 000 ,30 000 , 38 000,,33 000 ,29 000 , 37 000,,32 000 ,29 000 , 36 000,,32 000 ,28 000 , 36 000,,31 000 ,28 000 , 35 000,,30 000 ,27 000 , 34 000,,30 000 ,26 000 , 34 000,,30 000 ,26 000 , 34 000,,29 000 ,25 000 , 34 000,,28 000 ,24 000 , 33 000,,29 000 ,25 000 , 33 000,,31 000 ,27 000 , 36 000,,33 000 ,29 000 , 37 000,,34 000 ,31 000 , 39 000,,37 000 ,33 000 , 42 000,,38 000 ,34 000 , 44 000,,40 000 ,35 000 , 45 000,,41 000 ,37 000 , 47 000,,42 000 ,37 000 , 49 000,,40 000 ,35 000 , 47 000,,35 000 ,30 000 , 42 000,,29 000 ,24 000 , 35 000,,24 000 ,20 000 , 30 000,,22 000 ,17 000 , 28 000,,19 000 ,14 000 , 25 000,,18 000 ,13 000 , 24 000,
Zimbabwe,140 000 ,120 000 , 160 000,,140 000 ,120 000 , 160 000,,130 000 ,110 000 , 150 000,,110 000 ,100 000 , 130 000,,100 000 ,88 000 , 120 000,,86 000 ,74 000 , 98 000,,74 000 ,63 000 , 85 000,,66 000 ,58 000 , 75 000,,59 000 ,51 000 , 68 000,,54 000 ,46 000 , 62 000,,49 000 ,41 000 , 56 000,,46 000 ,39 000 , 54 000,,43 000 ,37 000 , 50 000,,40 000 ,35 000 , 47 000,,39 000 ,34 000 , 46 000,,38 000 ,33 000 , 44 000,,37 000 ,32 000 , 43 000,,35 000 ,30 000 , 41 000,,33 000 ,29 000 , 39 000,,32 000 ,28 000 , 38 000,,31 000 ,27 000 , 37 000,,26 000 ,22 000 , 31 000,,25 000 ,21 000 , 31 000,,23 000 ,19 000 , 29 000,,20 000 ,17 000 , 26 000,,19 000 ,16 000 , 24 000,,19 000 ,15 000 , 25 000,,15 000 ,12 000 , 20 000,,12 000 ,9000 , 16 000,,10 000 ,7800 , 14 000,,8700 ,6600 , 11 000,,10 000 ,8100 , 13 000,,8000 ,6100 , 11 000,,7500 ,5700 , 9900,,7600 ,5800 , 10 000,
Global,1 100 000 ,820 000,1 400 000,,1 200 000 ,920 000,1 600 000,,1 300 000 ,990 000,1 700 000,,1 300 000 ,1 000 000,1 800 000,,1 400 000 ,1 100 000,1 900 000,,1 400 000 ,1 100 000,1 900 000,,1 500 000 ,1 100 000,1 900 000,,1 400 000 ,1 100 000,1 900 000,,1 300 000 ,1 000 000,1 800 000,,1 300 000 ,980 000,1 700 000,,1 200 000 ,940 000,1 600 000,,1 200 000 ,900 000,1 500 000,,1 100 000 ,860 000,1 500 000,,1 100 000 ,830 000,1 400 000,,1 000 000 ,810 000,1 400 000,,1 000 000 ,780 000,1 300 000,,990 000 ,760 000,1 300 000,,970 000 ,750 000,1 300 000,,950 000 ,730 000,1 300 000,,930 000 ,720 000,1 200 000,,920 000 ,710 000,1 200 000,,900 000 ,700 000,1 200 000,,880 000 ,680 000,1 200 000,,860 000 ,670 000,1 100 000,,840 000 ,650 000,1 100 000,,820 000 ,640 000,1 100 000,,800 000 ,620 000,1 100 000,,760 000 ,590 000,1 000 000,,730 000 ,560 000,970 000,,700 000 ,540 000,930 000,,660 000 ,510 000,870 000,,630 000 ,490 000,840 000,,590 000 ,460 000,790 000,,560 000 ,430 000,750 000,,530 000 ,410 000,710 000,
