Country,1990,1990_lower, 1990_upper, 1990_Footnote, 1991,1991_lower, 1991_upper, 1991_Footnote, 1992,1992_lower, 1992_upper, 1992_Footnote, 1993,1993_lower, 1993_upper, 1993_Footnote, 1994,1994_lower, 1994_upper, 1994_Footnote, 1995,1995_lower, 1995_upper, 1995_Footnote, 1996,1996_lower, 1996_upper, 1996_Footnote, 1997,1997_lower, 1997_upper, 1997_Footnote, 1998,1998_lower, 1998_upper, 1998_Footnote, 1999,1999_lower, 1999_upper, 1999_Footnote, 2000,2000_lower, 2000_upper, 2000_Footnote, 2001,2001_lower, 2001_upper, 2001_Footnote, 2002,2002_lower, 2002_upper, 2002_Footnote, 2003,2003_lower, 2003_upper, 2003_Footnote, 2004,2004_lower, 2004_upper, 2004_Footnote, 2005,2005_lower, 2005_upper, 2005_Footnote, 2006,2006_lower, 2006_upper, 2006_Footnote, 2007,2007_lower, 2007_upper, 2007_Footnote, 2008,2008_lower, 2008_upper, 2008_Footnote, 2009,2009_lower, 2009_upper, 2009_Footnote, 2010,2010_lower, 2010_upper, 2010_Footnote, 2011,2011_lower, 2011_upper, 2011_Footnote, 2012,2012_lower, 2012_upper, 2012_Footnote, 2013,2013_lower, 2013_upper, 2013_Footnote, 2014,2014_lower, 2014_upper, 2014_Footnote, 2015,2015_lower, 2015_upper, 2015_Footnote, 2016,2016_lower, 2016_upper, 2016_Footnote, 2017,2017_lower, 2017_upper, 2017_Footnote, 2018,2018_lower, 2018_upper, 2018_Footnote, 2019,2019_lower, 2019_upper, 2019_Footnote, 2020,2020_lower, 2020_upper, 2020_Footnote, 2021,2021_lower, 2021_upper, 2021_Footnote, 2022,2022_lower, 2022_upper, 2022_Footnote, 2023,2023_lower, 2023_upper, 2023_Footnote, 2024,2024_lower, 2024_upper, 2024_Footnote
Afghanistan,<100 ,<100 , <200,,<100 ,<100 , <200,,<100 ,<100 , <200,,<100 ,<100 , <200,,<200 ,<100 , <500,,<200 ,<100 , <500,,<200 ,<100 , <500,,<200 ,<100 , <500,,<200 ,<100 , <500,,<200 ,<100 , <500,,<500 ,<100 , 500,,<500 ,<200 , 560,,<500 ,<200 , 630,,<500 ,<200 , 760,,<500 ,<200 , 840,,<500 ,<200 , 890,,<500 ,<200 , 1100,,<500 ,<200 , 1300,,<500 ,<200 , 1500,,<500 ,<200 , 1600,,520 ,<200 , 1900,,580 ,<200 , 2200,,580 ,<200 , 2300,,690 ,<500 , 2700,,760 ,<500 , 3100,,830 ,<500 , 3400,,890 ,<500 , 3800,,940 ,<500 , 4300,,1000 ,<500 , 4800,,1100 ,<500 , 5600,,1200 ,<500 , 6500,,1200 ,<500 , 6300,,1300 ,<500 , 7300,,1400 ,<500 , 7900,,1600 ,<500 , 9100,
Albania,<100 ,<100 , <100,"Children estimates were not available at the time of publication.",<100 ,<100 , <100,"Children estimates were not available at the time of publication.",<100 ,<100 , <100,"Children estimates were not available at the time of publication.",<100 ,<100 , <100,"Children estimates were not available at the time of publication.",<100 ,<100 , <100,"Children estimates were not available at the time of publication.",<100 ,<100 , <100,"Children estimates were not available at the time of publication.",<100 ,<100 , <100,"Children estimates were not available at the time of publication.",<100 ,<100 , <100,"Children estimates were not available at the time of publication.",<100 ,<100 , <100,"Children estimates were not available at the time of publication.",<100 ,<100 , <100,"Children estimates were not available at the time of publication.",<100 ,<100 , <100,"Children estimates were not available at the time of publication.",<100 ,<100 , <100,"Children estimates were not available at the time of publication.",<100 ,<100 , <100,"Children estimates were not available at the time of publication.",<100 ,<100 , <100,"Children estimates were not available at the time of publication.",<100 ,<100 , <100,"Children estimates were not available at the time of publication.",<100 ,<100 , <100,"Children estimates were not available at the time of publication.",<100 ,<100 , <100,"Children estimates were not available at the time of publication.",<100 ,<100 , <100,"Children estimates were not available at the time of publication.",<100 ,<100 , <100,"Children estimates were not available at the time of publication.",<100 ,<100 , <100,"Children estimates were not available at the time of publication.",<100 ,<100 , <100,"Children estimates were not available at the time of publication.",<100 ,<100 , <100,"Children estimates were not available at the time of publication.",<100 ,<100 , <100,"Children estimates were not available at the time of publication.",<100 ,<100 , <100,"Children estimates were not available at the time of publication.",<100 ,<100 , <100,"Children estimates were not available at the time of publication.",<100 ,<100 , <100,"Children estimates were not available at the time of publication.",<100 ,<100 , <100,"Children estimates were not available at the time of publication.",<100 ,<100 , <100,"Children estimates were not available at the time of publication.",<100 ,<100 , <100,"Children estimates were not available at the time of publication.",<100 ,<100 , <100,"Children estimates were not available at the time of publication.",<100 ,<100 , <100,"Children estimates were not available at the time of publication.",<100 ,<100 , <100,"Children estimates were not available at the time of publication.",<100 ,<100 , <200,"Children estimates were not available at the time of publication.",<100 ,<100 , <200,"Children estimates were not available at the time of publication.",<100 ,<100 , <200,"Children estimates were not available at the time of publication."
Algeria,<100 ,<100 , <100,,<100 ,<100 , <100,,<100 ,<100 , <100,,<100 ,<100 , <100,,<200 ,<100 , <200,,<200 ,<200 , <200,,<200 ,<200 , <200,,<200 ,<200 , <200,,<200 ,<200 , <500,,<500 ,<200 , <500,,<500 ,<500 , <500,,<500 ,<500 , <500,,<500 ,<500 , <500,,<500 ,<500 , <500,,<500 ,<500 , <500,,510 ,<500 , 570,,580 ,500 , 650,,640 ,540 , 720,,670 ,540 , 800,,670 ,550 , 850,,640 ,510 , 770,,610 ,<500 , 730,,600 ,<500 , 730,,600 ,<500 , 720,,620 ,510 , 760,,650 ,540 , 800,,690 ,560 , 850,,750 ,600 , 920,,810 ,650 , 1000,,900 ,690 , 1200,,990 ,760 , 1200,,1100 ,850 , 1400,,1200 ,930 , 1600,,1400 ,1000 , 1800,,1500 ,1100 , 2000,
Angola,2100 ,1300 , 3100,,2300 ,1500 , 3400,,2700 ,1800 , 3800,,2900 ,2100 , 3900,,3100 ,2300 , 4200,,3300 ,2500 , 4500,,3500 ,2700 , 4700,,3700 ,3000 , 4800,,3900 ,3100 , 4900,,4100 ,3300 , 5300,,4300 ,3400 , 5300,,4400 ,3500 , 5400,,4700 ,3900 , 5800,,4900 ,4000 , 6100,,5000 ,4200 , 6200,,5300 ,4400 , 6500,,5200 ,4200 , 6400,,5300 ,4400 , 6500,,5500 ,4600 , 6900,,5500 ,4500 , 6900,,5400 ,4400 , 6600,,5400 ,4500 , 7100,,5400 ,4400 , 6800,,5200 ,4200 , 6400,,5000 ,4000 , 6500,,4800 ,3800 , 6100,,4700 ,3800 , 6200,,4700 ,3700 , 6000,,4600 ,3700 , 6000,,4600 ,3700 , 5800,,4500 ,3600 , 5800,,4300 ,3500 , 5600,,4100 ,3200 , 5400,,4000 ,3200 , 5300,,3900 ,3000 , 5200,
Antigua and Barbuda,<100 ,<100 , <100,"Countries with a UNAIDS-approved estimate and population less than 250000 in 2024; not included in regional or global totals",<100 ,<100 , <100,"Countries with a UNAIDS-approved estimate and population less than 250000 in 2024; not included in regional or global totals",<100 ,<100 , <100,"Countries with a UNAIDS-approved estimate and population less than 250000 in 2024; not included in regional or global totals",<100 ,<100 , <100,"Countries with a UNAIDS-approved estimate and population less than 250000 in 2024; not included in regional or global totals",<100 ,<100 , <100,"Countries with a UNAIDS-approved estimate and population less than 250000 in 2024; not included in regional or global totals",<100 ,<100 , <100,"Countries with a UNAIDS-approved estimate and population less than 250000 in 2024; not included in regional or global totals",<100 ,<100 , <100,"Countries with a UNAIDS-approved estimate and population less than 250000 in 2024; not included in regional or global totals",<100 ,<100 , <100,"Countries with a UNAIDS-approved estimate and population less than 250000 in 2024; not included in regional or global totals",<100 ,<100 , <100,"Countries with a UNAIDS-approved estimate and population less than 250000 in 2024; not included in regional or global totals",<100 ,<100 , <100,"Countries with a UNAIDS-approved estimate and population less than 250000 in 2024; not included in regional or global totals",<100 ,<100 , <100,"Countries with a UNAIDS-approved estimate and population less than 250000 in 2024; not included in regional or global totals",<100 ,<100 , <100,"Countries with a UNAIDS-approved estimate and population less than 250000 in 2024; not included in regional or global totals",<100 ,<100 , <100,"Countries with a UNAIDS-approved estimate and population less than 250000 in 2024; not included in regional or global totals",<100 ,<100 , <100,"Countries with a UNAIDS-approved estimate and population less than 250000 in 2024; not included in regional or global totals",<100 ,<100 , <100,"Countries with a UNAIDS-approved estimate and population less than 250000 in 2024; not included in regional or global totals",<100 ,<100 , <100,"Countries with a UNAIDS-approved estimate and population less than 250000 in 2024; not included in regional or global totals",<100 ,<100 , <100,"Countries with a UNAIDS-approved estimate and population less than 250000 in 2024; not included in regional or global totals",<100 ,<100 , <100,"Countries with a UNAIDS-approved estimate and population less than 250000 in 2024; not included in regional or global totals",<100 ,<100 , <100,"Countries with a UNAIDS-approved estimate and population less than 250000 in 2024; not included in regional or global totals",<100 ,<100 , <100,"Countries with a UNAIDS-approved estimate and population less than 250000 in 2024; not included in regional or global totals",<100 ,<100 , <100,"Countries with a UNAIDS-approved estimate and population less than 250000 in 2024; not included in regional or global totals",<100 ,<100 , <100,"Countries with a UNAIDS-approved estimate and population less than 250000 in 2024; not included in regional or global totals",<100 ,<100 , <100,"Countries with a UNAIDS-approved estimate and population less than 250000 in 2024; not included in regional or global totals",<100 ,<100 , <100,"Countries with a UNAIDS-approved estimate and population less than 250000 in 2024; not included in regional or global totals",<100 ,<100 , <100,"Countries with a UNAIDS-approved estimate and population less than 250000 in 2024; not included in regional or global totals",<100 ,<100 , <100,"Countries with a UNAIDS-approved estimate and population less than 250000 in 2024; not included in regional or global totals",<100 ,<100 , <100,"Countries with a UNAIDS-approved estimate and population less than 250000 in 2024; not included in regional or global totals",<100 ,<100 , <100,"Countries with a UNAIDS-approved estimate and population less than 250000 in 2024; not included in regional or global totals",<100 ,<100 , <100,"Countries with a UNAIDS-approved estimate and population less than 250000 in 2024; not included in regional or global totals",<100 ,<100 , <100,"Countries with a UNAIDS-approved estimate and population less than 250000 in 2024; not included in regional or global totals",<100 ,<100 , <100,"Countries with a UNAIDS-approved estimate and population less than 250000 in 2024; not included in regional or global totals",<100 ,<100 , <100,"Countries with a UNAIDS-approved estimate and population less than 250000 in 2024; not included in regional or global totals",<100 ,<100 , <100,"Countries with a UNAIDS-approved estimate and population less than 250000 in 2024; not included in regional or global totals",<100 ,<100 , <100,"Countries with a UNAIDS-approved estimate and population less than 250000 in 2024; not included in regional or global totals",<100 ,<100 , <100,"Countries with a UNAIDS-approved estimate and population less than 250000 in 2024; not included in regional or global totals"
Argentina,3300 ,2700 , 3800,,3500 ,2800 , 4100,,3500 ,2900 , 4200,,3600 ,2900 , 4100,,3600 ,2900 , 4100,,3600 ,2900 , 4000,,3600 ,2900 , 4000,,3600 ,2900 , 4000,,3600 ,2900 , 4000,,3600 ,2900 , 4000,,3500 ,2900 , 4000,,3500 ,2800 , 4000,,3500 ,2900 , 4000,,3500 ,2900 , 4000,,3500 ,2900 , 4000,,3500 ,2900 , 4000,,3500 ,2800 , 4000,,3500 ,2900 , 4000,,3500 ,2800 , 4000,,3500 ,2800 , 4000,,3500 ,2800 , 4000,,3500 ,2800 , 4000,,3500 ,2800 , 3900,,3500 ,2800 , 3900,,3400 ,2800 , 3900,,3400 ,2800 , 3900,,3400 ,2700 , 3900,,3400 ,2700 , 3900,,3400 ,2700 , 3900,,3300 ,2700 , 3900,,3300 ,2700 , 3900,,3300 ,2600 , 3800,,3200 ,2500 , 3900,,3200 ,2500 , 3900,,3200 ,2400 , 3900,
Armenia,<100 ,<100 , <100,,<100 ,<100 , <100,,<100 ,<100 , <100,,<100 ,<100 , <100,,<100 ,<100 , <100,,<100 ,<100 , <100,,<100 ,<100 , <100,,<100 ,<100 , <100,,<100 ,<100 , <100,,<100 ,<100 , <100,,<100 ,<100 , <100,,<100 ,<100 , <100,,<100 ,<100 , <100,,<100 ,<100 , <100,,<100 ,<100 , <200,,<200 ,<100 , <200,,<200 ,<200 , <200,,<200 ,<200 , <500,,<200 ,<200 , <500,,<500 ,<200 , <500,,<500 ,<200 , <500,,<500 ,<200 , <500,,<500 ,<500 , <500,,<500 ,<500 , <500,,<500 ,<500 , <500,,<500 ,<500 , <500,,<500 ,<500 , <500,,<500 ,<500 , <500,,<500 ,<500 , 520,,<500 ,<500 , 540,,<500 ,<500 , 610,,<500 ,<500 , 680,,<500 ,<500 , 720,,<500 ,<200 , 760,,<500 ,<200 , 900,
Australia,800 ,770 , 840,,680 ,650 , 710,,600 ,560 , 630,,540 ,500 , 560,,500 ,<500 , 530,,<500 ,<500 , 520,,<500 ,<500 , 520,,520 ,<500 , 540,,550 ,520 , 580,,590 ,560 , 620,,640 ,610 , 660,,680 ,660 , 710,,720 ,700 , 750,,760 ,740 , 790,,800 ,770 , 830,,820 ,790 , 860,,840 ,810 , 880,,860 ,830 , 890,,880 ,840 , 910,,890 ,850 , 920,,890 ,860 , 920,,880 ,860 , 910,,870 ,850 , 900,,860 ,830 , 880,,840 ,800 , 870,,810 ,760 , 860,,780 ,730 , 830,,740 ,690 , 790,,700 ,630 , 760,,650 ,540 , 750,,590 ,<500 , 770,,520 ,<200 , 860,,<500 ,<200 , 730,,... ,... , ...,,... ,... , ...,
Austria,... ,... , ...,"Estimates were not available at the time of publication.",... ,... , ...,"Estimates were not available at the time of publication.",... ,... , ...,"Estimates were not available at the time of publication.",... ,... , ...,"Estimates were not available at the time of publication.",... ,... , ...,"Estimates were not available at the time of publication.",... ,... , ...,"Estimates were not available at the time of publication.",... ,... , ...,"Estimates were not available at the time of publication.",... ,... , ...,"Estimates were not available at the time of publication.",... ,... , ...,"Estimates were not available at the time of publication.",... ,... , ...,"Estimates were not available at the time of publication.",... ,... , ...,"Estimates were not available at the time of publication.",... ,... , ...,"Estimates were not available at the time of publication.",... ,... , ...,"Estimates were not available at the time of publication.",... ,... , ...,"Estimates were not available at the time of publication.",... ,... , ...,"Estimates were not available at the time of publication.",... ,... , ...,"Estimates were not available at the time of publication.",... ,... , ...,"Estimates were not available at the time of publication.",... ,... , ...,"Estimates were not available at the time of publication.",... ,... , ...,"Estimates were not available at the time of publication.",... ,... , ...,"Estimates were not available at the time of publication.",... ,... , ...,"Estimates were not available at the time of publication.",... ,... , ...,"Estimates were not available at the time of publication.",... ,... , ...,"Estimates were not available at the time of publication.",... ,... , ...,"Estimates were not available at the time of publication.",... ,... , ...,"Estimates were not available at the time of publication.",... ,... , ...,"Estimates were not available at the time of publication.",... ,... , ...,"Estimates were not available at the time of publication.",... ,... , ...,"Estimates were not available at the time of publication.",... ,... , ...,"Estimates were not available at the time of publication.",... ,... , ...,"Estimates were not available at the time of publication.",... ,... , ...,"Estimates were not available at the time of publication.",... ,... , ...,"Estimates were not available at the time of publication.",... ,... , ...,"Estimates were not available at the time of publication.",... ,... , ...,"Estimates were not available at the time of publication.",... ,... , ...,"Estimates were not available at the time of publication."
Azerbaijan,<100 ,<100 , <100,"Children estimates were not available at the time of publication.",<100 ,<100 , <100,"Children estimates were not available at the time of publication.",<100 ,<100 , <200,"Children estimates were not available at the time of publication.",<200 ,<100 , <200,"Children estimates were not available at the time of publication.",<200 ,<100 , <500,"Children estimates were not available at the time of publication.",<500 ,<200 , <500,"Children estimates were not available at the time of publication.",<500 ,<500 , 590,"Children estimates were not available at the time of publication.",520 ,<500 , 800,"Children estimates were not available at the time of publication.",630 ,<500 , 950,"Children estimates were not available at the time of publication.",730 ,<500 , 1100,"Children estimates were not available at the time of publication.",780 ,560 , 1100,"Children estimates were not available at the time of publication.",780 ,590 , 1100,"Children estimates were not available at the time of publication.",750 ,570 , 1000,"Children estimates were not available at the time of publication.",710 ,560 , 920,"Children estimates were not available at the time of publication.",680 ,550 , 850,"Children estimates were not available at the time of publication.",650 ,520 , 810,"Children estimates were not available at the time of publication.",630 ,510 , 790,"Children estimates were not available at the time of publication.",620 ,<500 , 770,"Children estimates were not available at the time of publication.",610 ,<500 , 760,"Children estimates were not available at the time of publication.",600 ,<500 , 740,"Children estimates were not available at the time of publication.",570 ,<500 , 710,"Children estimates were not available at the time of publication.",550 ,<500 , 670,"Children estimates were not available at the time of publication.",510 ,<500 , 630,"Children estimates were not available at the time of publication.",<500 ,<500 , 600,"Children estimates were not available at the time of publication.",<500 ,<500 , 570,"Children estimates were not available at the time of publication.",<500 ,<500 , 540,"Children estimates were not available at the time of publication.",<500 ,<500 , <500,"Children estimates were not available at the time of publication.",<500 ,<500 , 530,"Children estimates were not available at the time of publication.",<500 ,<500 , 530,"Children estimates were not available at the time of publication.",<500 ,<500 , 500,"Children estimates were not available at the time of publication.",<500 ,<500 , <500,"Children estimates were not available at the time of publication.",<500 ,<500 , <500,"Children estimates were not available at the time of publication.",<500 ,<500 , <500,"Children estimates were not available at the time of publication.",<500 ,<500 , <500,"Children estimates were not available at the time of publication.",<500 ,<200 , <500,"Children estimates were not available at the time of publication."
Bahamas,<500 ,<500 , <500,"Children estimates were not available at the time of publication.",<500 ,<500 , <500,"Children estimates were not available at the time of publication.",<500 ,<500 , <500,"Children estimates were not available at the time of publication.",<500 ,<500 , <500,"Children estimates were not available at the time of publication.",<500 ,<200 , <500,"Children estimates were not available at the time of publication.",<500 ,<200 , <500,"Children estimates were not available at the time of publication.",<500 ,<200 , <500,"Children estimates were not available at the time of publication.",<200 ,<200 , <500,"Children estimates were not available at the time of publication.",<200 ,<200 , <500,"Children estimates were not available at the time of publication.",<200 ,<200 , <500,"Children estimates were not available at the time of publication.",<200 ,<200 , <200,"Children estimates were not available at the time of publication.",<200 ,<200 , <200,"Children estimates were not available at the time of publication.",<200 ,<200 , <200,"Children estimates were not available at the time of publication.",<200 ,<200 , <200,"Children estimates were not available at the time of publication.",<200 ,<200 , <200,"Children estimates were not available at the time of publication.",<200 ,<200 , <200,"Children estimates were not available at the time of publication.",<200 ,<100 , <200,"Children estimates were not available at the time of publication.",<200 ,<100 , <200,"Children estimates were not available at the time of publication.",<200 ,<100 , <200,"Children estimates were not available at the time of publication.",<100 ,<100 , <200,"Children estimates were not available at the time of publication.",<100 ,<100 , <200,"Children estimates were not available at the time of publication.",<100 ,<100 , <200,"Children estimates were not available at the time of publication.",<100 ,<100 , <100,"Children estimates were not available at the time of publication.",<100 ,<100 , <100,"Children estimates were not available at the time of publication.",<100 ,<100 , <100,"Children estimates were not available at the time of publication.",<100 ,<100 , <100,"Children estimates were not available at the time of publication.",<100 ,<100 , <100,"Children estimates were not available at the time of publication.",<100 ,<100 , <100,"Children estimates were not available at the time of publication.",<100 ,<100 , <100,"Children estimates were not available at the time of publication.",<100 ,<100 , <100,"Children estimates were not available at the time of publication.",<100 ,<100 , <100,"Children estimates were not available at the time of publication.",<100 ,<100 , <100,"Children estimates were not available at the time of publication.",<100 ,<100 , <100,"Children estimates were not available at the time of publication.",<100 ,<100 , <100,"Children estimates were not available at the time of publication.",<100 ,<100 , <100,"Children estimates were not available at the time of publication."
Bahrain,<100 ,<100 , <100,"Children estimates were not available at the time of publication.",<100 ,<100 , <100,"Children estimates were not available at the time of publication.",<100 ,<100 , <100,"Children estimates were not available at the time of publication.",<100 ,<100 , <100,"Children estimates were not available at the time of publication.",<100 ,<100 , <100,"Children estimates were not available at the time of publication.",<100 ,<100 , <100,"Children estimates were not available at the time of publication.",<100 ,<100 , <100,"Children estimates were not available at the time of publication.",<100 ,<100 , <100,"Children estimates were not available at the time of publication.",<100 ,<100 , <100,"Children estimates were not available at the time of publication.",<100 ,<100 , <100,"Children estimates were not available at the time of publication.",<100 ,<100 , <100,"Children estimates were not available at the time of publication.",<100 ,<100 , <100,"Children estimates were not available at the time of publication.",<100 ,<100 , <100,"Children estimates were not available at the time of publication.",<100 ,<100 , <100,"Children estimates were not available at the time of publication.",<100 ,<100 , <100,"Children estimates were not available at the time of publication.",<100 ,<100 , <100,"Children estimates were not available at the time of publication.",<100 ,<100 , <100,"Children estimates were not available at the time of publication.",<100 ,<100 , <100,"Children estimates were not available at the time of publication.",<100 ,<100 , <100,"Children estimates were not available at the time of publication.",<100 ,<100 , <100,"Children estimates were not available at the time of publication.",<100 ,<100 , <100,"Children estimates were not available at the time of publication.",<100 ,<100 , <100,"Children estimates were not available at the time of publication.",<100 ,<100 , <100,"Children estimates were not available at the time of publication.",<100 ,<100 , <100,"Children estimates were not available at the time of publication.",<100 ,<100 , <100,"Children estimates were not available at the time of publication.",<100 ,<100 , <100,"Children estimates were not available at the time of publication.",<100 ,<100 , <100,"Children estimates were not available at the time of publication.",<100 ,<100 , <100,"Children estimates were not available at the time of publication.",<100 ,<100 , <100,"Children estimates were not available at the time of publication.",<100 ,<100 , <100,"Children estimates were not available at the time of publication.",<100 ,<100 , <100,"Children estimates were not available at the time of publication.",<100 ,<100 , <100,"Children estimates were not available at the time of publication.",<100 ,<100 , <100,"Children estimates were not available at the time of publication.",<100 ,<100 , <100,"Children estimates were not available at the time of publication.",<100 ,<100 , <100,"Children estimates were not available at the time of publication."
Bangladesh,<100 ,<100 , <100,,<100 ,<100 , <100,,<100 ,<100 , <100,,<100 ,<100 , <100,,<100 ,<100 , <100,,<100 ,<100 , <100,,<100 ,<100 , <100,,<100 ,<100 , <100,,<200 ,<100 , <200,,<200 ,<200 , <200,,<500 ,<500 , <500,,<500 ,<500 , <500,,<500 ,<500 , 510,,540 ,<500 , 610,,600 ,530 , 670,,610 ,540 , 690,,580 ,510 , 650,,560 ,<500 , 630,,570 ,500 , 640,,580 ,510 , 640,,570 ,500 , 640,,610 ,540 , 690,,690 ,620 , 770,,760 ,680 , 840,,830 ,750 , 930,,880 ,790 , 980,,870 ,770 , 960,,810 ,730 , 900,,760 ,690 , 840,,760 ,680 , 840,,740 ,670 , 810,,740 ,670 , 820,,770 ,700 , 850,,790 ,720 , 870,,800 ,720 , 870,
Barbados,<100 ,<100 , <100,"Children estimates were not available at the time of publication.",<100 ,<100 , <100,"Children estimates were not available at the time of publication.",<100 ,<100 , <200,"Children estimates were not available at the time of publication.",<200 ,<100 , <200,"Children estimates were not available at the time of publication.",<200 ,<200 , <200,"Children estimates were not available at the time of publication.",<200 ,<200 , <200,"Children estimates were not available at the time of publication.",<200 ,<200 , <200,"Children estimates were not available at the time of publication.",<200 ,<200 , <200,"Children estimates were not available at the time of publication.",<200 ,<200 , <200,"Children estimates were not available at the time of publication.",<200 ,<100 , <200,"Children estimates were not available at the time of publication.",<200 ,<100 , <200,"Children estimates were not available at the time of publication.",<200 ,<100 , <200,"Children estimates were not available at the time of publication.",<200 ,<100 , <200,"Children estimates were not available at the time of publication.",<100 ,<100 , <200,"Children estimates were not available at the time of publication.",<100 ,<100 , <200,"Children estimates were not available at the time of publication.",<100 ,<100 , <200,"Children estimates were not available at the time of publication.",<100 ,<100 , <200,"Children estimates were not available at the time of publication.",<100 ,<100 , <100,"Children estimates were not available at the time of publication.",<100 ,<100 , <100,"Children estimates were not available at the time of publication.",<100 ,<100 , <100,"Children estimates were not available at the time of publication.",<100 ,<100 , <100,"Children estimates were not available at the time of publication.",<100 ,<100 , <100,"Children estimates were not available at the time of publication.",<100 ,<100 , <100,"Children estimates were not available at the time of publication.",<100 ,<100 , <100,"Children estimates were not available at the time of publication.",<100 ,<100 , <100,"Children estimates were not available at the time of publication.",<100 ,<100 , <100,"Children estimates were not available at the time of publication.",<100 ,<100 , <100,"Children estimates were not available at the time of publication.",<100 ,<100 , <100,"Children estimates were not available at the time of publication.",<100 ,<100 , <100,"Children estimates were not available at the time of publication.",<100 ,<100 , <100,"Children estimates were not available at the time of publication.",<100 ,<100 , <100,"Children estimates were not available at the time of publication.",<100 ,<100 , <100,"Children estimates were not available at the time of publication.",<100 ,<100 , <100,"Children estimates were not available at the time of publication.",<100 ,<100 , <100,"Children estimates were not available at the time of publication.",<100 ,<100 , <100,"Children estimates were not available at the time of publication."
Belarus,... ,... , ...,"Estimates were not available at the time of publication.",... ,... , ...,"Estimates were not available at the time of publication.",... ,... , ...,"Estimates were not available at the time of publication.",... ,... , ...,"Estimates were not available at the time of publication.",... ,... , ...,"Estimates were not available at the time of publication.",... ,... , ...,"Estimates were not available at the time of publication.",... ,... , ...,"Estimates were not available at the time of publication.",... ,... , ...,"Estimates were not available at the time of publication.",... ,... , ...,"Estimates were not available at the time of publication.",... ,... , ...,"Estimates were not available at the time of publication.",... ,... , ...,"Estimates were not available at the time of publication.",... ,... , ...,"Estimates were not available at the time of publication.",... ,... , ...,"Estimates were not available at the time of publication.",... ,... , ...,"Estimates were not available at the time of publication.",... ,... , ...,"Estimates were not available at the time of publication.",... ,... , ...,"Estimates were not available at the time of publication.",... ,... , ...,"Estimates were not available at the time of publication.",... ,... , ...,"Estimates were not available at the time of publication.",... ,... , ...,"Estimates were not available at the time of publication.",... ,... , ...,"Estimates were not available at the time of publication.",... ,... , ...,"Estimates were not available at the time of publication.",... ,... , ...,"Estimates were not available at the time of publication.",... ,... , ...,"Estimates were not available at the time of publication.",... ,... , ...,"Estimates were not available at the time of publication.",... ,... , ...,"Estimates were not available at the time of publication.",... ,... , ...,"Estimates were not available at the time of publication.",... ,... , ...,"Estimates were not available at the time of publication.",... ,... , ...,"Estimates were not available at the time of publication.",... ,... , ...,"Estimates were not available at the time of publication.",... ,... , ...,"Estimates were not available at the time of publication.",... ,... , ...,"Estimates were not available at the time of publication.",... ,... , ...,"Estimates were not available at the time of publication.",... ,... , ...,"Estimates were not available at the time of publication.",... ,... , ...,"Estimates were not available at the time of publication.",... ,... , ...,"Estimates were not available at the time of publication."
Belgium,<200 ,<200 , <200,,<200 ,<200 , <200,,<500 ,<500 , <500,,<500 ,<500 , <500,,<500 ,<500 , <500,,<500 ,<500 , <500,,<500 ,<500 , <500,,<500 ,<500 , <500,,<500 ,<500 , <500,,<500 ,<500 , <500,,<500 ,<500 , <500,,<500 ,<500 , <500,,<500 ,<500 , <500,,<500 ,<500 , <500,,<500 ,<500 , <500,,<500 ,<500 , <500,,<500 ,<500 , <500,,<500 ,<500 , <500,,<500 ,<500 , <500,,<500 ,<500 , <500,,<500 ,<500 , <500,,<500 ,<500 , <500,,<500 ,<500 , <500,,<500 ,<500 , <500,,<500 ,<500 , <500,,<500 ,<500 , <500,,<500 ,<500 , <500,,<500 ,<500 , <500,,<500 ,<500 , <500,,<500 ,<500 , <500,,<500 ,<500 , <500,,<500 ,<200 , <500,,<500 ,<200 , <500,,<500 ,<500 , 510,,<500 ,<500 , 510,
Belize,<100 ,<100 , <100,"Children estimates were not available at the time of publication.",<100 ,<100 , <100,"Children estimates were not available at the time of publication.",<100 ,<100 , <100,"Children estimates were not available at the time of publication.",<100 ,<100 , <100,"Children estimates were not available at the time of publication.",<100 ,<100 , <100,"Children estimates were not available at the time of publication.",<100 ,<100 , <100,"Children estimates were not available at the time of publication.",<100 ,<100 , <200,"Children estimates were not available at the time of publication.",<200 ,<100 , <200,"Children estimates were not available at the time of publication.",<200 ,<200 , <200,"Children estimates were not available at the time of publication.",<200 ,<200 , <200,"Children estimates were not available at the time of publication.",<200 ,<200 , <200,"Children estimates were not available at the time of publication.",<200 ,<200 , <200,"Children estimates were not available at the time of publication.",<200 ,<200 , <200,"Children estimates were not available at the time of publication.",<200 ,<200 , <200,"Children estimates were not available at the time of publication.",<200 ,<200 , <200,"Children estimates were not available at the time of publication.",<200 ,<200 , <200,"Children estimates were not available at the time of publication.",<200 ,<200 , <200,"Children estimates were not available at the time of publication.",<200 ,<100 , <200,"Children estimates were not available at the time of publication.",<200 ,<100 , <200,"Children estimates were not available at the time of publication.",<200 ,<100 , <200,"Children estimates were not available at the time of publication.",<200 ,<100 , <200,"Children estimates were not available at the time of publication.",<200 ,<100 , <200,"Children estimates were not available at the time of publication.",<100 ,<100 , <200,"Children estimates were not available at the time of publication.",<100 ,<100 , <200,"Children estimates were not available at the time of publication.",<100 ,<100 , <200,"Children estimates were not available at the time of publication.",<100 ,<100 , <200,"Children estimates were not available at the time of publication.",<100 ,<100 , <200,"Children estimates were not available at the time of publication.",<100 ,<100 , <200,"Children estimates were not available at the time of publication.",<100 ,<100 , <200,"Children estimates were not available at the time of publication.",<100 ,<100 , <200,"Children estimates were not available at the time of publication.",<100 ,<100 , <200,"Children estimates were not available at the time of publication.",<100 ,<100 , <200,"Children estimates were not available at the time of publication.",<100 ,<100 , <200,"Children estimates were not available at the time of publication.",<200 ,<100 , <200,"Children estimates were not available at the time of publication.",<200 ,<100 , <200,"Children estimates were not available at the time of publication."
Benin,930 ,650 , 1300,,1300 ,960 , 1800,,1700 ,1300 , 2300,,2300 ,1800 , 3000,,2800 ,2200 , 3600,,3000 ,2400 , 3800,,3000 ,2400 , 3700,,2700 ,2100 , 3400,,2400 ,1800 , 3100,,2100 ,1700 , 2700,,1900 ,1500 , 2500,,1800 ,1400 , 2300,,1600 ,1300 , 2100,,1500 ,1300 , 2000,,1500 ,1300 , 2100,,1500 ,1200 , 2000,,1400 ,1100 , 1900,,1400 ,1100 , 1900,,1300 ,980 , 1700,,1200 ,900 , 1600,,1000 ,770 , 1400,,880 ,640 , 1300,,860 ,610 , 1300,,800 ,560 , 1200,,760 ,520 , 1100,,710 ,<500 , 1100,,690 ,<500 , 1100,,650 ,<500 , 1000,,540 ,<500 , 860,,510 ,<500 , 780,,<500 ,<500 , 710,,<500 ,<500 , 630,,<500 ,<500 , 650,,<500 ,<200 , 550,,<500 ,<200 , 540,
Bhutan,<100 ,<100 , <100,"Children estimates were not available at the time of publication.",<100 ,<100 , <100,"Children estimates were not available at the time of publication.",<100 ,<100 , <100,"Children estimates were not available at the time of publication.",<100 ,<100 , <100,"Children estimates were not available at the time of publication.",<100 ,<100 , <100,"Children estimates were not available at the time of publication.",<100 ,<100 , <100,"Children estimates were not available at the time of publication.",<100 ,<100 , <100,"Children estimates were not available at the time of publication.",<100 ,<100 , <100,"Children estimates were not available at the time of publication.",<100 ,<100 , <100,"Children estimates were not available at the time of publication.",<100 ,<100 , <100,"Children estimates were not available at the time of publication.",<100 ,<100 , <100,"Children estimates were not available at the time of publication.",<100 ,<100 , <100,"Children estimates were not available at the time of publication.",<100 ,<100 , <100,"Children estimates were not available at the time of publication.",<100 ,<100 , <100,"Children estimates were not available at the time of publication.",<100 ,<100 , <100,"Children estimates were not available at the time of publication.",<100 ,<100 , <100,"Children estimates were not available at the time of publication.",<100 ,<100 , <100,"Children estimates were not available at the time of publication.",<100 ,<100 , <100,"Children estimates were not available at the time of publication.",<100 ,<100 , <100,"Children estimates were not available at the time of publication.",<100 ,<100 , <100,"Children estimates were not available at the time of publication.",<100 ,<100 , <100,"Children estimates were not available at the time of publication.",<100 ,<100 , <100,"Children estimates were not available at the time of publication.",<100 ,<100 , <100,"Children estimates were not available at the time of publication.",<100 ,<100 , <100,"Children estimates were not available at the time of publication.",<100 ,<100 , <100,"Children estimates were not available at the time of publication.",<100 ,<100 , <100,"Children estimates were not available at the time of publication.",<100 ,<100 , <100,"Children estimates were not available at the time of publication.",<100 ,<100 , <100,"Children estimates were not available at the time of publication.",<100 ,<100 , <100,"Children estimates were not available at the time of publication.",<100 ,<100 , <100,"Children estimates were not available at the time of publication.",<100 ,<100 , <100,"Children estimates were not available at the time of publication.",<100 ,<100 , <100,"Children estimates were not available at the time of publication.",<100 ,<100 , <100,"Children estimates were not available at the time of publication.",<100 ,<100 , <100,"Children estimates were not available at the time of publication.",<100 ,<100 , <100,"Children estimates were not available at the time of publication."
Bolivia (Plurinational State of),610 ,<200 , 2600,,1100 ,<500 , 3300,,1600 ,<500 , 3900,,2100 ,820 , 5100,,1700 ,910 , 4000,,1300 ,830 , 2900,,1200 ,820 , 2600,,1100 ,830 , 2500,,1200 ,850 , 2100,,1300 ,950 , 2000,,1300 ,970 , 1800,,1300 ,970 , 1700,,1300 ,1000 , 1700,,1400 ,1100 , 1800,,1400 ,1100 , 1800,,1500 ,1100 , 1800,,1500 ,1200 , 1900,,1500 ,1200 , 1900,,1500 ,1200 , 1900,,1500 ,1200 , 1900,,1500 ,1200 , 1900,,1500 ,1200 , 2000,,1500 ,1200 , 1900,,1500 ,1200 , 1900,,1500 ,1200 , 1900,,1500 ,1200 , 1900,,1500 ,1200 , 1900,,1400 ,1100 , 1800,,1400 ,1100 , 1900,,1400 ,1100 , 1900,,1400 ,1100 , 1800,,1400 ,1100 , 1900,,1400 ,1100 , 1900,,1400 ,1100 , 1800,,1400 ,1100 , 1800,
Bosnia and Herzegovina,... ,... , ...,"Estimates were not available at the time of publication.",... ,... , ...,"Estimates were not available at the time of publication.",... ,... , ...,"Estimates were not available at the time of publication.",... ,... , ...,"Estimates were not available at the time of publication.",... ,... , ...,"Estimates were not available at the time of publication.",... ,... , ...,"Estimates were not available at the time of publication.",... ,... , ...,"Estimates were not available at the time of publication.",... ,... , ...,"Estimates were not available at the time of publication.",... ,... , ...,"Estimates were not available at the time of publication.",... ,... , ...,"Estimates were not available at the time of publication.",... ,... , ...,"Estimates were not available at the time of publication.",... ,... , ...,"Estimates were not available at the time of publication.",... ,... , ...,"Estimates were not available at the time of publication.",... ,... , ...,"Estimates were not available at the time of publication.",... ,... , ...,"Estimates were not available at the time of publication.",... ,... , ...,"Estimates were not available at the time of publication.",... ,... , ...,"Estimates were not available at the time of publication.",... ,... , ...,"Estimates were not available at the time of publication.",... ,... , ...,"Estimates were not available at the time of publication.",... ,... , ...,"Estimates were not available at the time of publication.",... ,... , ...,"Estimates were not available at the time of publication.",... ,... , ...,"Estimates were not available at the time of publication.",... ,... , ...,"Estimates were not available at the time of publication.",... ,... , ...,"Estimates were not available at the time of publication.",... ,... , ...,"Estimates were not available at the time of publication.",... ,... , ...,"Estimates were not available at the time of publication.",... ,... , ...,"Estimates were not available at the time of publication.",... ,... , ...,"Estimates were not available at the time of publication.",... ,... , ...,"Estimates were not available at the time of publication.",... ,... , ...,"Estimates were not available at the time of publication.",... ,... , ...,"Estimates were not available at the time of publication.",... ,... , ...,"Estimates were not available at the time of publication.",... ,... , ...,"Estimates were not available at the time of publication.",... ,... , ...,"Estimates were not available at the time of publication.",... ,... , ...,"Estimates were not available at the time of publication."
Botswana,6800 ,6000 , 8000,,8700 ,7800 , 10 000,,10 000 ,9300 , 12 000,,12 000 ,10 000 , 13 000,,13 000 ,11 000 , 15 000,,13 000 ,11 000 , 14 000,,12 000 ,11 000 , 14 000,,12 000 ,10 000 , 13 000,,11 000 ,9400 , 12 000,,9900 ,8800 , 11 000,,9100 ,8100 , 11 000,,8500 ,7500 , 9700,,7800 ,6900 , 9200,,7300 ,6400 , 8700,,6800 ,5800 , 8000,,6200 ,5300 , 7600,,5700 ,4800 , 6900,,5600 ,4800 , 6700,,5400 ,4600 , 6300,,5200 ,4500 , 6000,,5100 ,4300 , 5800,,5200 ,4500 , 5900,,4900 ,4300 , 5500,,4500 ,3900 , 5100,,4300 ,3800 , 4900,,4100 ,3600 , 4600,,3700 ,3300 , 4200,,3400 ,3000 , 3800,,3000 ,2600 , 3400,,2600 ,2300 , 3000,,2400 ,2100 , 2800,,2000 ,1600 , 2300,,1600 ,1300 , 2000,,1500 ,1200 , 1900,,1500 ,1200 , 1800,
Brazil,... ,... , ...,,... ,... , ...,,... ,... , ...,,... ,... , ...,,... ,... , ...,,... ,... , ...,,... ,... , ...,,... ,... , ...,,... ,... , ...,,... ,... , ...,,... ,... , ...,,... ,... , ...,,... ,... , ...,,... ,... , ...,,... ,... , ...,,... ,... , ...,,... ,... , ...,,... ,... , ...,,... ,... , ...,,... ,... , ...,,... ,... , ...,,... ,... , ...,,... ,... , ...,,... ,... , ...,,... ,... , ...,,... ,... , ...,,... ,... , ...,,... ,... , ...,,... ,... , ...,,... ,... , ...,,... ,... , ...,,... ,... , ...,,... ,... , ...,,... ,... , ...,,... ,... , ...,
Brunei Darussalam,... ,... , ...,"Estimates were not available at the time of publication.",... ,... , ...,"Estimates were not available at the time of publication.",... ,... , ...,"Estimates were not available at the time of publication.",... ,... , ...,"Estimates were not available at the time of publication.",... ,... , ...,"Estimates were not available at the time of publication.",... ,... , ...,"Estimates were not available at the time of publication.",... ,... , ...,"Estimates were not available at the time of publication.",... ,... , ...,"Estimates were not available at the time of publication.",... ,... , ...,"Estimates were not available at the time of publication.",... ,... , ...,"Estimates were not available at the time of publication.",... ,... , ...,"Estimates were not available at the time of publication.",... ,... , ...,"Estimates were not available at the time of publication.",... ,... , ...,"Estimates were not available at the time of publication.",... ,... , ...,"Estimates were not available at the time of publication.",... ,... , ...,"Estimates were not available at the time of publication.",... ,... , ...,"Estimates were not available at the time of publication.",... ,... , ...,"Estimates were not available at the time of publication.",... ,... , ...,"Estimates were not available at the time of publication.",... ,... , ...,"Estimates were not available at the time of publication.",... ,... , ...,"Estimates were not available at the time of publication.",... ,... , ...,"Estimates were not available at the time of publication.",... ,... , ...,"Estimates were not available at the time of publication.",... ,... , ...,"Estimates were not available at the time of publication.",... ,... , ...,"Estimates were not available at the time of publication.",... ,... , ...,"Estimates were not available at the time of publication.",... ,... , ...,"Estimates were not available at the time of publication.",... ,... , ...,"Estimates were not available at the time of publication.",... ,... , ...,"Estimates were not available at the time of publication.",... ,... , ...,"Estimates were not available at the time of publication.",... ,... , ...,"Estimates were not available at the time of publication.",... ,... , ...,"Estimates were not available at the time of publication.",... ,... , ...,"Estimates were not available at the time of publication.",... ,... , ...,"Estimates were not available at the time of publication.",... ,... , ...,"Estimates were not available at the time of publication.",... ,... , ...,"Estimates were not available at the time of publication."
Bulgaria,<200 ,<100 , <200,"Children estimates were not available at the time of publication.",<200 ,<100 , <200,"Children estimates were not available at the time of publication.",<200 ,<100 , <500,"Children estimates were not available at the time of publication.",<200 ,<100 , <500,"Children estimates were not available at the time of publication.",<200 ,<200 , <500,"Children estimates were not available at the time of publication.",<200 ,<200 , <500,"Children estimates were not available at the time of publication.",<200 ,<100 , <500,"Children estimates were not available at the time of publication.",<100 ,<100 , <200,"Children estimates were not available at the time of publication.",<100 ,<100 , <200,"Children estimates were not available at the time of publication.",<100 ,<100 , <200,"Children estimates were not available at the time of publication.",<100 ,<100 , <200,"Children estimates were not available at the time of publication.",<100 ,<100 , <200,"Children estimates were not available at the time of publication.",<100 ,<100 , <200,"Children estimates were not available at the time of publication.",<100 ,<100 , <200,"Children estimates were not available at the time of publication.",<200 ,<100 , <200,"Children estimates were not available at the time of publication.",<200 ,<100 , <200,"Children estimates were not available at the time of publication.",<200 ,<100 , <200,"Children estimates were not available at the time of publication.",<200 ,<100 , <200,"Children estimates were not available at the time of publication.",<200 ,<100 , <200,"Children estimates were not available at the time of publication.",<200 ,<100 , <200,"Children estimates were not available at the time of publication.",<200 ,<200 , <200,"Children estimates were not available at the time of publication.",<200 ,<200 , <200,"Children estimates were not available at the time of publication.",<200 ,<200 , <200,"Children estimates were not available at the time of publication.",<200 ,<200 , <200,"Children estimates were not available at the time of publication.",<200 ,<200 , <200,"Children estimates were not available at the time of publication.",<200 ,<200 , <200,"Children estimates were not available at the time of publication.",<200 ,<200 , <200,"Children estimates were not available at the time of publication.",<200 ,<200 , <500,"Children estimates were not available at the time of publication.",<200 ,<200 , <500,"Children estimates were not available at the time of publication.",<200 ,<200 , <500,"Children estimates were not available at the time of publication.",<200 ,<200 , <500,"Children estimates were not available at the time of publication.",<200 ,<200 , <500,"Children estimates were not available at the time of publication.",<200 ,<200 , <500,"Children estimates were not available at the time of publication.",<200 ,<200 , <500,"Children estimates were not available at the time of publication.",<200 ,<200 , <500,"Children estimates were not available at the time of publication."
Burkina Faso,8100 ,5500 , 12 000,,7500 ,5400 , 11 000,,6500 ,4700 , 9500,,5500 ,3900 , 8300,,4700 ,3400 , 7000,,4100 ,2900 , 6000,,3600 ,2700 , 5100,,3400 ,2500 , 4600,,3100 ,2300 , 4200,,2800 ,2100 , 3600,,2500 ,1900 , 3400,,2300 ,1700 , 3100,,2200 ,1600 , 3000,,2000 ,1400 , 2600,,1700 ,1200 , 2300,,1600 ,1100 , 2200,,1400 ,940 , 2000,,1300 ,810 , 1900,,1200 ,780 , 1800,,1100 ,770 , 1700,,1100 ,770 , 1700,,990 ,660 , 1500,,960 ,620 , 1500,,830 ,<500 , 1300,,760 ,<500 , 1200,,720 ,<500 , 1100,,700 ,<500 , 1100,,720 ,<500 , 1100,,840 ,560 , 1200,,770 ,<500 , 1100,,740 ,<500 , 1100,,890 ,580 , 1300,,860 ,570 , 1300,,860 ,550 , 1300,,840 ,530 , 1400,
Burundi,10 000 ,6900 , 14 000,,8600 ,6100 , 12 000,,7600 ,5700 , 11 000,,3900 ,1900 , 7600,,7800 ,6500 , 9500,,1800 ,<500 , 4800,,3700 ,2800 , 5700,,3600 ,2900 , 4800,,3000 ,2400 , 4100,,2200 ,1700 , 3100,,2000 ,1500 , 2900,,2000 ,1400 , 2700,,1700 ,1100 , 2400,,1600 ,1100 , 2200,,1500 ,970 , 2100,,1300 ,900 , 1900,,1400 ,980 , 2000,,1300 ,930 , 1900,,1400 ,1000 , 1900,,1100 ,670 , 1600,,1400 ,960 , 1900,,1100 ,750 , 1600,,1000 ,690 , 1500,,930 ,590 , 1300,,930 ,570 , 1300,,880 ,580 , 1300,,690 ,<500 , 1100,,580 ,<500 , 910,,<500 ,<500 , 740,,<500 ,<500 , 700,,<500 ,<500 , 580,,<500 ,<500 , 590,,<500 ,<500 , 550,,<500 ,<500 , <500,,<500 ,<500 , <500,
Cabo Verde,<100 ,<100 , <200,,<100 ,<100 , <200,,<100 ,<100 , <200,,<100 ,<100 , <200,,<100 ,<100 , <200,,<100 ,<100 , <200,,<100 ,<100 , <200,,<100 ,<100 , <200,,<100 ,<100 , <200,,<100 ,<100 , <200,,<100 ,<100 , <200,,<100 ,<100 , <200,,<100 ,<100 , <200,,<200 ,<100 , <200,,<200 ,<100 , <200,,<100 ,<100 , <200,,<100 ,<100 , <200,,<100 ,<100 , <200,,<100 ,<100 , <200,,<100 ,<100 , <200,,<200 ,<100 , <200,,<200 ,<100 , <200,,<200 ,<100 , <200,,<200 ,<100 , <200,,<200 ,<100 , <200,,<200 ,<100 , <200,,<200 ,<100 , <200,,<200 ,<200 , <200,,<200 ,<100 , <200,,<200 ,<100 , <200,,<200 ,<100 , <200,,<200 ,<100 , <200,,<200 ,<100 , <200,,<200 ,<100 , <200,,<200 ,<100 , <200,
Cambodia,<200 ,<200 , <200,,<500 ,<500 , 510,,1200 ,1000 , 1400,,2600 ,2200 , 3000,,4300 ,3700 , 5000,,5900 ,5000 , 6800,,6800 ,5800 , 7800,,6600 ,5700 , 7600,,5800 ,5000 , 6700,,4300 ,3800 , 5000,,3000 ,2500 , 3400,,2100 ,1900 , 2500,,1800 ,1600 , 2100,,1700 ,1400 , 1900,,1500 ,1300 , 1700,,1400 ,1200 , 1600,,1300 ,1100 , 1400,,1100 ,1000 , 1300,,1000 ,940 , 1200,,970 ,860 , 1100,,900 ,800 , 990,,880 ,800 , 980,,910 ,830 , 990,,930 ,850 , 1000,,950 ,860 , 1000,,980 ,890 , 1100,,1000 ,930 , 1100,,1000 ,950 , 1100,,1000 ,950 , 1100,,1100 ,970 , 1200,,1100 ,1000 , 1200,,1200 ,1100 , 1300,,1200 ,1100 , 1300,,1100 ,1000 , 1200,,960 ,870 , 1000,
Cameroon,7400 ,5400 , 9200,,9600 ,7300 , 12 000,,12 000 ,9500 , 15 000,,15 000 ,12 000 , 19 000,,19 000 ,16 000 , 23 000,,21 000 ,18 000 , 26 000,,24 000 ,20 000 , 28 000,,25 000 ,21 000 , 30 000,,25 000 ,21 000 , 31 000,,25 000 ,21 000 , 31 000,,24 000 ,20 000 , 29 000,,22 000 ,19 000 , 26 000,,21 000 ,18 000 , 25 000,,19 000 ,16 000 , 24 000,,18 000 ,15 000 , 22 000,,17 000 ,14 000 , 21 000,,16 000 ,14 000 , 20 000,,15 000 ,13 000 , 19 000,,14 000 ,12 000 , 18 000,,14 000 ,11 000 , 17 000,,12 000 ,10 000 , 16 000,,12 000 ,9600 , 15 000,,10 000 ,8100 , 13 000,,9000 ,7100 , 12 000,,8300 ,6500 , 11 000,,7700 ,6000 , 11 000,,7300 ,5700 , 10 000,,6500 ,5000 , 9300,,6000 ,4500 , 8800,,5700 ,4300 , 8100,,5600 ,4000 , 8100,,4900 ,3300 , 7500,,4000 ,2600 , 6200,,3700 ,2600 , 5800,,3600 ,2600 , 5600,
Canada,2100 ,1600 , 2500,,2000 ,1500 , 2400,,2000 ,1500 , 2400,,2000 ,1600 , 2300,,2000 ,1500 , 2400,,2000 ,1600 , 2400,,2000 ,1500 , 2400,,2000 ,1500 , 2300,,2000 ,1500 , 2300,,1900 ,1500 , 2400,,1900 ,1500 , 2300,,1900 ,1400 , 2400,,1900 ,1400 , 2300,,1900 ,1400 , 2300,,1900 ,1400 , 2300,,1900 ,1400 , 2300,,1900 ,1300 , 2300,,1800 ,1300 , 2200,,1800 ,1300 , 2200,,1700 ,1200 , 2100,,1600 ,1100 , 2000,,1500 ,1000 , 1800,,1400 ,980 , 1700,,1300 ,930 , 1700,,1400 ,930 , 1700,,1400 ,930 , 1700,,1400 ,940 , 1700,,1400 ,950 , 1700,,1400 ,950 , 1700,,1300 ,890 , 1600,,1100 ,760 , 1300,,1200 ,810 , 1400,,1200 ,850 , 1500,,... ,... , ...,,... ,... , ...,
Central African Republic,4600 ,3400 , 6900,,5100 ,3800 , 7900,,5300 ,4000 , 8100,,5600 ,4200 , 7900,,5800 ,4500 , 7900,,5700 ,4400 , 7700,,5200 ,4000 , 7000,,5000 ,3900 , 6600,,4800 ,3700 , 6100,,4500 ,3500 , 5800,,4300 ,3300 , 5400,,4200 ,3300 , 5200,,3800 ,3000 , 4900,,3800 ,2900 , 4800,,3700 ,2900 , 4900,,3500 ,2800 , 4500,,3400 ,2600 , 4500,,3400 ,2600 , 4500,,3100 ,2500 , 4100,,3100 ,2400 , 4100,,3000 ,2300 , 4000,,2900 ,2100 , 3900,,2700 ,1900 , 3600,,2600 ,1800 , 3500,,2300 ,1500 , 3200,,2100 ,1500 , 3100,,1900 ,1300 , 2800,,1700 ,1100 , 2700,,1500 ,890 , 2500,,1400 ,800 , 2400,,1300 ,730 , 2300,,1300 ,750 , 2400,,1200 ,550 , 2300,,970 ,<500 , 2100,,1000 ,<500 , 2300,
Chad,3800 ,2200 , 6000,,4500 ,2800 , 6700,,4700 ,3100 , 6700,,4900 ,3500 , 6800,,4700 ,3400 , 6400,,4600 ,3400 , 6200,,4200 ,3100 , 5800,,4500 ,3300 , 6000,,4300 ,3200 , 5700,,3700 ,2800 , 5100,,3400 ,2600 , 4500,,3400 ,2700 , 4600,,3300 ,2600 , 4400,,3200 ,2400 , 4200,,2900 ,2200 , 3900,,2900 ,2100 , 3900,,2800 ,2100 , 3900,,2800 ,2100 , 3700,,2600 ,1900 , 3500,,2300 ,1700 , 3300,,2300 ,1700 , 3400,,2200 ,1600 , 3100,,2100 ,1500 , 3000,,2000 ,1400 , 2900,,1800 ,1300 , 2700,,1800 ,1200 , 2500,,1700 ,1200 , 2400,,1400 ,940 , 2200,,1400 ,890 , 2100,,1400 ,910 , 2100,,1200 ,780 , 2000,,1100 ,680 , 1900,,1100 ,650 , 1800,,1000 ,590 , 1800,,1100 ,640 , 2000,
Chile,940 ,780 , 1100,,1100 ,930 , 1300,,1300 ,1000 , 1500,,1400 ,1200 , 1600,,1400 ,1200 , 1600,,1500 ,1200 , 1700,,1500 ,1300 , 1700,,1500 ,1300 , 1700,,1500 ,1300 , 1700,,1500 ,1300 , 1700,,1600 ,1300 , 1700,,1600 ,1300 , 1800,,1700 ,1400 , 1900,,1700 ,1400 , 2000,,1800 ,1500 , 2100,,1900 ,1600 , 2200,,2100 ,1700 , 2300,,2200 ,1700 , 2400,,2300 ,1800 , 2600,,2400 ,1900 , 2700,,2500 ,2000 , 2800,,2600 ,2000 , 2900,,2600 ,2100 , 3000,,2700 ,2200 , 3100,,2800 ,2200 , 3100,,2900 ,2200 , 3300,,2900 ,2300 , 3300,,3000 ,2300 , 3400,,3100 ,2400 , 3500,,3200 ,2500 , 3600,,3200 ,2500 , 3700,,3200 ,2500 , 3700,,3300 ,2500 , 3800,,3300 ,2500 , 3800,,3300 ,2500 , 3800,
China,... ,... , ...,"Estimates were not available at the time of publication.",... ,... , ...,"Estimates were not available at the time of publication.",... ,... , ...,"Estimates were not available at the time of publication.",... ,... , ...,"Estimates were not available at the time of publication.",... ,... , ...,"Estimates were not available at the time of publication.",... ,... , ...,"Estimates were not available at the time of publication.",... ,... , ...,"Estimates were not available at the time of publication.",... ,... , ...,"Estimates were not available at the time of publication.",... ,... , ...,"Estimates were not available at the time of publication.",... ,... , ...,"Estimates were not available at the time of publication.",... ,... , ...,"Estimates were not available at the time of publication.",... ,... , ...,"Estimates were not available at the time of publication.",... ,... , ...,"Estimates were not available at the time of publication.",... ,... , ...,"Estimates were not available at the time of publication.",... ,... , ...,"Estimates were not available at the time of publication.",... ,... , ...,"Estimates were not available at the time of publication.",... ,... , ...,"Estimates were not available at the time of publication.",... ,... , ...,"Estimates were not available at the time of publication.",... ,... , ...,"Estimates were not available at the time of publication.",... ,... , ...,"Estimates were not available at the time of publication.",... ,... , ...,"Estimates were not available at the time of publication.",... ,... , ...,"Estimates were not available at the time of publication.",... ,... , ...,"Estimates were not available at the time of publication.",... ,... , ...,"Estimates were not available at the time of publication.",... ,... , ...,"Estimates were not available at the time of publication.",... ,... , ...,"Estimates were not available at the time of publication.",... ,... , ...,"Estimates were not available at the time of publication.",... ,... , ...,"Estimates were not available at the time of publication.",... ,... , ...,"Estimates were not available at the time of publication.",... ,... , ...,"Estimates were not available at the time of publication.",... ,... , ...,"Estimates were not available at the time of publication.",... ,... , ...,"Estimates were not available at the time of publication.",... ,... , ...,"Estimates were not available at the time of publication.",... ,... , ...,"Estimates were not available at the time of publication.",... ,... , ...,"Estimates were not available at the time of publication."
Colombia,3200 ,2200 , 4900,,4500 ,3100 , 7100,,6000 ,4100 , 9000,,7600 ,5300 , 11 000,,9000 ,6500 , 13 000,,10 000 ,7300 , 14 000,,11 000 ,7600 , 15 000,,11 000 ,7900 , 16 000,,11 000 ,7800 , 15 000,,11 000 ,7900 , 15 000,,11 000 ,8200 , 14 000,,9800 ,7500 , 13 000,,9500 ,7400 , 12 000,,9600 ,7700 , 12 000,,9400 ,7500 , 12 000,,9300 ,7000 , 12 000,,9200 ,6900 , 12 000,,9200 ,6800 , 12 000,,9700 ,7300 , 13 000,,10 000 ,7500 , 13 000,,9800 ,7200 , 13 000,,9100 ,6600 , 13 000,,9200 ,6500 , 13 000,,9400 ,6600 , 14 000,,9200 ,6400 , 13 000,,9400 ,6600 , 14 000,,9100 ,6200 , 14 000,,9800 ,6600 , 15 000,,10 000 ,6800 , 16 000,,10 000 ,6500 , 16 000,,9600 ,6100 , 16 000,,10 000 ,6500 , 18 000,,11 000 ,6400 , 20 000,,10 000 ,6100 , 20 000,,... ,... , ...,
Comoros,<100 ,<100 , <100,"Children estimates were not available at the time of publication.",<100 ,<100 , <100,"Children estimates were not available at the time of publication.",<100 ,<100 , <100,"Children estimates were not available at the time of publication.",<100 ,<100 , <100,"Children estimates were not available at the time of publication.",<100 ,<100 , <100,"Children estimates were not available at the time of publication.",<100 ,<100 , <100,"Children estimates were not available at the time of publication.",<100 ,<100 , <100,"Children estimates were not available at the time of publication.",<100 ,<100 , <100,"Children estimates were not available at the time of publication.",<100 ,<100 , <100,"Children estimates were not available at the time of publication.",<100 ,<100 , <100,"Children estimates were not available at the time of publication.",<100 ,<100 , <100,"Children estimates were not available at the time of publication.",<100 ,<100 , <100,"Children estimates were not available at the time of publication.",<100 ,<100 , <100,"Children estimates were not available at the time of publication.",<100 ,<100 , <100,"Children estimates were not available at the time of publication.",<100 ,<100 , <100,"Children estimates were not available at the time of publication.",<100 ,<100 , <100,"Children estimates were not available at the time of publication.",<100 ,<100 , <100,"Children estimates were not available at the time of publication.",<100 ,<100 , <100,"Children estimates were not available at the time of publication.",<100 ,<100 , <100,"Children estimates were not available at the time of publication.",<100 ,<100 , <100,"Children estimates were not available at the time of publication.",<100 ,<100 , <100,"Children estimates were not available at the time of publication.",<100 ,<100 , <100,"Children estimates were not available at the time of publication.",<100 ,<100 , <100,"Children estimates were not available at the time of publication.",<100 ,<100 , <100,"Children estimates were not available at the time of publication.",<100 ,<100 , <100,"Children estimates were not available at the time of publication.",<100 ,<100 , <100,"Children estimates were not available at the time of publication.",<100 ,<100 , <100,"Children estimates were not available at the time of publication.",<100 ,<100 , <100,"Children estimates were not available at the time of publication.",<100 ,<100 , <100,"Children estimates were not available at the time of publication.",<100 ,<100 , <100,"Children estimates were not available at the time of publication.",<100 ,<100 , <100,"Children estimates were not available at the time of publication.",<100 ,<100 , <100,"Children estimates were not available at the time of publication.",<100 ,<100 , <100,"Children estimates were not available at the time of publication.",<100 ,<100 , <100,"Children estimates were not available at the time of publication.",<100 ,<100 , <100,"Children estimates were not available at the time of publication."
Congo,3100 ,2400 , 4200,,2800 ,2200 , 4000,,2400 ,1900 , 3300,,2200 ,1900 , 2900,,2100 ,1800 , 2700,,2100 ,1800 , 2500,,2000 ,1700 , 2500,,1900 ,1700 , 2300,,2000 ,1700 , 2400,,1800 ,1500 , 2100,,1800 ,1600 , 2200,,1800 ,1500 , 2100,,1900 ,1600 , 2200,,1900 ,1600 , 2300,,1800 ,1500 , 2200,,1800 ,1500 , 2300,,1900 ,1500 , 2300,,1800 ,1500 , 2300,,1800 ,1400 , 2300,,1800 ,1300 , 2200,,1900 ,1400 , 2300,,1900 ,1500 , 2500,,2000 ,1500 , 2600,,2000 ,1500 , 2900,,2000 ,1500 , 2700,,2100 ,1500 , 2900,,2100 ,1500 , 2900,,2200 ,1400 , 3100,,2200 ,1400 , 3100,,2400 ,1500 , 3600,,2400 ,1400 , 3500,,2400 ,1400 , 3700,,2500 ,1300 , 3800,,2400 ,1200 , 3900,,2400 ,1100 , 4100,
Costa Rica,<500 ,<200 , <500,,<500 ,<200 , <500,,<500 ,<200 , <500,,<500 ,<200 , <500,,<500 ,<200 , <500,,<500 ,<200 , <500,,<500 ,<200 , <500,,<500 ,<500 , <500,,<500 ,<500 , <500,,<500 ,<500 , <500,,<500 ,<500 , <500,,<500 ,<500 , <500,,<500 ,<500 , 530,,530 ,<500 , 580,,570 ,<500 , 630,,620 ,520 , 690,,660 ,550 , 740,,690 ,580 , 790,,730 ,610 , 820,,760 ,630 , 860,,790 ,660 , 900,,820 ,680 , 930,,840 ,690 , 960,,870 ,700 , 990,,890 ,710 , 1000,,910 ,720 , 1000,,920 ,730 , 1100,,940 ,740 , 1100,,950 ,740 , 1100,,960 ,750 , 1100,,970 ,750 , 1200,,980 ,760 , 1200,,990 ,760 , 1200,,1000 ,770 , 1200,,1000 ,760 , 1200,
Croatia,<100 ,<100 , <100,"Children estimates were not available at the time of publication.",<100 ,<100 , <100,"Children estimates were not available at the time of publication.",<100 ,<100 , <100,"Children estimates were not available at the time of publication.",<100 ,<100 , <100,"Children estimates were not available at the time of publication.",<100 ,<100 , <100,"Children estimates were not available at the time of publication.",<100 ,<100 , <100,"Children estimates were not available at the time of publication.",<100 ,<100 , <100,"Children estimates were not available at the time of publication.",<100 ,<100 , <100,"Children estimates were not available at the time of publication.",<100 ,<100 , <100,"Children estimates were not available at the time of publication.",<100 ,<100 , <100,"Children estimates were not available at the time of publication.",<100 ,<100 , <100,"Children estimates were not available at the time of publication.",<100 ,<100 , <100,"Children estimates were not available at the time of publication.",<100 ,<100 , <100,"Children estimates were not available at the time of publication.",<100 ,<100 , <100,"Children estimates were not available at the time of publication.",<100 ,<100 , <100,"Children estimates were not available at the time of publication.",<100 ,<100 , <100,"Children estimates were not available at the time of publication.",<100 ,<100 , <100,"Children estimates were not available at the time of publication.",<100 ,<100 , <100,"Children estimates were not available at the time of publication.",<100 ,<100 , <100,"Children estimates were not available at the time of publication.",<100 ,<100 , <100,"Children estimates were not available at the time of publication.",<100 ,<100 , <100,"Children estimates were not available at the time of publication.",<100 ,<100 , <100,"Children estimates were not available at the time of publication.",<100 ,<100 , <100,"Children estimates were not available at the time of publication.",<100 ,<100 , <100,"Children estimates were not available at the time of publication.",<100 ,<100 , <100,"Children estimates were not available at the time of publication.",<100 ,<100 , <100,"Children estimates were not available at the time of publication.",<100 ,<100 , <100,"Children estimates were not available at the time of publication.",<100 ,<100 , <100,"Children estimates were not available at the time of publication.",<100 ,<100 , <100,"Children estimates were not available at the time of publication.",<100 ,<100 , <100,"Children estimates were not available at the time of publication.",<100 ,<100 , <100,"Children estimates were not available at the time of publication.",<100 ,<100 , <100,"Children estimates were not available at the time of publication.",<100 ,<100 , <100,"Children estimates were not available at the time of publication.",<100 ,<100 , <100,"Children estimates were not available at the time of publication.",<100 ,<100 , <100,"Children estimates were not available at the time of publication."
Cuba,<200 ,<100 , <500,,<200 ,<100 , <500,,<200 ,<100 , <200,,<200 ,<100 , <500,,<200 ,<100 , <500,,<200 ,<200 , <500,,<500 ,<500 , <500,,<500 ,<500 , 530,,590 ,<500 , 720,,800 ,640 , 940,,1000 ,810 , 1200,,1200 ,970 , 1400,,1400 ,1100 , 1600,,1500 ,1200 , 1800,,1600 ,1300 , 1900,,1700 ,1400 , 2000,,1700 ,1400 , 2000,,1800 ,1400 , 2100,,1800 ,1400 , 2100,,1800 ,1400 , 2100,,1800 ,1400 , 2100,,1800 ,1400 , 2100,,1800 ,1400 , 2100,,1700 ,1400 , 2000,,1700 ,1300 , 2000,,1700 ,1300 , 2000,,1700 ,1300 , 2000,,1700 ,1200 , 2000,,1600 ,1200 , 1900,,1600 ,1200 , 1900,,1600 ,1100 , 1900,,1600 ,1100 , 1900,,1500 ,1100 , 1800,,1500 ,1000 , 1800,,1500 ,1000 , 1800,
Cyprus,... ,... , ...,"Estimates were not available at the time of publication.",... ,... , ...,"Estimates were not available at the time of publication.",... ,... , ...,"Estimates were not available at the time of publication.",... ,... , ...,"Estimates were not available at the time of publication.",... ,... , ...,"Estimates were not available at the time of publication.",... ,... , ...,"Estimates were not available at the time of publication.",... ,... , ...,"Estimates were not available at the time of publication.",... ,... , ...,"Estimates were not available at the time of publication.",... ,... , ...,"Estimates were not available at the time of publication.",... ,... , ...,"Estimates were not available at the time of publication.",... ,... , ...,"Estimates were not available at the time of publication.",... ,... , ...,"Estimates were not available at the time of publication.",... ,... , ...,"Estimates were not available at the time of publication.",... ,... , ...,"Estimates were not available at the time of publication.",... ,... , ...,"Estimates were not available at the time of publication.",... ,... , ...,"Estimates were not available at the time of publication.",... ,... , ...,"Estimates were not available at the time of publication.",... ,... , ...,"Estimates were not available at the time of publication.",... ,... , ...,"Estimates were not available at the time of publication.",... ,... , ...,"Estimates were not available at the time of publication.",... ,... , ...,"Estimates were not available at the time of publication.",... ,... , ...,"Estimates were not available at the time of publication.",... ,... , ...,"Estimates were not available at the time of publication.",... ,... , ...,"Estimates were not available at the time of publication.",... ,... , ...,"Estimates were not available at the time of publication.",... ,... , ...,"Estimates were not available at the time of publication.",... ,... , ...,"Estimates were not available at the time of publication.",... ,... , ...,"Estimates were not available at the time of publication.",... ,... , ...,"Estimates were not available at the time of publication.",... ,... , ...,"Estimates were not available at the time of publication.",... ,... , ...,"Estimates were not available at the time of publication.",... ,... , ...,"Estimates were not available at the time of publication.",... ,... , ...,"Estimates were not available at the time of publication.",... ,... , ...,"Estimates were not available at the time of publication.",... ,... , ...,"Estimates were not available at the time of publication."
Czechia,... ,... , ...,"Estimates were not available at the time of publication.",... ,... , ...,"Estimates were not available at the time of publication.",... ,... , ...,"Estimates were not available at the time of publication.",... ,... , ...,"Estimates were not available at the time of publication.",... ,... , ...,"Estimates were not available at the time of publication.",... ,... , ...,"Estimates were not available at the time of publication.",... ,... , ...,"Estimates were not available at the time of publication.",... ,... , ...,"Estimates were not available at the time of publication.",... ,... , ...,"Estimates were not available at the time of publication.",... ,... , ...,"Estimates were not available at the time of publication.",... ,... , ...,"Estimates were not available at the time of publication.",... ,... , ...,"Estimates were not available at the time of publication.",... ,... , ...,"Estimates were not available at the time of publication.",... ,... , ...,"Estimates were not available at the time of publication.",... ,... , ...,"Estimates were not available at the time of publication.",... ,... , ...,"Estimates were not available at the time of publication.",... ,... , ...,"Estimates were not available at the time of publication.",... ,... , ...,"Estimates were not available at the time of publication.",... ,... , ...,"Estimates were not available at the time of publication.",... ,... , ...,"Estimates were not available at the time of publication.",... ,... , ...,"Estimates were not available at the time of publication.",... ,... , ...,"Estimates were not available at the time of publication.",... ,... , ...,"Estimates were not available at the time of publication.",... ,... , ...,"Estimates were not available at the time of publication.",... ,... , ...,"Estimates were not available at the time of publication.",... ,... , ...,"Estimates were not available at the time of publication.",... ,... , ...,"Estimates were not available at the time of publication.",... ,... , ...,"Estimates were not available at the time of publication.",... ,... , ...,"Estimates were not available at the time of publication.",... ,... , ...,"Estimates were not available at the time of publication.",... ,... , ...,"Estimates were not available at the time of publication.",... ,... , ...,"Estimates were not available at the time of publication.",... ,... , ...,"Estimates were not available at the time of publication.",... ,... , ...,"Estimates were not available at the time of publication.",... ,... , ...,"Estimates were not available at the time of publication."
Côte d'Ivoire,32 000 ,24 000 , 44 000,,35 000 ,28 000 , 46 000,,36 000 ,29 000 , 47 000,,34 000 ,28 000 , 44 000,,33 000 ,26 000 , 43 000,,30 000 ,23 000 , 39 000,,27 000 ,21 000 , 35 000,,24 000 ,19 000 , 31 000,,22 000 ,17 000 , 28 000,,21 000 ,18 000 , 27 000,,18 000 ,15 000 , 23 000,,17 000 ,14 000 , 21 000,,15 000 ,13 000 , 19 000,,14 000 ,11 000 , 17 000,,13 000 ,10 000 , 16 000,,12 000 ,9300 , 15 000,,11 000 ,8400 , 14 000,,10 000 ,7800 , 13 000,,8000 ,6000 , 11 000,,8100 ,5900 , 12 000,,7600 ,5500 , 11 000,,6700 ,4800 , 10 000,,6100 ,4100 , 9400,,5900 ,3700 , 8800,,4900 ,3000 , 7800,,5100 ,3300 , 7600,,5000 ,3100 , 7500,,4200 ,2500 , 6500,,3800 ,2200 , 6100,,3400 ,2000 , 5400,,3200 ,1800 , 5200,,3200 ,1900 , 5300,,2900 ,1500 , 4800,,2700 ,1500 , 4800,,2500 ,1300 , 4500,
Democratic People's Republic of Korea,... ,... , ...,"Estimates were not available at the time of publication.",... ,... , ...,"Estimates were not available at the time of publication.",... ,... , ...,"Estimates were not available at the time of publication.",... ,... , ...,"Estimates were not available at the time of publication.",... ,... , ...,"Estimates were not available at the time of publication.",... ,... , ...,"Estimates were not available at the time of publication.",... ,... , ...,"Estimates were not available at the time of publication.",... ,... , ...,"Estimates were not available at the time of publication.",... ,... , ...,"Estimates were not available at the time of publication.",... ,... , ...,"Estimates were not available at the time of publication.",... ,... , ...,"Estimates were not available at the time of publication.",... ,... , ...,"Estimates were not available at the time of publication.",... ,... , ...,"Estimates were not available at the time of publication.",... ,... , ...,"Estimates were not available at the time of publication.",... ,... , ...,"Estimates were not available at the time of publication.",... ,... , ...,"Estimates were not available at the time of publication.",... ,... , ...,"Estimates were not available at the time of publication.",... ,... , ...,"Estimates were not available at the time of publication.",... ,... , ...,"Estimates were not available at the time of publication.",... ,... , ...,"Estimates were not available at the time of publication.",... ,... , ...,"Estimates were not available at the time of publication.",... ,... , ...,"Estimates were not available at the time of publication.",... ,... , ...,"Estimates were not available at the time of publication.",... ,... , ...,"Estimates were not available at the time of publication.",... ,... , ...,"Estimates were not available at the time of publication.",... ,... , ...,"Estimates were not available at the time of publication.",... ,... , ...,"Estimates were not available at the time of publication.",... ,... , ...,"Estimates were not available at the time of publication.",... ,... , ...,"Estimates were not available at the time of publication.",... ,... , ...,"Estimates were not available at the time of publication.",... ,... , ...,"Estimates were not available at the time of publication.",... ,... , ...,"Estimates were not available at the time of publication.",... ,... , ...,"Estimates were not available at the time of publication.",... ,... , ...,"Estimates were not available at the time of publication.",... ,... , ...,"Estimates were not available at the time of publication."
Democratic Republic of the Congo,30 000 ,22 000 , 44 000,,29 000 ,22 000 , 42 000,,29 000 ,21 000 , 41 000,,28 000 ,21 000 , 40 000,,26 000 ,20 000 , 37 000,,25 000 ,19 000 , 35 000,,25 000 ,19 000 , 33 000,,24 000 ,18 000 , 31 000,,22 000 ,17 000 , 28 000,,20 000 ,16 000 , 27 000,,20 000 ,16 000 , 26 000,,18 000 ,15 000 , 24 000,,18 000 ,15 000 , 24 000,,17 000 ,14 000 , 23 000,,17 000 ,13 000 , 22 000,,16 000 ,13 000 , 22 000,,15 000 ,12 000 , 21 000,,15 000 ,11 000 , 20 000,,14 000 ,11 000 , 19 000,,14 000 ,11 000 , 19 000,,13 000 ,9900 , 17 000,,12 000 ,9400 , 17 000,,11 000 ,8600 , 16 000,,11 000 ,7900 , 15 000,,10 000 ,7700 , 15 000,,10 000 ,7200 , 14 000,,9500 ,6800 , 14 000,,8800 ,6000 , 13 000,,8600 ,5800 , 13 000,,9000 ,6300 , 13 000,,8000 ,5300 , 12 000,,7400 ,4500 , 12 000,,7000 ,3600 , 12 000,,6300 ,3200 , 12 000,,5900 ,2800 , 12 000,
Denmark,<500 ,<500 , <500,"Children estimates were not available at the time of publication.",<500 ,<500 , <500,"Children estimates were not available at the time of publication.",<500 ,<200 , <500,"Children estimates were not available at the time of publication.",<500 ,<200 , <500,"Children estimates were not available at the time of publication.",<500 ,<200 , <500,"Children estimates were not available at the time of publication.",<500 ,<200 , <500,"Children estimates were not available at the time of publication.",<500 ,<200 , <500,"Children estimates were not available at the time of publication.",<500 ,<200 , <500,"Children estimates were not available at the time of publication.",<500 ,<200 , <500,"Children estimates were not available at the time of publication.",<200 ,<200 , <500,"Children estimates were not available at the time of publication.",<200 ,<200 , <500,"Children estimates were not available at the time of publication.",<200 ,<200 , <500,"Children estimates were not available at the time of publication.",<200 ,<200 , <500,"Children estimates were not available at the time of publication.",<200 ,<200 , <500,"Children estimates were not available at the time of publication.",<200 ,<200 , <200,"Children estimates were not available at the time of publication.",<200 ,<200 , <200,"Children estimates were not available at the time of publication.",<200 ,<200 , <200,"Children estimates were not available at the time of publication.",<200 ,<200 , <200,"Children estimates were not available at the time of publication.",<200 ,<100 , <200,"Children estimates were not available at the time of publication.",<200 ,<100 , <200,"Children estimates were not available at the time of publication.",<200 ,<100 , <200,"Children estimates were not available at the time of publication.",<200 ,<100 , <200,"Children estimates were not available at the time of publication.",<200 ,<100 , <200,"Children estimates were not available at the time of publication.",<200 ,<100 , <200,"Children estimates were not available at the time of publication.",<200 ,<100 , <200,"Children estimates were not available at the time of publication.",<100 ,<100 , <200,"Children estimates were not available at the time of publication.",<100 ,<100 , <200,"Children estimates were not available at the time of publication.",<100 ,<100 , <200,"Children estimates were not available at the time of publication.",<100 ,<100 , <200,"Children estimates were not available at the time of publication.",<100 ,<100 , <100,"Children estimates were not available at the time of publication.",<100 ,<100 , <100,"Children estimates were not available at the time of publication.",<100 ,<100 , <100,"Children estimates were not available at the time of publication.",<100 ,<100 , <100,"Children estimates were not available at the time of publication.",<100 ,<100 , <100,"Children estimates were not available at the time of publication.",<100 ,<100 , <100,"Children estimates were not available at the time of publication."
Djibouti,<500 ,<500 , 770,,680 ,<500 , 1000,,950 ,590 , 1400,,850 ,560 , 1100,,880 ,610 , 1200,,900 ,650 , 1300,,930 ,620 , 1400,,860 ,560 , 1200,,870 ,540 , 1300,,900 ,570 , 1400,,910 ,600 , 1300,,840 ,530 , 1200,,740 ,<500 , 1100,,620 ,<500 , 940,,610 ,<500 , 880,,580 ,<500 , 890,,520 ,<500 , 830,,<500 ,<500 , 740,,<500 ,<500 , 710,,<500 ,<500 , 680,,<500 ,<500 , 640,,<500 ,<200 , 510,,<500 ,<200 , <500,,<500 ,<200 , <500,,<500 ,<200 , <500,,<500 ,<100 , <500,,<200 ,<100 , <500,,<200 ,<100 , <500,,<500 ,<100 , <500,,<200 ,<200 , <500,,<500 ,<200 , <500,,<500 ,<200 , <500,,<200 ,<200 , <500,,<500 ,<200 , <500,,<500 ,<200 , <500,
Dominica,<100 ,<100 , <100,"Countries with a UNAIDS-approved estimate and population less than 250000 in 2024; not included in regional or global totals",<100 ,<100 , <100,"Countries with a UNAIDS-approved estimate and population less than 250000 in 2024; not included in regional or global totals",<100 ,<100 , <100,"Countries with a UNAIDS-approved estimate and population less than 250000 in 2024; not included in regional or global totals",<100 ,<100 , <100,"Countries with a UNAIDS-approved estimate and population less than 250000 in 2024; not included in regional or global totals",<100 ,<100 , <100,"Countries with a UNAIDS-approved estimate and population less than 250000 in 2024; not included in regional or global totals",<100 ,<100 , <100,"Countries with a UNAIDS-approved estimate and population less than 250000 in 2024; not included in regional or global totals",<100 ,<100 , <100,"Countries with a UNAIDS-approved estimate and population less than 250000 in 2024; not included in regional or global totals",<100 ,<100 , <100,"Countries with a UNAIDS-approved estimate and population less than 250000 in 2024; not included in regional or global totals",<100 ,<100 , <100,"Countries with a UNAIDS-approved estimate and population less than 250000 in 2024; not included in regional or global totals",<100 ,<100 , <100,"Countries with a UNAIDS-approved estimate and population less than 250000 in 2024; not included in regional or global totals",<100 ,<100 , <100,"Countries with a UNAIDS-approved estimate and population less than 250000 in 2024; not included in regional or global totals",<100 ,<100 , <100,"Countries with a UNAIDS-approved estimate and population less than 250000 in 2024; not included in regional or global totals",<100 ,<100 , <100,"Countries with a UNAIDS-approved estimate and population less than 250000 in 2024; not included in regional or global totals",<100 ,<100 , <100,"Countries with a UNAIDS-approved estimate and population less than 250000 in 2024; not included in regional or global totals",<100 ,<100 , <100,"Countries with a UNAIDS-approved estimate and population less than 250000 in 2024; not included in regional or global totals",<100 ,<100 , <100,"Countries with a UNAIDS-approved estimate and population less than 250000 in 2024; not included in regional or global totals",<100 ,<100 , <100,"Countries with a UNAIDS-approved estimate and population less than 250000 in 2024; not included in regional or global totals",<100 ,<100 , <100,"Countries with a UNAIDS-approved estimate and population less than 250000 in 2024; not included in regional or global totals",<100 ,<100 , <100,"Countries with a UNAIDS-approved estimate and population less than 250000 in 2024; not included in regional or global totals",<100 ,<100 , <100,"Countries with a UNAIDS-approved estimate and population less than 250000 in 2024; not included in regional or global totals",<100 ,<100 , <100,"Countries with a UNAIDS-approved estimate and population less than 250000 in 2024; not included in regional or global totals",<100 ,<100 , <100,"Countries with a UNAIDS-approved estimate and population less than 250000 in 2024; not included in regional or global totals",<100 ,<100 , <100,"Countries with a UNAIDS-approved estimate and population less than 250000 in 2024; not included in regional or global totals",<100 ,<100 , <100,"Countries with a UNAIDS-approved estimate and population less than 250000 in 2024; not included in regional or global totals",<100 ,<100 , <100,"Countries with a UNAIDS-approved estimate and population less than 250000 in 2024; not included in regional or global totals",<100 ,<100 , <100,"Countries with a UNAIDS-approved estimate and population less than 250000 in 2024; not included in regional or global totals",<100 ,<100 , <100,"Countries with a UNAIDS-approved estimate and population less than 250000 in 2024; not included in regional or global totals",<100 ,<100 , <100,"Countries with a UNAIDS-approved estimate and population less than 250000 in 2024; not included in regional or global totals",<100 ,<100 , <100,"Countries with a UNAIDS-approved estimate and population less than 250000 in 2024; not included in regional or global totals",<100 ,<100 , <100,"Countries with a UNAIDS-approved estimate and population less than 250000 in 2024; not included in regional or global totals",<100 ,<100 , <100,"Countries with a UNAIDS-approved estimate and population less than 250000 in 2024; not included in regional or global totals",<100 ,<100 , <100,"Countries with a UNAIDS-approved estimate and population less than 250000 in 2024; not included in regional or global totals",<100 ,<100 , <100,"Countries with a UNAIDS-approved estimate and population less than 250000 in 2024; not included in regional or global totals",<100 ,<100 , <100,"Countries with a UNAIDS-approved estimate and population less than 250000 in 2024; not included in regional or global totals",<100 ,<100 , <100,"Countries with a UNAIDS-approved estimate and population less than 250000 in 2024; not included in regional or global totals"
Dominican Republic,2500 ,1800 , 3900,,3300 ,2400 , 5100,,4000 ,2900 , 5600,,4600 ,3400 , 6400,,4800 ,3600 , 6500,,4700 ,3500 , 6400,,4100 ,3200 , 5500,,3900 ,3000 , 4800,,3700 ,2900 , 4700,,3600 ,2800 , 4600,,3600 ,2800 , 4500,,3400 ,2700 , 4300,,3300 ,2600 , 4300,,3200 ,2500 , 4000,,2900 ,2400 , 3700,,2900 ,2300 , 3500,,2700 ,2100 , 3400,,2500 ,2000 , 3200,,2400 ,1800 , 3000,,2300 ,1700 , 3000,,2200 ,1600 , 2900,,2100 ,1400 , 2800,,2100 ,1300 , 2700,,1900 ,1200 , 2600,,1900 ,1100 , 2600,,1800 ,1000 , 2500,,1900 ,1100 , 2600,,2100 ,1100 , 2800,,2100 ,1200 , 2900,,2200 ,1200 , 3000,,2300 ,1300 , 3100,,2300 ,1300 , 3100,,2200 ,1300 , 3100,,2100 ,1200 , 3100,,2100 ,1200 , 3100,
Ecuador,730 ,<500 , 1500,,980 ,520 , 1800,,1300 ,760 , 2100,,1600 ,960 , 2300,,1800 ,1200 , 2600,,2000 ,1500 , 2700,,2100 ,1600 , 2800,,2200 ,1700 , 2800,,2100 ,1700 , 2800,,2000 ,1600 , 2600,,2000 ,1600 , 2500,,1900 ,1500 , 2300,,1800 ,1500 , 2200,,1800 ,1500 , 2100,,1700 ,1500 , 2100,,1600 ,1400 , 2000,,1700 ,1400 , 2000,,1700 ,1400 , 2000,,1700 ,1400 , 2000,,1600 ,1300 , 1900,,1600 ,1400 , 2000,,1600 ,1300 , 2000,,1500 ,1300 , 1900,,1500 ,1200 , 1900,,1500 ,1200 , 1800,,1400 ,1100 , 1800,,1300 ,980 , 1600,,1200 ,940 , 1500,,1200 ,900 , 1500,,1200 ,910 , 1500,,1100 ,850 , 1500,,1200 ,920 , 1600,,1200 ,900 , 1700,,1200 ,870 , 1600,,1200 ,840 , 1600,
Egypt,610 ,<500 , 1100,,660 ,<500 , 1200,,700 ,<500 , 1200,,740 ,<500 , 1200,,790 ,510 , 1200,,850 ,580 , 1200,,890 ,620 , 1200,,950 ,660 , 1300,,980 ,720 , 1300,,1000 ,770 , 1400,,1100 ,850 , 1400,,1100 ,850 , 1500,,1200 ,960 , 1600,,1300 ,1000 , 1700,,1400 ,1100 , 1900,,1500 ,1100 , 2000,,1500 ,1200 , 2200,,1600 ,1200 , 2300,,1800 ,1300 , 2600,,1900 ,1300 , 2700,,2000 ,1400 , 2800,,2200 ,1500 , 3100,,2300 ,1600 , 3200,,2500 ,1800 , 3600,,2700 ,1900 , 3800,,2800 ,2100 , 4100,,3100 ,2200 , 4500,,3200 ,2300 , 4700,,3400 ,2300 , 4900,,3600 ,2300 , 5400,,3800 ,2400 , 5600,,4100 ,2600 , 6100,,4200 ,2600 , 6400,,4600 ,2800 , 7500,,4800 ,2900 , 8300,
El Salvador,<500 ,<500 , 600,,640 ,510 , 800,,820 ,680 , 980,,1000 ,860 , 1200,,1200 ,1000 , 1400,,1400 ,1200 , 1500,,1500 ,1300 , 1700,,1600 ,1400 , 1800,,1700 ,1500 , 1900,,1700 ,1500 , 2000,,1700 ,1500 , 1900,,1700 ,1400 , 1900,,1600 ,1400 , 1800,,1500 ,1300 , 1600,,1300 ,1200 , 1500,,1200 ,980 , 1400,,970 ,800 , 1200,,780 ,650 , 1000,,620 ,510 , 800,,510 ,<500 , 640,,<500 ,<500 , 540,,<500 ,<500 , 510,,<500 ,<500 , <500,,<500 ,<500 , 520,,<500 ,<500 , 550,,<500 ,<500 , 570,,<500 ,<500 , 600,,<500 ,<500 , 610,,<500 ,<500 , 640,,520 ,<500 , 650,,540 ,<500 , 670,,560 ,<500 , 710,,590 ,<500 , 760,,620 ,<500 , 860,,650 ,<500 , 940,
Equatorial Guinea,... ,... , ...,"Estimates were not available at the time of publication.",... ,... , ...,"Estimates were not available at the time of publication.",... ,... , ...,"Estimates were not available at the time of publication.",... ,... , ...,"Estimates were not available at the time of publication.",... ,... , ...,"Estimates were not available at the time of publication.",... ,... , ...,"Estimates were not available at the time of publication.",... ,... , ...,"Estimates were not available at the time of publication.",... ,... , ...,"Estimates were not available at the time of publication.",... ,... , ...,"Estimates were not available at the time of publication.",... ,... , ...,"Estimates were not available at the time of publication.",... ,... , ...,"Estimates were not available at the time of publication.",... ,... , ...,"Estimates were not available at the time of publication.",... ,... , ...,"Estimates were not available at the time of publication.",... ,... , ...,"Estimates were not available at the time of publication.",... ,... , ...,"Estimates were not available at the time of publication.",... ,... , ...,"Estimates were not available at the time of publication.",... ,... , ...,"Estimates were not available at the time of publication.",... ,... , ...,"Estimates were not available at the time of publication.",... ,... , ...,"Estimates were not available at the time of publication.",... ,... , ...,"Estimates were not available at the time of publication.",... ,... , ...,"Estimates were not available at the time of publication.",... ,... , ...,"Estimates were not available at the time of publication.",... ,... , ...,"Estimates were not available at the time of publication.",... ,... , ...,"Estimates were not available at the time of publication.",... ,... , ...,"Estimates were not available at the time of publication.",... ,... , ...,"Estimates were not available at the time of publication.",... ,... , ...,"Estimates were not available at the time of publication.",... ,... , ...,"Estimates were not available at the time of publication.",... ,... , ...,"Estimates were not available at the time of publication.",... ,... , ...,"Estimates were not available at the time of publication.",... ,... , ...,"Estimates were not available at the time of publication.",... ,... , ...,"Estimates were not available at the time of publication.",... ,... , ...,"Estimates were not available at the time of publication.",... ,... , ...,"Estimates were not available at the time of publication.",... ,... , ...,"Estimates were not available at the time of publication."
Eritrea,1400 ,940 , 2300,,1500 ,1000 , 2400,,1300 ,900 , 2000,,1400 ,970 , 2100,,1300 ,930 , 1900,,1300 ,940 , 1800,,1000 ,740 , 1500,,1200 ,890 , 1600,,1000 ,770 , 1400,,880 ,640 , 1200,,750 ,520 , 1000,,620 ,<500 , 880,,<500 ,<500 , 770,,<500 ,<500 , 680,,<500 ,<200 , 550,,<500 ,<200 , <500,,<500 ,<200 , <500,,<500 ,<100 , <500,,<500 ,<100 , <500,,<200 ,<100 , <500,,<200 ,<100 , <500,,<200 ,<100 , <500,,<200 ,<100 , <500,,<200 ,<100 , <500,,<200 ,<100 , <500,,<200 ,<100 , <500,,<100 ,<100 , <200,,<200 ,<100 , <200,,<200 ,<100 , <500,,<200 ,<100 , <500,,<200 ,<100 , <200,,<200 ,<100 , <200,,<200 ,<100 , <500,,<200 ,<100 , <200,,<200 ,<100 , <200,
Estonia,<100 ,<100 , <100,"Children estimates were not available at the time of publication.",<100 ,<100 , <100,"Children estimates were not available at the time of publication.",<100 ,<100 , <100,"Children estimates were not available at the time of publication.",<100 ,<100 , <100,"Children estimates were not available at the time of publication.",<100 ,<100 , <100,"Children estimates were not available at the time of publication.",<100 ,<100 , <100,"Children estimates were not available at the time of publication.",<100 ,<100 , <100,"Children estimates were not available at the time of publication.",<100 ,<100 , <100,"Children estimates were not available at the time of publication.",<100 ,<100 , <100,"Children estimates were not available at the time of publication.",<100 ,<100 , <100,"Children estimates were not available at the time of publication.",<100 ,<100 , <500,"Children estimates were not available at the time of publication.",650 ,510 , 800,"Children estimates were not available at the time of publication.",570 ,<500 , 680,"Children estimates were not available at the time of publication.",<500 ,<500 , 590,"Children estimates were not available at the time of publication.",<500 ,<500 , <500,"Children estimates were not available at the time of publication.",<500 ,<500 , <500,"Children estimates were not available at the time of publication.",<500 ,<500 , <500,"Children estimates were not available at the time of publication.",<500 ,<200 , <500,"Children estimates were not available at the time of publication.",<500 ,<200 , <500,"Children estimates were not available at the time of publication.",<200 ,<200 , <500,"Children estimates were not available at the time of publication.",<200 ,<200 , <200,"Children estimates were not available at the time of publication.",<200 ,<100 , <200,"Children estimates were not available at the time of publication.",<200 ,<100 , <200,"Children estimates were not available at the time of publication.",<100 ,<100 , <200,"Children estimates were not available at the time of publication.",<100 ,<100 , <200,"Children estimates were not available at the time of publication.",<100 ,<100 , <100,"Children estimates were not available at the time of publication.",<100 ,<100 , <100,"Children estimates were not available at the time of publication.",<100 ,<100 , <100,"Children estimates were not available at the time of publication.",<100 ,<100 , <100,"Children estimates were not available at the time of publication.",<100 ,<100 , <100,"Children estimates were not available at the time of publication.",<100 ,<100 , <100,"Children estimates were not available at the time of publication.",<100 ,<100 , <100,"Children estimates were not available at the time of publication.",<100 ,<100 , <100,"Children estimates were not available at the time of publication.",<100 ,<100 , <100,"Children estimates were not available at the time of publication.",<100 ,<100 , <100,"Children estimates were not available at the time of publication."
Eswatini,1500 ,1300 , 2000,,2700 ,2200 , 3500,,4400 ,3600 , 5400,,6300 ,5300 , 7600,,7800 ,6600 , 9300,,8500 ,7500 , 10 000,,8900 ,7800 , 10 000,,8800 ,7700 , 10 000,,8200 ,7200 , 9500,,7900 ,7000 , 9000,,7300 ,6500 , 8400,,6900 ,6200 , 7900,,6600 ,5900 , 7400,,6400 ,5700 , 7200,,6300 ,5500 , 7000,,5900 ,5300 , 6700,,5900 ,5200 , 6600,,5800 ,5100 , 6600,,5700 ,5000 , 6500,,5600 ,5000 , 6300,,5200 ,4500 , 5900,,5200 ,4600 , 6000,,5100 ,4400 , 5900,,5000 ,4400 , 5800,,4700 ,4100 , 5300,,3900 ,3400 , 4500,,3100 ,2600 , 3600,,2600 ,2200 , 3100,,2500 ,2100 , 3000,,2300 ,1900 , 2700,,1800 ,1500 , 2300,,1900 ,1500 , 2300,,1500 ,1200 , 1900,,1500 ,1200 , 2000,,1500 ,1100 , 1900,
Ethiopia,48 000 ,23 000 , 100 000,,50 000 ,25 000 , 110 000,,47 000 ,23 000 , 100 000,,42 000 ,21 000 , 91 000,,35 000 ,17 000 , 76 000,,29 000 ,14 000 , 64 000,,25 000 ,12 000 , 53 000,,21 000 ,10 000 , 46 000,,18 000 ,9000 , 40 000,,16 000 ,8100 , 36 000,,14 000 ,7000 , 31 000,,13 000 ,6400 , 29 000,,12 000 ,5900 , 26 000,,11 000 ,5400 , 24 000,,9700 ,4700 , 21 000,,8900 ,4400 , 19 000,,8200 ,4000 , 18 000,,7700 ,3800 , 17 000,,7300 ,3600 , 16 000,,6600 ,3200 , 14 000,,6000 ,3000 , 13 000,,5500 ,2700 , 12 000,,5100 ,2500 , 11 000,,4600 ,2200 , 9900,,4000 ,2000 , 8700,,3300 ,1600 , 7000,,3400 ,1600 , 7300,,3000 ,1500 , 6600,,2800 ,1400 , 6100,,2500 ,1200 , 5500,,2200 ,1100 , 4800,,2800 ,1300 , 6000,,1900 ,940 , 4200,,1800 ,880 , 3900,,1700 ,820 , 3600,
Fiji,<100 ,<100 , <100,,<100 ,<100 , <100,,<100 ,<100 , <100,,<100 ,<100 , <100,,<100 ,<100 , <100,,<100 ,<100 , <100,,<100 ,<100 , <100,,<100 ,<100 , <100,,<100 ,<100 , <100,,<100 ,<100 , <100,,<100 ,<100 , <100,,<100 ,<100 , <100,,<100 ,<100 , <100,,<100 ,<100 , <100,,<100 ,<100 , <100,,<100 ,<100 , <100,,<100 ,<100 , <100,,<100 ,<100 , <100,,<100 ,<100 , <100,,<100 ,<100 , <100,,<100 ,<100 , <100,,<100 ,<100 , <100,,<100 ,<100 , <100,,<100 ,<100 , <100,,<100 ,<100 , <100,,<100 ,<100 , <200,,<200 ,<100 , <200,,<200 ,<200 , <500,,<200 ,<200 , <500,,<500 ,<200 , <500,,<500 ,<500 , <500,,<500 ,<500 , 560,,<500 ,<500 , 730,,580 ,<500 , 1000,,700 ,<500 , 1400,
Finland,... ,... , ...,"Estimates were not available at the time of publication.",... ,... , ...,"Estimates were not available at the time of publication.",... ,... , ...,"Estimates were not available at the time of publication.",... ,... , ...,"Estimates were not available at the time of publication.",... ,... , ...,"Estimates were not available at the time of publication.",... ,... , ...,"Estimates were not available at the time of publication.",... ,... , ...,"Estimates were not available at the time of publication.",... ,... , ...,"Estimates were not available at the time of publication.",... ,... , ...,"Estimates were not available at the time of publication.",... ,... , ...,"Estimates were not available at the time of publication.",... ,... , ...,"Estimates were not available at the time of publication.",... ,... , ...,"Estimates were not available at the time of publication.",... ,... , ...,"Estimates were not available at the time of publication.",... ,... , ...,"Estimates were not available at the time of publication.",... ,... , ...,"Estimates were not available at the time of publication.",... ,... , ...,"Estimates were not available at the time of publication.",... ,... , ...,"Estimates were not available at the time of publication.",... ,... , ...,"Estimates were not available at the time of publication.",... ,... , ...,"Estimates were not available at the time of publication.",... ,... , ...,"Estimates were not available at the time of publication.",... ,... , ...,"Estimates were not available at the time of publication.",... ,... , ...,"Estimates were not available at the time of publication.",... ,... , ...,"Estimates were not available at the time of publication.",... ,... , ...,"Estimates were not available at the time of publication.",... ,... , ...,"Estimates were not available at the time of publication.",... ,... , ...,"Estimates were not available at the time of publication.",... ,... , ...,"Estimates were not available at the time of publication.",... ,... , ...,"Estimates were not available at the time of publication.",... ,... , ...,"Estimates were not available at the time of publication.",... ,... , ...,"Estimates were not available at the time of publication.",... ,... , ...,"Estimates were not available at the time of publication.",... ,... , ...,"Estimates were not available at the time of publication.",... ,... , ...,"Estimates were not available at the time of publication.",... ,... , ...,"Estimates were not available at the time of publication.",... ,... , ...,"Estimates were not available at the time of publication."
France,4300 ,3200 , 5600,,4300 ,3200 , 5600,,4300 ,3400 , 5500,,4300 ,3400 , 5600,,4300 ,3400 , 5600,,4400 ,3400 , 5700,,4300 ,3400 , 5700,,4100 ,3200 , 5500,,3900 ,3000 , 5100,,3800 ,2900 , 4700,,3800 ,3000 , 4600,,3800 ,3000 , 4500,,3800 ,3000 , 4400,,3700 ,2800 , 4300,,3700 ,2800 , 4300,,3700 ,2800 , 4200,,3700 ,2700 , 4200,,3500 ,2600 , 4100,,3400 ,2500 , 4000,,3400 ,2500 , 4000,,3500 ,2600 , 4100,,3400 ,2500 , 4000,,3100 ,2300 , 3700,,3000 ,2200 , 3600,,2900 ,2100 , 3500,,3000 ,2200 , 3500,,2900 ,2100 , 3400,,2800 ,2100 , 3300,,2700 ,1900 , 3100,,2600 ,1900 , 3100,,2400 ,1800 , 2900,,2300 ,1700 , 2800,,2400 ,1700 , 2900,,2700 ,1900 , 3200,,... ,... , ...,
Gabon,580 ,<500 , 1000,,720 ,<500 , 1300,,860 ,510 , 1500,,990 ,620 , 1700,,1100 ,720 , 1800,,1300 ,860 , 2100,,1300 ,840 , 1900,,1300 ,920 , 2000,,1200 ,900 , 1900,,1200 ,810 , 1600,,1100 ,770 , 1500,,1000 ,770 , 1300,,1000 ,740 , 1300,,940 ,700 , 1200,,890 ,680 , 1100,,850 ,640 , 1100,,830 ,630 , 1100,,850 ,630 , 1200,,780 ,570 , 1100,,790 ,560 , 1100,,760 ,550 , 1000,,720 ,<500 , 990,,690 ,<500 , 980,,650 ,<500 , 960,,610 ,<500 , 900,,580 ,<500 , 840,,550 ,<500 , 810,,570 ,<500 , 870,,560 ,<500 , 880,,510 ,<500 , 850,,<500 ,<500 , 850,,<500 ,<500 , 880,,<500 ,<500 , 800,,<500 ,<500 , 840,,<500 ,<200 , 690,
Gambia,<200 ,<100 , <500,,<500 ,<200 , <500,,<500 ,<200 , <500,,<500 ,<500 , 600,,<500 ,<500 , 720,,600 ,<500 , 830,,690 ,<500 , 990,,780 ,560 , 1100,,860 ,620 , 1200,,880 ,660 , 1200,,920 ,690 , 1200,,920 ,690 , 1300,,940 ,710 , 1200,,930 ,690 , 1200,,900 ,690 , 1200,,920 ,710 , 1200,,940 ,730 , 1300,,920 ,710 , 1200,,930 ,730 , 1300,,930 ,710 , 1300,,910 ,680 , 1200,,900 ,660 , 1200,,870 ,620 , 1200,,850 ,580 , 1200,,820 ,570 , 1100,,790 ,550 , 1100,,730 ,510 , 1000,,680 ,<500 , 970,,630 ,<500 , 910,,620 ,<500 , 920,,600 ,<500 , 900,,560 ,<500 , 900,,520 ,<500 , 870,,<500 ,<500 , 880,,<500 ,<500 , 830,
Georgia,<100 ,<100 , <100,"Children estimates were not available at the time of publication.",<100 ,<100 , <100,"Children estimates were not available at the time of publication.",<100 ,<100 , <100,"Children estimates were not available at the time of publication.",<100 ,<100 , <100,"Children estimates were not available at the time of publication.",<100 ,<100 , <100,"Children estimates were not available at the time of publication.",<100 ,<100 , <100,"Children estimates were not available at the time of publication.",<100 ,<100 , <100,"Children estimates were not available at the time of publication.",<100 ,<100 , <100,"Children estimates were not available at the time of publication.",<100 ,<100 , <100,"Children estimates were not available at the time of publication.",<100 ,<100 , <100,"Children estimates were not available at the time of publication.",<100 ,<100 , <100,"Children estimates were not available at the time of publication.",<100 ,<100 , <100,"Children estimates were not available at the time of publication.",<100 ,<100 , <200,"Children estimates were not available at the time of publication.",<200 ,<100 , <200,"Children estimates were not available at the time of publication.",<200 ,<200 , <200,"Children estimates were not available at the time of publication.",<200 ,<200 , <200,"Children estimates were not available at the time of publication.",<500 ,<200 , <500,"Children estimates were not available at the time of publication.",<500 ,<500 , <500,"Children estimates were not available at the time of publication.",<500 ,<500 , <500,"Children estimates were not available at the time of publication.",<500 ,<500 , <500,"Children estimates were not available at the time of publication.",<500 ,<500 , <500,"Children estimates were not available at the time of publication.",<500 ,<500 , <500,"Children estimates were not available at the time of publication.",<500 ,<500 , <500,"Children estimates were not available at the time of publication.",<500 ,<500 , <500,"Children estimates were not available at the time of publication.",<500 ,<500 , <500,"Children estimates were not available at the time of publication.",<500 ,<500 , <500,"Children estimates were not available at the time of publication.",<500 ,<500 , <500,"Children estimates were not available at the time of publication.",<500 ,<500 , <500,"Children estimates were not available at the time of publication.",<500 ,<500 , <500,"Children estimates were not available at the time of publication.",<500 ,<500 , <500,"Children estimates were not available at the time of publication.",<500 ,<500 , <500,"Children estimates were not available at the time of publication.",<500 ,<500 , <500,"Children estimates were not available at the time of publication.",<500 ,<500 , <500,"Children estimates were not available at the time of publication.",<500 ,<500 , <500,"Children estimates were not available at the time of publication.",<500 ,<500 , <500,"Children estimates were not available at the time of publication."
Germany,... ,... , ...,,... ,... , ...,,... ,... , ...,,... ,... , ...,,... ,... , ...,,... ,... , ...,,... ,... , ...,,... ,... , ...,,... ,... , ...,,... ,... , ...,,... ,... , ...,,... ,... , ...,,... ,... , ...,,... ,... , ...,,... ,... , ...,,... ,... , ...,,... ,... , ...,,... ,... , ...,,... ,... , ...,,... ,... , ...,,2300 ,1600 , 2900,,2000 ,1400 , 2500,,2100 ,1400 , 2600,,2000 ,1400 , 2500,,2000 ,1400 , 2500,,2000 ,1300 , 2500,,1900 ,1300 , 2400,,1800 ,1200 , 2200,,1700 ,1200 , 2200,,1800 ,1200 , 2200,,1400 ,900 , 1700,,1400 ,890 , 1700,,1500 ,1000 , 2000,,1700 ,1100 , 2200,,1700 ,1100 , 2200,
Ghana,9500 ,6300 , 13 000,,11 000 ,8000 , 14 000,,11 000 ,9000 , 15 000,,11 000 ,9500 , 15 000,,12 000 ,9500 , 15 000,,10 000 ,8400 , 13 000,,10 000 ,8200 , 13 000,,9500 ,7700 , 12 000,,9100 ,7400 , 11 000,,8800 ,7200 , 11 000,,8300 ,6800 , 10 000,,8000 ,6600 , 10 000,,7700 ,6400 , 9800,,7500 ,6100 , 9500,,7200 ,5900 , 9300,,7100 ,5800 , 9100,,7000 ,5600 , 9000,,6900 ,5500 , 8900,,6700 ,5200 , 8800,,6500 ,5300 , 8400,,6500 ,5100 , 8500,,6300 ,5100 , 8300,,6000 ,4700 , 7900,,6000 ,4600 , 8100,,5800 ,4400 , 7900,,5700 ,4500 , 7800,,5600 ,4200 , 7500,,5500 ,4000 , 7600,,5300 ,3800 , 7200,,5300 ,4000 , 7400,,5300 ,3900 , 7600,,4900 ,3600 , 7300,,4800 ,3300 , 7500,,4600 ,3000 , 7400,,4400 ,2900 , 6800,
Greece,<500 ,<200 , <500,"Children estimates were not available at the time of publication.",<500 ,<200 , <500,"Children estimates were not available at the time of publication.",<500 ,<500 , <500,"Children estimates were not available at the time of publication.",<500 ,<500 , <500,"Children estimates were not available at the time of publication.",<500 ,<500 , <500,"Children estimates were not available at the time of publication.",<500 ,<500 , <500,"Children estimates were not available at the time of publication.",<500 ,<500 , <500,"Children estimates were not available at the time of publication.",<500 ,<500 , <500,"Children estimates were not available at the time of publication.",<500 ,<500 , <500,"Children estimates were not available at the time of publication.",<500 ,<200 , <500,"Children estimates were not available at the time of publication.",<500 ,<200 , <500,"Children estimates were not available at the time of publication.",<500 ,<200 , <500,"Children estimates were not available at the time of publication.",<500 ,<500 , <500,"Children estimates were not available at the time of publication.",<500 ,<500 , <500,"Children estimates were not available at the time of publication.",<500 ,<500 , 510,"Children estimates were not available at the time of publication.",<500 ,<500 , 560,"Children estimates were not available at the time of publication.",510 ,<500 , 600,"Children estimates were not available at the time of publication.",530 ,<500 , 620,"Children estimates were not available at the time of publication.",550 ,<500 , 630,"Children estimates were not available at the time of publication.",560 ,<500 , 640,"Children estimates were not available at the time of publication.",560 ,<500 , 650,"Children estimates were not available at the time of publication.",560 ,<500 , 650,"Children estimates were not available at the time of publication.",550 ,<500 , 650,"Children estimates were not available at the time of publication.",550 ,<500 , 640,"Children estimates were not available at the time of publication.",530 ,<500 , 630,"Children estimates were not available at the time of publication.",530 ,<500 , 630,"Children estimates were not available at the time of publication.",520 ,<500 , 620,"Children estimates were not available at the time of publication.",520 ,<500 , 610,"Children estimates were not available at the time of publication.",510 ,<500 , 610,"Children estimates were not available at the time of publication.",510 ,<500 , 610,"Children estimates were not available at the time of publication.",500 ,<500 , 600,"Children estimates were not available at the time of publication.",<500 ,<500 , 600,"Children estimates were not available at the time of publication.",<500 ,<500 , 580,"Children estimates were not available at the time of publication.",<500 ,<500 , 580,"Children estimates were not available at the time of publication.",<500 ,<500 , 570,"Children estimates were not available at the time of publication."
Guatemala,1100 ,690 , 1900,,1400 ,880 , 2100,,1600 ,1000 , 2300,,1800 ,1200 , 2500,,1700 ,1200 , 2400,,1700 ,1200 , 2300,,1600 ,1100 , 2300,,1500 ,1000 , 2000,,1300 ,920 , 2000,,1200 ,850 , 1800,,1200 ,800 , 1700,,1100 ,720 , 1500,,1100 ,720 , 1400,,940 ,630 , 1200,,820 ,540 , 1200,,810 ,520 , 1100,,770 ,<500 , 1100,,730 ,<500 , 1100,,650 ,<500 , 940,,620 ,<500 , 890,,560 ,<500 , 840,,<500 ,<500 , 730,,<500 ,<500 , 720,,<500 ,<500 , 710,,<500 ,<500 , 770,,510 ,<500 , 880,,620 ,<500 , 1000,,620 ,<500 , 1000,,710 ,510 , 1100,,710 ,530 , 1100,,780 ,580 , 1200,,910 ,690 , 1400,,900 ,680 , 1400,,900 ,680 , 1400,,940 ,700 , 1500,
Guinea,1300 ,590 , 2100,,1700 ,790 , 2500,,2000 ,1000 , 2900,,2400 ,1400 , 3400,,2700 ,1700 , 3800,,3100 ,2200 , 4100,,3400 ,2700 , 4600,,3700 ,2900 , 4700,,3700 ,3000 , 4800,,3900 ,3100 , 5100,,3900 ,3100 , 5100,,3800 ,3000 , 4900,,3600 ,3000 , 4700,,3600 ,3000 , 4600,,3500 ,2800 , 4300,,3500 ,2800 , 4500,,3400 ,2800 , 4300,,3400 ,2800 , 4600,,3300 ,2700 , 4300,,3200 ,2600 , 4200,,3100 ,2500 , 4000,,2900 ,2300 , 3900,,2800 ,2200 , 3800,,2700 ,2000 , 3500,,2700 ,2000 , 3700,,2500 ,1900 , 3500,,2400 ,1700 , 3300,,2300 ,1700 , 3300,,2200 ,1600 , 3300,,2100 ,1500 , 3000,,1900 ,1300 , 2800,,1800 ,1200 , 2700,,1600 ,950 , 2500,,1400 ,780 , 2300,,1300 ,700 , 2200,
Guinea-Bissau,<200 ,<100 , <500,,<500 ,<200 , <500,,<500 ,<200 , <500,,<500 ,<500 , 580,,610 ,<500 , 800,,860 ,580 , 1100,,1200 ,800 , 1500,,1500 ,1100 , 1800,,1800 ,1400 , 2200,,1900 ,1500 , 2400,,1900 ,1500 , 2400,,1700 ,1300 , 2200,,1500 ,1200 , 1900,,1300 ,990 , 1700,,1200 ,900 , 1500,,1000 ,820 , 1400,,1000 ,800 , 1300,,1000 ,780 , 1300,,940 ,730 , 1200,,910 ,700 , 1200,,840 ,640 , 1100,,770 ,590 , 1000,,710 ,520 , 930,,660 ,<500 , 890,,610 ,<500 , 820,,570 ,<500 , 770,,<500 ,<500 , 700,,<500 ,<500 , 660,,<500 ,<500 , 600,,<500 ,<500 , 580,,<500 ,<500 , 520,,<500 ,<200 , 530,,<500 ,<200 , <500,,<500 ,<200 , <500,,<500 ,<200 , <500,
Guyana,<100 ,<100 , <500,,<200 ,<100 , <500,,<200 ,<100 , <500,,<200 ,<200 , <500,,<200 ,<200 , <500,,<200 ,<200 , <500,,<200 ,<200 , <500,,<200 ,<200 , <500,,<500 ,<200 , <500,,<500 ,<200 , <500,,<500 ,<200 , <500,,<500 ,<200 , <500,,<500 ,<500 , <500,,<500 ,<500 , 530,,<500 ,<500 , 520,,<500 ,<500 , 530,,<500 ,<200 , 550,,<500 ,<200 , 560,,<500 ,<200 , 600,,<500 ,<200 , 560,,<500 ,<200 , <500,,<500 ,<200 , <500,,<500 ,<200 , <500,,<500 ,<200 , <500,,<500 ,<200 , <500,,<500 ,<200 , <500,,<500 ,<200 , <500,,<500 ,<200 , <500,,<500 ,<200 , <500,,<500 ,<200 , <500,,<500 ,<200 , <500,,<500 ,<200 , <500,,<500 ,<200 , 520,,<500 ,<200 , <500,,<500 ,<200 , <500,
Haiti,7100 ,5300 , 9500,,6600 ,5000 , 8800,,5800 ,4500 , 7800,,5400 ,4200 , 7400,,4800 ,3800 , 6500,,4600 ,3600 , 6000,,4300 ,3500 , 5700,,4100 ,3300 , 5300,,4000 ,3200 , 5100,,3800 ,3200 , 4900,,3900 ,3300 , 5000,,3900 ,3300 , 4800,,3700 ,3200 , 4800,,3500 ,3000 , 4600,,3400 ,2800 , 4400,,3200 ,2700 , 4300,,3100 ,2600 , 4000,,3000 ,2500 , 4000,,2900 ,2400 , 3900,,2900 ,2400 , 3800,,2800 ,2300 , 3800,,2800 ,2300 , 3800,,2600 ,2100 , 3600,,2600 ,2000 , 3500,,2500 ,1900 , 3400,,2500 ,2000 , 3300,,2500 ,2000 , 3400,,2600 ,2000 , 3500,,2300 ,1900 , 3200,,2400 ,1800 , 3200,,2200 ,1700 , 2900,,2000 ,1500 , 2800,,2000 ,1500 , 2900,,1800 ,1300 , 2700,,1700 ,1100 , 2600,
Honduras,1200 ,890 , 1700,,1400 ,1100 , 1900,,1600 ,1300 , 2000,,1800 ,1400 , 2200,,1800 ,1500 , 2200,,1900 ,1600 , 2300,,1900 ,1500 , 2300,,1900 ,1600 , 2300,,1800 ,1500 , 2200,,1600 ,1300 , 2000,,1400 ,1200 , 1700,,1200 ,950 , 1500,,1000 ,800 , 1300,,830 ,630 , 1100,,630 ,<500 , 840,,530 ,<500 , 750,,<500 ,<500 , 650,,<500 ,<200 , 590,,<500 ,<100 , 550,,<500 ,<100 , 540,,<500 ,<100 , 510,,<500 ,<100 , <500,,<500 ,<100 , <500,,<500 ,<100 , <500,,<500 ,<100 , <500,,<500 ,<200 , <500,,<500 ,<200 , 500,,<500 ,<200 , <500,,<500 ,<500 , <500,,<500 ,<500 , <500,,<500 ,<500 , <500,,<500 ,<500 , <500,,<500 ,<500 , <500,,<500 ,<500 , <500,,<500 ,<500 , <500,
Hungary,... ,... , ...,"Estimates were not available at the time of publication.",... ,... , ...,"Estimates were not available at the time of publication.",... ,... , ...,"Estimates were not available at the time of publication.",... ,... , ...,"Estimates were not available at the time of publication.",... ,... , ...,"Estimates were not available at the time of publication.",... ,... , ...,"Estimates were not available at the time of publication.",... ,... , ...,"Estimates were not available at the time of publication.",... ,... , ...,"Estimates were not available at the time of publication.",... ,... , ...,"Estimates were not available at the time of publication.",... ,... , ...,"Estimates were not available at the time of publication.",... ,... , ...,"Estimates were not available at the time of publication.",... ,... , ...,"Estimates were not available at the time of publication.",... ,... , ...,"Estimates were not available at the time of publication.",... ,... , ...,"Estimates were not available at the time of publication.",... ,... , ...,"Estimates were not available at the time of publication.",... ,... , ...,"Estimates were not available at the time of publication.",... ,... , ...,"Estimates were not available at the time of publication.",... ,... , ...,"Estimates were not available at the time of publication.",... ,... , ...,"Estimates were not available at the time of publication.",... ,... , ...,"Estimates were not available at the time of publication.",... ,... , ...,"Estimates were not available at the time of publication.",... ,... , ...,"Estimates were not available at the time of publication.",... ,... , ...,"Estimates were not available at the time of publication.",... ,... , ...,"Estimates were not available at the time of publication.",... ,... , ...,"Estimates were not available at the time of publication.",... ,... , ...,"Estimates were not available at the time of publication.",... ,... , ...,"Estimates were not available at the time of publication.",... ,... , ...,"Estimates were not available at the time of publication.",... ,... , ...,"Estimates were not available at the time of publication.",... ,... , ...,"Estimates were not available at the time of publication.",... ,... , ...,"Estimates were not available at the time of publication.",... ,... , ...,"Estimates were not available at the time of publication.",... ,... , ...,"Estimates were not available at the time of publication.",... ,... , ...,"Estimates were not available at the time of publication.",... ,... , ...,"Estimates were not available at the time of publication."
Iceland,<100 ,<100 , <100,"Children estimates were not available at the time of publication.",<100 ,<100 , <100,"Children estimates were not available at the time of publication.",<100 ,<100 , <100,"Children estimates were not available at the time of publication.",<100 ,<100 , <100,"Children estimates were not available at the time of publication.",<100 ,<100 , <100,"Children estimates were not available at the time of publication.",<100 ,<100 , <100,"Children estimates were not available at the time of publication.",<100 ,<100 , <100,"Children estimates were not available at the time of publication.",<100 ,<100 , <100,"Children estimates were not available at the time of publication.",<100 ,<100 , <100,"Children estimates were not available at the time of publication.",<100 ,<100 , <100,"Children estimates were not available at the time of publication.",<100 ,<100 , <100,"Children estimates were not available at the time of publication.",<100 ,<100 , <100,"Children estimates were not available at the time of publication.",<100 ,<100 , <100,"Children estimates were not available at the time of publication.",<100 ,<100 , <100,"Children estimates were not available at the time of publication.",<100 ,<100 , <100,"Children estimates were not available at the time of publication.",<100 ,<100 , <100,"Children estimates were not available at the time of publication.",<100 ,<100 , <100,"Children estimates were not available at the time of publication.",<100 ,<100 , <100,"Children estimates were not available at the time of publication.",<100 ,<100 , <100,"Children estimates were not available at the time of publication.",<100 ,<100 , <100,"Children estimates were not available at the time of publication.",<100 ,<100 , <100,"Children estimates were not available at the time of publication.",<100 ,<100 , <100,"Children estimates were not available at the time of publication.",<100 ,<100 , <100,"Children estimates were not available at the time of publication.",<100 ,<100 , <100,"Children estimates were not available at the time of publication.",<100 ,<100 , <100,"Children estimates were not available at the time of publication.",<100 ,<100 , <100,"Children estimates were not available at the time of publication.",<100 ,<100 , <100,"Children estimates were not available at the time of publication.",<100 ,<100 , <100,"Children estimates were not available at the time of publication.",<100 ,<100 , <100,"Children estimates were not available at the time of publication.",<100 ,<100 , <100,"Children estimates were not available at the time of publication.",<100 ,<100 , <100,"Children estimates were not available at the time of publication.",<100 ,<100 , <100,"Children estimates were not available at the time of publication.",<100 ,<100 , <100,"Children estimates were not available at the time of publication.",<100 ,<100 , <100,"Children estimates were not available at the time of publication.",<100 ,<100 , <100,"Children estimates were not available at the time of publication."
Indonesia,<200 ,<100 , <200,,<200 ,<200 , <500,,<500 ,<500 , <500,,530 ,<500 , 590,,870 ,760 , 970,,1400 ,1200 , 1600,,2100 ,1900 , 2400,,3300 ,2800 , 3700,,4800 ,4200 , 5400,,7300 ,6400 , 8200,,14 000 ,12 000 , 15 000,,28 000 ,25 000 , 31 000,,34 000 ,30 000 , 38 000,,31 000 ,28 000 , 35 000,,32 000 ,29 000 , 36 000,,34 000 ,30 000 , 38 000,,34 000 ,30 000 , 37 000,,31 000 ,28 000 , 34 000,,30 000 ,27 000 , 33 000,,30 000 ,27 000 , 33 000,,30 000 ,27 000 , 33 000,,29 000 ,26 000 , 32 000,,28 000 ,26 000 , 31 000,,27 000 ,24 000 , 30 000,,26 000 ,23 000 , 29 000,,25 000 ,22 000 , 27 000,,24 000 ,21 000 , 26 000,,23 000 ,20 000 , 25 000,,22 000 ,20 000 , 24 000,,21 000 ,19 000 , 23 000,,20 000 ,18 000 , 22 000,,20 000 ,18 000 , 21 000,,19 000 ,17 000 , 21 000,,18 000 ,16 000 , 20 000,,17 000 ,15 000 , 18 000,
Iran (Islamic Republic of),... ,... , ...,,... ,... , ...,,... ,... , ...,,... ,... , ...,,... ,... , ...,,... ,... , ...,,... ,... , ...,,... ,... , ...,,... ,... , ...,,... ,... , ...,,... ,... , ...,,... ,... , ...,,... ,... , ...,,... ,... , ...,,... ,... , ...,,... ,... , ...,,... ,... , ...,,... ,... , ...,,... ,... , ...,,... ,... , ...,,... ,... , ...,,... ,... , ...,,... ,... , ...,,... ,... , ...,,... ,... , ...,,... ,... , ...,,... ,... , ...,,... ,... , ...,,... ,... , ...,,... ,... , ...,,... ,... , ...,,... ,... , ...,,... ,... , ...,,... ,... , ...,,1600 ,850 , 3200,
Iraq,<100 ,<100 , <100,"Children estimates were not available at the time of publication.",<100 ,<100 , <100,"Children estimates were not available at the time of publication.",<100 ,<100 , <100,"Children estimates were not available at the time of publication.",<100 ,<100 , <100,"Children estimates were not available at the time of publication.",<100 ,<100 , <100,"Children estimates were not available at the time of publication.",<100 ,<100 , <100,"Children estimates were not available at the time of publication.",<100 ,<100 , <100,"Children estimates were not available at the time of publication.",<100 ,<100 , <100,"Children estimates were not available at the time of publication.",<100 ,<100 , <100,"Children estimates were not available at the time of publication.",<100 ,<100 , <100,"Children estimates were not available at the time of publication.",<100 ,<100 , <100,"Children estimates were not available at the time of publication.",<100 ,<100 , <100,"Children estimates were not available at the time of publication.",<100 ,<100 , <100,"Children estimates were not available at the time of publication.",<100 ,<100 , <100,"Children estimates were not available at the time of publication.",<100 ,<100 , <100,"Children estimates were not available at the time of publication.",<100 ,<100 , <100,"Children estimates were not available at the time of publication.",<100 ,<100 , <100,"Children estimates were not available at the time of publication.",<100 ,<100 , <100,"Children estimates were not available at the time of publication.",<100 ,<100 , <100,"Children estimates were not available at the time of publication.",<100 ,<100 , <100,"Children estimates were not available at the time of publication.",<100 ,<100 , <100,"Children estimates were not available at the time of publication.",<100 ,<100 , <100,"Children estimates were not available at the time of publication.",<100 ,<100 , <100,"Children estimates were not available at the time of publication.",<100 ,<100 , <100,"Children estimates were not available at the time of publication.",<100 ,<100 , <100,"Children estimates were not available at the time of publication.",<100 ,<100 , <100,"Children estimates were not available at the time of publication.",<100 ,<100 , <100,"Children estimates were not available at the time of publication.",<100 ,<100 , <200,"Children estimates were not available at the time of publication.",<200 ,<100 , <200,"Children estimates were not available at the time of publication.",<200 ,<100 , <500,"Children estimates were not available at the time of publication.",<200 ,<200 , <500,"Children estimates were not available at the time of publication.",<500 ,<200 , <500,"Children estimates were not available at the time of publication.",<500 ,<500 , 530,"Children estimates were not available at the time of publication.",<500 ,<500 , 690,"Children estimates were not available at the time of publication.",600 ,<500 , 810,"Children estimates were not available at the time of publication."
Ireland,<100 ,<100 , <100,,<100 ,<100 , <200,,<100 ,<100 , <200,,<100 ,<100 , <200,,<200 ,<100 , <200,,<200 ,<100 , <200,,<200 ,<200 , <200,,<200 ,<200 , <200,,<200 ,<200 , <200,,<200 ,<200 , <200,,<200 ,<200 , <200,,<200 ,<200 , <200,,<200 ,<200 , <200,,<200 ,<200 , <200,,<200 ,<200 , <200,,<200 ,<200 , <200,,<200 ,<200 , <200,,<200 ,<200 , <500,,<500 ,<200 , <500,,<500 ,<200 , <500,,<500 ,<200 , <500,,<500 ,<200 , <500,,<500 ,<200 , <500,,<500 ,<200 , <500,,<500 ,<200 , <500,,<200 ,<200 , <500,,<200 ,<200 , <500,,<200 ,<200 , <500,,<200 ,<200 , <500,,<200 ,<200 , <500,,<200 ,<200 , <500,,<200 ,<100 , <200,,<200 ,<100 , <200,,<200 ,<100 , <200,,<200 ,<100 , <200,
Israel,... ,... , ...,"Estimates were not available at the time of publication.",... ,... , ...,"Estimates were not available at the time of publication.",... ,... , ...,"Estimates were not available at the time of publication.",... ,... , ...,"Estimates were not available at the time of publication.",... ,... , ...,"Estimates were not available at the time of publication.",... ,... , ...,"Estimates were not available at the time of publication.",... ,... , ...,"Estimates were not available at the time of publication.",... ,... , ...,"Estimates were not available at the time of publication.",... ,... , ...,"Estimates were not available at the time of publication.",... ,... , ...,"Estimates were not available at the time of publication.",... ,... , ...,"Estimates were not available at the time of publication.",... ,... , ...,"Estimates were not available at the time of publication.",... ,... , ...,"Estimates were not available at the time of publication.",... ,... , ...,"Estimates were not available at the time of publication.",... ,... , ...,"Estimates were not available at the time of publication.",... ,... , ...,"Estimates were not available at the time of publication.",... ,... , ...,"Estimates were not available at the time of publication.",... ,... , ...,"Estimates were not available at the time of publication.",... ,... , ...,"Estimates were not available at the time of publication.",... ,... , ...,"Estimates were not available at the time of publication.",... ,... , ...,"Estimates were not available at the time of publication.",... ,... , ...,"Estimates were not available at the time of publication.",... ,... , ...,"Estimates were not available at the time of publication.",... ,... , ...,"Estimates were not available at the time of publication.",... ,... , ...,"Estimates were not available at the time of publication.",... ,... , ...,"Estimates were not available at the time of publication.",... ,... , ...,"Estimates were not available at the time of publication.",... ,... , ...,"Estimates were not available at the time of publication.",... ,... , ...,"Estimates were not available at the time of publication.",... ,... , ...,"Estimates were not available at the time of publication.",... ,... , ...,"Estimates were not available at the time of publication.",... ,... , ...,"Estimates were not available at the time of publication.",... ,... , ...,"Estimates were not available at the time of publication.",... ,... , ...,"Estimates were not available at the time of publication.",... ,... , ...,"Estimates were not available at the time of publication."
Italy,3100 ,2400 , 3800,,3200 ,2400 , 3800,,3200 ,2500 , 3800,,3300 ,2500 , 3900,,3300 ,2500 , 3900,,3300 ,2600 , 3900,,3300 ,2500 , 4000,,3300 ,2600 , 4000,,3300 ,2600 , 4000,,3300 ,2600 , 4000,,3300 ,2600 , 3900,,3300 ,2500 , 4000,,3300 ,2500 , 3900,,3300 ,2500 , 4000,,3400 ,2500 , 4000,,3400 ,2500 , 4000,,3400 ,2500 , 4100,,3400 ,2500 , 4100,,3400 ,2500 , 4100,,3500 ,2600 , 4200,,3500 ,2600 , 4300,,3500 ,2600 , 4200,,3500 ,2500 , 4300,,3500 ,2500 , 4300,,3500 ,2500 , 4200,,3500 ,2500 , 4300,,3400 ,2400 , 4200,,3400 ,2400 , 4200,,3400 ,2400 , 4200,,3400 ,2300 , 4200,,3400 ,2300 , 4100,,3300 ,2300 , 4100,,3300 ,2200 , 4200,,3300 ,2200 , 4100,,3300 ,2200 , 4100,
Jamaica,1400 ,990 , 2000,,1800 ,1300 , 2400,,2000 ,1600 , 2600,,2200 ,1700 , 2700,,2200 ,1700 , 2700,,2200 ,1800 , 2700,,2100 ,1800 , 2600,,2000 ,1700 , 2500,,2000 ,1700 , 2300,,1900 ,1600 , 2200,,1800 ,1500 , 2100,,1600 ,1400 , 1800,,1500 ,1300 , 1700,,1400 ,1200 , 1700,,1400 ,1200 , 1600,,1300 ,1100 , 1500,,1200 ,990 , 1400,,1100 ,960 , 1400,,1100 ,900 , 1300,,1000 ,830 , 1200,,960 ,790 , 1200,,930 ,760 , 1100,,880 ,720 , 1100,,810 ,660 , 980,,740 ,590 , 900,,700 ,570 , 870,,660 ,530 , 840,,660 ,530 , 820,,730 ,580 , 920,,700 ,560 , 870,,690 ,550 , 870,,740 ,590 , 930,,690 ,550 , 910,,730 ,550 , 960,,650 ,<500 , 870,
Japan,... ,... , ...,"Estimates were not available at the time of publication.",... ,... , ...,"Estimates were not available at the time of publication.",... ,... , ...,"Estimates were not available at the time of publication.",... ,... , ...,"Estimates were not available at the time of publication.",... ,... , ...,"Estimates were not available at the time of publication.",... ,... , ...,"Estimates were not available at the time of publication.",... ,... , ...,"Estimates were not available at the time of publication.",... ,... , ...,"Estimates were not available at the time of publication.",... ,... , ...,"Estimates were not available at the time of publication.",... ,... , ...,"Estimates were not available at the time of publication.",... ,... , ...,"Estimates were not available at the time of publication.",... ,... , ...,"Estimates were not available at the time of publication.",... ,... , ...,"Estimates were not available at the time of publication.",... ,... , ...,"Estimates were not available at the time of publication.",... ,... , ...,"Estimates were not available at the time of publication.",... ,... , ...,"Estimates were not available at the time of publication.",... ,... , ...,"Estimates were not available at the time of publication.",... ,... , ...,"Estimates were not available at the time of publication.",... ,... , ...,"Estimates were not available at the time of publication.",... ,... , ...,"Estimates were not available at the time of publication.",... ,... , ...,"Estimates were not available at the time of publication.",... ,... , ...,"Estimates were not available at the time of publication.",... ,... , ...,"Estimates were not available at the time of publication.",... ,... , ...,"Estimates were not available at the time of publication.",... ,... , ...,"Estimates were not available at the time of publication.",... ,... , ...,"Estimates were not available at the time of publication.",... ,... , ...,"Estimates were not available at the time of publication.",... ,... , ...,"Estimates were not available at the time of publication.",... ,... , ...,"Estimates were not available at the time of publication.",... ,... , ...,"Estimates were not available at the time of publication.",... ,... , ...,"Estimates were not available at the time of publication.",... ,... , ...,"Estimates were not available at the time of publication.",... ,... , ...,"Estimates were not available at the time of publication.",... ,... , ...,"Estimates were not available at the time of publication.",... ,... , ...,"Estimates were not available at the time of publication."
Jordan,<100 ,<100 , <100,"Children estimates were not available at the time of publication.",<100 ,<100 , <100,"Children estimates were not available at the time of publication.",<100 ,<100 , <100,"Children estimates were not available at the time of publication.",<100 ,<100 , <100,"Children estimates were not available at the time of publication.",<100 ,<100 , <100,"Children estimates were not available at the time of publication.",<100 ,<100 , <100,"Children estimates were not available at the time of publication.",<100 ,<100 , <100,"Children estimates were not available at the time of publication.",<100 ,<100 , <100,"Children estimates were not available at the time of publication.",<100 ,<100 , <100,"Children estimates were not available at the time of publication.",<100 ,<100 , <100,"Children estimates were not available at the time of publication.",<100 ,<100 , <100,"Children estimates were not available at the time of publication.",<100 ,<100 , <100,"Children estimates were not available at the time of publication.",<100 ,<100 , <100,"Children estimates were not available at the time of publication.",<100 ,<100 , <100,"Children estimates were not available at the time of publication.",<100 ,<100 , <100,"Children estimates were not available at the time of publication.",<100 ,<100 , <100,"Children estimates were not available at the time of publication.",<100 ,<100 , <100,"Children estimates were not available at the time of publication.",<100 ,<100 , <100,"Children estimates were not available at the time of publication.",<100 ,<100 , <100,"Children estimates were not available at the time of publication.",<100 ,<100 , <100,"Children estimates were not available at the time of publication.",<100 ,<100 , <100,"Children estimates were not available at the time of publication.",<100 ,<100 , <100,"Children estimates were not available at the time of publication.",<100 ,<100 , <100,"Children estimates were not available at the time of publication.",<100 ,<100 , <100,"Children estimates were not available at the time of publication.",<100 ,<100 , <100,"Children estimates were not available at the time of publication.",<100 ,<100 , <100,"Children estimates were not available at the time of publication.",<100 ,<100 , <100,"Children estimates were not available at the time of publication.",<100 ,<100 , <100,"Children estimates were not available at the time of publication.",<100 ,<100 , <100,"Children estimates were not available at the time of publication.",<100 ,<100 , <100,"Children estimates were not available at the time of publication.",<100 ,<100 , <100,"Children estimates were not available at the time of publication.",<100 ,<100 , <100,"Children estimates were not available at the time of publication.",<100 ,<100 , <100,"Children estimates were not available at the time of publication.",<100 ,<100 , <100,"Children estimates were not available at the time of publication.",<100 ,<100 , <100,"Children estimates were not available at the time of publication."
Kazakhstan,<100 ,<100 , <100,,<100 ,<100 , <100,,<100 ,<100 , <100,,<100 ,<100 , <100,,<100 ,<100 , <100,,<100 ,<100 , <200,,<200 ,<200 , <200,,<200 ,<200 , <200,,<500 ,<200 , <500,,<500 ,<500 , <500,,<500 ,<500 , <500,,<500 ,<500 , <500,,500 ,<500 , 560,,590 ,530 , 680,,690 ,630 , 770,,730 ,660 , 830,,820 ,750 , 910,,900 ,820 , 1000,,1000 ,900 , 1100,,1100 ,960 , 1200,,1200 ,1000 , 1300,,1300 ,1100 , 1400,,1300 ,1200 , 1500,,1400 ,1300 , 1500,,1400 ,1300 , 1600,,1400 ,1300 , 1600,,1400 ,1300 , 1600,,1400 ,1200 , 1500,,1300 ,1100 , 1500,,1300 ,1100 , 1500,,1300 ,1100 , 1600,,1300 ,1100 , 1500,,1200 ,980 , 1500,,1300 ,1100 , 1600,,1200 ,940 , 1400,
Kenya,66 000 ,41 000 , 110 000,,73 000 ,45 000 , 120 000,,74 000 ,46 000 , 120 000,,71 000 ,44 000 , 120 000,,62 000 ,38 000 , 100 000,,53 000 ,33 000 , 88 000,,46 000 ,28 000 , 76 000,,40 000 ,25 000 , 67 000,,37 000 ,23 000 , 61 000,,34 000 ,21 000 , 56 000,,30 000 ,19 000 , 50 000,,28 000 ,17 000 , 47 000,,26 000 ,16 000 , 44 000,,25 000 ,16 000 , 42 000,,24 000 ,15 000 , 40 000,,23 000 ,14 000 , 38 000,,22 000 ,14 000 , 37 000,,21 000 ,13 000 , 35 000,,20 000 ,13 000 , 34 000,,19 000 ,12 000 , 32 000,,18 000 ,11 000 , 30 000,,16 000 ,10 000 , 27 000,,15 000 ,9000 , 24 000,,13 000 ,8100 , 22 000,,12 000 ,7200 , 19 000,,10 000 ,6300 , 17 000,,8400 ,5200 , 14 000,,7200 ,4400 , 12 000,,6300 ,3900 , 10 000,,6100 ,3800 , 10 000,,5800 ,3600 , 9600,,5600 ,3500 , 9200,,5400 ,3400 , 9000,,4800 ,3000 , 7900,,4600 ,2900 , 7700,
Kiribati,... ,... , ...,,... ,... , ...,,... ,... , ...,,... ,... , ...,,... ,... , ...,,... ,... , ...,,... ,... , ...,,... ,... , ...,,... ,... , ...,,... ,... , ...,,... ,... , ...,,... ,... , ...,,... ,... , ...,,... ,... , ...,,... ,... , ...,,... ,... , ...,,... ,... , ...,,... ,... , ...,,... ,... , ...,,... ,... , ...,,... ,... , ...,,... ,... , ...,,... ,... , ...,,... ,... , ...,,... ,... , ...,,... ,... , ...,,... ,... , ...,,... ,... , ...,,... ,... , ...,,... ,... , ...,,... ,... , ...,,... ,... , ...,,... ,... , ...,,... ,... , ...,,... ,... , ...,
Kuwait,... ,... , ...,"Children estimates were not available at the time of publication.",... ,... , ...,"Children estimates were not available at the time of publication.",... ,... , ...,"Children estimates were not available at the time of publication.",... ,... , ...,"Children estimates were not available at the time of publication.",... ,... , ...,"Children estimates were not available at the time of publication.",... ,... , ...,"Children estimates were not available at the time of publication.",... ,... , ...,"Children estimates were not available at the time of publication.",... ,... , ...,"Children estimates were not available at the time of publication.",... ,... , ...,"Children estimates were not available at the time of publication.",... ,... , ...,"Children estimates were not available at the time of publication.",... ,... , ...,"Children estimates were not available at the time of publication.",... ,... , ...,"Children estimates were not available at the time of publication.",... ,... , ...,"Children estimates were not available at the time of publication.",... ,... , ...,"Children estimates were not available at the time of publication.",... ,... , ...,"Children estimates were not available at the time of publication.",... ,... , ...,"Children estimates were not available at the time of publication.",... ,... , ...,"Children estimates were not available at the time of publication.",... ,... , ...,"Children estimates were not available at the time of publication.",... ,... , ...,"Children estimates were not available at the time of publication.",... ,... , ...,"Children estimates were not available at the time of publication.",... ,... , ...,"Children estimates were not available at the time of publication.",... ,... , ...,"Children estimates were not available at the time of publication.",... ,... , ...,"Children estimates were not available at the time of publication.",... ,... , ...,"Children estimates were not available at the time of publication.",... ,... , ...,"Children estimates were not available at the time of publication.",... ,... , ...,"Children estimates were not available at the time of publication.",... ,... , ...,"Children estimates were not available at the time of publication.",... ,... , ...,"Children estimates were not available at the time of publication.",... ,... , ...,"Children estimates were not available at the time of publication.",... ,... , ...,"Children estimates were not available at the time of publication.",... ,... , ...,"Children estimates were not available at the time of publication.",... ,... , ...,"Children estimates were not available at the time of publication.",... ,... , ...,"Children estimates were not available at the time of publication.",... ,... , ...,"Children estimates were not available at the time of publication.",... ,... , ...,"Children estimates were not available at the time of publication."
Kyrgyzstan,<100 ,<100 , <100,,<100 ,<100 , <100,,<100 ,<100 , <100,,<100 ,<100 , <100,,<100 ,<100 , <100,,<100 ,<100 , <100,,<100 ,<100 , <100,,<100 ,<100 , <100,,<100 ,<100 , <100,,<100 ,<100 , <100,,<100 ,<100 , <200,,<500 ,<200 , 2300,,<200 ,<100 , <500,,<100 ,<100 , <100,,<200 ,<100 , <200,,<200 ,<200 , <500,,<500 ,<500 , <500,,<500 ,<500 , <500,,<500 ,<500 , <500,,<500 ,<500 , <500,,<500 ,<500 , 520,,<500 ,<500 , 530,,<500 ,<500 , 530,,<500 ,<500 , 540,,<500 ,<500 , 540,,<500 ,<500 , 550,,<500 ,<500 , 540,,<500 ,<500 , 550,,500 ,<500 , 560,,510 ,<500 , 570,,520 ,<500 , 580,,530 ,<500 , 590,,540 ,<500 , 600,,550 ,<500 , 620,,560 ,500 , 620,
Lao People's Democratic Republic,<100 ,<100 , <100,,<100 ,<100 , <100,,<100 ,<100 , <100,,<100 ,<100 , <100,,<100 ,<100 , <100,,<100 ,<100 , <100,,<200 ,<200 , <200,,<500 ,<200 , <500,,<500 ,<500 , <500,,<500 ,<500 , <500,,<500 ,<500 , <500,,<500 ,<500 , 510,,<500 ,<500 , 540,,<500 ,<500 , 540,,<500 ,<500 , 540,,510 ,<500 , 560,,530 ,<500 , 590,,560 ,<500 , 620,,570 ,510 , 630,,580 ,520 , 640,,590 ,530 , 650,,600 ,540 , 660,,630 ,560 , 690,,650 ,580 , 720,,680 ,600 , 750,,710 ,640 , 780,,740 ,660 , 810,,780 ,690 , 860,,810 ,720 , 900,,830 ,740 , 920,,830 ,740 , 910,,840 ,750 , 920,,860 ,770 , 950,,850 ,750 , 920,,830 ,740 , 910,
Latvia,<100 ,<100 , <200,"Children estimates were not available at the time of publication.",<100 ,<100 , <200,"Children estimates were not available at the time of publication.",<200 ,<100 , <500,"Children estimates were not available at the time of publication.",<200 ,<100 , 540,"Children estimates were not available at the time of publication.",<200 ,<100 , 1600,"Children estimates were not available at the time of publication.",<200 ,<100 , 560,"Children estimates were not available at the time of publication.",<200 ,<100 , <500,"Children estimates were not available at the time of publication.",<200 ,<100 , <500,"Children estimates were not available at the time of publication.",<500 ,<500 , <500,"Children estimates were not available at the time of publication.",580 ,<500 , 680,"Children estimates were not available at the time of publication.",<500 ,<500 , <500,"Children estimates were not available at the time of publication.",<500 ,<500 , <500,"Children estimates were not available at the time of publication.",<500 ,<500 , <500,"Children estimates were not available at the time of publication.",<500 ,<500 , <500,"Children estimates were not available at the time of publication.",<500 ,<500 , <500,"Children estimates were not available at the time of publication.",<500 ,<500 , <500,"Children estimates were not available at the time of publication.",<500 ,<500 , <500,"Children estimates were not available at the time of publication.",<500 ,<500 , <500,"Children estimates were not available at the time of publication.",<500 ,<500 , <500,"Children estimates were not available at the time of publication.",<500 ,<500 , <500,"Children estimates were not available at the time of publication.",<500 ,<500 , <500,"Children estimates were not available at the time of publication.",<500 ,<500 , <500,"Children estimates were not available at the time of publication.",<500 ,<500 , <500,"Children estimates were not available at the time of publication.",<500 ,<500 , <500,"Children estimates were not available at the time of publication.",<500 ,<500 , <500,"Children estimates were not available at the time of publication.",<500 ,<500 , <500,"Children estimates were not available at the time of publication.",<500 ,<500 , <500,"Children estimates were not available at the time of publication.",<500 ,<200 , <500,"Children estimates were not available at the time of publication.",<200 ,<200 , <500,"Children estimates were not available at the time of publication.",<200 ,<200 , <200,"Children estimates were not available at the time of publication.",<200 ,<200 , <200,"Children estimates were not available at the time of publication.",<200 ,<200 , <200,"Children estimates were not available at the time of publication.",<200 ,<200 , <200,"Children estimates were not available at the time of publication.",<200 ,<100 , <200,"Children estimates were not available at the time of publication.",<200 ,<100 , <200,"Children estimates were not available at the time of publication."
Lebanon,... ,... , ...,"Children estimates were not available at the time of publication.",... ,... , ...,"Children estimates were not available at the time of publication.",... ,... , ...,"Children estimates were not available at the time of publication.",... ,... , ...,"Children estimates were not available at the time of publication.",... ,... , ...,"Children estimates were not available at the time of publication.",... ,... , ...,"Children estimates were not available at the time of publication.",... ,... , ...,"Children estimates were not available at the time of publication.",... ,... , ...,"Children estimates were not available at the time of publication.",... ,... , ...,"Children estimates were not available at the time of publication.",... ,... , ...,"Children estimates were not available at the time of publication.",... ,... , ...,"Children estimates were not available at the time of publication.",... ,... , ...,"Children estimates were not available at the time of publication.",... ,... , ...,"Children estimates were not available at the time of publication.",... ,... , ...,"Children estimates were not available at the time of publication.",... ,... , ...,"Children estimates were not available at the time of publication.",... ,... , ...,"Children estimates were not available at the time of publication.",... ,... , ...,"Children estimates were not available at the time of publication.",... ,... , ...,"Children estimates were not available at the time of publication.",... ,... , ...,"Children estimates were not available at the time of publication.",... ,... , ...,"Children estimates were not available at the time of publication.",... ,... , ...,"Children estimates were not available at the time of publication.",... ,... , ...,"Children estimates were not available at the time of publication.",... ,... , ...,"Children estimates were not available at the time of publication.",... ,... , ...,"Children estimates were not available at the time of publication.",... ,... , ...,"Children estimates were not available at the time of publication.",... ,... , ...,"Children estimates were not available at the time of publication.",... ,... , ...,"Children estimates were not available at the time of publication.",... ,... , ...,"Children estimates were not available at the time of publication.",... ,... , ...,"Children estimates were not available at the time of publication.",... ,... , ...,"Children estimates were not available at the time of publication.",... ,... , ...,"Children estimates were not available at the time of publication.",... ,... , ...,"Children estimates were not available at the time of publication.",... ,... , ...,"Children estimates were not available at the time of publication.",... ,... , ...,"Children estimates were not available at the time of publication.",... ,... , ...,"Children estimates were not available at the time of publication."
Lesotho,2800 ,2200 , 3600,,4500 ,3500 , 5600,,6600 ,5300 , 8400,,8800 ,7300 , 11 000,,11 000 ,8900 , 14 000,,12 000 ,9900 , 15 000,,12 000 ,9900 , 14 000,,11 000 ,9500 , 13 000,,10 000 ,8400 , 12 000,,9600 ,8200 , 11 000,,9100 ,7700 , 11 000,,8700 ,7300 , 10 000,,8500 ,7200 , 10 000,,8500 ,7200 , 10 000,,8500 ,7100 , 11 000,,8500 ,7200 , 11 000,,8700 ,7400 , 11 000,,8500 ,7100 , 11 000,,8100 ,6800 , 10 000,,7700 ,6600 , 9600,,7100 ,6000 , 8900,,6700 ,5700 , 8500,,6400 ,5300 , 7900,,6200 ,5100 , 7700,,5700 ,4700 , 7100,,5000 ,4100 , 6300,,3900 ,3300 , 5200,,3100 ,2500 , 4000,,2500 ,2000 , 3400,,2300 ,1800 , 3100,,2000 ,1500 , 2700,,1600 ,1200 , 2200,,1300 ,920 , 1700,,1200 ,840 , 1700,,1000 ,740 , 1400,
Liberia,... ,... , ...,,... ,... , ...,,... ,... , ...,,... ,... , ...,,... ,... , ...,,... ,... , ...,,... ,... , ...,,... ,... , ...,,... ,... , ...,,... ,... , ...,,... ,... , ...,,... ,... , ...,,... ,... , ...,,... ,... , ...,,... ,... , ...,,... ,... , ...,,... ,... , ...,,... ,... , ...,,... ,... , ...,,... ,... , ...,,... ,... , ...,,... ,... , ...,,... ,... , ...,,... ,... , ...,,... ,... , ...,,... ,... , ...,,... ,... , ...,,... ,... , ...,,... ,... , ...,,... ,... , ...,,... ,... , ...,,... ,... , ...,,... ,... , ...,,... ,... , ...,,... ,... , ...,
Libya,<100 ,<100 , <100,,<100 ,<100 , <100,,<100 ,<100 , <100,,<100 ,<100 , <100,,<100 ,<100 , <100,,<100 ,<100 , <100,,<100 ,<100 , <100,,<200 ,<100 , <200,,<200 ,<100 , <200,,<200 ,<200 , <200,,<200 ,<200 , <200,,<200 ,<200 , <200,,<200 ,<200 , <500,,<200 ,<200 , <500,,<500 ,<200 , <500,,<500 ,<200 , <500,,<500 ,<200 , <500,,<500 ,<200 , <500,,<500 ,<500 , <500,,<500 ,<500 , <500,,<500 ,<500 , <500,,<500 ,<200 , <500,,<200 ,<200 , <500,,<200 ,<200 , <500,,<500 ,<200 , <500,,<500 ,<200 , <500,,<500 ,<200 , <500,,<500 ,<200 , <500,,<500 ,<200 , <500,,<200 ,<200 , <500,,<500 ,<200 , <500,,<500 ,<200 , <500,,<500 ,<200 , <500,,<500 ,<200 , <500,,<500 ,<200 , <500,
Lithuania,<100 ,<100 , <100,"Children estimates were not available at the time of publication.",<100 ,<100 , <100,"Children estimates were not available at the time of publication.",<100 ,<100 , <100,"Children estimates were not available at the time of publication.",<100 ,<100 , <100,"Children estimates were not available at the time of publication.",<100 ,<100 , <100,"Children estimates were not available at the time of publication.",<100 ,<100 , <200,"Children estimates were not available at the time of publication.",<100 ,<100 , <200,"Children estimates were not available at the time of publication.",<100 ,<100 , <200,"Children estimates were not available at the time of publication.",<200 ,<100 , <200,"Children estimates were not available at the time of publication.",<200 ,<100 , <200,"Children estimates were not available at the time of publication.",<200 ,<200 , <200,"Children estimates were not available at the time of publication.",<200 ,<200 , <200,"Children estimates were not available at the time of publication.",<200 ,<200 , <200,"Children estimates were not available at the time of publication.",<200 ,<200 , <200,"Children estimates were not available at the time of publication.",<200 ,<200 , <200,"Children estimates were not available at the time of publication.",<200 ,<200 , <200,"Children estimates were not available at the time of publication.",<200 ,<200 , <200,"Children estimates were not available at the time of publication.",<200 ,<200 , <200,"Children estimates were not available at the time of publication.",<200 ,<200 , <200,"Children estimates were not available at the time of publication.",<200 ,<200 , <200,"Children estimates were not available at the time of publication.",<200 ,<200 , <200,"Children estimates were not available at the time of publication.",<200 ,<200 , <200,"Children estimates were not available at the time of publication.",<200 ,<200 , <200,"Children estimates were not available at the time of publication.",<200 ,<200 , <200,"Children estimates were not available at the time of publication.",<200 ,<200 , <200,"Children estimates were not available at the time of publication.",<200 ,<200 , <200,"Children estimates were not available at the time of publication.",<200 ,<200 , <200,"Children estimates were not available at the time of publication.",<200 ,<200 , <200,"Children estimates were not available at the time of publication.",<200 ,<200 , <200,"Children estimates were not available at the time of publication.",<200 ,<100 , <200,"Children estimates were not available at the time of publication.",<200 ,<100 , <200,"Children estimates were not available at the time of publication.",<200 ,<100 , <200,"Children estimates were not available at the time of publication.",<200 ,<100 , <200,"Children estimates were not available at the time of publication.",<200 ,<100 , <500,"Children estimates were not available at the time of publication.",<200 ,<100 , <500,"Children estimates were not available at the time of publication."
Luxembourg,<100 ,<100 , <100,"Children estimates were not available at the time of publication.",<100 ,<100 , <100,"Children estimates were not available at the time of publication.",<100 ,<100 , <100,"Children estimates were not available at the time of publication.",<100 ,<100 , <100,"Children estimates were not available at the time of publication.",<100 ,<100 , <100,"Children estimates were not available at the time of publication.",<100 ,<100 , <100,"Children estimates were not available at the time of publication.",<100 ,<100 , <100,"Children estimates were not available at the time of publication.",<100 ,<100 , <100,"Children estimates were not available at the time of publication.",<100 ,<100 , <100,"Children estimates were not available at the time of publication.",<100 ,<100 , <100,"Children estimates were not available at the time of publication.",<100 ,<100 , <100,"Children estimates were not available at the time of publication.",<100 ,<100 , <100,"Children estimates were not available at the time of publication.",<100 ,<100 , <100,"Children estimates were not available at the time of publication.",<100 ,<100 , <100,"Children estimates were not available at the time of publication.",<100 ,<100 , <100,"Children estimates were not available at the time of publication.",<100 ,<100 , <100,"Children estimates were not available at the time of publication.",<100 ,<100 , <100,"Children estimates were not available at the time of publication.",<100 ,<100 , <100,"Children estimates were not available at the time of publication.",<100 ,<100 , <100,"Children estimates were not available at the time of publication.",<100 ,<100 , <100,"Children estimates were not available at the time of publication.",<100 ,<100 , <100,"Children estimates were not available at the time of publication.",<100 ,<100 , <100,"Children estimates were not available at the time of publication.",<100 ,<100 , <100,"Children estimates were not available at the time of publication.",<100 ,<100 , <100,"Children estimates were not available at the time of publication.",<100 ,<100 , <100,"Children estimates were not available at the time of publication.",<100 ,<100 , <100,"Children estimates were not available at the time of publication.",<100 ,<100 , <100,"Children estimates were not available at the time of publication.",<100 ,<100 , <100,"Children estimates were not available at the time of publication.",<100 ,<100 , <100,"Children estimates were not available at the time of publication.",<100 ,<100 , <100,"Children estimates were not available at the time of publication.",<100 ,<100 , <100,"Children estimates were not available at the time of publication.",<100 ,<100 , <100,"Children estimates were not available at the time of publication.",<100 ,<100 , <100,"Children estimates were not available at the time of publication.",<100 ,<100 , <100,"Children estimates were not available at the time of publication.",<100 ,<100 , <100,"Children estimates were not available at the time of publication."
Madagascar,<100 ,<100 , <200,,<200 ,<100 , <500,,<200 ,<100 , <500,,<200 ,<100 , <500,,<200 ,<100 , <500,,<200 ,<100 , <500,,<500 ,<200 , 520,,<500 ,<200 , 600,,<500 ,<200 , 750,,<500 ,<500 , 890,,530 ,<500 , 1000,,660 ,<500 , 1200,,800 ,<500 , 1300,,990 ,620 , 1500,,1200 ,770 , 1700,,1400 ,940 , 1900,,1500 ,1100 , 2100,,1700 ,1300 , 2300,,1800 ,1400 , 2400,,1900 ,1500 , 2500,,2000 ,1600 , 2600,,2100 ,1600 , 2700,,2100 ,1600 , 2700,,2200 ,1700 , 3000,,2400 ,1700 , 3200,,2500 ,1800 , 3300,,2700 ,2000 , 3800,,3000 ,2200 , 4200,,3300 ,2300 , 4600,,3500 ,2500 , 5100,,3800 ,2600 , 5500,,4200 ,2900 , 6200,,4500 ,3000 , 6600,,7100 ,5300 , 9700,,8200 ,6000 , 11 000,
Malawi,42 000 ,38 000 , 48 000,,45 000 ,41 000 , 50 000,,46 000 ,42 000 , 52 000,,47 000 ,42 000 , 54 000,,44 000 ,40 000 , 51 000,,40 000 ,36 000 , 47 000,,38 000 ,34 000 , 43 000,,35 000 ,31 000 , 41 000,,33 000 ,29 000 , 38 000,,28 000 ,25 000 , 33 000,,28 000 ,25 000 , 33 000,,26 000 ,23 000 , 31 000,,24 000 ,21 000 , 28 000,,22 000 ,20 000 , 26 000,,20 000 ,18 000 , 25 000,,19 000 ,16 000 , 23 000,,17 000 ,15 000 , 21 000,,16 000 ,14 000 , 20 000,,16 000 ,14 000 , 20 000,,15 000 ,13 000 , 18 000,,15 000 ,13 000 , 18 000,,15 000 ,13 000 , 18 000,,14 000 ,12 000 , 17 000,,13 000 ,12 000 , 16 000,,13 000 ,11 000 , 16 000,,12 000 ,10 000 , 15 000,,11 000 ,9400 , 13 000,,9000 ,7700 , 11 000,,7600 ,6300 , 9700,,6500 ,5300 , 8400,,5700 ,4600 , 7400,,4800 ,3700 , 6500,,4200 ,3200 , 5900,,3700 ,2700 , 5300,,3400 ,2400 , 5000,
Malaysia,7200 ,5800 , 8400,,5900 ,4800 , 6800,,4800 ,4000 , 5500,,4300 ,3700 , 5000,,4200 ,3600 , 4900,,4300 ,3600 , 4900,,4400 ,3700 , 5000,,4500 ,3900 , 5100,,4600 ,4000 , 5200,,4800 ,4200 , 5400,,4900 ,4300 , 5600,,5000 ,4300 , 5600,,4900 ,4300 , 5500,,4800 ,4200 , 5400,,4800 ,4200 , 5300,,4800 ,4200 , 5300,,4800 ,4300 , 5300,,4800 ,4300 , 5300,,4800 ,4400 , 5300,,4800 ,4400 , 5300,,4800 ,4300 , 5200,,4700 ,4300 , 5100,,4700 ,4300 , 5100,,4500 ,4100 , 4900,,4200 ,3800 , 4600,,3900 ,3500 , 4300,,3500 ,3100 , 3800,,3100 ,2800 , 3400,,2900 ,2600 , 3200,,2800 ,2500 , 3100,,2700 ,2400 , 2900,,2500 ,2300 , 2800,,2500 ,2200 , 2700,,2400 ,2100 , 2700,,2400 ,2100 , 2600,
Maldives,<100 ,<100 , <100,"Children estimates were not available at the time of publication.",<100 ,<100 , <100,"Children estimates were not available at the time of publication.",<100 ,<100 , <100,"Children estimates were not available at the time of publication.",<100 ,<100 , <100,"Children estimates were not available at the time of publication.",<100 ,<100 , <100,"Children estimates were not available at the time of publication.",<100 ,<100 , <100,"Children estimates were not available at the time of publication.",<100 ,<100 , <100,"Children estimates were not available at the time of publication.",<100 ,<100 , <100,"Children estimates were not available at the time of publication.",<100 ,<100 , <100,"Children estimates were not available at the time of publication.",<100 ,<100 , <100,"Children estimates were not available at the time of publication.",<100 ,<100 , <100,"Children estimates were not available at the time of publication.",<100 ,<100 , <100,"Children estimates were not available at the time of publication.",<100 ,<100 , <100,"Children estimates were not available at the time of publication.",<100 ,<100 , <100,"Children estimates were not available at the time of publication.",<100 ,<100 , <100,"Children estimates were not available at the time of publication.",<100 ,<100 , <100,"Children estimates were not available at the time of publication.",<100 ,<100 , <100,"Children estimates were not available at the time of publication.",<100 ,<100 , <100,"Children estimates were not available at the time of publication.",<100 ,<100 , <100,"Children estimates were not available at the time of publication.",<100 ,<100 , <100,"Children estimates were not available at the time of publication.",<100 ,<100 , <100,"Children estimates were not available at the time of publication.",<100 ,<100 , <100,"Children estimates were not available at the time of publication.",<100 ,<100 , <100,"Children estimates were not available at the time of publication.",<100 ,<100 , <100,"Children estimates were not available at the time of publication.",<100 ,<100 , <100,"Children estimates were not available at the time of publication.",<100 ,<100 , <100,"Children estimates were not available at the time of publication.",<100 ,<100 , <100,"Children estimates were not available at the time of publication.",<100 ,<100 , <100,"Children estimates were not available at the time of publication.",<100 ,<100 , <100,"Children estimates were not available at the time of publication.",<100 ,<100 , <100,"Children estimates were not available at the time of publication.",<100 ,<100 , <100,"Children estimates were not available at the time of publication.",<100 ,<100 , <100,"Children estimates were not available at the time of publication.",<100 ,<100 , <100,"Children estimates were not available at the time of publication.",<100 ,<100 , <100,"Children estimates were not available at the time of publication.",<100 ,<100 , <100,"Children estimates were not available at the time of publication."
Mali,4600 ,2700 , 7200,,5200 ,3500 , 7400,,5200 ,3800 , 7100,,5200 ,4000 , 7100,,5100 ,3900 , 6800,,4800 ,3800 , 6300,,4400 ,3400 , 5700,,4100 ,3200 , 5200,,3700 ,3000 , 4800,,3600 ,2900 , 4600,,3400 ,2800 , 4400,,3200 ,2700 , 4100,,3200 ,2600 , 4100,,2900 ,2400 , 3800,,2900 ,2300 , 3700,,3100 ,2500 , 4000,,3000 ,2400 , 3800,,2900 ,2300 , 3800,,2900 ,2300 , 3800,,2800 ,2200 , 3700,,2600 ,2000 , 3500,,2500 ,2000 , 3400,,2300 ,1900 , 3100,,2500 ,1900 , 3300,,2200 ,1700 , 3100,,2200 ,1700 , 2900,,2100 ,1600 , 2900,,2000 ,1500 , 2800,,1900 ,1500 , 2700,,1800 ,1300 , 2500,,1600 ,1200 , 2300,,1600 ,1100 , 2300,,1500 ,1000 , 2200,,1300 ,870 , 2000,,1200 ,840 , 1900,
Malta,<100 ,<100 , <100,"Children estimates were not available at the time of publication.",<100 ,<100 , <100,"Children estimates were not available at the time of publication.",<100 ,<100 , <100,"Children estimates were not available at the time of publication.",<100 ,<100 , <100,"Children estimates were not available at the time of publication.",<100 ,<100 , <100,"Children estimates were not available at the time of publication.",<100 ,<100 , <100,"Children estimates were not available at the time of publication.",<100 ,<100 , <100,"Children estimates were not available at the time of publication.",<100 ,<100 , <100,"Children estimates were not available at the time of publication.",<100 ,<100 , <100,"Children estimates were not available at the time of publication.",<100 ,<100 , <100,"Children estimates were not available at the time of publication.",<100 ,<100 , <100,"Children estimates were not available at the time of publication.",<100 ,<100 , <100,"Children estimates were not available at the time of publication.",<100 ,<100 , <100,"Children estimates were not available at the time of publication.",<100 ,<100 , <100,"Children estimates were not available at the time of publication.",<100 ,<100 , <100,"Children estimates were not available at the time of publication.",<100 ,<100 , <100,"Children estimates were not available at the time of publication.",<100 ,<100 , <100,"Children estimates were not available at the time of publication.",<100 ,<100 , <100,"Children estimates were not available at the time of publication.",<100 ,<100 , <100,"Children estimates were not available at the time of publication.",<100 ,<100 , <100,"Children estimates were not available at the time of publication.",<100 ,<100 , <100,"Children estimates were not available at the time of publication.",<100 ,<100 , <100,"Children estimates were not available at the time of publication.",<100 ,<100 , <100,"Children estimates were not available at the time of publication.",<100 ,<100 , <100,"Children estimates were not available at the time of publication.",<100 ,<100 , <100,"Children estimates were not available at the time of publication.",<100 ,<100 , <100,"Children estimates were not available at the time of publication.",<100 ,<100 , <100,"Children estimates were not available at the time of publication.",<100 ,<100 , <100,"Children estimates were not available at the time of publication.",<100 ,<100 , <100,"Children estimates were not available at the time of publication.",<100 ,<100 , <100,"Children estimates were not available at the time of publication.",<100 ,<100 , <100,"Children estimates were not available at the time of publication.",<100 ,<100 , <100,"Children estimates were not available at the time of publication.",<100 ,<100 , <100,"Children estimates were not available at the time of publication.",<100 ,<100 , <100,"Children estimates were not available at the time of publication.",<100 ,<100 , <100,"Children estimates were not available at the time of publication."
Marshall Islands,... ,... , ...,,... ,... , ...,,... ,... , ...,,... ,... , ...,,... ,... , ...,,... ,... , ...,,... ,... , ...,,... ,... , ...,,... ,... , ...,,... ,... , ...,,... ,... , ...,,... ,... , ...,,... ,... , ...,,... ,... , ...,,... ,... , ...,,... ,... , ...,,... ,... , ...,,... ,... , ...,,... ,... , ...,,... ,... , ...,,... ,... , ...,,... ,... , ...,,... ,... , ...,,... ,... , ...,,... ,... , ...,,... ,... , ...,,... ,... , ...,,... ,... , ...,,... ,... , ...,,... ,... , ...,,... ,... , ...,,... ,... , ...,,... ,... , ...,,... ,... , ...,,... ,... , ...,
Mauritania,<500 ,<200 , <500,,<500 ,<200 , <500,,<500 ,<500 , <500,,<500 ,<500 , <500,,<500 ,<500 , 590,,<500 ,<500 , 640,,560 ,<500 , 720,,610 ,<500 , 750,,660 ,530 , 800,,670 ,550 , 820,,680 ,570 , 820,,650 ,540 , 790,,610 ,510 , 750,,550 ,<500 , 710,,<500 ,<500 , 640,,<500 ,<500 , 570,,<500 ,<500 , 500,,<500 ,<200 , <500,,<500 ,<200 , <500,,<200 ,<100 , <500,,<100 ,<100 , <200,,<100 ,<100 , <200,,<100 ,<100 , <200,,<100 ,<100 , <200,,<100 ,<100 , <100,,<100 ,<100 , <100,,<100 ,<100 , <100,,<100 ,<100 , <100,,<100 ,<100 , <100,,<100 ,<100 , <100,,<100 ,<100 , <100,,<100 ,<100 , <100,,<100 ,<100 , <100,,<100 ,<100 , <100,,<100 ,<100 , <100,
Mauritius,... ,... , ...,"Estimates were not available at the time of publication.",... ,... , ...,"Estimates were not available at the time of publication.",... ,... , ...,"Estimates were not available at the time of publication.",... ,... , ...,"Estimates were not available at the time of publication.",... ,... , ...,"Estimates were not available at the time of publication.",... ,... , ...,"Estimates were not available at the time of publication.",... ,... , ...,"Estimates were not available at the time of publication.",... ,... , ...,"Estimates were not available at the time of publication.",... ,... , ...,"Estimates were not available at the time of publication.",... ,... , ...,"Estimates were not available at the time of publication.",... ,... , ...,"Estimates were not available at the time of publication.",... ,... , ...,"Estimates were not available at the time of publication.",... ,... , ...,"Estimates were not available at the time of publication.",... ,... , ...,"Estimates were not available at the time of publication.",... ,... , ...,"Estimates were not available at the time of publication.",... ,... , ...,"Estimates were not available at the time of publication.",... ,... , ...,"Estimates were not available at the time of publication.",... ,... , ...,"Estimates were not available at the time of publication.",... ,... , ...,"Estimates were not available at the time of publication.",... ,... , ...,"Estimates were not available at the time of publication.",... ,... , ...,"Estimates were not available at the time of publication.",... ,... , ...,"Estimates were not available at the time of publication.",... ,... , ...,"Estimates were not available at the time of publication.",... ,... , ...,"Estimates were not available at the time of publication.",... ,... , ...,"Estimates were not available at the time of publication.",... ,... , ...,"Estimates were not available at the time of publication.",... ,... , ...,"Estimates were not available at the time of publication.",... ,... , ...,"Estimates were not available at the time of publication.",... ,... , ...,"Estimates were not available at the time of publication.",... ,... , ...,"Estimates were not available at the time of publication.",... ,... , ...,"Estimates were not available at the time of publication.",... ,... , ...,"Estimates were not available at the time of publication.",... ,... , ...,"Estimates were not available at the time of publication.",... ,... , ...,"Estimates were not available at the time of publication.",... ,... , ...,"Estimates were not available at the time of publication."
Mexico,8000 ,6800 , 9200,,8300 ,7100 , 9600,,8600 ,7400 , 9800,,8900 ,7800 , 10 000,,9200 ,8000 , 10 000,,9500 ,8400 , 11 000,,9800 ,8600 , 11 000,,10 000 ,8800 , 11 000,,10 000 ,9000 , 11 000,,11 000 ,9200 , 12 000,,11 000 ,9600 , 12 000,,11 000 ,9700 , 12 000,,11 000 ,10 000 , 13 000,,12 000 ,10 000 , 13 000,,12 000 ,10 000 , 13 000,,12 000 ,11 000 , 14 000,,13 000 ,11 000 , 14 000,,13 000 ,11 000 , 14 000,,13 000 ,11 000 , 15 000,,14 000 ,12 000 , 15 000,,14 000 ,12 000 , 15 000,,15 000 ,12 000 , 16 000,,15 000 ,13 000 , 16 000,,15 000 ,13 000 , 17 000,,16 000 ,13 000 , 17 000,,16 000 ,13 000 , 18 000,,16 000 ,14 000 , 18 000,,16 000 ,14 000 , 19 000,,17 000 ,14 000 , 20 000,,17 000 ,14 000 , 20 000,,17 000 ,14 000 , 21 000,,17 000 ,13 000 , 21 000,,17 000 ,13 000 , 21 000,,18 000 ,13 000 , 22 000,,18 000 ,13 000 , 23 000,
Mongolia,<100 ,<100 , <100,"Children estimates were not available at the time of publication.",<100 ,<100 , <100,"Children estimates were not available at the time of publication.",<100 ,<100 , <100,"Children estimates were not available at the time of publication.",<100 ,<100 , <100,"Children estimates were not available at the time of publication.",<100 ,<100 , <100,"Children estimates were not available at the time of publication.",<100 ,<100 , <100,"Children estimates were not available at the time of publication.",<100 ,<100 , <100,"Children estimates were not available at the time of publication.",<100 ,<100 , <100,"Children estimates were not available at the time of publication.",<100 ,<100 , <100,"Children estimates were not available at the time of publication.",<100 ,<100 , <100,"Children estimates were not available at the time of publication.",<100 ,<100 , <100,"Children estimates were not available at the time of publication.",<100 ,<100 , <100,"Children estimates were not available at the time of publication.",<100 ,<100 , <100,"Children estimates were not available at the time of publication.",<100 ,<100 , <100,"Children estimates were not available at the time of publication.",<100 ,<100 , <100,"Children estimates were not available at the time of publication.",<100 ,<100 , <100,"Children estimates were not available at the time of publication.",<100 ,<100 , <100,"Children estimates were not available at the time of publication.",<100 ,<100 , <100,"Children estimates were not available at the time of publication.",<100 ,<100 , <100,"Children estimates were not available at the time of publication.",<100 ,<100 , <100,"Children estimates were not available at the time of publication.",<100 ,<100 , <100,"Children estimates were not available at the time of publication.",<100 ,<100 , <100,"Children estimates were not available at the time of publication.",<100 ,<100 , <100,"Children estimates were not available at the time of publication.",<100 ,<100 , <100,"Children estimates were not available at the time of publication.",<100 ,<100 , <100,"Children estimates were not available at the time of publication.",<100 ,<100 , <100,"Children estimates were not available at the time of publication.",<100 ,<100 , <100,"Children estimates were not available at the time of publication.",<100 ,<100 , <100,"Children estimates were not available at the time of publication.",<100 ,<100 , <100,"Children estimates were not available at the time of publication.",<100 ,<100 , <100,"Children estimates were not available at the time of publication.",<100 ,<100 , <100,"Children estimates were not available at the time of publication.",<100 ,<100 , <100,"Children estimates were not available at the time of publication.",<100 ,<100 , <100,"Children estimates were not available at the time of publication.",<100 ,<100 , <100,"Children estimates were not available at the time of publication.",<100 ,<100 , <100,"Children estimates were not available at the time of publication."
Montenegro,<100 ,<100 , <100,"Children estimates were not available at the time of publication.",<100 ,<100 , <100,"Children estimates were not available at the time of publication.",<100 ,<100 , <100,"Children estimates were not available at the time of publication.",<100 ,<100 , <100,"Children estimates were not available at the time of publication.",<100 ,<100 , <100,"Children estimates were not available at the time of publication.",<100 ,<100 , <100,"Children estimates were not available at the time of publication.",<100 ,<100 , <100,"Children estimates were not available at the time of publication.",<100 ,<100 , <100,"Children estimates were not available at the time of publication.",<100 ,<100 , <100,"Children estimates were not available at the time of publication.",<100 ,<100 , <100,"Children estimates were not available at the time of publication.",<100 ,<100 , <100,"Children estimates were not available at the time of publication.",<100 ,<100 , <100,"Children estimates were not available at the time of publication.",<100 ,<100 , <100,"Children estimates were not available at the time of publication.",<100 ,<100 , <100,"Children estimates were not available at the time of publication.",<100 ,<100 , <100,"Children estimates were not available at the time of publication.",<100 ,<100 , <100,"Children estimates were not available at the time of publication.",<100 ,<100 , <100,"Children estimates were not available at the time of publication.",<100 ,<100 , <100,"Children estimates were not available at the time of publication.",<100 ,<100 , <100,"Children estimates were not available at the time of publication.",<100 ,<100 , <100,"Children estimates were not available at the time of publication.",<100 ,<100 , <100,"Children estimates were not available at the time of publication.",<100 ,<100 , <100,"Children estimates were not available at the time of publication.",<100 ,<100 , <100,"Children estimates were not available at the time of publication.",<100 ,<100 , <100,"Children estimates were not available at the time of publication.",<100 ,<100 , <100,"Children estimates were not available at the time of publication.",<100 ,<100 , <100,"Children estimates were not available at the time of publication.",<100 ,<100 , <100,"Children estimates were not available at the time of publication.",<100 ,<100 , <100,"Children estimates were not available at the time of publication.",<100 ,<100 , <100,"Children estimates were not available at the time of publication.",<100 ,<100 , <100,"Children estimates were not available at the time of publication.",<100 ,<100 , <100,"Children estimates were not available at the time of publication.",<100 ,<100 , <100,"Children estimates were not available at the time of publication.",<100 ,<100 , <100,"Children estimates were not available at the time of publication.",<100 ,<100 , <100,"Children estimates were not available at the time of publication.",<100 ,<100 , <100,"Children estimates were not available at the time of publication."
Morocco,<500 ,<200 , <500,,<500 ,<500 , 550,,<500 ,<500 , 630,,<500 ,<500 , 680,,540 ,<500 , 720,,580 ,<500 , 720,,610 ,<500 , 770,,640 ,520 , 780,,690 ,560 , 840,,750 ,610 , 920,,800 ,660 , 960,,830 ,700 , 1000,,860 ,730 , 1000,,870 ,740 , 1000,,850 ,720 , 1000,,860 ,740 , 1000,,840 ,710 , 1000,,840 ,710 , 980,,830 ,690 , 980,,810 ,670 , 960,,810 ,660 , 960,,800 ,660 , 960,,740 ,610 , 890,,710 ,560 , 880,,680 ,530 , 850,,690 ,540 , 880,,710 ,560 , 890,,740 ,590 , 930,,790 ,610 , 990,,780 ,610 , 980,,780 ,610 , 1000,,820 ,640 , 1000,,740 ,590 , 950,,770 ,610 , 1000,,780 ,600 , 1000,
Mozambique,14 000 ,10 000 , 18 000,,17 000 ,13 000 , 22 000,,20 000 ,16 000 , 26 000,,23 000 ,20 000 , 30 000,,28 000 ,24 000 , 34 000,,34 000 ,29 000 , 42 000,,39 000 ,34 000 , 48 000,,43 000 ,37 000 , 52 000,,46 000 ,41 000 , 57 000,,50 000 ,43 000 , 60 000,,51 000 ,44 000 , 62 000,,51 000 ,45 000 , 62 000,,51 000 ,45 000 , 61 000,,50 000 ,44 000 , 60 000,,50 000 ,44 000 , 60 000,,49 000 ,43 000 , 60 000,,50 000 ,44 000 , 59 000,,49 000 ,44 000 , 59 000,,50 000 ,44 000 , 59 000,,51 000 ,45 000 , 60 000,,51 000 ,45 000 , 61 000,,52 000 ,46 000 , 62 000,,53 000 ,46 000 , 62 000,,52 000 ,46 000 , 61 000,,49 000 ,42 000 , 58 000,,46 000 ,40 000 , 54 000,,42 000 ,36 000 , 51 000,,39 000 ,33 000 , 47 000,,38 000 ,32 000 , 47 000,,38 000 ,31 000 , 47 000,,36 000 ,29 000 , 45 000,,34 000 ,27 000 , 43 000,,31 000 ,25 000 , 40 000,,28 000 ,22 000 , 37 000,,26 000 ,20 000 , 34 000,
Myanmar,9600 ,8200 , 11 000,,16 000 ,14 000 , 19 000,,15 000 ,13 000 , 18 000,,12 000 ,9800 , 13 000,,10 000 ,8900 , 11 000,,9900 ,8700 , 11 000,,11 000 ,9600 , 12 000,,12 000 ,11 000 , 14 000,,14 000 ,12 000 , 15 000,,15 000 ,14 000 , 17 000,,16 000 ,14 000 , 18 000,,15 000 ,13 000 , 17 000,,14 000 ,12 000 , 16 000,,13 000 ,12 000 , 15 000,,13 000 ,11 000 , 14 000,,12 000 ,11 000 , 13 000,,11 000 ,10 000 , 13 000,,11 000 ,9500 , 12 000,,10 000 ,8800 , 11 000,,9400 ,8300 , 10 000,,9300 ,8200 , 10 000,,9300 ,8300 , 10 000,,9200 ,8300 , 10 000,,9100 ,8100 , 10 000,,8900 ,8000 , 10 000,,8500 ,7500 , 9400,,8000 ,7100 , 8800,,7400 ,6700 , 8300,,7000 ,6300 , 7700,,6600 ,5900 , 7400,,6400 ,5700 , 7000,,6600 ,5900 , 7300,,6700 ,5900 , 7400,,6500 ,5800 , 7200,,6300 ,5700 , 7000,
Namibia,2100 ,1800 , 2400,,2900 ,2600 , 3500,,3900 ,3400 , 4700,,5000 ,4500 , 5900,,6100 ,5300 , 7100,,6800 ,6000 , 7900,,7200 ,6300 , 8600,,7300 ,6400 , 8500,,7000 ,6200 , 8300,,6700 ,5900 , 7900,,6400 ,5600 , 7600,,5900 ,5100 , 7000,,5500 ,4900 , 6600,,5300 ,4600 , 6300,,5000 ,4300 , 6000,,4700 ,4100 , 5700,,4500 ,3900 , 5400,,4200 ,3500 , 5000,,4000 ,3400 , 4800,,3800 ,3300 , 4700,,3700 ,3100 , 4600,,3600 ,3100 , 4500,,3100 ,2600 , 4000,,2800 ,2300 , 3700,,2600 ,2100 , 3600,,2500 ,2000 , 3400,,2400 ,1900 , 3200,,2200 ,1800 , 3000,,1900 ,1500 , 2700,,1600 ,1200 , 2200,,1400 ,1000 , 1900,,1500 ,1100 , 2000,,1300 ,980 , 1800,,1300 ,1000 , 1800,,1300 ,1000 , 1900,
Nepal,<100 ,<100 , <100,,<100 ,<100 , <100,,<200 ,<100 , <200,,<500 ,<500 , <500,,<500 ,<500 , <500,,840 ,740 , 940,,1600 ,1400 , 1900,,3000 ,2600 , 3400,,4200 ,3700 , 4800,,4700 ,4100 , 5400,,4300 ,3800 , 4900,,3800 ,3400 , 4300,,3500 ,3100 , 3900,,3200 ,2900 , 3600,,3000 ,2700 , 3300,,2600 ,2400 , 2900,,2200 ,2000 , 2400,,1800 ,1600 , 2000,,1600 ,1400 , 1800,,1400 ,1300 , 1600,,1200 ,1100 , 1400,,1100 ,1000 , 1200,,1000 ,910 , 1100,,950 ,850 , 1000,,910 ,820 , 1000,,860 ,780 , 950,,800 ,720 , 880,,710 ,650 , 790,,640 ,570 , 700,,600 ,540 , 660,,570 ,510 , 630,,540 ,<500 , 580,,<500 ,<500 , 540,,<500 ,<500 , <500,,<500 ,<500 , <500,
Netherlands,<500 ,<500 , <500,,<500 ,<500 , <500,,<500 ,<500 , <500,,<500 ,<500 , <500,,<500 ,<500 , 530,,520 ,<500 , 560,,560 ,540 , 590,,610 ,580 , 640,,650 ,610 , 700,,690 ,620 , 750,,680 ,590 , 760,,690 ,610 , 750,,740 ,670 , 790,,790 ,720 , 830,,820 ,770 , 850,,840 ,790 , 870,,840 ,790 , 890,,840 ,780 , 890,,820 ,770 , 870,,790 ,750 , 840,,750 ,710 , 780,,700 ,660 , 730,,630 ,600 , 660,,560 ,520 , 590,,<500 ,<500 , 520,,<500 ,<500 , <500,,<500 ,<500 , <500,,<500 ,<500 , <500,,<500 ,<500 , <500,,<500 ,<200 , <500,,<500 ,<100 , <500,,<500 ,<100 , <500,,<500 ,<100 , <500,,<500 ,<100 , <500,,... ,... , ...,
New Zealand,<100 ,<100 , <200,"Children estimates were not available at the time of publication.",<100 ,<100 , <100,"Children estimates were not available at the time of publication.",<100 ,<100 , <100,"Children estimates were not available at the time of publication.",<100 ,<100 , <100,"Children estimates were not available at the time of publication.",<100 ,<100 , <100,"Children estimates were not available at the time of publication.",<100 ,<100 , <100,"Children estimates were not available at the time of publication.",<100 ,<100 , <100,"Children estimates were not available at the time of publication.",<100 ,<100 , <100,"Children estimates were not available at the time of publication.",<100 ,<100 , <100,"Children estimates were not available at the time of publication.",<100 ,<100 , <100,"Children estimates were not available at the time of publication.",<100 ,<100 , <100,"Children estimates were not available at the time of publication.",<100 ,<100 , <200,"Children estimates were not available at the time of publication.",<100 ,<100 , <200,"Children estimates were not available at the time of publication.",<200 ,<100 , <200,"Children estimates were not available at the time of publication.",<200 ,<100 , <200,"Children estimates were not available at the time of publication.",<200 ,<100 , <200,"Children estimates were not available at the time of publication.",<200 ,<100 , <200,"Children estimates were not available at the time of publication.",<200 ,<100 , <200,"Children estimates were not available at the time of publication.",<200 ,<100 , <200,"Children estimates were not available at the time of publication.",<200 ,<100 , <200,"Children estimates were not available at the time of publication.",<200 ,<100 , <200,"Children estimates were not available at the time of publication.",<200 ,<100 , <200,"Children estimates were not available at the time of publication.",<200 ,<100 , <200,"Children estimates were not available at the time of publication.",<200 ,<100 , <200,"Children estimates were not available at the time of publication.",<200 ,<100 , <200,"Children estimates were not available at the time of publication.",<200 ,<100 , <200,"Children estimates were not available at the time of publication.",<200 ,<100 , <200,"Children estimates were not available at the time of publication.",<100 ,<100 , <200,"Children estimates were not available at the time of publication.",<100 ,<100 , <200,"Children estimates were not available at the time of publication.",<100 ,<100 , <200,"Children estimates were not available at the time of publication.",<100 ,<100 , <200,"Children estimates were not available at the time of publication.",<100 ,<100 , <200,"Children estimates were not available at the time of publication.",<100 ,<100 , <200,"Children estimates were not available at the time of publication.",<100 ,<100 , <200,"Children estimates were not available at the time of publication.",<100 ,<100 , <200,"Children estimates were not available at the time of publication."
Nicaragua,... ,... , ...,"Estimates were not available at the time of publication.",... ,... , ...,"Estimates were not available at the time of publication.",... ,... , ...,"Estimates were not available at the time of publication.",... ,... , ...,"Estimates were not available at the time of publication.",... ,... , ...,"Estimates were not available at the time of publication.",... ,... , ...,"Estimates were not available at the time of publication.",... ,... , ...,"Estimates were not available at the time of publication.",... ,... , ...,"Estimates were not available at the time of publication.",... ,... , ...,"Estimates were not available at the time of publication.",... ,... , ...,"Estimates were not available at the time of publication.",... ,... , ...,"Estimates were not available at the time of publication.",... ,... , ...,"Estimates were not available at the time of publication.",... ,... , ...,"Estimates were not available at the time of publication.",... ,... , ...,"Estimates were not available at the time of publication.",... ,... , ...,"Estimates were not available at the time of publication.",... ,... , ...,"Estimates were not available at the time of publication.",... ,... , ...,"Estimates were not available at the time of publication.",... ,... , ...,"Estimates were not available at the time of publication.",... ,... , ...,"Estimates were not available at the time of publication.",... ,... , ...,"Estimates were not available at the time of publication.",... ,... , ...,"Estimates were not available at the time of publication.",... ,... , ...,"Estimates were not available at the time of publication.",... ,... , ...,"Estimates were not available at the time of publication.",... ,... , ...,"Estimates were not available at the time of publication.",... ,... , ...,"Estimates were not available at the time of publication.",... ,... , ...,"Estimates were not available at the time of publication.",... ,... , ...,"Estimates were not available at the time of publication.",... ,... , ...,"Estimates were not available at the time of publication.",... ,... , ...,"Estimates were not available at the time of publication.",... ,... , ...,"Estimates were not available at the time of publication.",... ,... , ...,"Estimates were not available at the time of publication.",... ,... , ...,"Estimates were not available at the time of publication.",... ,... , ...,"Estimates were not available at the time of publication.",... ,... , ...,"Estimates were not available at the time of publication.",... ,... , ...,"Estimates were not available at the time of publication."
Niger,2100 ,1600 , 2800,,2500 ,1900 , 3200,,2700 ,2000 , 3300,,2800 ,2200 , 3400,,2900 ,2300 , 3600,,2700 ,2200 , 3400,,2500 ,2000 , 3000,,2300 ,1900 , 2900,,2200 ,1800 , 2700,,1900 ,1600 , 2300,,1800 ,1500 , 2100,,1700 ,1400 , 2000,,1500 ,1200 , 1800,,1400 ,1200 , 1700,,1400 ,1100 , 1700,,1200 ,990 , 1500,,1100 ,850 , 1300,,940 ,730 , 1200,,850 ,640 , 1100,,660 ,<500 , 880,,520 ,<500 , 720,,<500 ,<500 , 690,,<500 ,<500 , 580,,<500 ,<500 , 540,,<500 ,<500 , 570,,<500 ,<500 , 600,,<500 ,<500 , 550,,<500 ,<500 , 520,,<500 ,<500 , 540,,<500 ,<500 , 520,,<500 ,<500 , 540,,<500 ,<500 , 510,,<500 ,<500 , <500,,<500 ,<500 , <500,,<500 ,<500 , <500,
Nigeria,49 000 ,40 000 , 61 000,,56 000 ,46 000 , 69 000,,62 000 ,52 000 , 77 000,,67 000 ,57 000 , 85 000,,69 000 ,59 000 , 85 000,,71 000 ,62 000 , 89 000,,72 000 ,62 000 , 89 000,,71 000 ,62 000 , 88 000,,69 000 ,60 000 , 87 000,,66 000 ,57 000 , 83 000,,64 000 ,56 000 , 80 000,,62 000 ,54 000 , 78 000,,59 000 ,52 000 , 74 000,,58 000 ,50 000 , 73 000,,56 000 ,48 000 , 70 000,,54 000 ,47 000 , 70 000,,52 000 ,45 000 , 66 000,,51 000 ,45 000 , 66 000,,50 000 ,43 000 , 63 000,,47 000 ,41 000 , 62 000,,46 000 ,39 000 , 59 000,,44 000 ,38 000 , 56 000,,42 000 ,35 000 , 54 000,,38 000 ,31 000 , 48 000,,35 000 ,29 000 , 46 000,,33 000 ,28 000 , 43 000,,30 000 ,24 000 , 40 000,,27 000 ,22 000 , 36 000,,26 000 ,20 000 , 35 000,,24 000 ,19 000 , 33 000,,21 000 ,16 000 , 29 000,,19 000 ,14 000 , 26 000,,16 000 ,11 000 , 22 000,,15 000 ,11 000 , 21 000,,11 000 ,7700 , 16 000,
North Macedonia,<100 ,<100 , <100,"Children estimates were not available at the time of publication.",<100 ,<100 , <100,"Children estimates were not available at the time of publication.",<100 ,<100 , <100,"Children estimates were not available at the time of publication.",<100 ,<100 , <100,"Children estimates were not available at the time of publication.",<100 ,<100 , <100,"Children estimates were not available at the time of publication.",<100 ,<100 , <100,"Children estimates were not available at the time of publication.",<100 ,<100 , <100,"Children estimates were not available at the time of publication.",<100 ,<100 , <100,"Children estimates were not available at the time of publication.",<100 ,<100 , <100,"Children estimates were not available at the time of publication.",<100 ,<100 , <100,"Children estimates were not available at the time of publication.",<100 ,<100 , <100,"Children estimates were not available at the time of publication.",<100 ,<100 , <100,"Children estimates were not available at the time of publication.",<100 ,<100 , <100,"Children estimates were not available at the time of publication.",<100 ,<100 , <100,"Children estimates were not available at the time of publication.",<100 ,<100 , <100,"Children estimates were not available at the time of publication.",<100 ,<100 , <100,"Children estimates were not available at the time of publication.",<100 ,<100 , <100,"Children estimates were not available at the time of publication.",<100 ,<100 , <100,"Children estimates were not available at the time of publication.",<100 ,<100 , <100,"Children estimates were not available at the time of publication.",<100 ,<100 , <100,"Children estimates were not available at the time of publication.",<100 ,<100 , <100,"Children estimates were not available at the time of publication.",<100 ,<100 , <100,"Children estimates were not available at the time of publication.",<100 ,<100 , <100,"Children estimates were not available at the time of publication.",<100 ,<100 , <100,"Children estimates were not available at the time of publication.",<100 ,<100 , <100,"Children estimates were not available at the time of publication.",<100 ,<100 , <100,"Children estimates were not available at the time of publication.",<100 ,<100 , <100,"Children estimates were not available at the time of publication.",<100 ,<100 , <100,"Children estimates were not available at the time of publication.",<100 ,<100 , <100,"Children estimates were not available at the time of publication.",<100 ,<100 , <100,"Children estimates were not available at the time of publication.",<100 ,<100 , <100,"Children estimates were not available at the time of publication.",<100 ,<100 , <100,"Children estimates were not available at the time of publication.",<100 ,<100 , <100,"Children estimates were not available at the time of publication.",<100 ,<100 , <100,"Children estimates were not available at the time of publication.",<100 ,<100 , <100,"Children estimates were not available at the time of publication."
Norway,... ,... , ...,"Children estimates were not available at the time of publication.",... ,... , ...,"Children estimates were not available at the time of publication.",... ,... , ...,"Children estimates were not available at the time of publication.",... ,... , ...,"Children estimates were not available at the time of publication.",... ,... , ...,"Children estimates were not available at the time of publication.",... ,... , ...,"Children estimates were not available at the time of publication.",... ,... , ...,"Children estimates were not available at the time of publication.",... ,... , ...,"Children estimates were not available at the time of publication.",... ,... , ...,"Children estimates were not available at the time of publication.",... ,... , ...,"Children estimates were not available at the time of publication.",... ,... , ...,"Children estimates were not available at the time of publication.",... ,... , ...,"Children estimates were not available at the time of publication.",... ,... , ...,"Children estimates were not available at the time of publication.",... ,... , ...,"Children estimates were not available at the time of publication.",... ,... , ...,"Children estimates were not available at the time of publication.",... ,... , ...,"Children estimates were not available at the time of publication.",... ,... , ...,"Children estimates were not available at the time of publication.",... ,... , ...,"Children estimates were not available at the time of publication.",... ,... , ...,"Children estimates were not available at the time of publication.",... ,... , ...,"Children estimates were not available at the time of publication.",... ,... , ...,"Children estimates were not available at the time of publication.",... ,... , ...,"Children estimates were not available at the time of publication.",... ,... , ...,"Children estimates were not available at the time of publication.",... ,... , ...,"Children estimates were not available at the time of publication.",... ,... , ...,"Children estimates were not available at the time of publication.",... ,... , ...,"Children estimates were not available at the time of publication.",... ,... , ...,"Children estimates were not available at the time of publication.",... ,... , ...,"Children estimates were not available at the time of publication.",... ,... , ...,"Children estimates were not available at the time of publication.",... ,... , ...,"Children estimates were not available at the time of publication.",... ,... , ...,"Children estimates were not available at the time of publication.",... ,... , ...,"Children estimates were not available at the time of publication.",... ,... , ...,"Children estimates were not available at the time of publication.",... ,... , ...,"Children estimates were not available at the time of publication.",... ,... , ...,"Children estimates were not available at the time of publication."
Oman,<100 ,<100 , <100,"Children estimates were not available at the time of publication.",<200 ,<100 , <200,"Children estimates were not available at the time of publication.",<200 ,<200 , <200,"Children estimates were not available at the time of publication.",<200 ,<200 , <200,"Children estimates were not available at the time of publication.",<200 ,<100 , <200,"Children estimates were not available at the time of publication.",<100 ,<100 , <200,"Children estimates were not available at the time of publication.",<100 ,<100 , <100,"Children estimates were not available at the time of publication.",<100 ,<100 , <100,"Children estimates were not available at the time of publication.",<100 ,<100 , <100,"Children estimates were not available at the time of publication.",<100 ,<100 , <100,"Children estimates were not available at the time of publication.",<100 ,<100 , <100,"Children estimates were not available at the time of publication.",<100 ,<100 , <100,"Children estimates were not available at the time of publication.",<100 ,<100 , <100,"Children estimates were not available at the time of publication.",<100 ,<100 , <100,"Children estimates were not available at the time of publication.",<100 ,<100 , <100,"Children estimates were not available at the time of publication.",<100 ,<100 , <100,"Children estimates were not available at the time of publication.",<100 ,<100 , <100,"Children estimates were not available at the time of publication.",<100 ,<100 , <100,"Children estimates were not available at the time of publication.",<100 ,<100 , <100,"Children estimates were not available at the time of publication.",<100 ,<100 , <100,"Children estimates were not available at the time of publication.",<100 ,<100 , <100,"Children estimates were not available at the time of publication.",<100 ,<100 , <100,"Children estimates were not available at the time of publication.",<100 ,<100 , <200,"Children estimates were not available at the time of publication.",<200 ,<200 , <200,"Children estimates were not available at the time of publication.",<200 ,<200 , <200,"Children estimates were not available at the time of publication.",<200 ,<200 , <200,"Children estimates were not available at the time of publication.",<200 ,<200 , <200,"Children estimates were not available at the time of publication.",<200 ,<200 , <200,"Children estimates were not available at the time of publication.",<200 ,<200 , <200,"Children estimates were not available at the time of publication.",<200 ,<200 , <200,"Children estimates were not available at the time of publication.",<200 ,<100 , <200,"Children estimates were not available at the time of publication.",<100 ,<100 , <200,"Children estimates were not available at the time of publication.",<100 ,<100 , <200,"Children estimates were not available at the time of publication.",<100 ,<100 , <200,"Children estimates were not available at the time of publication.",<100 ,<100 , <200,"Children estimates were not available at the time of publication."
Pakistan,... ,... , ...,,... ,... , ...,,... ,... , ...,,... ,... , ...,,... ,... , ...,,... ,... , ...,,... ,... , ...,,... ,... , ...,,... ,... , ...,,... ,... , ...,,... ,... , ...,,... ,... , ...,,... ,... , ...,,... ,... , ...,,... ,... , ...,,... ,... , ...,,... ,... , ...,,... ,... , ...,,... ,... , ...,,... ,... , ...,,... ,... , ...,,... ,... , ...,,... ,... , ...,,... ,... , ...,,... ,... , ...,,... ,... , ...,,... ,... , ...,,... ,... , ...,,... ,... , ...,,... ,... , ...,,... ,... , ...,,... ,... , ...,,... ,... , ...,,... ,... , ...,,... ,... , ...,
Panama,860 ,730 , 1200,,850 ,710 , 1100,,830 ,700 , 1000,,810 ,690 , 980,,800 ,680 , 940,,790 ,680 , 920,,780 ,670 , 890,,780 ,670 , 880,,780 ,670 , 870,,780 ,670 , 880,,780 ,670 , 870,,780 ,670 , 870,,790 ,690 , 870,,800 ,690 , 880,,810 ,690 , 890,,810 ,700 , 910,,820 ,700 , 920,,830 ,710 , 940,,840 ,710 , 950,,860 ,720 , 970,,870 ,720 , 970,,880 ,740 , 1000,,890 ,740 , 1000,,900 ,740 , 1000,,910 ,760 , 1100,,920 ,760 , 1100,,930 ,750 , 1100,,950 ,770 , 1100,,960 ,780 , 1100,,970 ,790 , 1100,,980 ,780 , 1200,,990 ,790 , 1200,,1000 ,790 , 1200,,1000 ,800 , 1200,,1000 ,810 , 1200,
Papua New Guinea,750 ,<500 , 1200,,780 ,550 , 1300,,780 ,570 , 1200,,840 ,630 , 1200,,880 ,680 , 1200,,870 ,680 , 1200,,960 ,770 , 1300,,1100 ,840 , 1300,,1200 ,920 , 1500,,1200 ,1000 , 1600,,1400 ,1100 , 1700,,1400 ,1200 , 1800,,1500 ,1200 , 1900,,1600 ,1300 , 2000,,1600 ,1300 , 2100,,1700 ,1300 , 2200,,1700 ,1400 , 2100,,1700 ,1400 , 2100,,1700 ,1400 , 2100,,1700 ,1400 , 2200,,1800 ,1500 , 2300,,1800 ,1500 , 2300,,1800 ,1500 , 2300,,1800 ,1500 , 2300,,1700 ,1400 , 2300,,1800 ,1500 , 2300,,1800 ,1500 , 2400,,1900 ,1500 , 2500,,2200 ,1800 , 2800,,2300 ,1900 , 3000,,2500 ,2000 , 3100,,2600 ,2100 , 3300,,2700 ,2200 , 3400,,2800 ,2300 , 3700,,3000 ,2400 , 3900,
Paraguay,<100 ,<100 , <100,,<100 ,<100 , <100,,<100 ,<100 , <200,,<200 ,<200 , <200,,<500 ,<200 , <500,,<500 ,<500 , <500,,<500 ,<500 , <500,,<500 ,<500 , 510,,<500 ,<500 , 570,,<500 ,<500 , 590,,530 ,<500 , 620,,570 ,<500 , 640,,600 ,520 , 670,,630 ,550 , 690,,660 ,570 , 730,,680 ,600 , 760,,710 ,610 , 780,,730 ,640 , 820,,760 ,660 , 840,,770 ,680 , 860,,790 ,690 , 900,,810 ,700 , 910,,830 ,720 , 930,,840 ,730 , 940,,850 ,740 , 950,,860 ,740 , 960,,870 ,730 , 960,,870 ,740 , 970,,860 ,720 , 970,,860 ,720 , 970,,850 ,710 , 960,,840 ,700 , 960,,830 ,660 , 960,,810 ,640 , 950,,790 ,610 , 960,
Peru,5600 ,4400 , 7000,,5600 ,4400 , 7200,,5600 ,4300 , 7400,,5500 ,4100 , 7400,,5300 ,3900 , 6900,,5200 ,3900 , 6800,,5100 ,4000 , 6700,,4900 ,3900 , 6200,,4800 ,3900 , 6000,,4800 ,4000 , 6000,,4800 ,4000 , 5800,,4700 ,3900 , 5600,,4500 ,3800 , 5500,,4300 ,3600 , 5200,,4300 ,3700 , 5300,,4300 ,3600 , 5100,,4200 ,3500 , 5100,,3900 ,3300 , 4800,,3600 ,3000 , 4500,,3400 ,2800 , 4300,,3200 ,2600 , 4000,,3200 ,2500 , 3900,,3400 ,2700 , 4200,,3700 ,2900 , 4500,,3900 ,3100 , 4900,,4200 ,3300 , 5200,,4700 ,3700 , 5800,,4800 ,3800 , 6000,,5000 ,4000 , 6300,,5200 ,4100 , 6500,,5100 ,4000 , 6400,,5400 ,4300 , 7000,,5300 ,4100 , 7200,,5300 ,4000 , 7100,,5100 ,3800 , 7100,
Philippines,<100 ,<100 , <100,,<100 ,<100 , <100,,<100 ,<100 , <100,,<100 ,<100 , <100,,<100 ,<100 , <100,,<100 ,<100 , <100,,<100 ,<100 , <100,,<200 ,<100 , <200,,<200 ,<200 , <200,,<200 ,<200 , <500,,<500 ,<500 , <500,,<500 ,<500 , <500,,<500 ,<500 , 530,,630 ,520 , 730,,830 ,680 , 960,,1100 ,890 , 1300,,1400 ,1200 , 1700,,2100 ,1700 , 2400,,3100 ,2600 , 3500,,3800 ,3200 , 4300,,4300 ,3600 , 5000,,5200 ,4300 , 6000,,6200 ,5100 , 7200,,7300 ,6000 , 8400,,8300 ,6900 , 9700,,9600 ,7900 , 11 000,,11 000 ,9000 , 13 000,,12 000 ,10 000 , 14 000,,14 000 ,11 000 , 16 000,,15 000 ,12 000 , 17 000,,17 000 ,14 000 , 19 000,,19 000 ,16 000 , 22 000,,22 000 ,18 000 , 25 000,,25 000 ,20 000 , 29 000,,28 000 ,23 000 , 33 000,
Poland,... ,... , ...,"Estimates were not available at the time of publication.",... ,... , ...,"Estimates were not available at the time of publication.",... ,... , ...,"Estimates were not available at the time of publication.",... ,... , ...,"Estimates were not available at the time of publication.",... ,... , ...,"Estimates were not available at the time of publication.",... ,... , ...,"Estimates were not available at the time of publication.",... ,... , ...,"Estimates were not available at the time of publication.",... ,... , ...,"Estimates were not available at the time of publication.",... ,... , ...,"Estimates were not available at the time of publication.",... ,... , ...,"Estimates were not available at the time of publication.",... ,... , ...,"Estimates were not available at the time of publication.",... ,... , ...,"Estimates were not available at the time of publication.",... ,... , ...,"Estimates were not available at the time of publication.",... ,... , ...,"Estimates were not available at the time of publication.",... ,... , ...,"Estimates were not available at the time of publication.",... ,... , ...,"Estimates were not available at the time of publication.",... ,... , ...,"Estimates were not available at the time of publication.",... ,... , ...,"Estimates were not available at the time of publication.",... ,... , ...,"Estimates were not available at the time of publication.",... ,... , ...,"Estimates were not available at the time of publication.",... ,... , ...,"Estimates were not available at the time of publication.",... ,... , ...,"Estimates were not available at the time of publication.",... ,... , ...,"Estimates were not available at the time of publication.",... ,... , ...,"Estimates were not available at the time of publication.",... ,... , ...,"Estimates were not available at the time of publication.",... ,... , ...,"Estimates were not available at the time of publication.",... ,... , ...,"Estimates were not available at the time of publication.",... ,... , ...,"Estimates were not available at the time of publication.",... ,... , ...,"Estimates were not available at the time of publication.",... ,... , ...,"Estimates were not available at the time of publication.",... ,... , ...,"Estimates were not available at the time of publication.",... ,... , ...,"Estimates were not available at the time of publication.",... ,... , ...,"Estimates were not available at the time of publication.",... ,... , ...,"Estimates were not available at the time of publication.",... ,... , ...,"Estimates were not available at the time of publication."
Portugal,2500 ,1900 , 2900,,2500 ,2000 , 2900,,2400 ,1900 , 2800,,2300 ,1800 , 2600,,2200 ,1700 , 2500,,2100 ,1600 , 2400,,2000 ,1600 , 2300,,1900 ,1500 , 2200,,1900 ,1500 , 2100,,1800 ,1400 , 2100,,1800 ,1400 , 2000,,1700 ,1300 , 1900,,1600 ,1300 , 1800,,1500 ,1200 , 1700,,1500 ,1100 , 1700,,1400 ,1100 , 1600,,1300 ,1000 , 1500,,1300 ,960 , 1400,,1200 ,900 , 1400,,1100 ,850 , 1300,,1100 ,800 , 1300,,1000 ,760 , 1200,,970 ,720 , 1200,,910 ,680 , 1100,,860 ,630 , 1000,,820 ,590 , 980,,780 ,570 , 920,,740 ,530 , 890,,710 ,510 , 850,,680 ,<500 , 830,,660 ,<500 , 810,,640 ,<500 , 790,,620 ,<500 , 770,,600 ,<500 , 750,,580 ,<500 , 750,
Qatar,<100 ,<100 , <100,"Children estimates were not available at the time of publication.",<100 ,<100 , <100,"Children estimates were not available at the time of publication.",<100 ,<100 , <100,"Children estimates were not available at the time of publication.",<100 ,<100 , <100,"Children estimates were not available at the time of publication.",<100 ,<100 , <100,"Children estimates were not available at the time of publication.",<100 ,<100 , <100,"Children estimates were not available at the time of publication.",<100 ,<100 , <100,"Children estimates were not available at the time of publication.",<100 ,<100 , <100,"Children estimates were not available at the time of publication.",<100 ,<100 , <100,"Children estimates were not available at the time of publication.",<100 ,<100 , <100,"Children estimates were not available at the time of publication.",<100 ,<100 , <100,"Children estimates were not available at the time of publication.",<100 ,<100 , <100,"Children estimates were not available at the time of publication.",<100 ,<100 , <100,"Children estimates were not available at the time of publication.",<100 ,<100 , <100,"Children estimates were not available at the time of publication.",<100 ,<100 , <100,"Children estimates were not available at the time of publication.",<100 ,<100 , <100,"Children estimates were not available at the time of publication.",<100 ,<100 , <100,"Children estimates were not available at the time of publication.",<100 ,<100 , <100,"Children estimates were not available at the time of publication.",<100 ,<100 , <100,"Children estimates were not available at the time of publication.",<100 ,<100 , <100,"Children estimates were not available at the time of publication.",<100 ,<100 , <100,"Children estimates were not available at the time of publication.",<100 ,<100 , <100,"Children estimates were not available at the time of publication.",<100 ,<100 , <100,"Children estimates were not available at the time of publication.",<100 ,<100 , <100,"Children estimates were not available at the time of publication.",<100 ,<100 , <100,"Children estimates were not available at the time of publication.",<100 ,<100 , <100,"Children estimates were not available at the time of publication.",<100 ,<100 , <100,"Children estimates were not available at the time of publication.",<100 ,<100 , <100,"Children estimates were not available at the time of publication.",<100 ,<100 , <100,"Children estimates were not available at the time of publication.",<100 ,<100 , <100,"Children estimates were not available at the time of publication.",<100 ,<100 , <100,"Children estimates were not available at the time of publication.",<100 ,<100 , <200,"Children estimates were not available at the time of publication.",<100 ,<100 , <200,"Children estimates were not available at the time of publication.",<200 ,<100 , <200,"Children estimates were not available at the time of publication.",<200 ,<200 , <200,"Children estimates were not available at the time of publication."
Republic of Korea,... ,... , ...,"Estimates were not available at the time of publication.",... ,... , ...,"Estimates were not available at the time of publication.",... ,... , ...,"Estimates were not available at the time of publication.",... ,... , ...,"Estimates were not available at the time of publication.",... ,... , ...,"Estimates were not available at the time of publication.",... ,... , ...,"Estimates were not available at the time of publication.",... ,... , ...,"Estimates were not available at the time of publication.",... ,... , ...,"Estimates were not available at the time of publication.",... ,... , ...,"Estimates were not available at the time of publication.",... ,... , ...,"Estimates were not available at the time of publication.",... ,... , ...,"Estimates were not available at the time of publication.",... ,... , ...,"Estimates were not available at the time of publication.",... ,... , ...,"Estimates were not available at the time of publication.",... ,... , ...,"Estimates were not available at the time of publication.",... ,... , ...,"Estimates were not available at the time of publication.",... ,... , ...,"Estimates were not available at the time of publication.",... ,... , ...,"Estimates were not available at the time of publication.",... ,... , ...,"Estimates were not available at the time of publication.",... ,... , ...,"Estimates were not available at the time of publication.",... ,... , ...,"Estimates were not available at the time of publication.",... ,... , ...,"Estimates were not available at the time of publication.",... ,... , ...,"Estimates were not available at the time of publication.",... ,... , ...,"Estimates were not available at the time of publication.",... ,... , ...,"Estimates were not available at the time of publication.",... ,... , ...,"Estimates were not available at the time of publication.",... ,... , ...,"Estimates were not available at the time of publication.",... ,... , ...,"Estimates were not available at the time of publication.",... ,... , ...,"Estimates were not available at the time of publication.",... ,... , ...,"Estimates were not available at the time of publication.",... ,... , ...,"Estimates were not available at the time of publication.",... ,... , ...,"Estimates were not available at the time of publication.",... ,... , ...,"Estimates were not available at the time of publication.",... ,... , ...,"Estimates were not available at the time of publication.",... ,... , ...,"Estimates were not available at the time of publication.",... ,... , ...,"Estimates were not available at the time of publication."
Republic of Moldova,<100 ,<100 , <200,,<200 ,<200 , <200,,<500 ,<200 , <500,,<500 ,<500 , <500,,530 ,<500 , 720,,740 ,520 , 1000,,980 ,690 , 1300,,1200 ,870 , 1700,,1400 ,1000 , 1900,,1600 ,1100 , 2200,,1700 ,1200 , 2300,,1700 ,1200 , 2300,,1700 ,1200 , 2300,,1600 ,1200 , 2200,,1600 ,1100 , 2200,,1500 ,1100 , 2100,,1500 ,1100 , 2000,,1400 ,1000 , 1900,,1400 ,960 , 1800,,1300 ,910 , 1800,,1200 ,870 , 1700,,1200 ,820 , 1600,,1100 ,780 , 1500,,1100 ,740 , 1400,,950 ,670 , 1300,,900 ,630 , 1200,,870 ,610 , 1200,,800 ,560 , 1100,,740 ,520 , 1000,,670 ,<500 , 900,,630 ,<500 , 850,,580 ,<500 , 790,,520 ,<500 , 710,,<500 ,<500 , 650,,<500 ,<500 , 580,
Romania,<500 ,<200 , 510,,<500 ,<200 , 600,,<500 ,<500 , 610,,<500 ,<500 , 640,,<500 ,<500 , 650,,<500 ,<500 , 600,,<500 ,<500 , 550,,<500 ,<500 , 510,,<500 ,<500 , <500,,<500 ,<500 , <500,,<500 ,<500 , <500,,<500 ,<500 , <500,,<500 ,<500 , <500,,<500 ,<500 , <500,,<500 ,<500 , <500,,<500 ,<500 , <500,,<500 ,<500 , <500,,<500 ,<500 , <500,,<500 ,<500 , <500,,<500 ,<500 , 500,,<500 ,<500 , 520,,<500 ,<500 , 530,,<500 ,<500 , 540,,<500 ,<500 , 570,,<500 ,<500 , 580,,<500 ,<500 , 570,,<500 ,<500 , 560,,<500 ,<500 , 540,,<500 ,<500 , 520,,<500 ,<500 , <500,,<500 ,<500 , <500,,<500 ,<500 , <500,,<500 ,<500 , <500,,<500 ,<500 , <500,,<500 ,<200 , <500,
Russian Federation,... ,... , ...,"Estimates were not available at the time of publication.",... ,... , ...,"Estimates were not available at the time of publication.",... ,... , ...,"Estimates were not available at the time of publication.",... ,... , ...,"Estimates were not available at the time of publication.",... ,... , ...,"Estimates were not available at the time of publication.",... ,... , ...,"Estimates were not available at the time of publication.",... ,... , ...,"Estimates were not available at the time of publication.",... ,... , ...,"Estimates were not available at the time of publication.",... ,... , ...,"Estimates were not available at the time of publication.",... ,... , ...,"Estimates were not available at the time of publication.",... ,... , ...,"Estimates were not available at the time of publication.",... ,... , ...,"Estimates were not available at the time of publication.",... ,... , ...,"Estimates were not available at the time of publication.",... ,... , ...,"Estimates were not available at the time of publication.",... ,... , ...,"Estimates were not available at the time of publication.",... ,... , ...,"Estimates were not available at the time of publication.",... ,... , ...,"Estimates were not available at the time of publication.",... ,... , ...,"Estimates were not available at the time of publication.",... ,... , ...,"Estimates were not available at the time of publication.",... ,... , ...,"Estimates were not available at the time of publication.",... ,... , ...,"Estimates were not available at the time of publication.",... ,... , ...,"Estimates were not available at the time of publication.",... ,... , ...,"Estimates were not available at the time of publication.",... ,... , ...,"Estimates were not available at the time of publication.",... ,... , ...,"Estimates were not available at the time of publication.",... ,... , ...,"Estimates were not available at the time of publication.",... ,... , ...,"Estimates were not available at the time of publication.",... ,... , ...,"Estimates were not available at the time of publication.",... ,... , ...,"Estimates were not available at the time of publication.",... ,... , ...,"Estimates were not available at the time of publication.",... ,... , ...,"Estimates were not available at the time of publication.",... ,... , ...,"Estimates were not available at the time of publication.",... ,... , ...,"Estimates were not available at the time of publication.",... ,... , ...,"Estimates were not available at the time of publication.",... ,... , ...,"Estimates were not available at the time of publication."
Rwanda,11 000 ,7600 , 15 000,,12 000 ,8900 , 15 000,,12 000 ,10 000 , 16 000,,12 000 ,10 000 , 15 000,,10 000 ,8000 , 13 000,,7000 ,6000 , 8200,,6800 ,5800 , 8000,,7600 ,6600 , 8900,,8300 ,7200 , 9900,,7500 ,6600 , 8700,,7000 ,6200 , 8300,,6900 ,6100 , 7900,,6000 ,5300 , 7100,,5000 ,4300 , 5900,,5100 ,4300 , 6300,,4900 ,4000 , 6200,,4600 ,3700 , 5900,,4200 ,3400 , 5500,,4100 ,3200 , 5300,,3600 ,2800 , 5000,,3600 ,2800 , 5000,,3400 ,2600 , 4700,,3100 ,2400 , 4600,,3000 ,2300 , 4300,,2500 ,1900 , 3600,,2200 ,1700 , 3400,,1900 ,1400 , 3000,,1500 ,1000 , 2400,,1300 ,830 , 2200,,1100 ,710 , 1900,,940 ,560 , 1700,,1000 ,610 , 1700,,900 ,500 , 1600,,800 ,<500 , 1400,,740 ,<500 , 1200,
Saint Kitts and Nevis,<100 ,<100 , <100,"Countries with a UNAIDS-approved estimate and population less than 250000 in 2024; not included in regional or global totals",<100 ,<100 , <100,"Countries with a UNAIDS-approved estimate and population less than 250000 in 2024; not included in regional or global totals",<100 ,<100 , <100,"Countries with a UNAIDS-approved estimate and population less than 250000 in 2024; not included in regional or global totals",<100 ,<100 , <100,"Countries with a UNAIDS-approved estimate and population less than 250000 in 2024; not included in regional or global totals",<100 ,<100 , <100,"Countries with a UNAIDS-approved estimate and population less than 250000 in 2024; not included in regional or global totals",<100 ,<100 , <100,"Countries with a UNAIDS-approved estimate and population less than 250000 in 2024; not included in regional or global totals",<100 ,<100 , <100,"Countries with a UNAIDS-approved estimate and population less than 250000 in 2024; not included in regional or global totals",<100 ,<100 , <100,"Countries with a UNAIDS-approved estimate and population less than 250000 in 2024; not included in regional or global totals",<100 ,<100 , <100,"Countries with a UNAIDS-approved estimate and population less than 250000 in 2024; not included in regional or global totals",<100 ,<100 , <100,"Countries with a UNAIDS-approved estimate and population less than 250000 in 2024; not included in regional or global totals",<100 ,<100 , <100,"Countries with a UNAIDS-approved estimate and population less than 250000 in 2024; not included in regional or global totals",<100 ,<100 , <100,"Countries with a UNAIDS-approved estimate and population less than 250000 in 2024; not included in regional or global totals",<100 ,<100 , <100,"Countries with a UNAIDS-approved estimate and population less than 250000 in 2024; not included in regional or global totals",<100 ,<100 , <100,"Countries with a UNAIDS-approved estimate and population less than 250000 in 2024; not included in regional or global totals",<100 ,<100 , <100,"Countries with a UNAIDS-approved estimate and population less than 250000 in 2024; not included in regional or global totals",<100 ,<100 , <100,"Countries with a UNAIDS-approved estimate and population less than 250000 in 2024; not included in regional or global totals",<100 ,<100 , <100,"Countries with a UNAIDS-approved estimate and population less than 250000 in 2024; not included in regional or global totals",<100 ,<100 , <100,"Countries with a UNAIDS-approved estimate and population less than 250000 in 2024; not included in regional or global totals",<100 ,<100 , <100,"Countries with a UNAIDS-approved estimate and population less than 250000 in 2024; not included in regional or global totals",<100 ,<100 , <100,"Countries with a UNAIDS-approved estimate and population less than 250000 in 2024; not included in regional or global totals",<100 ,<100 , <100,"Countries with a UNAIDS-approved estimate and population less than 250000 in 2024; not included in regional or global totals",<100 ,<100 , <100,"Countries with a UNAIDS-approved estimate and population less than 250000 in 2024; not included in regional or global totals",<100 ,<100 , <100,"Countries with a UNAIDS-approved estimate and population less than 250000 in 2024; not included in regional or global totals",<100 ,<100 , <100,"Countries with a UNAIDS-approved estimate and population less than 250000 in 2024; not included in regional or global totals",<100 ,<100 , <100,"Countries with a UNAIDS-approved estimate and population less than 250000 in 2024; not included in regional or global totals",<100 ,<100 , <100,"Countries with a UNAIDS-approved estimate and population less than 250000 in 2024; not included in regional or global totals",<100 ,<100 , <100,"Countries with a UNAIDS-approved estimate and population less than 250000 in 2024; not included in regional or global totals",<100 ,<100 , <100,"Countries with a UNAIDS-approved estimate and population less than 250000 in 2024; not included in regional or global totals",<100 ,<100 , <100,"Countries with a UNAIDS-approved estimate and population less than 250000 in 2024; not included in regional or global totals",<100 ,<100 , <100,"Countries with a UNAIDS-approved estimate and population less than 250000 in 2024; not included in regional or global totals",<100 ,<100 , <100,"Countries with a UNAIDS-approved estimate and population less than 250000 in 2024; not included in regional or global totals",<100 ,<100 , <100,"Countries with a UNAIDS-approved estimate and population less than 250000 in 2024; not included in regional or global totals",<100 ,<100 , <100,"Countries with a UNAIDS-approved estimate and population less than 250000 in 2024; not included in regional or global totals",<100 ,<100 , <100,"Countries with a UNAIDS-approved estimate and population less than 250000 in 2024; not included in regional or global totals",<100 ,<100 , <100,"Countries with a UNAIDS-approved estimate and population less than 250000 in 2024; not included in regional or global totals"
Saint Lucia,<100 ,<100 , <100,"Countries with a UNAIDS-approved estimate and population less than 250000 in 2024; not included in regional or global totals",<100 ,<100 , <100,"Countries with a UNAIDS-approved estimate and population less than 250000 in 2024; not included in regional or global totals",<100 ,<100 , <100,"Countries with a UNAIDS-approved estimate and population less than 250000 in 2024; not included in regional or global totals",<100 ,<100 , <100,"Countries with a UNAIDS-approved estimate and population less than 250000 in 2024; not included in regional or global totals",<100 ,<100 , <100,"Countries with a UNAIDS-approved estimate and population less than 250000 in 2024; not included in regional or global totals",<100 ,<100 , <100,"Countries with a UNAIDS-approved estimate and population less than 250000 in 2024; not included in regional or global totals",<100 ,<100 , <100,"Countries with a UNAIDS-approved estimate and population less than 250000 in 2024; not included in regional or global totals",<100 ,<100 , <100,"Countries with a UNAIDS-approved estimate and population less than 250000 in 2024; not included in regional or global totals",<100 ,<100 , <100,"Countries with a UNAIDS-approved estimate and population less than 250000 in 2024; not included in regional or global totals",<100 ,<100 , <100,"Countries with a UNAIDS-approved estimate and population less than 250000 in 2024; not included in regional or global totals",<100 ,<100 , <100,"Countries with a UNAIDS-approved estimate and population less than 250000 in 2024; not included in regional or global totals",<100 ,<100 , <100,"Countries with a UNAIDS-approved estimate and population less than 250000 in 2024; not included in regional or global totals",<100 ,<100 , <100,"Countries with a UNAIDS-approved estimate and population less than 250000 in 2024; not included in regional or global totals",<100 ,<100 , <100,"Countries with a UNAIDS-approved estimate and population less than 250000 in 2024; not included in regional or global totals",<100 ,<100 , <100,"Countries with a UNAIDS-approved estimate and population less than 250000 in 2024; not included in regional or global totals",<100 ,<100 , <100,"Countries with a UNAIDS-approved estimate and population less than 250000 in 2024; not included in regional or global totals",<100 ,<100 , <100,"Countries with a UNAIDS-approved estimate and population less than 250000 in 2024; not included in regional or global totals",<100 ,<100 , <100,"Countries with a UNAIDS-approved estimate and population less than 250000 in 2024; not included in regional or global totals",<100 ,<100 , <100,"Countries with a UNAIDS-approved estimate and population less than 250000 in 2024; not included in regional or global totals",<100 ,<100 , <100,"Countries with a UNAIDS-approved estimate and population less than 250000 in 2024; not included in regional or global totals",<100 ,<100 , <100,"Countries with a UNAIDS-approved estimate and population less than 250000 in 2024; not included in regional or global totals",<100 ,<100 , <100,"Countries with a UNAIDS-approved estimate and population less than 250000 in 2024; not included in regional or global totals",<100 ,<100 , <100,"Countries with a UNAIDS-approved estimate and population less than 250000 in 2024; not included in regional or global totals",<100 ,<100 , <100,"Countries with a UNAIDS-approved estimate and population less than 250000 in 2024; not included in regional or global totals",<100 ,<100 , <100,"Countries with a UNAIDS-approved estimate and population less than 250000 in 2024; not included in regional or global totals",<100 ,<100 , <100,"Countries with a UNAIDS-approved estimate and population less than 250000 in 2024; not included in regional or global totals",<100 ,<100 , <100,"Countries with a UNAIDS-approved estimate and population less than 250000 in 2024; not included in regional or global totals",<100 ,<100 , <100,"Countries with a UNAIDS-approved estimate and population less than 250000 in 2024; not included in regional or global totals",<100 ,<100 , <100,"Countries with a UNAIDS-approved estimate and population less than 250000 in 2024; not included in regional or global totals",<100 ,<100 , <100,"Countries with a UNAIDS-approved estimate and population less than 250000 in 2024; not included in regional or global totals",<100 ,<100 , <100,"Countries with a UNAIDS-approved estimate and population less than 250000 in 2024; not included in regional or global totals",<100 ,<100 , <100,"Countries with a UNAIDS-approved estimate and population less than 250000 in 2024; not included in regional or global totals",<100 ,<100 , <100,"Countries with a UNAIDS-approved estimate and population less than 250000 in 2024; not included in regional or global totals",<100 ,<100 , <100,"Countries with a UNAIDS-approved estimate and population less than 250000 in 2024; not included in regional or global totals",<100 ,<100 , <100,"Countries with a UNAIDS-approved estimate and population less than 250000 in 2024; not included in regional or global totals"
Saint Vincent and the Grenadines,<100 ,<100 , <100,"Countries with a UNAIDS-approved estimate and population less than 250000 in 2024; not included in regional or global totals",<100 ,<100 , <100,"Countries with a UNAIDS-approved estimate and population less than 250000 in 2024; not included in regional or global totals",<100 ,<100 , <100,"Countries with a UNAIDS-approved estimate and population less than 250000 in 2024; not included in regional or global totals",<100 ,<100 , <100,"Countries with a UNAIDS-approved estimate and population less than 250000 in 2024; not included in regional or global totals",<100 ,<100 , <100,"Countries with a UNAIDS-approved estimate and population less than 250000 in 2024; not included in regional or global totals",<100 ,<100 , <100,"Countries with a UNAIDS-approved estimate and population less than 250000 in 2024; not included in regional or global totals",<100 ,<100 , <100,"Countries with a UNAIDS-approved estimate and population less than 250000 in 2024; not included in regional or global totals",<100 ,<100 , <100,"Countries with a UNAIDS-approved estimate and population less than 250000 in 2024; not included in regional or global totals",<100 ,<100 , <100,"Countries with a UNAIDS-approved estimate and population less than 250000 in 2024; not included in regional or global totals",<100 ,<100 , <100,"Countries with a UNAIDS-approved estimate and population less than 250000 in 2024; not included in regional or global totals",<100 ,<100 , <100,"Countries with a UNAIDS-approved estimate and population less than 250000 in 2024; not included in regional or global totals",<100 ,<100 , <100,"Countries with a UNAIDS-approved estimate and population less than 250000 in 2024; not included in regional or global totals",<100 ,<100 , <100,"Countries with a UNAIDS-approved estimate and population less than 250000 in 2024; not included in regional or global totals",<100 ,<100 , <100,"Countries with a UNAIDS-approved estimate and population less than 250000 in 2024; not included in regional or global totals",<100 ,<100 , <100,"Countries with a UNAIDS-approved estimate and population less than 250000 in 2024; not included in regional or global totals",<100 ,<100 , <100,"Countries with a UNAIDS-approved estimate and population less than 250000 in 2024; not included in regional or global totals",<100 ,<100 , <100,"Countries with a UNAIDS-approved estimate and population less than 250000 in 2024; not included in regional or global totals",<100 ,<100 , <100,"Countries with a UNAIDS-approved estimate and population less than 250000 in 2024; not included in regional or global totals",<100 ,<100 , <100,"Countries with a UNAIDS-approved estimate and population less than 250000 in 2024; not included in regional or global totals",<100 ,<100 , <100,"Countries with a UNAIDS-approved estimate and population less than 250000 in 2024; not included in regional or global totals",<100 ,<100 , <100,"Countries with a UNAIDS-approved estimate and population less than 250000 in 2024; not included in regional or global totals",<100 ,<100 , <100,"Countries with a UNAIDS-approved estimate and population less than 250000 in 2024; not included in regional or global totals",<100 ,<100 , <100,"Countries with a UNAIDS-approved estimate and population less than 250000 in 2024; not included in regional or global totals",<100 ,<100 , <100,"Countries with a UNAIDS-approved estimate and population less than 250000 in 2024; not included in regional or global totals",<100 ,<100 , <100,"Countries with a UNAIDS-approved estimate and population less than 250000 in 2024; not included in regional or global totals",<100 ,<100 , <100,"Countries with a UNAIDS-approved estimate and population less than 250000 in 2024; not included in regional or global totals",<100 ,<100 , <100,"Countries with a UNAIDS-approved estimate and population less than 250000 in 2024; not included in regional or global totals",<100 ,<100 , <100,"Countries with a UNAIDS-approved estimate and population less than 250000 in 2024; not included in regional or global totals",<100 ,<100 , <100,"Countries with a UNAIDS-approved estimate and population less than 250000 in 2024; not included in regional or global totals",<100 ,<100 , <100,"Countries with a UNAIDS-approved estimate and population less than 250000 in 2024; not included in regional or global totals",<100 ,<100 , <100,"Countries with a UNAIDS-approved estimate and population less than 250000 in 2024; not included in regional or global totals",<100 ,<100 , <100,"Countries with a UNAIDS-approved estimate and population less than 250000 in 2024; not included in regional or global totals",<100 ,<100 , <100,"Countries with a UNAIDS-approved estimate and population less than 250000 in 2024; not included in regional or global totals",<100 ,<100 , <100,"Countries with a UNAIDS-approved estimate and population less than 250000 in 2024; not included in regional or global totals",<100 ,<100 , <100,"Countries with a UNAIDS-approved estimate and population less than 250000 in 2024; not included in regional or global totals"
Sao Tome and Principe,... ,... , ...,"Estimates were not available at the time of publication.",... ,... , ...,"Estimates were not available at the time of publication.",... ,... , ...,"Estimates were not available at the time of publication.",... ,... , ...,"Estimates were not available at the time of publication.",... ,... , ...,"Estimates were not available at the time of publication.",... ,... , ...,"Estimates were not available at the time of publication.",... ,... , ...,"Estimates were not available at the time of publication.",... ,... , ...,"Estimates were not available at the time of publication.",... ,... , ...,"Estimates were not available at the time of publication.",... ,... , ...,"Estimates were not available at the time of publication.",... ,... , ...,"Estimates were not available at the time of publication.",... ,... , ...,"Estimates were not available at the time of publication.",... ,... , ...,"Estimates were not available at the time of publication.",... ,... , ...,"Estimates were not available at the time of publication.",... ,... , ...,"Estimates were not available at the time of publication.",... ,... , ...,"Estimates were not available at the time of publication.",... ,... , ...,"Estimates were not available at the time of publication.",... ,... , ...,"Estimates were not available at the time of publication.",... ,... , ...,"Estimates were not available at the time of publication.",... ,... , ...,"Estimates were not available at the time of publication.",... ,... , ...,"Estimates were not available at the time of publication.",... ,... , ...,"Estimates were not available at the time of publication.",... ,... , ...,"Estimates were not available at the time of publication.",... ,... , ...,"Estimates were not available at the time of publication.",... ,... , ...,"Estimates were not available at the time of publication.",... ,... , ...,"Estimates were not available at the time of publication.",... ,... , ...,"Estimates were not available at the time of publication.",... ,... , ...,"Estimates were not available at the time of publication.",... ,... , ...,"Estimates were not available at the time of publication.",... ,... , ...,"Estimates were not available at the time of publication.",... ,... , ...,"Estimates were not available at the time of publication.",... ,... , ...,"Estimates were not available at the time of publication.",... ,... , ...,"Estimates were not available at the time of publication.",... ,... , ...,"Estimates were not available at the time of publication.",... ,... , ...,"Estimates were not available at the time of publication."
Saudi Arabia,<500 ,<500 , <500,"Children estimates were not available at the time of publication.",<500 ,<500 , <500,"Children estimates were not available at the time of publication.",<500 ,<500 , <500,"Children estimates were not available at the time of publication.",<500 ,<500 , 520,"Children estimates were not available at the time of publication.",<500 ,<500 , 580,"Children estimates were not available at the time of publication.",540 ,<500 , 610,"Children estimates were not available at the time of publication.",560 ,<500 , 630,"Children estimates were not available at the time of publication.",550 ,<500 , 620,"Children estimates were not available at the time of publication.",520 ,<500 , 600,"Children estimates were not available at the time of publication.",<500 ,<500 , 560,"Children estimates were not available at the time of publication.",<500 ,<500 , <500,"Children estimates were not available at the time of publication.",<500 ,<200 , <500,"Children estimates were not available at the time of publication.",<500 ,<200 , <500,"Children estimates were not available at the time of publication.",<200 ,<100 , <500,"Children estimates were not available at the time of publication.",<100 ,<100 , <500,"Children estimates were not available at the time of publication.",<100 ,<100 , <200,"Children estimates were not available at the time of publication.",<100 ,<100 , <100,"Children estimates were not available at the time of publication.",<100 ,<100 , <100,"Children estimates were not available at the time of publication.",<100 ,<100 , <100,"Children estimates were not available at the time of publication.",<100 ,<100 , <100,"Children estimates were not available at the time of publication.",<100 ,<100 , <100,"Children estimates were not available at the time of publication.",<100 ,<100 , <200,"Children estimates were not available at the time of publication.",<200 ,<200 , <200,"Children estimates were not available at the time of publication.",<200 ,<200 , <200,"Children estimates were not available at the time of publication.",<200 ,<200 , <500,"Children estimates were not available at the time of publication.",<500 ,<500 , <500,"Children estimates were not available at the time of publication.",<500 ,<500 , <500,"Children estimates were not available at the time of publication.",<500 ,<500 , <500,"Children estimates were not available at the time of publication.",<500 ,<500 , 510,"Children estimates were not available at the time of publication.",530 ,<500 , 600,"Children estimates were not available at the time of publication.",660 ,610 , 770,"Children estimates were not available at the time of publication.",810 ,760 , 980,"Children estimates were not available at the time of publication.",1000 ,920 , 1300,"Children estimates were not available at the time of publication.",1200 ,1100 , 1600,"Children estimates were not available at the time of publication.",1300 ,1200 , 1800,"Children estimates were not available at the time of publication."
Senegal,750 ,670 , 850,,960 ,850 , 1100,,1200 ,1100 , 1400,,1500 ,1300 , 1600,,1700 ,1500 , 1900,,2000 ,1800 , 2200,,2300 ,2000 , 2600,,2700 ,2400 , 3000,,2900 ,2600 , 3300,,3000 ,2800 , 3400,,2900 ,2600 , 3300,,2600 ,2300 , 2900,,2200 ,2000 , 2500,,1800 ,1600 , 2100,,1500 ,1400 , 1800,,1300 ,1200 , 1500,,1300 ,1100 , 1400,,1100 ,950 , 1200,,890 ,780 , 1100,,900 ,780 , 1100,,850 ,740 , 1000,,810 ,700 , 980,,700 ,580 , 880,,650 ,520 , 850,,620 ,<500 , 800,,630 ,<500 , 820,,700 ,590 , 870,,720 ,630 , 860,,840 ,740 , 1000,,860 ,750 , 1000,,930 ,820 , 1100,,1100 ,1000 , 1300,,1600 ,1400 , 1800,,1500 ,1400 , 1800,,1500 ,1300 , 1700,
Serbia,<100 ,<100 , <200,"Children estimates were not available at the time of publication.",<100 ,<100 , <200,"Children estimates were not available at the time of publication.",<100 ,<100 , <200,"Children estimates were not available at the time of publication.",<100 ,<100 , <200,"Children estimates were not available at the time of publication.",<100 ,<100 , <200,"Children estimates were not available at the time of publication.",<100 ,<100 , <100,"Children estimates were not available at the time of publication.",<100 ,<100 , <100,"Children estimates were not available at the time of publication.",<100 ,<100 , <100,"Children estimates were not available at the time of publication.",<100 ,<100 , <200,"Children estimates were not available at the time of publication.",<100 ,<100 , <200,"Children estimates were not available at the time of publication.",<100 ,<100 , <200,"Children estimates were not available at the time of publication.",<100 ,<100 , <200,"Children estimates were not available at the time of publication.",<100 ,<100 , <200,"Children estimates were not available at the time of publication.",<200 ,<100 , <200,"Children estimates were not available at the time of publication.",<200 ,<100 , <200,"Children estimates were not available at the time of publication.",<200 ,<100 , <200,"Children estimates were not available at the time of publication.",<200 ,<100 , <200,"Children estimates were not available at the time of publication.",<200 ,<100 , <200,"Children estimates were not available at the time of publication.",<200 ,<100 , <200,"Children estimates were not available at the time of publication.",<200 ,<200 , <200,"Children estimates were not available at the time of publication.",<200 ,<200 , <200,"Children estimates were not available at the time of publication.",<200 ,<200 , <200,"Children estimates were not available at the time of publication.",<200 ,<200 , <200,"Children estimates were not available at the time of publication.",<200 ,<200 , <500,"Children estimates were not available at the time of publication.",<200 ,<200 , <500,"Children estimates were not available at the time of publication.",<200 ,<200 , <500,"Children estimates were not available at the time of publication.",<200 ,<200 , <500,"Children estimates were not available at the time of publication.",<200 ,<200 , <500,"Children estimates were not available at the time of publication.",<200 ,<200 , <500,"Children estimates were not available at the time of publication.",<200 ,<200 , <500,"Children estimates were not available at the time of publication.",<200 ,<200 , <500,"Children estimates were not available at the time of publication.",<200 ,<200 , <500,"Children estimates were not available at the time of publication.",<200 ,<200 , <500,"Children estimates were not available at the time of publication.",<200 ,<200 , <500,"Children estimates were not available at the time of publication.",<200 ,<200 , <500,"Children estimates were not available at the time of publication."
Sierra Leone,1500 ,840 , 2300,,1700 ,1000 , 2500,,1800 ,1100 , 2500,,1900 ,1300 , 2700,,2000 ,1500 , 2800,,2000 ,1500 , 2700,,2000 ,1600 , 2700,,2000 ,1600 , 2700,,2000 ,1600 , 2600,,1900 ,1500 , 2500,,1800 ,1500 , 2400,,1900 ,1500 , 2300,,1900 ,1600 , 2500,,1900 ,1600 , 2400,,1900 ,1600 , 2400,,1900 ,1600 , 2400,,1900 ,1600 , 2400,,1900 ,1600 , 2500,,2000 ,1600 , 2500,,1900 ,1500 , 2400,,1900 ,1500 , 2400,,1800 ,1500 , 2300,,1800 ,1500 , 2300,,1700 ,1400 , 2200,,1800 ,1400 , 2300,,1800 ,1400 , 2300,,1700 ,1300 , 2200,,1600 ,1200 , 2200,,1500 ,1100 , 2000,,1400 ,960 , 1900,,1300 ,900 , 1900,,1200 ,760 , 1800,,930 ,520 , 1500,,780 ,<500 , 1400,,670 ,<500 , 1300,
Singapore,<100 ,<100 , <100,"Children estimates were not available at the time of publication.",<100 ,<100 , <100,"Children estimates were not available at the time of publication.",<100 ,<100 , <100,"Children estimates were not available at the time of publication.",<100 ,<100 , <100,"Children estimates were not available at the time of publication.",<100 ,<100 , <100,"Children estimates were not available at the time of publication.",<100 ,<100 , <200,"Children estimates were not available at the time of publication.",<200 ,<100 , <200,"Children estimates were not available at the time of publication.",<200 ,<200 , <200,"Children estimates were not available at the time of publication.",<200 ,<200 , <200,"Children estimates were not available at the time of publication.",<200 ,<200 , <200,"Children estimates were not available at the time of publication.",<200 ,<200 , <500,"Children estimates were not available at the time of publication.",<500 ,<200 , <500,"Children estimates were not available at the time of publication.",<500 ,<500 , <500,"Children estimates were not available at the time of publication.",<500 ,<500 , <500,"Children estimates were not available at the time of publication.",<500 ,<500 , <500,"Children estimates were not available at the time of publication.",<500 ,<500 , <500,"Children estimates were not available at the time of publication.",<500 ,<500 , <500,"Children estimates were not available at the time of publication.",<500 ,<500 , <500,"Children estimates were not available at the time of publication.",<500 ,<500 , <500,"Children estimates were not available at the time of publication.",<500 ,<500 , <500,"Children estimates were not available at the time of publication.",<500 ,<500 , <500,"Children estimates were not available at the time of publication.",<500 ,<500 , <500,"Children estimates were not available at the time of publication.",<500 ,<500 , <500,"Children estimates were not available at the time of publication.",<500 ,<500 , <500,"Children estimates were not available at the time of publication.",<500 ,<500 , <500,"Children estimates were not available at the time of publication.",<500 ,<500 , <500,"Children estimates were not available at the time of publication.",<500 ,<500 , <500,"Children estimates were not available at the time of publication.",<500 ,<500 , <500,"Children estimates were not available at the time of publication.",<500 ,<500 , <500,"Children estimates were not available at the time of publication.",<500 ,<500 , <500,"Children estimates were not available at the time of publication.",<500 ,<200 , <500,"Children estimates were not available at the time of publication.",<500 ,<200 , <500,"Children estimates were not available at the time of publication.",<200 ,<200 , <500,"Children estimates were not available at the time of publication.",<200 ,<200 , <500,"Children estimates were not available at the time of publication.",... ,... , ...,"Children estimates were not available at the time of publication."
Slovakia,<100 ,<100 , <100,"Children estimates were not available at the time of publication.",<100 ,<100 , <100,"Children estimates were not available at the time of publication.",<100 ,<100 , <100,"Children estimates were not available at the time of publication.",<100 ,<100 , <100,"Children estimates were not available at the time of publication.",<100 ,<100 , <100,"Children estimates were not available at the time of publication.",<100 ,<100 , <100,"Children estimates were not available at the time of publication.",<100 ,<100 , <100,"Children estimates were not available at the time of publication.",<100 ,<100 , <100,"Children estimates were not available at the time of publication.",<100 ,<100 , <100,"Children estimates were not available at the time of publication.",<100 ,<100 , <100,"Children estimates were not available at the time of publication.",<100 ,<100 , <100,"Children estimates were not available at the time of publication.",<100 ,<100 , <100,"Children estimates were not available at the time of publication.",<100 ,<100 , <100,"Children estimates were not available at the time of publication.",<100 ,<100 , <100,"Children estimates were not available at the time of publication.",<100 ,<100 , <100,"Children estimates were not available at the time of publication.",<100 ,<100 , <100,"Children estimates were not available at the time of publication.",<100 ,<100 , <100,"Children estimates were not available at the time of publication.",<100 ,<100 , <100,"Children estimates were not available at the time of publication.",<100 ,<100 , <100,"Children estimates were not available at the time of publication.",<100 ,<100 , <100,"Children estimates were not available at the time of publication.",<100 ,<100 , <100,"Children estimates were not available at the time of publication.",<100 ,<100 , <100,"Children estimates were not available at the time of publication.",<100 ,<100 , <100,"Children estimates were not available at the time of publication.",<100 ,<100 , <100,"Children estimates were not available at the time of publication.",<100 ,<100 , <100,"Children estimates were not available at the time of publication.",<100 ,<100 , <100,"Children estimates were not available at the time of publication.",<100 ,<100 , <200,"Children estimates were not available at the time of publication.",<100 ,<100 , <200,"Children estimates were not available at the time of publication.",<100 ,<100 , <200,"Children estimates were not available at the time of publication.",<100 ,<100 , <200,"Children estimates were not available at the time of publication.",<100 ,<100 , <200,"Children estimates were not available at the time of publication.",<100 ,<100 , <200,"Children estimates were not available at the time of publication.",<100 ,<100 , <200,"Children estimates were not available at the time of publication.",<100 ,<100 , <200,"Children estimates were not available at the time of publication.",<100 ,<100 , <200,"Children estimates were not available at the time of publication."
Slovenia,<100 ,<100 , <100,"Children estimates were not available at the time of publication.",<100 ,<100 , <100,"Children estimates were not available at the time of publication.",<100 ,<100 , <100,"Children estimates were not available at the time of publication.",<100 ,<100 , <100,"Children estimates were not available at the time of publication.",<100 ,<100 , <100,"Children estimates were not available at the time of publication.",<100 ,<100 , <100,"Children estimates were not available at the time of publication.",<100 ,<100 , <100,"Children estimates were not available at the time of publication.",<100 ,<100 , <100,"Children estimates were not available at the time of publication.",<100 ,<100 , <100,"Children estimates were not available at the time of publication.",<100 ,<100 , <100,"Children estimates were not available at the time of publication.",<100 ,<100 , <100,"Children estimates were not available at the time of publication.",<100 ,<100 , <100,"Children estimates were not available at the time of publication.",<100 ,<100 , <100,"Children estimates were not available at the time of publication.",<100 ,<100 , <100,"Children estimates were not available at the time of publication.",<100 ,<100 , <100,"Children estimates were not available at the time of publication.",<100 ,<100 , <100,"Children estimates were not available at the time of publication.",<100 ,<100 , <100,"Children estimates were not available at the time of publication.",<100 ,<100 , <100,"Children estimates were not available at the time of publication.",<100 ,<100 , <100,"Children estimates were not available at the time of publication.",<100 ,<100 , <100,"Children estimates were not available at the time of publication.",<100 ,<100 , <100,"Children estimates were not available at the time of publication.",<100 ,<100 , <100,"Children estimates were not available at the time of publication.",<100 ,<100 , <100,"Children estimates were not available at the time of publication.",<100 ,<100 , <100,"Children estimates were not available at the time of publication.",<100 ,<100 , <100,"Children estimates were not available at the time of publication.",<100 ,<100 , <100,"Children estimates were not available at the time of publication.",<100 ,<100 , <100,"Children estimates were not available at the time of publication.",<100 ,<100 , <100,"Children estimates were not available at the time of publication.",<100 ,<100 , <100,"Children estimates were not available at the time of publication.",<100 ,<100 , <100,"Children estimates were not available at the time of publication.",<100 ,<100 , <100,"Children estimates were not available at the time of publication.",<100 ,<100 , <100,"Children estimates were not available at the time of publication.",<100 ,<100 , <100,"Children estimates were not available at the time of publication.",<100 ,<100 , <100,"Children estimates were not available at the time of publication.",<100 ,<100 , <100,"Children estimates were not available at the time of publication."
Solomon Islands,... ,... , ...,"Estimates were not available at the time of publication.",... ,... , ...,"Estimates were not available at the time of publication.",... ,... , ...,"Estimates were not available at the time of publication.",... ,... , ...,"Estimates were not available at the time of publication.",... ,... , ...,"Estimates were not available at the time of publication.",... ,... , ...,"Estimates were not available at the time of publication.",... ,... , ...,"Estimates were not available at the time of publication.",... ,... , ...,"Estimates were not available at the time of publication.",... ,... , ...,"Estimates were not available at the time of publication.",... ,... , ...,"Estimates were not available at the time of publication.",... ,... , ...,"Estimates were not available at the time of publication.",... ,... , ...,"Estimates were not available at the time of publication.",... ,... , ...,"Estimates were not available at the time of publication.",... ,... , ...,"Estimates were not available at the time of publication.",... ,... , ...,"Estimates were not available at the time of publication.",... ,... , ...,"Estimates were not available at the time of publication.",... ,... , ...,"Estimates were not available at the time of publication.",... ,... , ...,"Estimates were not available at the time of publication.",... ,... , ...,"Estimates were not available at the time of publication.",... ,... , ...,"Estimates were not available at the time of publication.",... ,... , ...,"Estimates were not available at the time of publication.",... ,... , ...,"Estimates were not available at the time of publication.",... ,... , ...,"Estimates were not available at the time of publication.",... ,... , ...,"Estimates were not available at the time of publication.",... ,... , ...,"Estimates were not available at the time of publication.",... ,... , ...,"Estimates were not available at the time of publication.",... ,... , ...,"Estimates were not available at the time of publication.",... ,... , ...,"Estimates were not available at the time of publication.",... ,... , ...,"Estimates were not available at the time of publication.",... ,... , ...,"Estimates were not available at the time of publication.",... ,... , ...,"Estimates were not available at the time of publication.",... ,... , ...,"Estimates were not available at the time of publication.",... ,... , ...,"Estimates were not available at the time of publication.",... ,... , ...,"Estimates were not available at the time of publication.",... ,... , ...,"Estimates were not available at the time of publication."
Somalia,740 ,<500 , 1300,,750 ,<500 , 1300,,660 ,<500 , 1100,,610 ,<500 , 920,,610 ,<500 , 870,,600 ,<500 , 890,,580 ,<500 , 840,,520 ,<500 , 700,,<500 ,<500 , 630,,<500 ,<500 , 630,,<500 ,<500 , 560,,<500 ,<500 , 520,,<500 ,<500 , <500,,<500 ,<500 , <500,,<500 ,<500 , <500,,<500 ,<500 , <500,,<500 ,<500 , <500,,<500 ,<500 , <500,,<500 ,<500 , <500,,<500 ,<200 , <500,,<500 ,<200 , <500,,<500 ,<200 , <500,,<200 ,<200 , <500,,<200 ,<200 , <500,,<200 ,<200 , <500,,<200 ,<100 , <500,,<200 ,<100 , <500,,<200 ,<100 , <200,,<200 ,<100 , <200,,<200 ,<100 , <200,,<200 ,<100 , <200,,<200 ,<100 , <200,,<200 ,<100 , <200,,... ,... , ...,,... ,... , ...,
South Africa,56 000 ,49 000 , 67 000,,78 000 ,67 000 , 93 000,,100 000 ,88 000 , 120 000,,130 000 ,110 000 , 150 000,,150 000 ,130 000 , 180 000,,170 000 ,150 000 , 190 000,,180 000 ,160 000 , 210 000,,190 000 ,160 000 , 220 000,,190 000 ,160 000 , 220 000,,180 000 ,160 000 , 210 000,,170 000 ,150 000 , 210 000,,170 000 ,150 000 , 190 000,,160 000 ,140 000 , 180 000,,150 000 ,130 000 , 180 000,,150 000 ,130 000 , 170 000,,140 000 ,120 000 , 170 000,,140 000 ,120 000 , 160 000,,140 000 ,120 000 , 160 000,,130 000 ,110 000 , 160 000,,130 000 ,120 000 , 160 000,,130 000 ,110 000 , 150 000,,120 000 ,110 000 , 140 000,,120 000 ,100 000 , 140 000,,110 000 ,97 000 , 130 000,,100 000 ,91 000 , 120 000,,100 000 ,89 000 , 120 000,,93 000 ,81 000 , 110 000,,84 000 ,74 000 , 100 000,,78 000 ,67 000 , 92 000,,72 000 ,64 000 , 87 000,,68 000 ,59 000 , 80 000,,65 000 ,56 000 , 78 000,,61 000 ,53 000 , 73 000,,58 000 ,50 000 , 68 000,,55 000 ,48 000 , 65 000,
South Sudan,2900 ,1300 , 4300,,3400 ,1700 , 5100,,3700 ,1800 , 5800,,4000 ,2300 , 6100,,4500 ,2700 , 6900,,4400 ,2700 , 6700,,4200 ,2900 , 6500,,4400 ,3000 , 6600,,4400 ,3000 , 6700,,4100 ,2900 , 6100,,4200 ,3000 , 6200,,3900 ,2800 , 5600,,3900 ,2800 , 5500,,4000 ,2900 , 5600,,4500 ,3300 , 6300,,4100 ,3000 , 5700,,4200 ,3200 , 5700,,4300 ,3400 , 5800,,4400 ,3300 , 5800,,4400 ,3400 , 5900,,4300 ,3300 , 5700,,4500 ,3500 , 6200,,4700 ,3600 , 6200,,4700 ,3600 , 6400,,4800 ,3800 , 6400,,4100 ,3200 , 5300,,4100 ,3100 , 5300,,3500 ,2800 , 4600,,2800 ,2000 , 3700,,2700 ,2000 , 3800,,2600 ,1800 , 3500,,2500 ,1800 , 3600,,2400 ,1600 , 3400,,2200 ,1400 , 3400,,2200 ,1300 , 3300,
Spain,12 000 ,9400 , 14 000,,11 000 ,8600 , 12 000,,9500 ,7600 , 11 000,,8100 ,6500 , 9300,,6800 ,5400 , 7800,,5800 ,4600 , 6600,,4800 ,3800 , 5600,,4100 ,3300 , 4800,,3600 ,2900 , 4200,,3300 ,2600 , 3800,,3100 ,2500 , 3500,,3000 ,2400 , 3300,,2900 ,2300 , 3200,,2900 ,2300 , 3200,,2900 ,2300 , 3300,,3000 ,2400 , 3400,,3000 ,2400 , 3400,,3000 ,2400 , 3400,,3100 ,2500 , 3500,,3100 ,2500 , 3500,,3100 ,2400 , 3500,,3100 ,2400 , 3500,,3100 ,2400 , 3500,,3000 ,2300 , 3500,,3000 ,2200 , 3400,,2900 ,2200 , 3400,,2900 ,2100 , 3400,,2900 ,2100 , 3400,,2900 ,2100 , 3400,,2900 ,2000 , 3400,,2900 ,2000 , 3400,,2900 ,2100 , 3500,,2900 ,2000 , 3500,,2900 ,2000 , 3500,,2900 ,2000 , 3500,
Sri Lanka,<100 ,<100 , <100,"Children estimates were not available at the time of publication.",<100 ,<100 , <100,"Children estimates were not available at the time of publication.",<100 ,<100 , <100,"Children estimates were not available at the time of publication.",<100 ,<100 , <200,"Children estimates were not available at the time of publication.",<200 ,<200 , <200,"Children estimates were not available at the time of publication.",<200 ,<200 , <500,"Children estimates were not available at the time of publication.",<500 ,<500 , <500,"Children estimates were not available at the time of publication.",<500 ,<500 , <500,"Children estimates were not available at the time of publication.",<500 ,<500 , <500,"Children estimates were not available at the time of publication.",<500 ,<500 , <500,"Children estimates were not available at the time of publication.",<500 ,<500 , <500,"Children estimates were not available at the time of publication.",<500 ,<500 , <500,"Children estimates were not available at the time of publication.",<500 ,<500 , <500,"Children estimates were not available at the time of publication.",<500 ,<500 , <500,"Children estimates were not available at the time of publication.",<500 ,<500 , <500,"Children estimates were not available at the time of publication.",<500 ,<500 , <500,"Children estimates were not available at the time of publication.",<500 ,<500 , <500,"Children estimates were not available at the time of publication.",<500 ,<500 , <500,"Children estimates were not available at the time of publication.",<500 ,<200 , <500,"Children estimates were not available at the time of publication.",<200 ,<200 , <500,"Children estimates were not available at the time of publication.",<200 ,<200 , <200,"Children estimates were not available at the time of publication.",<200 ,<200 , <200,"Children estimates were not available at the time of publication.",<200 ,<200 , <200,"Children estimates were not available at the time of publication.",<200 ,<200 , <500,"Children estimates were not available at the time of publication.",<500 ,<200 , <500,"Children estimates were not available at the time of publication.",<500 ,<500 , <500,"Children estimates were not available at the time of publication.",<500 ,<500 , <500,"Children estimates were not available at the time of publication.",<500 ,<500 , <500,"Children estimates were not available at the time of publication.",<500 ,<500 , <500,"Children estimates were not available at the time of publication.",<500 ,<500 , <500,"Children estimates were not available at the time of publication.",<500 ,<500 , <500,"Children estimates were not available at the time of publication.",<500 ,<500 , <500,"Children estimates were not available at the time of publication.",<500 ,<500 , <500,"Children estimates were not available at the time of publication.",<500 ,<500 , <500,"Children estimates were not available at the time of publication.",<500 ,<500 , <500,"Children estimates were not available at the time of publication."
Sudan,590 ,<500 , 1000,,660 ,<500 , 1100,,770 ,520 , 1200,,800 ,560 , 1200,,800 ,560 , 1200,,840 ,600 , 1200,,820 ,610 , 1100,,870 ,640 , 1200,,920 ,690 , 1300,,970 ,750 , 1400,,1000 ,770 , 1400,,1000 ,770 , 1400,,1000 ,780 , 1400,,1100 ,800 , 1400,,1000 ,790 , 1400,,1100 ,790 , 1400,,1100 ,800 , 1500,,1100 ,810 , 1500,,1000 ,770 , 1400,,1200 ,880 , 1600,,1200 ,900 , 1600,,1300 ,950 , 1800,,1300 ,930 , 1800,,1300 ,950 , 1900,,1400 ,1000 , 2100,,1500 ,1100 , 2200,,1600 ,1100 , 2400,,1600 ,1100 , 2500,,1700 ,1100 , 2700,,1800 ,1200 , 3000,,2100 ,1400 , 3600,,2400 ,1600 , 4100,,2900 ,1900 , 5100,,3400 ,2100 , 5900,,3500 ,2100 , 6200,
Suriname,<100 ,<100 , <200,,<100 ,<100 , <200,,<200 ,<100 , <200,,<200 ,<200 , <500,,<200 ,<200 , <500,,<500 ,<200 , <500,,<500 ,<500 , <500,,<500 ,<500 , <500,,<500 ,<500 , <500,,<500 ,<500 , <500,,<500 ,<500 , <500,,<500 ,<500 , <500,,<500 ,<500 , <500,,<500 ,<500 , <500,,<500 ,<500 , <500,,<500 ,<500 , <500,,<500 ,<500 , <500,,<500 ,<500 , <500,,<500 ,<500 , <500,,<500 ,<500 , <500,,<500 ,<500 , <500,,<500 ,<500 , <500,,<500 ,<500 , <500,,<500 ,<200 , <500,,<500 ,<200 , <500,,<500 ,<200 , <500,,<500 ,<200 , <500,,<500 ,<500 , <500,,<500 ,<500 , <500,,<500 ,<500 , <500,,<500 ,<500 , <500,,<500 ,<500 , <500,,<500 ,<500 , <500,,<500 ,<500 , <500,,<500 ,<500 , <500,
Sweden,... ,... , ...,"Numbers are estimated by UNAIDS using the Spectrum model, based on the official national estimates. Any differences are within uncertainty margins of both sets of estimates, reflecting methodologies and assumptions. (https://pubmed.ncbi.nlm.nih.gov/39421951/).",... ,... , ...,"Numbers are estimated by UNAIDS using the Spectrum model, based on the official national estimates. Any differences are within uncertainty margins of both sets of estimates, reflecting methodologies and assumptions. (https://pubmed.ncbi.nlm.nih.gov/39421951/).",... ,... , ...,"Numbers are estimated by UNAIDS using the Spectrum model, based on the official national estimates. Any differences are within uncertainty margins of both sets of estimates, reflecting methodologies and assumptions. (https://pubmed.ncbi.nlm.nih.gov/39421951/).",... ,... , ...,"Numbers are estimated by UNAIDS using the Spectrum model, based on the official national estimates. Any differences are within uncertainty margins of both sets of estimates, reflecting methodologies and assumptions. (https://pubmed.ncbi.nlm.nih.gov/39421951/).",... ,... , ...,"Numbers are estimated by UNAIDS using the Spectrum model, based on the official national estimates. Any differences are within uncertainty margins of both sets of estimates, reflecting methodologies and assumptions. (https://pubmed.ncbi.nlm.nih.gov/39421951/).",... ,... , ...,"Numbers are estimated by UNAIDS using the Spectrum model, based on the official national estimates. Any differences are within uncertainty margins of both sets of estimates, reflecting methodologies and assumptions. (https://pubmed.ncbi.nlm.nih.gov/39421951/).",... ,... , ...,"Numbers are estimated by UNAIDS using the Spectrum model, based on the official national estimates. Any differences are within uncertainty margins of both sets of estimates, reflecting methodologies and assumptions. (https://pubmed.ncbi.nlm.nih.gov/39421951/).",... ,... , ...,"Numbers are estimated by UNAIDS using the Spectrum model, based on the official national estimates. Any differences are within uncertainty margins of both sets of estimates, reflecting methodologies and assumptions. (https://pubmed.ncbi.nlm.nih.gov/39421951/).",... ,... , ...,"Numbers are estimated by UNAIDS using the Spectrum model, based on the official national estimates. Any differences are within uncertainty margins of both sets of estimates, reflecting methodologies and assumptions. (https://pubmed.ncbi.nlm.nih.gov/39421951/).",... ,... , ...,"Numbers are estimated by UNAIDS using the Spectrum model, based on the official national estimates. Any differences are within uncertainty margins of both sets of estimates, reflecting methodologies and assumptions. (https://pubmed.ncbi.nlm.nih.gov/39421951/).",... ,... , ...,"Numbers are estimated by UNAIDS using the Spectrum model, based on the official national estimates. Any differences are within uncertainty margins of both sets of estimates, reflecting methodologies and assumptions. (https://pubmed.ncbi.nlm.nih.gov/39421951/).",... ,... , ...,"Numbers are estimated by UNAIDS using the Spectrum model, based on the official national estimates. Any differences are within uncertainty margins of both sets of estimates, reflecting methodologies and assumptions. (https://pubmed.ncbi.nlm.nih.gov/39421951/).",... ,... , ...,"Numbers are estimated by UNAIDS using the Spectrum model, based on the official national estimates. Any differences are within uncertainty margins of both sets of estimates, reflecting methodologies and assumptions. (https://pubmed.ncbi.nlm.nih.gov/39421951/).",... ,... , ...,"Numbers are estimated by UNAIDS using the Spectrum model, based on the official national estimates. Any differences are within uncertainty margins of both sets of estimates, reflecting methodologies and assumptions. (https://pubmed.ncbi.nlm.nih.gov/39421951/).",... ,... , ...,"Numbers are estimated by UNAIDS using the Spectrum model, based on the official national estimates. Any differences are within uncertainty margins of both sets of estimates, reflecting methodologies and assumptions. (https://pubmed.ncbi.nlm.nih.gov/39421951/).",... ,... , ...,"Numbers are estimated by UNAIDS using the Spectrum model, based on the official national estimates. Any differences are within uncertainty margins of both sets of estimates, reflecting methodologies and assumptions. (https://pubmed.ncbi.nlm.nih.gov/39421951/).",... ,... , ...,"Numbers are estimated by UNAIDS using the Spectrum model, based on the official national estimates. Any differences are within uncertainty margins of both sets of estimates, reflecting methodologies and assumptions. (https://pubmed.ncbi.nlm.nih.gov/39421951/).",... ,... , ...,"Numbers are estimated by UNAIDS using the Spectrum model, based on the official national estimates. Any differences are within uncertainty margins of both sets of estimates, reflecting methodologies and assumptions. (https://pubmed.ncbi.nlm.nih.gov/39421951/).",... ,... , ...,"Numbers are estimated by UNAIDS using the Spectrum model, based on the official national estimates. Any differences are within uncertainty margins of both sets of estimates, reflecting methodologies and assumptions. (https://pubmed.ncbi.nlm.nih.gov/39421951/).",... ,... , ...,"Numbers are estimated by UNAIDS using the Spectrum model, based on the official national estimates. Any differences are within uncertainty margins of both sets of estimates, reflecting methodologies and assumptions. (https://pubmed.ncbi.nlm.nih.gov/39421951/).",... ,... , ...,"Numbers are estimated by UNAIDS using the Spectrum model, based on the official national estimates. Any differences are within uncertainty margins of both sets of estimates, reflecting methodologies and assumptions. (https://pubmed.ncbi.nlm.nih.gov/39421951/).",... ,... , ...,"Numbers are estimated by UNAIDS using the Spectrum model, based on the official national estimates. Any differences are within uncertainty margins of both sets of estimates, reflecting methodologies and assumptions. (https://pubmed.ncbi.nlm.nih.gov/39421951/).",... ,... , ...,"Numbers are estimated by UNAIDS using the Spectrum model, based on the official national estimates. Any differences are within uncertainty margins of both sets of estimates, reflecting methodologies and assumptions. (https://pubmed.ncbi.nlm.nih.gov/39421951/).",... ,... , ...,"Numbers are estimated by UNAIDS using the Spectrum model, based on the official national estimates. Any differences are within uncertainty margins of both sets of estimates, reflecting methodologies and assumptions. (https://pubmed.ncbi.nlm.nih.gov/39421951/).",... ,... , ...,"Numbers are estimated by UNAIDS using the Spectrum model, based on the official national estimates. Any differences are within uncertainty margins of both sets of estimates, reflecting methodologies and assumptions. (https://pubmed.ncbi.nlm.nih.gov/39421951/).",... ,... , ...,"Numbers are estimated by UNAIDS using the Spectrum model, based on the official national estimates. Any differences are within uncertainty margins of both sets of estimates, reflecting methodologies and assumptions. (https://pubmed.ncbi.nlm.nih.gov/39421951/).",... ,... , ...,"Numbers are estimated by UNAIDS using the Spectrum model, based on the official national estimates. Any differences are within uncertainty margins of both sets of estimates, reflecting methodologies and assumptions. (https://pubmed.ncbi.nlm.nih.gov/39421951/).",... ,... , ...,"Numbers are estimated by UNAIDS using the Spectrum model, based on the official national estimates. Any differences are within uncertainty margins of both sets of estimates, reflecting methodologies and assumptions. (https://pubmed.ncbi.nlm.nih.gov/39421951/).",... ,... , ...,"Numbers are estimated by UNAIDS using the Spectrum model, based on the official national estimates. Any differences are within uncertainty margins of both sets of estimates, reflecting methodologies and assumptions. (https://pubmed.ncbi.nlm.nih.gov/39421951/).",... ,... , ...,"Numbers are estimated by UNAIDS using the Spectrum model, based on the official national estimates. Any differences are within uncertainty margins of both sets of estimates, reflecting methodologies and assumptions. (https://pubmed.ncbi.nlm.nih.gov/39421951/).",... ,... , ...,"Numbers are estimated by UNAIDS using the Spectrum model, based on the official national estimates. Any differences are within uncertainty margins of both sets of estimates, reflecting methodologies and assumptions. (https://pubmed.ncbi.nlm.nih.gov/39421951/).",... ,... , ...,"Numbers are estimated by UNAIDS using the Spectrum model, based on the official national estimates. Any differences are within uncertainty margins of both sets of estimates, reflecting methodologies and assumptions. (https://pubmed.ncbi.nlm.nih.gov/39421951/).",... ,... , ...,"Numbers are estimated by UNAIDS using the Spectrum model, based on the official national estimates. Any differences are within uncertainty margins of both sets of estimates, reflecting methodologies and assumptions. (https://pubmed.ncbi.nlm.nih.gov/39421951/).",... ,... , ...,"Numbers are estimated by UNAIDS using the Spectrum model, based on the official national estimates. Any differences are within uncertainty margins of both sets of estimates, reflecting methodologies and assumptions. (https://pubmed.ncbi.nlm.nih.gov/39421951/).",... ,... , ...,"Numbers are estimated by UNAIDS using the Spectrum model, based on the official national estimates. Any differences are within uncertainty margins of both sets of estimates, reflecting methodologies and assumptions. (https://pubmed.ncbi.nlm.nih.gov/39421951/)."
Switzerland,630 ,500 , 730,"Children estimates were not available at the time of publication.",650 ,520 , 750,"Children estimates were not available at the time of publication.",660 ,530 , 760,"Children estimates were not available at the time of publication.",660 ,530 , 750,"Children estimates were not available at the time of publication.",640 ,500 , 720,"Children estimates were not available at the time of publication.",610 ,<500 , 690,"Children estimates were not available at the time of publication.",570 ,<500 , 650,"Children estimates were not available at the time of publication.",520 ,<500 , 590,"Children estimates were not available at the time of publication.",<500 ,<500 , 530,"Children estimates were not available at the time of publication.",<500 ,<500 , <500,"Children estimates were not available at the time of publication.",<500 ,<500 , <500,"Children estimates were not available at the time of publication.",<500 ,<500 , <500,"Children estimates were not available at the time of publication.",<500 ,<500 , <500,"Children estimates were not available at the time of publication.",<500 ,<500 , <500,"Children estimates were not available at the time of publication.",<500 ,<500 , <500,"Children estimates were not available at the time of publication.",<500 ,<200 , <500,"Children estimates were not available at the time of publication.",<500 ,<200 , <500,"Children estimates were not available at the time of publication.",<500 ,<200 , <500,"Children estimates were not available at the time of publication.",<500 ,<200 , <500,"Children estimates were not available at the time of publication.",<500 ,<200 , <500,"Children estimates were not available at the time of publication.",<500 ,<500 , <500,"Children estimates were not available at the time of publication.",<500 ,<500 , <500,"Children estimates were not available at the time of publication.",<500 ,<500 , <500,"Children estimates were not available at the time of publication.",<500 ,<500 , <500,"Children estimates were not available at the time of publication.",<500 ,<500 , <500,"Children estimates were not available at the time of publication.",<500 ,<500 , <500,"Children estimates were not available at the time of publication.",<500 ,<500 , <500,"Children estimates were not available at the time of publication.",<500 ,<500 , <500,"Children estimates were not available at the time of publication.",<500 ,<500 , <500,"Children estimates were not available at the time of publication.",<500 ,<500 , <500,"Children estimates were not available at the time of publication.",<500 ,<200 , <500,"Children estimates were not available at the time of publication.",<500 ,<200 , <500,"Children estimates were not available at the time of publication.",<500 ,<200 , <500,"Children estimates were not available at the time of publication.",<500 ,<200 , <500,"Children estimates were not available at the time of publication.",<500 ,<200 , <500,"Children estimates were not available at the time of publication."
Syrian Arab Republic,<100 ,<100 , <100,"Children estimates were not available at the time of publication.",<100 ,<100 , <100,"Children estimates were not available at the time of publication.",<100 ,<100 , <100,"Children estimates were not available at the time of publication.",<100 ,<100 , <100,"Children estimates were not available at the time of publication.",<100 ,<100 , <100,"Children estimates were not available at the time of publication.",<100 ,<100 , <100,"Children estimates were not available at the time of publication.",<100 ,<100 , <100,"Children estimates were not available at the time of publication.",<100 ,<100 , <100,"Children estimates were not available at the time of publication.",<100 ,<100 , <100,"Children estimates were not available at the time of publication.",<100 ,<100 , <100,"Children estimates were not available at the time of publication.",<100 ,<100 , <100,"Children estimates were not available at the time of publication.",<100 ,<100 , <100,"Children estimates were not available at the time of publication.",<100 ,<100 , <100,"Children estimates were not available at the time of publication.",<100 ,<100 , <100,"Children estimates were not available at the time of publication.",<100 ,<100 , <100,"Children estimates were not available at the time of publication.",<100 ,<100 , <100,"Children estimates were not available at the time of publication.",<100 ,<100 , <100,"Children estimates were not available at the time of publication.",<100 ,<100 , <100,"Children estimates were not available at the time of publication.",<100 ,<100 , <100,"Children estimates were not available at the time of publication.",<100 ,<100 , <100,"Children estimates were not available at the time of publication.",<100 ,<100 , <100,"Children estimates were not available at the time of publication.",<100 ,<100 , <100,"Children estimates were not available at the time of publication.",<100 ,<100 , <100,"Children estimates were not available at the time of publication.",<100 ,<100 , <100,"Children estimates were not available at the time of publication.",<100 ,<100 , <100,"Children estimates were not available at the time of publication.",<100 ,<100 , <100,"Children estimates were not available at the time of publication.",<100 ,<100 , <100,"Children estimates were not available at the time of publication.",<100 ,<100 , <100,"Children estimates were not available at the time of publication.",<100 ,<100 , <100,"Children estimates were not available at the time of publication.",<100 ,<100 , <100,"Children estimates were not available at the time of publication.",<100 ,<100 , <100,"Children estimates were not available at the time of publication.",<100 ,<100 , <100,"Children estimates were not available at the time of publication.",<100 ,<100 , <100,"Children estimates were not available at the time of publication.",<100 ,<100 , <100,"Children estimates were not available at the time of publication.",<100 ,<100 , <100,"Children estimates were not available at the time of publication."
Tajikistan,<100 ,<100 , <100,,<100 ,<100 , <100,,<100 ,<100 , <100,,<100 ,<100 , <100,,<200 ,<100 , <500,,<200 ,<100 , <500,,<200 ,<100 , <200,,<500 ,<200 , <500,,<500 ,<500 , <500,,<500 ,<500 , <500,,<500 ,<500 , <500,,<500 ,<500 , <500,,530 ,510 , 550,,560 ,530 , 580,,580 ,550 , 600,,570 ,540 , 590,,610 ,580 , 640,,600 ,570 , 620,,630 ,600 , 660,,650 ,620 , 670,,650 ,620 , 680,,620 ,580 , 640,,610 ,570 , 640,,670 ,630 , 700,,630 ,590 , 670,,560 ,530 , 590,,550 ,520 , 580,,<500 ,<500 , 520,,<500 ,<500 , 510,,520 ,<500 , 540,,<500 ,<500 , <500,,<500 ,<500 , <500,,<500 ,<500 , <500,,<500 ,<500 , <500,,<500 ,<500 , <500,
Thailand,130 000 ,110 000 , 150 000,,130 000 ,110 000 , 150 000,,110 000 ,94 000 , 120 000,,80 000 ,70 000 , 92 000,,59 000 ,52 000 , 67 000,,44 000 ,38 000 , 49 000,,32 000 ,29 000 , 37 000,,25 000 ,22 000 , 29 000,,22 000 ,19 000 , 25 000,,19 000 ,17 000 , 22 000,,17 000 ,15 000 , 20 000,,16 000 ,14 000 , 18 000,,15 000 ,13 000 , 17 000,,14 000 ,12 000 , 16 000,,13 000 ,12 000 , 15 000,,12 000 ,11 000 , 14 000,,12 000 ,10 000 , 13 000,,11 000 ,10 000 , 12 000,,11 000 ,10 000 , 12 000,,11 000 ,10 000 , 12 000,,11 000 ,10 000 , 12 000,,11 000 ,10 000 , 12 000,,11 000 ,10 000 , 12 000,,11 000 ,9800 , 12 000,,11 000 ,9900 , 12 000,,10 000 ,9200 , 11 000,,9300 ,8400 , 10 000,,8800 ,7900 , 9700,,8300 ,7500 , 9200,,8000 ,7200 , 8800,,7700 ,6900 , 8500,,7400 ,6600 , 8100,,7100 ,6300 , 7800,,6700 ,6100 , 7400,,6400 ,5700 , 7000,
Timor-Leste,<100 ,<100 , <100,"Children estimates were not available at the time of publication.",<100 ,<100 , <100,"Children estimates were not available at the time of publication.",<100 ,<100 , <100,"Children estimates were not available at the time of publication.",<100 ,<100 , <100,"Children estimates were not available at the time of publication.",<100 ,<100 , <100,"Children estimates were not available at the time of publication.",<100 ,<100 , <100,"Children estimates were not available at the time of publication.",<100 ,<100 , <100,"Children estimates were not available at the time of publication.",<100 ,<100 , <100,"Children estimates were not available at the time of publication.",<100 ,<100 , <100,"Children estimates were not available at the time of publication.",<100 ,<100 , <100,"Children estimates were not available at the time of publication.",<100 ,<100 , <100,"Children estimates were not available at the time of publication.",<100 ,<100 , <100,"Children estimates were not available at the time of publication.",<100 ,<100 , <100,"Children estimates were not available at the time of publication.",<100 ,<100 , <100,"Children estimates were not available at the time of publication.",<100 ,<100 , <100,"Children estimates were not available at the time of publication.",<100 ,<100 , <100,"Children estimates were not available at the time of publication.",<100 ,<100 , <100,"Children estimates were not available at the time of publication.",<100 ,<100 , <100,"Children estimates were not available at the time of publication.",<100 ,<100 , <100,"Children estimates were not available at the time of publication.",<100 ,<100 , <100,"Children estimates were not available at the time of publication.",<100 ,<100 , <100,"Children estimates were not available at the time of publication.",<100 ,<100 , <100,"Children estimates were not available at the time of publication.",<100 ,<100 , <100,"Children estimates were not available at the time of publication.",<100 ,<100 , <100,"Children estimates were not available at the time of publication.",<100 ,<100 , <200,"Children estimates were not available at the time of publication.",<100 ,<100 , <200,"Children estimates were not available at the time of publication.",<100 ,<100 , <200,"Children estimates were not available at the time of publication.",<100 ,<100 , <200,"Children estimates were not available at the time of publication.",<100 ,<100 , <200,"Children estimates were not available at the time of publication.",<100 ,<100 , <200,"Children estimates were not available at the time of publication.",<100 ,<100 , <200,"Children estimates were not available at the time of publication.",<200 ,<100 , <200,"Children estimates were not available at the time of publication.",<200 ,<100 , <200,"Children estimates were not available at the time of publication.",<100 ,<100 , <200,"Children estimates were not available at the time of publication.",<200 ,<100 , <200,"Children estimates were not available at the time of publication."
Togo,1600 ,1200 , 2200,,2100 ,1500 , 2800,,2700 ,1900 , 3500,,3300 ,2500 , 4300,,3400 ,2600 , 4400,,4000 ,3200 , 5300,,4300 ,3400 , 5800,,4400 ,3400 , 5900,,4100 ,3100 , 5600,,3700 ,2800 , 4900,,3400 ,2700 , 4600,,3000 ,2400 , 3900,,2700 ,2000 , 3400,,2500 ,1900 , 3200,,2300 ,1800 , 3000,,2200 ,1700 , 2900,,2000 ,1500 , 2700,,2000 ,1500 , 2700,,1900 ,1400 , 2500,,1800 ,1400 , 2500,,1700 ,1300 , 2400,,1500 ,1100 , 2100,,1300 ,910 , 2000,,1200 ,830 , 1800,,1200 ,800 , 1800,,1100 ,730 , 1700,,1000 ,730 , 1600,,1100 ,780 , 1600,,960 ,680 , 1400,,930 ,620 , 1400,,850 ,520 , 1400,,880 ,510 , 1400,,870 ,500 , 1400,,890 ,520 , 1400,,880 ,<500 , 1400,
Tonga,... ,... , ...,,... ,... , ...,,... ,... , ...,,... ,... , ...,,... ,... , ...,,... ,... , ...,,... ,... , ...,,... ,... , ...,,... ,... , ...,,... ,... , ...,,... ,... , ...,,... ,... , ...,,... ,... , ...,,... ,... , ...,,... ,... , ...,,... ,... , ...,,... ,... , ...,,... ,... , ...,,... ,... , ...,,... ,... , ...,,... ,... , ...,,... ,... , ...,,... ,... , ...,,... ,... , ...,,... ,... , ...,,... ,... , ...,,... ,... , ...,,... ,... , ...,,... ,... , ...,,... ,... , ...,,... ,... , ...,,... ,... , ...,,... ,... , ...,,... ,... , ...,,... ,... , ...,
Trinidad and Tobago,... ,... , ...,"Estimates were not available at the time of publication.",... ,... , ...,"Estimates were not available at the time of publication.",... ,... , ...,"Estimates were not available at the time of publication.",... ,... , ...,"Estimates were not available at the time of publication.",... ,... , ...,"Estimates were not available at the time of publication.",... ,... , ...,"Estimates were not available at the time of publication.",... ,... , ...,"Estimates were not available at the time of publication.",... ,... , ...,"Estimates were not available at the time of publication.",... ,... , ...,"Estimates were not available at the time of publication.",... ,... , ...,"Estimates were not available at the time of publication.",... ,... , ...,"Estimates were not available at the time of publication.",... ,... , ...,"Estimates were not available at the time of publication.",... ,... , ...,"Estimates were not available at the time of publication.",... ,... , ...,"Estimates were not available at the time of publication.",... ,... , ...,"Estimates were not available at the time of publication.",... ,... , ...,"Estimates were not available at the time of publication.",... ,... , ...,"Estimates were not available at the time of publication.",... ,... , ...,"Estimates were not available at the time of publication.",... ,... , ...,"Estimates were not available at the time of publication.",... ,... , ...,"Estimates were not available at the time of publication.",... ,... , ...,"Estimates were not available at the time of publication.",... ,... , ...,"Estimates were not available at the time of publication.",... ,... , ...,"Estimates were not available at the time of publication.",... ,... , ...,"Estimates were not available at the time of publication.",... ,... , ...,"Estimates were not available at the time of publication.",... ,... , ...,"Estimates were not available at the time of publication.",... ,... , ...,"Estimates were not available at the time of publication.",... ,... , ...,"Estimates were not available at the time of publication.",... ,... , ...,"Estimates were not available at the time of publication.",... ,... , ...,"Estimates were not available at the time of publication.",... ,... , ...,"Estimates were not available at the time of publication.",... ,... , ...,"Estimates were not available at the time of publication.",... ,... , ...,"Estimates were not available at the time of publication.",... ,... , ...,"Estimates were not available at the time of publication.",... ,... , ...,"Estimates were not available at the time of publication."
Tunisia,<100 ,<100 , <200,,<100 ,<100 , <500,,<100 ,<100 , <500,,<100 ,<100 , <500,,<100 ,<100 , <500,,<100 ,<100 , <500,,<200 ,<100 , <500,,<200 ,<100 , <500,,<200 ,<100 , <500,,<200 ,<100 , <500,,<500 ,<200 , <500,,<500 ,<200 , <500,,<500 ,<200 , <500,,<500 ,<200 , <500,,<500 ,<500 , <500,,<500 ,<500 , 530,,<500 ,<500 , 540,,<500 ,<500 , 560,,<500 ,<500 , 560,,<500 ,<500 , 570,,<500 ,<500 , 580,,<500 ,<500 , 630,,<500 ,<500 , 590,,<500 ,<500 , 630,,<500 ,<500 , 650,,<500 ,<500 , 650,,<500 ,<500 , 700,,<500 ,<500 , 690,,<500 ,<500 , 750,,<500 ,<500 , 800,,<500 ,<500 , 830,,<500 ,<500 , 870,,<500 ,<500 , 940,,<500 ,<500 , 1000,,520 ,<500 , 1100,
Turkmenistan,... ,... , ...,"Estimates were not available at the time of publication.",... ,... , ...,"Estimates were not available at the time of publication.",... ,... , ...,"Estimates were not available at the time of publication.",... ,... , ...,"Estimates were not available at the time of publication.",... ,... , ...,"Estimates were not available at the time of publication.",... ,... , ...,"Estimates were not available at the time of publication.",... ,... , ...,"Estimates were not available at the time of publication.",... ,... , ...,"Estimates were not available at the time of publication.",... ,... , ...,"Estimates were not available at the time of publication.",... ,... , ...,"Estimates were not available at the time of publication.",... ,... , ...,"Estimates were not available at the time of publication.",... ,... , ...,"Estimates were not available at the time of publication.",... ,... , ...,"Estimates were not available at the time of publication.",... ,... , ...,"Estimates were not available at the time of publication.",... ,... , ...,"Estimates were not available at the time of publication.",... ,... , ...,"Estimates were not available at the time of publication.",... ,... , ...,"Estimates were not available at the time of publication.",... ,... , ...,"Estimates were not available at the time of publication.",... ,... , ...,"Estimates were not available at the time of publication.",... ,... , ...,"Estimates were not available at the time of publication.",... ,... , ...,"Estimates were not available at the time of publication.",... ,... , ...,"Estimates were not available at the time of publication.",... ,... , ...,"Estimates were not available at the time of publication.",... ,... , ...,"Estimates were not available at the time of publication.",... ,... , ...,"Estimates were not available at the time of publication.",... ,... , ...,"Estimates were not available at the time of publication.",... ,... , ...,"Estimates were not available at the time of publication.",... ,... , ...,"Estimates were not available at the time of publication.",... ,... , ...,"Estimates were not available at the time of publication.",... ,... , ...,"Estimates were not available at the time of publication.",... ,... , ...,"Estimates were not available at the time of publication.",... ,... , ...,"Estimates were not available at the time of publication.",... ,... , ...,"Estimates were not available at the time of publication.",... ,... , ...,"Estimates were not available at the time of publication.",... ,... , ...,"Estimates were not available at the time of publication."
Tuvalu,... ,... , ...,"Estimates were not available at the time of publication.",... ,... , ...,"Estimates were not available at the time of publication.",... ,... , ...,"Estimates were not available at the time of publication.",... ,... , ...,"Estimates were not available at the time of publication.",... ,... , ...,"Estimates were not available at the time of publication.",... ,... , ...,"Estimates were not available at the time of publication.",... ,... , ...,"Estimates were not available at the time of publication.",... ,... , ...,"Estimates were not available at the time of publication.",... ,... , ...,"Estimates were not available at the time of publication.",... ,... , ...,"Estimates were not available at the time of publication.",... ,... , ...,"Estimates were not available at the time of publication.",... ,... , ...,"Estimates were not available at the time of publication.",... ,... , ...,"Estimates were not available at the time of publication.",... ,... , ...,"Estimates were not available at the time of publication.",... ,... , ...,"Estimates were not available at the time of publication.",... ,... , ...,"Estimates were not available at the time of publication.",... ,... , ...,"Estimates were not available at the time of publication.",... ,... , ...,"Estimates were not available at the time of publication.",... ,... , ...,"Estimates were not available at the time of publication.",... ,... , ...,"Estimates were not available at the time of publication.",... ,... , ...,"Estimates were not available at the time of publication.",... ,... , ...,"Estimates were not available at the time of publication.",... ,... , ...,"Estimates were not available at the time of publication.",... ,... , ...,"Estimates were not available at the time of publication.",... ,... , ...,"Estimates were not available at the time of publication.",... ,... , ...,"Estimates were not available at the time of publication.",... ,... , ...,"Estimates were not available at the time of publication.",... ,... , ...,"Estimates were not available at the time of publication.",... ,... , ...,"Estimates were not available at the time of publication.",... ,... , ...,"Estimates were not available at the time of publication.",... ,... , ...,"Estimates were not available at the time of publication.",... ,... , ...,"Estimates were not available at the time of publication.",... ,... , ...,"Estimates were not available at the time of publication.",... ,... , ...,"Estimates were not available at the time of publication.",... ,... , ...,"Estimates were not available at the time of publication."
Türkiye,... ,... , ...,"Estimates were not available at the time of publication.",... ,... , ...,"Estimates were not available at the time of publication.",... ,... , ...,"Estimates were not available at the time of publication.",... ,... , ...,"Estimates were not available at the time of publication.",... ,... , ...,"Estimates were not available at the time of publication.",... ,... , ...,"Estimates were not available at the time of publication.",... ,... , ...,"Estimates were not available at the time of publication.",... ,... , ...,"Estimates were not available at the time of publication.",... ,... , ...,"Estimates were not available at the time of publication.",... ,... , ...,"Estimates were not available at the time of publication.",... ,... , ...,"Estimates were not available at the time of publication.",... ,... , ...,"Estimates were not available at the time of publication.",... ,... , ...,"Estimates were not available at the time of publication.",... ,... , ...,"Estimates were not available at the time of publication.",... ,... , ...,"Estimates were not available at the time of publication.",... ,... , ...,"Estimates were not available at the time of publication.",... ,... , ...,"Estimates were not available at the time of publication.",... ,... , ...,"Estimates were not available at the time of publication.",... ,... , ...,"Estimates were not available at the time of publication.",... ,... , ...,"Estimates were not available at the time of publication.",... ,... , ...,"Estimates were not available at the time of publication.",... ,... , ...,"Estimates were not available at the time of publication.",... ,... , ...,"Estimates were not available at the time of publication.",... ,... , ...,"Estimates were not available at the time of publication.",... ,... , ...,"Estimates were not available at the time of publication.",... ,... , ...,"Estimates were not available at the time of publication.",... ,... , ...,"Estimates were not available at the time of publication.",... ,... , ...,"Estimates were not available at the time of publication.",... ,... , ...,"Estimates were not available at the time of publication.",... ,... , ...,"Estimates were not available at the time of publication.",... ,... , ...,"Estimates were not available at the time of publication.",... ,... , ...,"Estimates were not available at the time of publication.",... ,... , ...,"Estimates were not available at the time of publication.",... ,... , ...,"Estimates were not available at the time of publication.",... ,... , ...,"Estimates were not available at the time of publication."
Uganda,34 000 ,29 000 , 43 000,,32 000 ,28 000 , 39 000,,32 000 ,28 000 , 40 000,,32 000 ,28 000 , 39 000,,31 000 ,27 000 , 38 000,,31 000 ,28 000 , 38 000,,31 000 ,27 000 , 37 000,,31 000 ,27 000 , 36 000,,31 000 ,27 000 , 37 000,,30 000 ,27 000 , 37 000,,30 000 ,27 000 , 36 000,,30 000 ,27 000 , 35 000,,31 000 ,28 000 , 37 000,,31 000 ,28 000 , 37 000,,32 000 ,28 000 , 38 000,,31 000 ,27 000 , 37 000,,31 000 ,27 000 , 37 000,,32 000 ,29 000 , 39 000,,32 000 ,28 000 , 39 000,,32 000 ,29 000 , 39 000,,31 000 ,28 000 , 38 000,,31 000 ,27 000 , 38 000,,29 000 ,25 000 , 35 000,,26 000 ,22 000 , 33 000,,23 000 ,20 000 , 30 000,,22 000 ,19 000 , 28 000,,21 000 ,18 000 , 28 000,,18 000 ,15 000 , 24 000,,16 000 ,13 000 , 21 000,,15 000 ,12 000 , 20 000,,14 000 ,11 000 , 19 000,,14 000 ,11 000 , 20 000,,13 000 ,9700 , 18 000,,12 000 ,8500 , 17 000,,11 000 ,7500 , 15 000,
Ukraine,... ,... , ...,"Estimates were not available at the time of publication.",... ,... , ...,"Estimates were not available at the time of publication.",... ,... , ...,"Estimates were not available at the time of publication.",... ,... , ...,"Estimates were not available at the time of publication.",... ,... , ...,"Estimates were not available at the time of publication.",... ,... , ...,"Estimates were not available at the time of publication.",... ,... , ...,"Estimates were not available at the time of publication.",... ,... , ...,"Estimates were not available at the time of publication.",... ,... , ...,"Estimates were not available at the time of publication.",... ,... , ...,"Estimates were not available at the time of publication.",... ,... , ...,"Estimates were not available at the time of publication.",... ,... , ...,"Estimates were not available at the time of publication.",... ,... , ...,"Estimates were not available at the time of publication.",... ,... , ...,"Estimates were not available at the time of publication.",... ,... , ...,"Estimates were not available at the time of publication.",... ,... , ...,"Estimates were not available at the time of publication.",... ,... , ...,"Estimates were not available at the time of publication.",... ,... , ...,"Estimates were not available at the time of publication.",... ,... , ...,"Estimates were not available at the time of publication.",... ,... , ...,"Estimates were not available at the time of publication.",... ,... , ...,"Estimates were not available at the time of publication.",... ,... , ...,"Estimates were not available at the time of publication.",... ,... , ...,"Estimates were not available at the time of publication.",... ,... , ...,"Estimates were not available at the time of publication.",... ,... , ...,"Estimates were not available at the time of publication.",... ,... , ...,"Estimates were not available at the time of publication.",... ,... , ...,"Estimates were not available at the time of publication.",... ,... , ...,"Estimates were not available at the time of publication.",... ,... , ...,"Estimates were not available at the time of publication.",... ,... , ...,"Estimates were not available at the time of publication.",... ,... , ...,"Estimates were not available at the time of publication.",... ,... , ...,"Estimates were not available at the time of publication.",... ,... , ...,"Estimates were not available at the time of publication.",... ,... , ...,"Estimates were not available at the time of publication.",... ,... , ...,"Estimates were not available at the time of publication."
United Arab Emirates,<100 ,<100 , <100,"Children estimates were not available at the time of publication.",<100 ,<100 , <100,"Children estimates were not available at the time of publication.",<100 ,<100 , <100,"Children estimates were not available at the time of publication.",<100 ,<100 , <100,"Children estimates were not available at the time of publication.",<100 ,<100 , <100,"Children estimates were not available at the time of publication.",<100 ,<100 , <100,"Children estimates were not available at the time of publication.",<100 ,<100 , <100,"Children estimates were not available at the time of publication.",<100 ,<100 , <100,"Children estimates were not available at the time of publication.",<100 ,<100 , <100,"Children estimates were not available at the time of publication.",<100 ,<100 , <100,"Children estimates were not available at the time of publication.",<100 ,<100 , <100,"Children estimates were not available at the time of publication.",<100 ,<100 , <100,"Children estimates were not available at the time of publication.",<100 ,<100 , <100,"Children estimates were not available at the time of publication.",<100 ,<100 , <100,"Children estimates were not available at the time of publication.",<100 ,<100 , <100,"Children estimates were not available at the time of publication.",<100 ,<100 , <100,"Children estimates were not available at the time of publication.",<100 ,<100 , <100,"Children estimates were not available at the time of publication.",<100 ,<100 , <100,"Children estimates were not available at the time of publication.",<100 ,<100 , <100,"Children estimates were not available at the time of publication.",<100 ,<100 , <100,"Children estimates were not available at the time of publication.",<100 ,<100 , <100,"Children estimates were not available at the time of publication.",<100 ,<100 , <100,"Children estimates were not available at the time of publication.",<100 ,<100 , <100,"Children estimates were not available at the time of publication.",<100 ,<100 , <100,"Children estimates were not available at the time of publication.",<100 ,<100 , <100,"Children estimates were not available at the time of publication.",<100 ,<100 , <100,"Children estimates were not available at the time of publication.",<100 ,<100 , <100,"Children estimates were not available at the time of publication.",<100 ,<100 , <100,"Children estimates were not available at the time of publication.",<100 ,<100 , <100,"Children estimates were not available at the time of publication.",<100 ,<100 , <100,"Children estimates were not available at the time of publication.",<100 ,<100 , <100,"Children estimates were not available at the time of publication.",<100 ,<100 , <100,"Children estimates were not available at the time of publication.",<100 ,<100 , <200,"Children estimates were not available at the time of publication.",<200 ,<100 , <200,"Children estimates were not available at the time of publication.",<200 ,<200 , <200,"Children estimates were not available at the time of publication."
United Kingdom,... ,... , ...,"Numbers are estimated by UNAIDS using the Spectrum model, based on the official national estimates (accessed May 2025). Any differences are within uncertainty margins of both sets of estimates, reflecting methodologies and assumptions. (https://www.gov.uk/government/statistics/hiv-annual-data-tables).",... ,... , ...,"Numbers are estimated by UNAIDS using the Spectrum model, based on the official national estimates (accessed May 2025). Any differences are within uncertainty margins of both sets of estimates, reflecting methodologies and assumptions. (https://www.gov.uk/government/statistics/hiv-annual-data-tables).",... ,... , ...,"Numbers are estimated by UNAIDS using the Spectrum model, based on the official national estimates (accessed May 2025). Any differences are within uncertainty margins of both sets of estimates, reflecting methodologies and assumptions. (https://www.gov.uk/government/statistics/hiv-annual-data-tables).",... ,... , ...,"Numbers are estimated by UNAIDS using the Spectrum model, based on the official national estimates (accessed May 2025). Any differences are within uncertainty margins of both sets of estimates, reflecting methodologies and assumptions. (https://www.gov.uk/government/statistics/hiv-annual-data-tables).",... ,... , ...,"Numbers are estimated by UNAIDS using the Spectrum model, based on the official national estimates (accessed May 2025). Any differences are within uncertainty margins of both sets of estimates, reflecting methodologies and assumptions. (https://www.gov.uk/government/statistics/hiv-annual-data-tables).",... ,... , ...,"Numbers are estimated by UNAIDS using the Spectrum model, based on the official national estimates (accessed May 2025). Any differences are within uncertainty margins of both sets of estimates, reflecting methodologies and assumptions. (https://www.gov.uk/government/statistics/hiv-annual-data-tables).",... ,... , ...,"Numbers are estimated by UNAIDS using the Spectrum model, based on the official national estimates (accessed May 2025). Any differences are within uncertainty margins of both sets of estimates, reflecting methodologies and assumptions. (https://www.gov.uk/government/statistics/hiv-annual-data-tables).",... ,... , ...,"Numbers are estimated by UNAIDS using the Spectrum model, based on the official national estimates (accessed May 2025). Any differences are within uncertainty margins of both sets of estimates, reflecting methodologies and assumptions. (https://www.gov.uk/government/statistics/hiv-annual-data-tables).",... ,... , ...,"Numbers are estimated by UNAIDS using the Spectrum model, based on the official national estimates (accessed May 2025). Any differences are within uncertainty margins of both sets of estimates, reflecting methodologies and assumptions. (https://www.gov.uk/government/statistics/hiv-annual-data-tables).",... ,... , ...,"Numbers are estimated by UNAIDS using the Spectrum model, based on the official national estimates (accessed May 2025). Any differences are within uncertainty margins of both sets of estimates, reflecting methodologies and assumptions. (https://www.gov.uk/government/statistics/hiv-annual-data-tables).",... ,... , ...,"Numbers are estimated by UNAIDS using the Spectrum model, based on the official national estimates (accessed May 2025). Any differences are within uncertainty margins of both sets of estimates, reflecting methodologies and assumptions. (https://www.gov.uk/government/statistics/hiv-annual-data-tables).",... ,... , ...,"Numbers are estimated by UNAIDS using the Spectrum model, based on the official national estimates (accessed May 2025). Any differences are within uncertainty margins of both sets of estimates, reflecting methodologies and assumptions. (https://www.gov.uk/government/statistics/hiv-annual-data-tables).",... ,... , ...,"Numbers are estimated by UNAIDS using the Spectrum model, based on the official national estimates (accessed May 2025). Any differences are within uncertainty margins of both sets of estimates, reflecting methodologies and assumptions. (https://www.gov.uk/government/statistics/hiv-annual-data-tables).",... ,... , ...,"Numbers are estimated by UNAIDS using the Spectrum model, based on the official national estimates (accessed May 2025). Any differences are within uncertainty margins of both sets of estimates, reflecting methodologies and assumptions. (https://www.gov.uk/government/statistics/hiv-annual-data-tables).",... ,... , ...,"Numbers are estimated by UNAIDS using the Spectrum model, based on the official national estimates (accessed May 2025). Any differences are within uncertainty margins of both sets of estimates, reflecting methodologies and assumptions. (https://www.gov.uk/government/statistics/hiv-annual-data-tables).",... ,... , ...,"Numbers are estimated by UNAIDS using the Spectrum model, based on the official national estimates (accessed May 2025). Any differences are within uncertainty margins of both sets of estimates, reflecting methodologies and assumptions. (https://www.gov.uk/government/statistics/hiv-annual-data-tables).",... ,... , ...,"Numbers are estimated by UNAIDS using the Spectrum model, based on the official national estimates (accessed May 2025). Any differences are within uncertainty margins of both sets of estimates, reflecting methodologies and assumptions. (https://www.gov.uk/government/statistics/hiv-annual-data-tables).",... ,... , ...,"Numbers are estimated by UNAIDS using the Spectrum model, based on the official national estimates (accessed May 2025). Any differences are within uncertainty margins of both sets of estimates, reflecting methodologies and assumptions. (https://www.gov.uk/government/statistics/hiv-annual-data-tables).",... ,... , ...,"Numbers are estimated by UNAIDS using the Spectrum model, based on the official national estimates (accessed May 2025). Any differences are within uncertainty margins of both sets of estimates, reflecting methodologies and assumptions. (https://www.gov.uk/government/statistics/hiv-annual-data-tables).",... ,... , ...,"Numbers are estimated by UNAIDS using the Spectrum model, based on the official national estimates (accessed May 2025). Any differences are within uncertainty margins of both sets of estimates, reflecting methodologies and assumptions. (https://www.gov.uk/government/statistics/hiv-annual-data-tables).",... ,... , ...,"Numbers are estimated by UNAIDS using the Spectrum model, based on the official national estimates (accessed May 2025). Any differences are within uncertainty margins of both sets of estimates, reflecting methodologies and assumptions. (https://www.gov.uk/government/statistics/hiv-annual-data-tables).",... ,... , ...,"Numbers are estimated by UNAIDS using the Spectrum model, based on the official national estimates (accessed May 2025). Any differences are within uncertainty margins of both sets of estimates, reflecting methodologies and assumptions. (https://www.gov.uk/government/statistics/hiv-annual-data-tables).",... ,... , ...,"Numbers are estimated by UNAIDS using the Spectrum model, based on the official national estimates (accessed May 2025). Any differences are within uncertainty margins of both sets of estimates, reflecting methodologies and assumptions. (https://www.gov.uk/government/statistics/hiv-annual-data-tables).",... ,... , ...,"Numbers are estimated by UNAIDS using the Spectrum model, based on the official national estimates (accessed May 2025). Any differences are within uncertainty margins of both sets of estimates, reflecting methodologies and assumptions. (https://www.gov.uk/government/statistics/hiv-annual-data-tables).",... ,... , ...,"Numbers are estimated by UNAIDS using the Spectrum model, based on the official national estimates (accessed May 2025). Any differences are within uncertainty margins of both sets of estimates, reflecting methodologies and assumptions. (https://www.gov.uk/government/statistics/hiv-annual-data-tables).",... ,... , ...,"Numbers are estimated by UNAIDS using the Spectrum model, based on the official national estimates (accessed May 2025). Any differences are within uncertainty margins of both sets of estimates, reflecting methodologies and assumptions. (https://www.gov.uk/government/statistics/hiv-annual-data-tables).",1900 ,1400 , 2300,"Numbers are estimated by UNAIDS using the Spectrum model, based on the official national estimates (accessed May 2025). Any differences are within uncertainty margins of both sets of estimates, reflecting methodologies and assumptions. (https://www.gov.uk/government/statistics/hiv-annual-data-tables).",1800 ,1300 , 2200,"Numbers are estimated by UNAIDS using the Spectrum model, based on the official national estimates (accessed May 2025). Any differences are within uncertainty margins of both sets of estimates, reflecting methodologies and assumptions. (https://www.gov.uk/government/statistics/hiv-annual-data-tables).",1700 ,1300 , 2000,"Numbers are estimated by UNAIDS using the Spectrum model, based on the official national estimates (accessed May 2025). Any differences are within uncertainty margins of both sets of estimates, reflecting methodologies and assumptions. (https://www.gov.uk/government/statistics/hiv-annual-data-tables).",1500 ,1100 , 1900,"Numbers are estimated by UNAIDS using the Spectrum model, based on the official national estimates (accessed May 2025). Any differences are within uncertainty margins of both sets of estimates, reflecting methodologies and assumptions. (https://www.gov.uk/government/statistics/hiv-annual-data-tables).",1400 ,1100 , 1800,"Numbers are estimated by UNAIDS using the Spectrum model, based on the official national estimates (accessed May 2025). Any differences are within uncertainty margins of both sets of estimates, reflecting methodologies and assumptions. (https://www.gov.uk/government/statistics/hiv-annual-data-tables).",1300 ,950 , 1600,"Numbers are estimated by UNAIDS using the Spectrum model, based on the official national estimates (accessed May 2025). Any differences are within uncertainty margins of both sets of estimates, reflecting methodologies and assumptions. (https://www.gov.uk/government/statistics/hiv-annual-data-tables).",1200 ,910 , 1500,"Numbers are estimated by UNAIDS using the Spectrum model, based on the official national estimates (accessed May 2025). Any differences are within uncertainty margins of both sets of estimates, reflecting methodologies and assumptions. (https://www.gov.uk/government/statistics/hiv-annual-data-tables).",1100 ,790 , 1300,"Numbers are estimated by UNAIDS using the Spectrum model, based on the official national estimates (accessed May 2025). Any differences are within uncertainty margins of both sets of estimates, reflecting methodologies and assumptions. (https://www.gov.uk/government/statistics/hiv-annual-data-tables).",... ,... , ...,"Numbers are estimated by UNAIDS using the Spectrum model, based on the official national estimates (accessed May 2025). Any differences are within uncertainty margins of both sets of estimates, reflecting methodologies and assumptions. (https://www.gov.uk/government/statistics/hiv-annual-data-tables)."
United Republic of Tanzania,54 000 ,46 000 , 65 000,,53 000 ,45 000 , 62 000,,51 000 ,43 000 , 62 000,,49 000 ,42 000 , 61 000,,46 000 ,40 000 , 58 000,,44 000 ,38 000 , 55 000,,41 000 ,35 000 , 51 000,,39 000 ,34 000 , 49 000,,36 000 ,31 000 , 46 000,,35 000 ,30 000 , 45 000,,33 000 ,29 000 , 42 000,,32 000 ,28 000 , 39 000,,32 000 ,28 000 , 40 000,,31 000 ,27 000 , 38 000,,30 000 ,25 000 , 37 000,,29 000 ,25 000 , 36 000,,29 000 ,25 000 , 35 000,,27 000 ,23 000 , 34 000,,28 000 ,24 000 , 35 000,,31 000 ,27 000 , 38 000,,32 000 ,28 000 , 40 000,,35 000 ,31 000 , 41 000,,35 000 ,31 000 , 42 000,,34 000 ,29 000 , 40 000,,32 000 ,28 000 , 39 000,,31 000 ,27 000 , 38 000,,31 000 ,27 000 , 39 000,,30 000 ,26 000 , 37 000,,29 000 ,25 000 , 37 000,,27 000 ,23 000 , 35 000,,23 000 ,19 000 , 30 000,,21 000 ,17 000 , 29 000,,18 000 ,15 000 , 27 000,,16 000 ,12 000 , 24 000,,13 000 ,9100 , 20 000,
United States,... ,... , ...,"Estimates were not available at the time of publication.",... ,... , ...,"Estimates were not available at the time of publication.",... ,... , ...,"Estimates were not available at the time of publication.",... ,... , ...,"Estimates were not available at the time of publication.",... ,... , ...,"Estimates were not available at the time of publication.",... ,... , ...,"Estimates were not available at the time of publication.",... ,... , ...,"Estimates were not available at the time of publication.",... ,... , ...,"Estimates were not available at the time of publication.",... ,... , ...,"Estimates were not available at the time of publication.",... ,... , ...,"Estimates were not available at the time of publication.",... ,... , ...,"Estimates were not available at the time of publication.",... ,... , ...,"Estimates were not available at the time of publication.",... ,... , ...,"Estimates were not available at the time of publication.",... ,... , ...,"Estimates were not available at the time of publication.",... ,... , ...,"Estimates were not available at the time of publication.",... ,... , ...,"Estimates were not available at the time of publication.",... ,... , ...,"Estimates were not available at the time of publication.",... ,... , ...,"Estimates were not available at the time of publication.",... ,... , ...,"Estimates were not available at the time of publication.",... ,... , ...,"Estimates were not available at the time of publication.",... ,... , ...,"Estimates were not available at the time of publication.",... ,... , ...,"Estimates were not available at the time of publication.",... ,... , ...,"Estimates were not available at the time of publication.",... ,... , ...,"Estimates were not available at the time of publication.",... ,... , ...,"Estimates were not available at the time of publication.",... ,... , ...,"Estimates were not available at the time of publication.",... ,... , ...,"Estimates were not available at the time of publication.",... ,... , ...,"Estimates were not available at the time of publication.",... ,... , ...,"Estimates were not available at the time of publication.",... ,... , ...,"Estimates were not available at the time of publication.",... ,... , ...,"Estimates were not available at the time of publication.",... ,... , ...,"Estimates were not available at the time of publication.",... ,... , ...,"Estimates were not available at the time of publication.",... ,... , ...,"Estimates were not available at the time of publication.",... ,... , ...,"Estimates were not available at the time of publication."
Uruguay,... ,... , ...,"Estimates were not available at the time of publication.",... ,... , ...,"Estimates were not available at the time of publication.",... ,... , ...,"Estimates were not available at the time of publication.",... ,... , ...,"Estimates were not available at the time of publication.",... ,... , ...,"Estimates were not available at the time of publication.",... ,... , ...,"Estimates were not available at the time of publication.",... ,... , ...,"Estimates were not available at the time of publication.",... ,... , ...,"Estimates were not available at the time of publication.",... ,... , ...,"Estimates were not available at the time of publication.",... ,... , ...,"Estimates were not available at the time of publication.",... ,... , ...,"Estimates were not available at the time of publication.",... ,... , ...,"Estimates were not available at the time of publication.",... ,... , ...,"Estimates were not available at the time of publication.",... ,... , ...,"Estimates were not available at the time of publication.",... ,... , ...,"Estimates were not available at the time of publication.",... ,... , ...,"Estimates were not available at the time of publication.",... ,... , ...,"Estimates were not available at the time of publication.",... ,... , ...,"Estimates were not available at the time of publication.",... ,... , ...,"Estimates were not available at the time of publication.",... ,... , ...,"Estimates were not available at the time of publication.",... ,... , ...,"Estimates were not available at the time of publication.",... ,... , ...,"Estimates were not available at the time of publication.",... ,... , ...,"Estimates were not available at the time of publication.",... ,... , ...,"Estimates were not available at the time of publication.",... ,... , ...,"Estimates were not available at the time of publication.",... ,... , ...,"Estimates were not available at the time of publication.",... ,... , ...,"Estimates were not available at the time of publication.",... ,... , ...,"Estimates were not available at the time of publication.",... ,... , ...,"Estimates were not available at the time of publication.",... ,... , ...,"Estimates were not available at the time of publication.",... ,... , ...,"Estimates were not available at the time of publication.",... ,... , ...,"Estimates were not available at the time of publication.",... ,... , ...,"Estimates were not available at the time of publication.",... ,... , ...,"Estimates were not available at the time of publication.",... ,... , ...,"Estimates were not available at the time of publication."
Uzbekistan,... ,... , ...,"Estimates were not available at the time of publication.",... ,... , ...,"Estimates were not available at the time of publication.",... ,... , ...,"Estimates were not available at the time of publication.",... ,... , ...,"Estimates were not available at the time of publication.",... ,... , ...,"Estimates were not available at the time of publication.",... ,... , ...,"Estimates were not available at the time of publication.",... ,... , ...,"Estimates were not available at the time of publication.",... ,... , ...,"Estimates were not available at the time of publication.",... ,... , ...,"Estimates were not available at the time of publication.",... ,... , ...,"Estimates were not available at the time of publication.",... ,... , ...,"Estimates were not available at the time of publication.",... ,... , ...,"Estimates were not available at the time of publication.",... ,... , ...,"Estimates were not available at the time of publication.",... ,... , ...,"Estimates were not available at the time of publication.",... ,... , ...,"Estimates were not available at the time of publication.",... ,... , ...,"Estimates were not available at the time of publication.",... ,... , ...,"Estimates were not available at the time of publication.",... ,... , ...,"Estimates were not available at the time of publication.",... ,... , ...,"Estimates were not available at the time of publication.",... ,... , ...,"Estimates were not available at the time of publication.",... ,... , ...,"Estimates were not available at the time of publication.",... ,... , ...,"Estimates were not available at the time of publication.",... ,... , ...,"Estimates were not available at the time of publication.",... ,... , ...,"Estimates were not available at the time of publication.",... ,... , ...,"Estimates were not available at the time of publication.",... ,... , ...,"Estimates were not available at the time of publication.",... ,... , ...,"Estimates were not available at the time of publication.",... ,... , ...,"Estimates were not available at the time of publication.",... ,... , ...,"Estimates were not available at the time of publication.",... ,... , ...,"Estimates were not available at the time of publication.",... ,... , ...,"Estimates were not available at the time of publication.",... ,... , ...,"Estimates were not available at the time of publication.",... ,... , ...,"Estimates were not available at the time of publication.",... ,... , ...,"Estimates were not available at the time of publication.",... ,... , ...,"Estimates were not available at the time of publication."
Vanuatu,... ,... , ...,"Estimates were not available at the time of publication.",... ,... , ...,"Estimates were not available at the time of publication.",... ,... , ...,"Estimates were not available at the time of publication.",... ,... , ...,"Estimates were not available at the time of publication.",... ,... , ...,"Estimates were not available at the time of publication.",... ,... , ...,"Estimates were not available at the time of publication.",... ,... , ...,"Estimates were not available at the time of publication.",... ,... , ...,"Estimates were not available at the time of publication.",... ,... , ...,"Estimates were not available at the time of publication.",... ,... , ...,"Estimates were not available at the time of publication.",... ,... , ...,"Estimates were not available at the time of publication.",... ,... , ...,"Estimates were not available at the time of publication.",... ,... , ...,"Estimates were not available at the time of publication.",... ,... , ...,"Estimates were not available at the time of publication.",... ,... , ...,"Estimates were not available at the time of publication.",... ,... , ...,"Estimates were not available at the time of publication.",... ,... , ...,"Estimates were not available at the time of publication.",... ,... , ...,"Estimates were not available at the time of publication.",... ,... , ...,"Estimates were not available at the time of publication.",... ,... , ...,"Estimates were not available at the time of publication.",... ,... , ...,"Estimates were not available at the time of publication.",... ,... , ...,"Estimates were not available at the time of publication.",... ,... , ...,"Estimates were not available at the time of publication.",... ,... , ...,"Estimates were not available at the time of publication.",... ,... , ...,"Estimates were not available at the time of publication.",... ,... , ...,"Estimates were not available at the time of publication.",... ,... , ...,"Estimates were not available at the time of publication.",... ,... , ...,"Estimates were not available at the time of publication.",... ,... , ...,"Estimates were not available at the time of publication.",... ,... , ...,"Estimates were not available at the time of publication.",... ,... , ...,"Estimates were not available at the time of publication.",... ,... , ...,"Estimates were not available at the time of publication.",... ,... , ...,"Estimates were not available at the time of publication.",... ,... , ...,"Estimates were not available at the time of publication.",... ,... , ...,"Estimates were not available at the time of publication."
Venezuela (Bolivarian Republic of),1100 ,890 , 1300,,1300 ,1100 , 1600,,1600 ,1300 , 1900,,1900 ,1600 , 2300,,2300 ,1900 , 2700,,2800 ,2300 , 3200,,3400 ,2800 , 3900,,4000 ,3400 , 4600,,4800 ,4000 , 5500,,5700 ,4800 , 6500,,6700 ,5600 , 7700,,7800 ,6600 , 9200,,9100 ,7700 , 11 000,,10 000 ,8400 , 12 000,,10 000 ,7100 , 13 000,,7300 ,4900 , 11 000,,3100 ,960 , 6300,,1400 ,560 , 2800,,1300 ,790 , 2800,,1400 ,970 , 2700,,1600 ,1100 , 2700,,1800 ,1300 , 2800,,2100 ,1500 , 2900,,2300 ,1700 , 3200,,2600 ,1900 , 3600,,2900 ,2100 , 3900,,3200 ,2300 , 4300,,3500 ,2500 , 4700,,3800 ,2700 , 5000,,3900 ,2800 , 5300,,4100 ,2800 , 5500,,4400 ,3000 , 5900,,4700 ,3200 , 6500,,5100 ,3500 , 7000,,5600 ,3900 , 7700,
Viet Nam,860 ,720 , 990,,1800 ,1500 , 2000,,3300 ,2800 , 3800,,5700 ,4800 , 6600,,8500 ,7200 , 9800,,11 000 ,9300 , 13 000,,12 000 ,11 000 , 14 000,,13 000 ,11 000 , 15 000,,13 000 ,11 000 , 15 000,,13 000 ,12 000 , 15 000,,13 000 ,12 000 , 15 000,,13 000 ,11 000 , 15 000,,13 000 ,12 000 , 15 000,,13 000 ,11 000 , 15 000,,12 000 ,11 000 , 14 000,,11 000 ,10 000 , 13 000,,11 000 ,9400 , 12 000,,10 000 ,8900 , 11 000,,9800 ,8600 , 11 000,,9600 ,8400 , 11 000,,9400 ,8300 , 10 000,,9100 ,8100 , 10 000,,8700 ,7700 , 9600,,8400 ,7400 , 9200,,8500 ,7600 , 9200,,8400 ,7600 , 9200,,8100 ,7300 , 8900,,8000 ,7200 , 8700,,7900 ,7100 , 8600,,7600 ,6800 , 8300,,7100 ,6400 , 7800,,6600 ,5800 , 7200,,6100 ,5400 , 6700,,5500 ,4800 , 6000,,4900 ,4400 , 5400,
Yemen,<100 ,<100 , <100,,<100 ,<100 , <100,,<100 ,<100 , <100,,<100 ,<100 , <100,,<100 ,<100 , <100,,<100 ,<100 , <200,,<200 ,<200 , <200,,<200 ,<200 , <200,,<200 ,<200 , <200,,<200 ,<200 , <500,,<500 ,<200 , <500,,<500 ,<500 , <500,,<500 ,<500 , <500,,<500 ,<500 , <500,,<500 ,<500 , <500,,<500 ,<500 , 540,,550 ,<500 , 620,,610 ,510 , 690,,640 ,<500 , 750,,610 ,<500 , 800,,520 ,<500 , 780,,<500 ,<500 , 540,,<500 ,<500 , 510,,<500 ,<500 , 560,,550 ,<500 , 620,,620 ,520 , 710,,680 ,570 , 810,,740 ,640 , 880,,780 ,670 , 960,,820 ,690 , 1000,,860 ,720 , 1100,,890 ,750 , 1100,,910 ,770 , 1200,,940 ,800 , 1300,,970 ,820 , 1300,
Zambia,31 000 ,26 000 , 37 000,,32 000 ,27 000 , 37 000,,31 000 ,27 000 , 37 000,,29 000 ,25 000 , 36 000,,28 000 ,24 000 , 33 000,,26 000 ,23 000 , 32 000,,25 000 ,21 000 , 29 000,,24 000 ,21 000 , 28 000,,23 000 ,20 000 , 27 000,,22 000 ,20 000 , 26 000,,22 000 ,19 000 , 25 000,,21 000 ,19 000 , 24 000,,21 000 ,19 000 , 24 000,,21 000 ,19 000 , 24 000,,21 000 ,18 000 , 24 000,,20 000 ,18 000 , 24 000,,20 000 ,17 000 , 24 000,,20 000 ,17 000 , 23 000,,19 000 ,16 000 , 22 000,,19 000 ,17 000 , 23 000,,21 000 ,18 000 , 24 000,,21 000 ,19 000 , 25 000,,22 000 ,19 000 , 26 000,,23 000 ,20 000 , 27 000,,24 000 ,21 000 , 29 000,,24 000 ,22 000 , 29 000,,24 000 ,22 000 , 28 000,,24 000 ,21 000 , 29 000,,22 000 ,19 000 , 26 000,,19 000 ,16 000 , 23 000,,15 000 ,12 000 , 19 000,,13 000 ,10 000 , 16 000,,11 000 ,8500 , 15 000,,9800 ,7300 , 13 000,,9300 ,6500 , 13 000,
Zimbabwe,110 000 ,99 000 , 140 000,,110 000 ,95 000 , 140 000,,110 000 ,88 000 , 130 000,,95 000 ,80 000 , 110 000,,84 000 ,73 000 , 100 000,,71 000 ,62 000 , 84 000,,61 000 ,52 000 , 71 000,,55 000 ,47 000 , 63 000,,49 000 ,42 000 , 58 000,,45 000 ,38 000 , 53 000,,40 000 ,35 000 , 48 000,,38 000 ,33 000 , 45 000,,36 000 ,31 000 , 43 000,,33 000 ,29 000 , 40 000,,32 000 ,28 000 , 39 000,,31 000 ,27 000 , 37 000,,30 000 ,27 000 , 36 000,,29 000 ,26 000 , 35 000,,28 000 ,25 000 , 33 000,,28 000 ,24 000 , 34 000,,27 000 ,24 000 , 33 000,,22 000 ,18 000 , 27 000,,20 000 ,17 000 , 27 000,,18 000 ,15 000 , 24 000,,16 000 ,13 000 , 21 000,,14 000 ,12 000 , 20 000,,13 000 ,10 000 , 17 000,,9900 ,7800 , 14 000,,7600 ,5800 , 10 000,,6500 ,4900 , 9000,,5300 ,4000 , 7200,,6400 ,5000 , 8600,,4900 ,3800 , 6900,,4600 ,3500 , 6300,,4600 ,3500 , 6200,
Global,1 200 000 ,940 000,1 500 000,,1 300 000 ,1 000 000,1 600 000,,1 300 000 ,1 000 000,1 600 000,,1 300 000 ,1 000 000,1 600 000,,1 400 000 ,1 100 000,1 700 000,,1 400 000 ,1 100 000,1 800 000,,1 400 000 ,1 100 000,1 800 000,,1 300 000 ,1 100 000,1 700 000,,1 300 000 ,1 000 000,1 600 000,,1 200 000 ,950 000,1 500 000,,1 100 000 ,910 000,1 400 000,,1 100 000 ,880 000,1 400 000,,1 100 000 ,850 000,1 300 000,,1 000 000 ,820 000,1 300 000,,1 000 000 ,810 000,1 300 000,,990 000 ,800 000,1 300 000,,970 000 ,790 000,1 200 000,,960 000 ,770 000,1 200 000,,950 000 ,770 000,1 200 000,,940 000 ,760 000,1 200 000,,930 000 ,750 000,1 200 000,,920 000 ,740 000,1 200 000,,910 000 ,730 000,1 200 000,,880 000 ,710 000,1 100 000,,860 000 ,690 000,1 100 000,,840 000 ,680 000,1 100 000,,810 000 ,660 000,1 000 000,,780 000 ,630 000,990 000,,760 000 ,620 000,970 000,,740 000 ,600 000,940 000,,710 000 ,580 000,910 000,,700 000 ,570 000,890 000,,680 000 ,550 000,870 000,,670 000 ,540 000,850 000,,650 000 ,530 000,830 000,