Country,1990,1990_lower, 1990_upper, 1990_Footnote, 1991,1991_lower, 1991_upper, 1991_Footnote, 1992,1992_lower, 1992_upper, 1992_Footnote, 1993,1993_lower, 1993_upper, 1993_Footnote, 1994,1994_lower, 1994_upper, 1994_Footnote, 1995,1995_lower, 1995_upper, 1995_Footnote, 1996,1996_lower, 1996_upper, 1996_Footnote, 1997,1997_lower, 1997_upper, 1997_Footnote, 1998,1998_lower, 1998_upper, 1998_Footnote, 1999,1999_lower, 1999_upper, 1999_Footnote, 2000,2000_lower, 2000_upper, 2000_Footnote, 2001,2001_lower, 2001_upper, 2001_Footnote, 2002,2002_lower, 2002_upper, 2002_Footnote, 2003,2003_lower, 2003_upper, 2003_Footnote, 2004,2004_lower, 2004_upper, 2004_Footnote, 2005,2005_lower, 2005_upper, 2005_Footnote, 2006,2006_lower, 2006_upper, 2006_Footnote, 2007,2007_lower, 2007_upper, 2007_Footnote, 2008,2008_lower, 2008_upper, 2008_Footnote, 2009,2009_lower, 2009_upper, 2009_Footnote, 2010,2010_lower, 2010_upper, 2010_Footnote, 2011,2011_lower, 2011_upper, 2011_Footnote, 2012,2012_lower, 2012_upper, 2012_Footnote, 2013,2013_lower, 2013_upper, 2013_Footnote, 2014,2014_lower, 2014_upper, 2014_Footnote, 2015,2015_lower, 2015_upper, 2015_Footnote, 2016,2016_lower, 2016_upper, 2016_Footnote, 2017,2017_lower, 2017_upper, 2017_Footnote, 2018,2018_lower, 2018_upper, 2018_Footnote, 2019,2019_lower, 2019_upper, 2019_Footnote, 2020,2020_lower, 2020_upper, 2020_Footnote, 2021,2021_lower, 2021_upper, 2021_Footnote, 2022,2022_lower, 2022_upper, 2022_Footnote, 2023,2023_lower, 2023_upper, 2023_Footnote, 2024,2024_lower, 2024_upper, 2024_Footnote
Afghanistan,<100 ,<100 , <200,,<100 ,<100 , <200,,<200 ,<100 , <500,,<200 ,<100 , <500,,<200 ,<100 , <500,,<200 ,<100 , <500,,<200 ,<100 , <500,,<500 ,<100 , <500,,<500 ,<100 , <500,,<500 ,<200 , <500,,<500 ,<200 , 500,,<500 ,<200 , 530,,<500 ,<200 , 580,,<500 ,<200 , 680,,<500 ,<200 , 770,,<500 ,<200 , 850,,<500 ,<200 , 960,,<500 ,<200 , 1000,,<500 ,<500 , 1200,,<500 ,<500 , 1200,,<500 ,<500 , 1400,,500 ,<500 , 1500,,540 ,<500 , 1700,,570 ,<500 , 1800,,620 ,<500 , 2000,,670 ,<500 , 2200,,720 ,<500 , 2400,,780 ,<500 , 2700,,840 ,<500 , 3100,,910 ,<500 , 3100,,980 ,<500 , 3400,,1000 ,<500 , 3600,,1100 ,<500 , 3900,,1100 ,<500 , 4500,,1200 ,<500 , 4900,
Albania,<100 ,<100 , <100,"Children estimates were not available at the time of publication.",<100 ,<100 , <100,"Children estimates were not available at the time of publication.",<100 ,<100 , <100,"Children estimates were not available at the time of publication.",<100 ,<100 , <100,"Children estimates were not available at the time of publication.",<100 ,<100 , <100,"Children estimates were not available at the time of publication.",<100 ,<100 , <100,"Children estimates were not available at the time of publication.",<100 ,<100 , <100,"Children estimates were not available at the time of publication.",<100 ,<100 , <100,"Children estimates were not available at the time of publication.",<100 ,<100 , <100,"Children estimates were not available at the time of publication.",<100 ,<100 , <100,"Children estimates were not available at the time of publication.",<100 ,<100 , <100,"Children estimates were not available at the time of publication.",<100 ,<100 , <100,"Children estimates were not available at the time of publication.",<100 ,<100 , <100,"Children estimates were not available at the time of publication.",<100 ,<100 , <100,"Children estimates were not available at the time of publication.",<100 ,<100 , <100,"Children estimates were not available at the time of publication.",<100 ,<100 , <100,"Children estimates were not available at the time of publication.",<100 ,<100 , <200,"Children estimates were not available at the time of publication.",<200 ,<100 , <200,"Children estimates were not available at the time of publication.",<200 ,<200 , <200,"Children estimates were not available at the time of publication.",<200 ,<200 , <200,"Children estimates were not available at the time of publication.",<200 ,<200 , <200,"Children estimates were not available at the time of publication.",<200 ,<200 , <500,"Children estimates were not available at the time of publication.",<500 ,<200 , <500,"Children estimates were not available at the time of publication.",<500 ,<200 , <500,"Children estimates were not available at the time of publication.",<500 ,<500 , <500,"Children estimates were not available at the time of publication.",<500 ,<500 , <500,"Children estimates were not available at the time of publication.",<500 ,<500 , <500,"Children estimates were not available at the time of publication.",<500 ,<500 , <500,"Children estimates were not available at the time of publication.",<500 ,<500 , <500,"Children estimates were not available at the time of publication.",<500 ,<500 , <500,"Children estimates were not available at the time of publication.",<500 ,<500 , <500,"Children estimates were not available at the time of publication.",<500 ,<500 , <500,"Children estimates were not available at the time of publication.",<500 ,<500 , <500,"Children estimates were not available at the time of publication.",<500 ,<500 , <500,"Children estimates were not available at the time of publication.",<500 ,<500 , <500,"Children estimates were not available at the time of publication."
Algeria,<500 ,<200 , <500,,<500 ,<500 , <500,,<500 ,<500 , <500,,<500 ,<500 , <500,,<500 ,<500 , <500,,<500 ,<500 , 510,,560 ,520 , 600,,660 ,620 , 700,,790 ,740 , 830,,930 ,880 , 980,,1100 ,1000 , 1200,,1300 ,1200 , 1400,,1500 ,1500 , 1600,,1800 ,1700 , 1900,,2100 ,2000 , 2200,,2500 ,2300 , 2600,,2900 ,2700 , 3000,,3300 ,3100 , 3500,,3800 ,3500 , 4000,,4200 ,3900 , 4500,,4700 ,4400 , 4900,,5100 ,4700 , 5400,,5500 ,5100 , 5800,,5900 ,5500 , 6100,,6300 ,5900 , 6600,,6800 ,6300 , 7100,,7300 ,6800 , 7700,,7800 ,7300 , 8400,,8400 ,7800 , 9100,,9100 ,8400 , 9900,,9800 ,9000 , 11 000,,11 000 ,9700 , 12 000,,11 000 ,10 000 , 13 000,,12 000 ,11 000 , 14 000,,13 000 ,12 000 , 15 000,
Angola,20 000 ,12 000 , 33 000,,25 000 ,15 000 , 39 000,,30 000 ,19 000 , 45 000,,35 000 ,23 000 , 52 000,,41 000 ,27 000 , 59 000,,47 000 ,33 000 , 65 000,,53 000 ,38 000 , 71 000,,60 000 ,44 000 , 78 000,,66 000 ,50 000 , 86 000,,72 000 ,56 000 , 93 000,,79 000 ,61 000 , 100 000,,85 000 ,67 000 , 110 000,,91 000 ,73 000 , 110 000,,98 000 ,80 000 , 120 000,,100 000 ,87 000 , 120 000,,110 000 ,94 000 , 130 000,,120 000 ,100 000 , 140 000,,120 000 ,110 000 , 140 000,,130 000 ,110 000 , 150 000,,140 000 ,120 000 , 160 000,,150 000 ,130 000 , 170 000,,150 000 ,130 000 , 170 000,,160 000 ,140 000 , 180 000,,170 000 ,150 000 , 190 000,,180 000 ,160 000 , 200 000,,180 000 ,160 000 , 210 000,,190 000 ,170 000 , 220 000,,200 000 ,180 000 , 230 000,,200 000 ,180 000 , 230 000,,210 000 ,190 000 , 240 000,,220 000 ,190 000 , 250 000,,220 000 ,200 000 , 250 000,,230 000 ,200 000 , 260 000,,230 000 ,210 000 , 260 000,,240 000 ,210 000 , 270 000,
Antigua and Barbuda,<100 ,<100 , <100,"Countries with a UNAIDS-approved estimate and population less than 250000 in 2024; not included in regional or global totals",<100 ,<100 , <100,"Countries with a UNAIDS-approved estimate and population less than 250000 in 2024; not included in regional or global totals",<100 ,<100 , <100,"Countries with a UNAIDS-approved estimate and population less than 250000 in 2024; not included in regional or global totals",<100 ,<100 , <100,"Countries with a UNAIDS-approved estimate and population less than 250000 in 2024; not included in regional or global totals",<100 ,<100 , <100,"Countries with a UNAIDS-approved estimate and population less than 250000 in 2024; not included in regional or global totals",<100 ,<100 , <100,"Countries with a UNAIDS-approved estimate and population less than 250000 in 2024; not included in regional or global totals",<100 ,<100 , <100,"Countries with a UNAIDS-approved estimate and population less than 250000 in 2024; not included in regional or global totals",<100 ,<100 , <100,"Countries with a UNAIDS-approved estimate and population less than 250000 in 2024; not included in regional or global totals",<100 ,<100 , <100,"Countries with a UNAIDS-approved estimate and population less than 250000 in 2024; not included in regional or global totals",<100 ,<100 , <200,"Countries with a UNAIDS-approved estimate and population less than 250000 in 2024; not included in regional or global totals",<100 ,<100 , <200,"Countries with a UNAIDS-approved estimate and population less than 250000 in 2024; not included in regional or global totals",<200 ,<100 , <200,"Countries with a UNAIDS-approved estimate and population less than 250000 in 2024; not included in regional or global totals",<200 ,<200 , <200,"Countries with a UNAIDS-approved estimate and population less than 250000 in 2024; not included in regional or global totals",<200 ,<200 , <200,"Countries with a UNAIDS-approved estimate and population less than 250000 in 2024; not included in regional or global totals",<200 ,<200 , <200,"Countries with a UNAIDS-approved estimate and population less than 250000 in 2024; not included in regional or global totals",<200 ,<200 , <200,"Countries with a UNAIDS-approved estimate and population less than 250000 in 2024; not included in regional or global totals",<200 ,<200 , <200,"Countries with a UNAIDS-approved estimate and population less than 250000 in 2024; not included in regional or global totals",<200 ,<200 , <200,"Countries with a UNAIDS-approved estimate and population less than 250000 in 2024; not included in regional or global totals",<200 ,<200 , <200,"Countries with a UNAIDS-approved estimate and population less than 250000 in 2024; not included in regional or global totals",<200 ,<200 , <200,"Countries with a UNAIDS-approved estimate and population less than 250000 in 2024; not included in regional or global totals",<200 ,<200 , <200,"Countries with a UNAIDS-approved estimate and population less than 250000 in 2024; not included in regional or global totals",<200 ,<200 , <500,"Countries with a UNAIDS-approved estimate and population less than 250000 in 2024; not included in regional or global totals",<500 ,<200 , <500,"Countries with a UNAIDS-approved estimate and population less than 250000 in 2024; not included in regional or global totals",<500 ,<200 , <500,"Countries with a UNAIDS-approved estimate and population less than 250000 in 2024; not included in regional or global totals",<500 ,<500 , <500,"Countries with a UNAIDS-approved estimate and population less than 250000 in 2024; not included in regional or global totals",<500 ,<500 , <500,"Countries with a UNAIDS-approved estimate and population less than 250000 in 2024; not included in regional or global totals",<500 ,<500 , <500,"Countries with a UNAIDS-approved estimate and population less than 250000 in 2024; not included in regional or global totals",<500 ,<500 , <500,"Countries with a UNAIDS-approved estimate and population less than 250000 in 2024; not included in regional or global totals",<500 ,<500 , <500,"Countries with a UNAIDS-approved estimate and population less than 250000 in 2024; not included in regional or global totals",<500 ,<500 , <500,"Countries with a UNAIDS-approved estimate and population less than 250000 in 2024; not included in regional or global totals",<500 ,<500 , <500,"Countries with a UNAIDS-approved estimate and population less than 250000 in 2024; not included in regional or global totals",<500 ,<500 , <500,"Countries with a UNAIDS-approved estimate and population less than 250000 in 2024; not included in regional or global totals",<500 ,<500 , <500,"Countries with a UNAIDS-approved estimate and population less than 250000 in 2024; not included in regional or global totals",<500 ,<500 , <500,"Countries with a UNAIDS-approved estimate and population less than 250000 in 2024; not included in regional or global totals",<500 ,<500 , <500,"Countries with a UNAIDS-approved estimate and population less than 250000 in 2024; not included in regional or global totals"
Argentina,5400 ,4700 , 6000,,6900 ,6200 , 7600,,8400 ,7500 , 9100,,9700 ,8800 , 11 000,,11 000 ,10 000 , 12 000,,12 000 ,11 000 , 13 000,,13 000 ,12 000 , 15 000,,15 000 ,13 000 , 16 000,,16 000 ,14 000 , 17 000,,17 000 ,15 000 , 18 000,,18 000 ,17 000 , 19 000,,19 000 ,18 000 , 21 000,,21 000 ,19 000 , 22 000,,22 000 ,20 000 , 24 000,,24 000 ,22 000 , 25 000,,25 000 ,23 000 , 26 000,,26 000 ,24 000 , 28 000,,28 000 ,25 000 , 29 000,,29 000 ,27 000 , 31 000,,30 000 ,28 000 , 33 000,,32 000 ,29 000 , 34 000,,33 000 ,31 000 , 35 000,,34 000 ,32 000 , 37 000,,36 000 ,33 000 , 38 000,,37 000 ,34 000 , 40 000,,38 000 ,36 000 , 41 000,,40 000 ,37 000 , 43 000,,41 000 ,38 000 , 44 000,,42 000 ,39 000 , 46 000,,44 000 ,40 000 , 47 000,,45 000 ,41 000 , 48 000,,46 000 ,42 000 , 49 000,,47 000 ,43 000 , 51 000,,48 000 ,44 000 , 52 000,,50 000 ,45 000 , 54 000,
Armenia,<100 ,<100 , <100,,<100 ,<100 , <100,,<100 ,<100 , <100,,<100 ,<100 , <100,,<100 ,<100 , <100,,<100 ,<100 , <100,,<100 ,<100 , <100,,<100 ,<100 , <100,,<100 ,<100 , <100,,<100 ,<100 , <100,,<100 ,<100 , <100,,<100 ,<100 , <100,,<100 ,<100 , <200,,<200 ,<100 , <200,,<200 ,<100 , <500,,<200 ,<200 , <500,,<500 ,<200 , <500,,<500 ,<500 , <500,,<500 ,<500 , 530,,<500 ,<500 , 630,,560 ,<500 , 750,,670 ,530 , 870,,790 ,640 , 1000,,910 ,750 , 1100,,1000 ,860 , 1300,,1200 ,990 , 1400,,1300 ,1100 , 1600,,1500 ,1200 , 1700,,1600 ,1300 , 1900,,1700 ,1500 , 2100,,1900 ,1500 , 2300,,2000 ,1600 , 2400,,2200 ,1700 , 2700,,2400 ,1900 , 3100,,2500 ,1900 , 3400,
Australia,610 ,580 , 630,,670 ,640 , 700,,740 ,700 , 770,,790 ,760 , 830,,850 ,810 , 890,,900 ,860 , 950,,980 ,930 , 1000,,1100 ,1000 , 1100,,1200 ,1100 , 1300,,1300 ,1200 , 1400,,1400 ,1300 , 1500,,1500 ,1400 , 1600,,1700 ,1600 , 1800,,1800 ,1700 , 1900,,1900 ,1800 , 2000,,2000 ,1900 , 2200,,2200 ,2000 , 2300,,2300 ,2100 , 2400,,2400 ,2200 , 2600,,2500 ,2300 , 2700,,2600 ,2400 , 2800,,2700 ,2500 , 2900,,2800 ,2600 , 3100,,2900 ,2700 , 3200,,3000 ,2800 , 3300,,3100 ,2900 , 3400,,3300 ,3000 , 3600,,3400 ,3100 , 3700,,3600 ,3200 , 3900,,3700 ,3400 , 4100,,3800 ,3500 , 4200,,3900 ,3500 , 4400,,4000 ,3600 , 4500,,4200 ,3700 , 4600,,4200 ,3700 , 4700,
Austria,... ,... , ...,"Estimates were not available at the time of publication.",... ,... , ...,"Estimates were not available at the time of publication.",... ,... , ...,"Estimates were not available at the time of publication.",... ,... , ...,"Estimates were not available at the time of publication.",... ,... , ...,"Estimates were not available at the time of publication.",... ,... , ...,"Estimates were not available at the time of publication.",... ,... , ...,"Estimates were not available at the time of publication.",... ,... , ...,"Estimates were not available at the time of publication.",... ,... , ...,"Estimates were not available at the time of publication.",... ,... , ...,"Estimates were not available at the time of publication.",... ,... , ...,"Estimates were not available at the time of publication.",... ,... , ...,"Estimates were not available at the time of publication.",... ,... , ...,"Estimates were not available at the time of publication.",... ,... , ...,"Estimates were not available at the time of publication.",... ,... , ...,"Estimates were not available at the time of publication.",... ,... , ...,"Estimates were not available at the time of publication.",... ,... , ...,"Estimates were not available at the time of publication.",... ,... , ...,"Estimates were not available at the time of publication.",... ,... , ...,"Estimates were not available at the time of publication.",... ,... , ...,"Estimates were not available at the time of publication.",... ,... , ...,"Estimates were not available at the time of publication.",... ,... , ...,"Estimates were not available at the time of publication.",... ,... , ...,"Estimates were not available at the time of publication.",... ,... , ...,"Estimates were not available at the time of publication.",... ,... , ...,"Estimates were not available at the time of publication.",... ,... , ...,"Estimates were not available at the time of publication.",... ,... , ...,"Estimates were not available at the time of publication.",... ,... , ...,"Estimates were not available at the time of publication.",... ,... , ...,"Estimates were not available at the time of publication.",... ,... , ...,"Estimates were not available at the time of publication.",... ,... , ...,"Estimates were not available at the time of publication.",... ,... , ...,"Estimates were not available at the time of publication.",... ,... , ...,"Estimates were not available at the time of publication.",... ,... , ...,"Estimates were not available at the time of publication.",... ,... , ...,"Estimates were not available at the time of publication."
Azerbaijan,<100 ,<100 , <200,"Children estimates were not available at the time of publication.",<200 ,<100 , <200,"Children estimates were not available at the time of publication.",<200 ,<100 , <500,"Children estimates were not available at the time of publication.",<200 ,<100 , <500,"Children estimates were not available at the time of publication.",<200 ,<100 , <500,"Children estimates were not available at the time of publication.",<500 ,<200 , <500,"Children estimates were not available at the time of publication.",<500 ,<200 , <500,"Children estimates were not available at the time of publication.",<500 ,<500 , 530,"Children estimates were not available at the time of publication.",<500 ,<500 , 640,"Children estimates were not available at the time of publication.",520 ,<500 , 740,"Children estimates were not available at the time of publication.",610 ,<500 , 850,"Children estimates were not available at the time of publication.",710 ,<500 , 960,"Children estimates were not available at the time of publication.",800 ,570 , 1100,"Children estimates were not available at the time of publication.",900 ,670 , 1200,"Children estimates were not available at the time of publication.",1000 ,770 , 1300,"Children estimates were not available at the time of publication.",1100 ,860 , 1400,"Children estimates were not available at the time of publication.",1200 ,940 , 1500,"Children estimates were not available at the time of publication.",1300 ,1000 , 1600,"Children estimates were not available at the time of publication.",1400 ,1100 , 1700,"Children estimates were not available at the time of publication.",1500 ,1200 , 1800,"Children estimates were not available at the time of publication.",1600 ,1300 , 1900,"Children estimates were not available at the time of publication.",1700 ,1400 , 2000,"Children estimates were not available at the time of publication.",1700 ,1400 , 2100,"Children estimates were not available at the time of publication.",1800 ,1500 , 2200,"Children estimates were not available at the time of publication.",1900 ,1600 , 2300,"Children estimates were not available at the time of publication.",2000 ,1700 , 2400,"Children estimates were not available at the time of publication.",2100 ,1800 , 2500,"Children estimates were not available at the time of publication.",2200 ,1900 , 2600,"Children estimates were not available at the time of publication.",2300 ,2000 , 2700,"Children estimates were not available at the time of publication.",2400 ,2000 , 2800,"Children estimates were not available at the time of publication.",2500 ,2100 , 2900,"Children estimates were not available at the time of publication.",2600 ,2200 , 3000,"Children estimates were not available at the time of publication.",2600 ,2200 , 3100,"Children estimates were not available at the time of publication.",2700 ,2300 , 3200,"Children estimates were not available at the time of publication.",2800 ,2300 , 3300,"Children estimates were not available at the time of publication."
Bahamas,1100 ,960 , 1300,"Children estimates were not available at the time of publication.",1300 ,1100 , 1500,"Children estimates were not available at the time of publication.",1400 ,1300 , 1600,"Children estimates were not available at the time of publication.",1600 ,1400 , 1700,"Children estimates were not available at the time of publication.",1700 ,1500 , 1800,"Children estimates were not available at the time of publication.",1700 ,1600 , 1900,"Children estimates were not available at the time of publication.",1800 ,1600 , 2000,"Children estimates were not available at the time of publication.",1800 ,1600 , 2000,"Children estimates were not available at the time of publication.",1900 ,1700 , 2000,"Children estimates were not available at the time of publication.",1800 ,1600 , 2000,"Children estimates were not available at the time of publication.",1800 ,1600 , 2000,"Children estimates were not available at the time of publication.",1800 ,1600 , 2000,"Children estimates were not available at the time of publication.",1800 ,1600 , 1900,"Children estimates were not available at the time of publication.",1800 ,1600 , 1900,"Children estimates were not available at the time of publication.",1800 ,1600 , 1900,"Children estimates were not available at the time of publication.",1800 ,1600 , 1900,"Children estimates were not available at the time of publication.",1800 ,1700 , 2000,"Children estimates were not available at the time of publication.",1900 ,1700 , 2000,"Children estimates were not available at the time of publication.",1900 ,1700 , 2000,"Children estimates were not available at the time of publication.",1900 ,1800 , 2100,"Children estimates were not available at the time of publication.",2000 ,1800 , 2100,"Children estimates were not available at the time of publication.",2000 ,1800 , 2100,"Children estimates were not available at the time of publication.",1900 ,1800 , 2100,"Children estimates were not available at the time of publication.",1900 ,1700 , 2100,"Children estimates were not available at the time of publication.",1900 ,1700 , 2100,"Children estimates were not available at the time of publication.",1900 ,1800 , 2100,"Children estimates were not available at the time of publication.",1900 ,1700 , 2100,"Children estimates were not available at the time of publication.",1900 ,1700 , 2100,"Children estimates were not available at the time of publication.",1900 ,1700 , 2100,"Children estimates were not available at the time of publication.",1900 ,1700 , 2100,"Children estimates were not available at the time of publication.",1900 ,1700 , 2100,"Children estimates were not available at the time of publication.",1900 ,1700 , 2100,"Children estimates were not available at the time of publication.",1900 ,1700 , 2100,"Children estimates were not available at the time of publication.",1800 ,1600 , 2000,"Children estimates were not available at the time of publication.",1800 ,1600 , 2000,"Children estimates were not available at the time of publication."
Bahrain,<100 ,<100 , <100,"Children estimates were not available at the time of publication.",<100 ,<100 , <100,"Children estimates were not available at the time of publication.",<100 ,<100 , <100,"Children estimates were not available at the time of publication.",<100 ,<100 , <100,"Children estimates were not available at the time of publication.",<100 ,<100 , <100,"Children estimates were not available at the time of publication.",<100 ,<100 , <100,"Children estimates were not available at the time of publication.",<100 ,<100 , <100,"Children estimates were not available at the time of publication.",<100 ,<100 , <100,"Children estimates were not available at the time of publication.",<100 ,<100 , <100,"Children estimates were not available at the time of publication.",<100 ,<100 , <100,"Children estimates were not available at the time of publication.",<100 ,<100 , <100,"Children estimates were not available at the time of publication.",<100 ,<100 , <100,"Children estimates were not available at the time of publication.",<100 ,<100 , <100,"Children estimates were not available at the time of publication.",<100 ,<100 , <100,"Children estimates were not available at the time of publication.",<100 ,<100 , <100,"Children estimates were not available at the time of publication.",<100 ,<100 , <100,"Children estimates were not available at the time of publication.",<100 ,<100 , <100,"Children estimates were not available at the time of publication.",<100 ,<100 , <100,"Children estimates were not available at the time of publication.",<100 ,<100 , <100,"Children estimates were not available at the time of publication.",<100 ,<100 , <100,"Children estimates were not available at the time of publication.",<100 ,<100 , <100,"Children estimates were not available at the time of publication.",<100 ,<100 , <100,"Children estimates were not available at the time of publication.",<100 ,<100 , <100,"Children estimates were not available at the time of publication.",<100 ,<100 , <100,"Children estimates were not available at the time of publication.",<100 ,<100 , <100,"Children estimates were not available at the time of publication.",<100 ,<100 , <100,"Children estimates were not available at the time of publication.",<100 ,<100 , <100,"Children estimates were not available at the time of publication.",<100 ,<100 , <100,"Children estimates were not available at the time of publication.",<100 ,<100 , <100,"Children estimates were not available at the time of publication.",<100 ,<100 , <100,"Children estimates were not available at the time of publication.",<100 ,<100 , <100,"Children estimates were not available at the time of publication.",<100 ,<100 , <100,"Children estimates were not available at the time of publication.",<100 ,<100 , <100,"Children estimates were not available at the time of publication.",<100 ,<100 , <100,"Children estimates were not available at the time of publication.",<100 ,<100 , <100,"Children estimates were not available at the time of publication."
Bangladesh,<100 ,<100 , <100,,<100 ,<100 , <100,,<100 ,<100 , <100,,<100 ,<100 , <100,,<100 ,<100 , <200,,<200 ,<100 , <200,,<200 ,<200 , <200,,<200 ,<200 , <200,,<500 ,<200 , <500,,<500 ,<500 , <500,,<500 ,<500 , <500,,<500 ,<500 , <500,,520 ,<500 , 570,,660 ,590 , 730,,830 ,750 , 940,,1000 ,930 , 1200,,1300 ,1100 , 1400,,1500 ,1300 , 1700,,1700 ,1600 , 1900,,2000 ,1800 , 2200,,2200 ,2000 , 2500,,2500 ,2200 , 2800,,2700 ,2500 , 3000,,3000 ,2700 , 3300,,3200 ,2900 , 3600,,3500 ,3100 , 3800,,3700 ,3400 , 4100,,4000 ,3600 , 4300,,4200 ,3800 , 4600,,4400 ,4000 , 4800,,4600 ,4200 , 5000,,4800 ,4400 , 5200,,5000 ,4500 , 5400,,5100 ,4700 , 5600,,5300 ,4800 , 5800,
Barbados,<200 ,<100 , <200,"Children estimates were not available at the time of publication.",<200 ,<200 , <500,"Children estimates were not available at the time of publication.",<500 ,<200 , <500,"Children estimates were not available at the time of publication.",<500 ,<500 , <500,"Children estimates were not available at the time of publication.",<500 ,<500 , <500,"Children estimates were not available at the time of publication.",<500 ,<500 , 570,"Children estimates were not available at the time of publication.",530 ,<500 , 620,"Children estimates were not available at the time of publication.",580 ,<500 , 670,"Children estimates were not available at the time of publication.",620 ,540 , 700,"Children estimates were not available at the time of publication.",650 ,580 , 730,"Children estimates were not available at the time of publication.",670 ,610 , 740,"Children estimates were not available at the time of publication.",690 ,620 , 760,"Children estimates were not available at the time of publication.",700 ,640 , 770,"Children estimates were not available at the time of publication.",730 ,670 , 800,"Children estimates were not available at the time of publication.",760 ,700 , 820,"Children estimates were not available at the time of publication.",790 ,730 , 860,"Children estimates were not available at the time of publication.",820 ,750 , 890,"Children estimates were not available at the time of publication.",850 ,780 , 910,"Children estimates were not available at the time of publication.",870 ,800 , 940,"Children estimates were not available at the time of publication.",890 ,820 , 960,"Children estimates were not available at the time of publication.",900 ,830 , 980,"Children estimates were not available at the time of publication.",910 ,840 , 980,"Children estimates were not available at the time of publication.",920 ,840 , 990,"Children estimates were not available at the time of publication.",920 ,840 , 1000,"Children estimates were not available at the time of publication.",920 ,840 , 1000,"Children estimates were not available at the time of publication.",920 ,840 , 1000,"Children estimates were not available at the time of publication.",920 ,840 , 1000,"Children estimates were not available at the time of publication.",920 ,830 , 1000,"Children estimates were not available at the time of publication.",920 ,830 , 1000,"Children estimates were not available at the time of publication.",920 ,830 , 1000,"Children estimates were not available at the time of publication.",920 ,820 , 1000,"Children estimates were not available at the time of publication.",920 ,820 , 1000,"Children estimates were not available at the time of publication.",920 ,810 , 1000,"Children estimates were not available at the time of publication.",920 ,800 , 1000,"Children estimates were not available at the time of publication.",910 ,800 , 1000,"Children estimates were not available at the time of publication."
Belarus,... ,... , ...,"Estimates were not available at the time of publication.",... ,... , ...,"Estimates were not available at the time of publication.",... ,... , ...,"Estimates were not available at the time of publication.",... ,... , ...,"Estimates were not available at the time of publication.",... ,... , ...,"Estimates were not available at the time of publication.",... ,... , ...,"Estimates were not available at the time of publication.",... ,... , ...,"Estimates were not available at the time of publication.",... ,... , ...,"Estimates were not available at the time of publication.",... ,... , ...,"Estimates were not available at the time of publication.",... ,... , ...,"Estimates were not available at the time of publication.",... ,... , ...,"Estimates were not available at the time of publication.",... ,... , ...,"Estimates were not available at the time of publication.",... ,... , ...,"Estimates were not available at the time of publication.",... ,... , ...,"Estimates were not available at the time of publication.",... ,... , ...,"Estimates were not available at the time of publication.",... ,... , ...,"Estimates were not available at the time of publication.",... ,... , ...,"Estimates were not available at the time of publication.",... ,... , ...,"Estimates were not available at the time of publication.",... ,... , ...,"Estimates were not available at the time of publication.",... ,... , ...,"Estimates were not available at the time of publication.",... ,... , ...,"Estimates were not available at the time of publication.",... ,... , ...,"Estimates were not available at the time of publication.",... ,... , ...,"Estimates were not available at the time of publication.",... ,... , ...,"Estimates were not available at the time of publication.",... ,... , ...,"Estimates were not available at the time of publication.",... ,... , ...,"Estimates were not available at the time of publication.",... ,... , ...,"Estimates were not available at the time of publication.",... ,... , ...,"Estimates were not available at the time of publication.",... ,... , ...,"Estimates were not available at the time of publication.",... ,... , ...,"Estimates were not available at the time of publication.",... ,... , ...,"Estimates were not available at the time of publication.",... ,... , ...,"Estimates were not available at the time of publication.",... ,... , ...,"Estimates were not available at the time of publication.",... ,... , ...,"Estimates were not available at the time of publication.",... ,... , ...,"Estimates were not available at the time of publication."
Belgium,970 ,930 , 1000,,1000 ,960 , 1100,,1000 ,1000 , 1100,,1100 ,1000 , 1100,,1100 ,1100 , 1200,,1200 ,1200 , 1300,,1300 ,1300 , 1400,,1400 ,1400 , 1500,,1600 ,1500 , 1700,,1700 ,1600 , 1800,,1900 ,1800 , 2000,,2000 ,1900 , 2200,,2200 ,2100 , 2300,,2400 ,2200 , 2500,,2500 ,2400 , 2700,,2700 ,2600 , 2900,,3000 ,2800 , 3200,,3200 ,3000 , 3500,,3500 ,3300 , 3700,,3800 ,3500 , 4000,,4000 ,3800 , 4300,,4300 ,4000 , 4600,,4600 ,4300 , 4900,,4800 ,4500 , 5200,,5000 ,4700 , 5400,,5200 ,4900 , 5700,,5400 ,5000 , 5900,,5600 ,5100 , 6100,,5700 ,5200 , 6200,,5800 ,5300 , 6400,,5900 ,5400 , 6500,,6000 ,5400 , 6700,,6100 ,5500 , 6900,,6300 ,5600 , 7100,,6400 ,5700 , 7300,
Belize,<100 ,<100 , <200,"Children estimates were not available at the time of publication.",<100 ,<100 , <200,"Children estimates were not available at the time of publication.",<100 ,<100 , <200,"Children estimates were not available at the time of publication.",<200 ,<100 , <200,"Children estimates were not available at the time of publication.",<200 ,<100 , <500,"Children estimates were not available at the time of publication.",<500 ,<200 , <500,"Children estimates were not available at the time of publication.",<500 ,<200 , <500,"Children estimates were not available at the time of publication.",<500 ,<500 , <500,"Children estimates were not available at the time of publication.",<500 ,<500 , <500,"Children estimates were not available at the time of publication.",<500 ,<500 , 570,"Children estimates were not available at the time of publication.",550 ,<500 , 630,"Children estimates were not available at the time of publication.",630 ,530 , 700,"Children estimates were not available at the time of publication.",700 ,620 , 770,"Children estimates were not available at the time of publication.",780 ,700 , 840,"Children estimates were not available at the time of publication.",850 ,780 , 920,"Children estimates were not available at the time of publication.",920 ,840 , 990,"Children estimates were not available at the time of publication.",980 ,900 , 1100,"Children estimates were not available at the time of publication.",1000 ,960 , 1100,"Children estimates were not available at the time of publication.",1100 ,1000 , 1200,"Children estimates were not available at the time of publication.",1200 ,1100 , 1200,"Children estimates were not available at the time of publication.",1200 ,1100 , 1300,"Children estimates were not available at the time of publication.",1300 ,1200 , 1400,"Children estimates were not available at the time of publication.",1300 ,1200 , 1400,"Children estimates were not available at the time of publication.",1400 ,1300 , 1500,"Children estimates were not available at the time of publication.",1400 ,1300 , 1500,"Children estimates were not available at the time of publication.",1500 ,1400 , 1600,"Children estimates were not available at the time of publication.",1500 ,1400 , 1600,"Children estimates were not available at the time of publication.",1600 ,1400 , 1700,"Children estimates were not available at the time of publication.",1600 ,1500 , 1700,"Children estimates were not available at the time of publication.",1600 ,1500 , 1700,"Children estimates were not available at the time of publication.",1600 ,1500 , 1700,"Children estimates were not available at the time of publication.",1600 ,1500 , 1800,"Children estimates were not available at the time of publication.",1700 ,1500 , 1800,"Children estimates were not available at the time of publication.",1700 ,1600 , 1900,"Children estimates were not available at the time of publication.",1800 ,1600 , 1900,"Children estimates were not available at the time of publication."
Benin,3600 ,2300 , 5400,,5400 ,3800 , 7700,,7800 ,6100 , 11 000,,12 000 ,9200 , 15 000,,15 000 ,12 000 , 19 000,,19 000 ,16 000 , 23 000,,22 000 ,19 000 , 27 000,,26 000 ,22 000 , 30 000,,28 000 ,25 000 , 33 000,,30 000 ,26 000 , 35 000,,31 000 ,28 000 , 36 000,,32 000 ,29 000 , 38 000,,33 000 ,29 000 , 38 000,,33 000 ,29 000 , 38 000,,33 000 ,30 000 , 38 000,,33 000 ,30 000 , 38 000,,33 000 ,29 000 , 38 000,,32 000 ,29 000 , 37 000,,33 000 ,29 000 , 38 000,,34 000 ,30 000 , 39 000,,35 000 ,31 000 , 41 000,,36 000 ,32 000 , 42 000,,37 000 ,32 000 , 43 000,,38 000 ,33 000 , 45 000,,39 000 ,34 000 , 46 000,,40 000 ,35 000 , 47 000,,40 000 ,35 000 , 47 000,,40 000 ,35 000 , 47 000,,41 000 ,35 000 , 48 000,,41 000 ,36 000 , 48 000,,41 000 ,36 000 , 49 000,,41 000 ,36 000 , 49 000,,42 000 ,36 000 , 49 000,,42 000 ,36 000 , 49 000,,42 000 ,36 000 , 50 000,
Bhutan,<100 ,<100 , <100,"Children estimates were not available at the time of publication.",<100 ,<100 , <100,"Children estimates were not available at the time of publication.",<100 ,<100 , <100,"Children estimates were not available at the time of publication.",<100 ,<100 , <100,"Children estimates were not available at the time of publication.",<100 ,<100 , <100,"Children estimates were not available at the time of publication.",<100 ,<100 , <100,"Children estimates were not available at the time of publication.",<100 ,<100 , <100,"Children estimates were not available at the time of publication.",<100 ,<100 , <100,"Children estimates were not available at the time of publication.",<100 ,<100 , <100,"Children estimates were not available at the time of publication.",<100 ,<100 , <100,"Children estimates were not available at the time of publication.",<100 ,<100 , <100,"Children estimates were not available at the time of publication.",<100 ,<100 , <100,"Children estimates were not available at the time of publication.",<100 ,<100 , <200,"Children estimates were not available at the time of publication.",<100 ,<100 , <200,"Children estimates were not available at the time of publication.",<200 ,<100 , <200,"Children estimates were not available at the time of publication.",<200 ,<100 , <200,"Children estimates were not available at the time of publication.",<200 ,<200 , <200,"Children estimates were not available at the time of publication.",<200 ,<200 , <200,"Children estimates were not available at the time of publication.",<200 ,<200 , <200,"Children estimates were not available at the time of publication.",<200 ,<200 , <200,"Children estimates were not available at the time of publication.",<200 ,<200 , <200,"Children estimates were not available at the time of publication.",<200 ,<200 , <500,"Children estimates were not available at the time of publication.",<200 ,<200 , <500,"Children estimates were not available at the time of publication.",<500 ,<200 , <500,"Children estimates were not available at the time of publication.",<500 ,<200 , <500,"Children estimates were not available at the time of publication.",<500 ,<500 , <500,"Children estimates were not available at the time of publication.",<500 ,<500 , <500,"Children estimates were not available at the time of publication.",<500 ,<500 , <500,"Children estimates were not available at the time of publication.",<500 ,<500 , <500,"Children estimates were not available at the time of publication.",<500 ,<500 , <500,"Children estimates were not available at the time of publication.",<500 ,<500 , <500,"Children estimates were not available at the time of publication.",<500 ,<500 , <500,"Children estimates were not available at the time of publication.",<500 ,<500 , <500,"Children estimates were not available at the time of publication.",<500 ,<500 , 510,"Children estimates were not available at the time of publication.",<500 ,<500 , 540,"Children estimates were not available at the time of publication."
Bolivia (Plurinational State of),<500 ,<200 , 2000,,680 ,<500 , 2100,,970 ,<500 , 2200,,1400 ,<500 , 2400,,1700 ,580 , 2500,,2000 ,820 , 2700,,2300 ,1200 , 3000,,2500 ,1700 , 3200,,2800 ,2100 , 3500,,3100 ,2300 , 3900,,3300 ,2600 , 4200,,3500 ,2800 , 4400,,3700 ,3000 , 4600,,3900 ,3100 , 4800,,4000 ,3300 , 4900,,4200 ,3400 , 5000,,4300 ,3500 , 5200,,4400 ,3600 , 5300,,4500 ,3700 , 5400,,4600 ,3800 , 5500,,4700 ,3900 , 5600,,4800 ,4000 , 5800,,4900 ,4100 , 5900,,5100 ,4300 , 6100,,5300 ,4400 , 6300,,5600 ,4600 , 6600,,5800 ,4900 , 6900,,6100 ,5200 , 7300,,6400 ,5500 , 7700,,6800 ,5700 , 8100,,7100 ,6100 , 8500,,7500 ,6400 , 8900,,7800 ,6700 , 9400,,8200 ,7000 , 9800,,8600 ,7300 , 10 000,
Bosnia and Herzegovina,... ,... , ...,"Estimates were not available at the time of publication.",... ,... , ...,"Estimates were not available at the time of publication.",... ,... , ...,"Estimates were not available at the time of publication.",... ,... , ...,"Estimates were not available at the time of publication.",... ,... , ...,"Estimates were not available at the time of publication.",... ,... , ...,"Estimates were not available at the time of publication.",... ,... , ...,"Estimates were not available at the time of publication.",... ,... , ...,"Estimates were not available at the time of publication.",... ,... , ...,"Estimates were not available at the time of publication.",... ,... , ...,"Estimates were not available at the time of publication.",... ,... , ...,"Estimates were not available at the time of publication.",... ,... , ...,"Estimates were not available at the time of publication.",... ,... , ...,"Estimates were not available at the time of publication.",... ,... , ...,"Estimates were not available at the time of publication.",... ,... , ...,"Estimates were not available at the time of publication.",... ,... , ...,"Estimates were not available at the time of publication.",... ,... , ...,"Estimates were not available at the time of publication.",... ,... , ...,"Estimates were not available at the time of publication.",... ,... , ...,"Estimates were not available at the time of publication.",... ,... , ...,"Estimates were not available at the time of publication.",... ,... , ...,"Estimates were not available at the time of publication.",... ,... , ...,"Estimates were not available at the time of publication.",... ,... , ...,"Estimates were not available at the time of publication.",... ,... , ...,"Estimates were not available at the time of publication.",... ,... , ...,"Estimates were not available at the time of publication.",... ,... , ...,"Estimates were not available at the time of publication.",... ,... , ...,"Estimates were not available at the time of publication.",... ,... , ...,"Estimates were not available at the time of publication.",... ,... , ...,"Estimates were not available at the time of publication.",... ,... , ...,"Estimates were not available at the time of publication.",... ,... , ...,"Estimates were not available at the time of publication.",... ,... , ...,"Estimates were not available at the time of publication.",... ,... , ...,"Estimates were not available at the time of publication.",... ,... , ...,"Estimates were not available at the time of publication.",... ,... , ...,"Estimates were not available at the time of publication."
Botswana,30 000 ,27 000 , 34 000,,42 000 ,39 000 , 47 000,,57 000 ,53 000 , 62 000,,73 000 ,68 000 , 79 000,,90 000 ,84 000 , 96 000,,110 000 ,100 000 , 110 000,,120 000 ,110 000 , 130 000,,130 000 ,130 000 , 140 000,,140 000 ,130 000 , 150 000,,150 000 ,140 000 , 160 000,,150 000 ,150 000 , 160 000,,160 000 ,150 000 , 170 000,,160 000 ,150 000 , 170 000,,160 000 ,150 000 , 170 000,,160 000 ,150 000 , 170 000,,160 000 ,160 000 , 170 000,,170 000 ,160 000 , 170 000,,170 000 ,160 000 , 180 000,,170 000 ,160 000 , 180 000,,180 000 ,170 000 , 190 000,,180 000 ,170 000 , 190 000,,190 000 ,170 000 , 200 000,,190 000 ,180 000 , 200 000,,190 000 ,180 000 , 210 000,,200 000 ,190 000 , 210 000,,200 000 ,190 000 , 210 000,,210 000 ,190 000 , 220 000,,210 000 ,200 000 , 220 000,,210 000 ,200 000 , 230 000,,220 000 ,200 000 , 230 000,,220 000 ,210 000 , 230 000,,220 000 ,210 000 , 230 000,,220 000 ,210 000 , 230 000,,220 000 ,210 000 , 230 000,,220 000 ,210 000 , 230 000,
Brazil,... ,... , ...,,... ,... , ...,,... ,... , ...,,... ,... , ...,,... ,... , ...,,... ,... , ...,,... ,... , ...,,... ,... , ...,,... ,... , ...,,... ,... , ...,,... ,... , ...,,... ,... , ...,,... ,... , ...,,... ,... , ...,,... ,... , ...,,... ,... , ...,,... ,... , ...,,... ,... , ...,,... ,... , ...,,... ,... , ...,,... ,... , ...,,... ,... , ...,,... ,... , ...,,... ,... , ...,,... ,... , ...,,... ,... , ...,,... ,... , ...,,... ,... , ...,,... ,... , ...,,... ,... , ...,,... ,... , ...,,... ,... , ...,,... ,... , ...,,... ,... , ...,,... ,... , ...,
Brunei Darussalam,... ,... , ...,"Estimates were not available at the time of publication.",... ,... , ...,"Estimates were not available at the time of publication.",... ,... , ...,"Estimates were not available at the time of publication.",... ,... , ...,"Estimates were not available at the time of publication.",... ,... , ...,"Estimates were not available at the time of publication.",... ,... , ...,"Estimates were not available at the time of publication.",... ,... , ...,"Estimates were not available at the time of publication.",... ,... , ...,"Estimates were not available at the time of publication.",... ,... , ...,"Estimates were not available at the time of publication.",... ,... , ...,"Estimates were not available at the time of publication.",... ,... , ...,"Estimates were not available at the time of publication.",... ,... , ...,"Estimates were not available at the time of publication.",... ,... , ...,"Estimates were not available at the time of publication.",... ,... , ...,"Estimates were not available at the time of publication.",... ,... , ...,"Estimates were not available at the time of publication.",... ,... , ...,"Estimates were not available at the time of publication.",... ,... , ...,"Estimates were not available at the time of publication.",... ,... , ...,"Estimates were not available at the time of publication.",... ,... , ...,"Estimates were not available at the time of publication.",... ,... , ...,"Estimates were not available at the time of publication.",... ,... , ...,"Estimates were not available at the time of publication.",... ,... , ...,"Estimates were not available at the time of publication.",... ,... , ...,"Estimates were not available at the time of publication.",... ,... , ...,"Estimates were not available at the time of publication.",... ,... , ...,"Estimates were not available at the time of publication.",... ,... , ...,"Estimates were not available at the time of publication.",... ,... , ...,"Estimates were not available at the time of publication.",... ,... , ...,"Estimates were not available at the time of publication.",... ,... , ...,"Estimates were not available at the time of publication.",... ,... , ...,"Estimates were not available at the time of publication.",... ,... , ...,"Estimates were not available at the time of publication.",... ,... , ...,"Estimates were not available at the time of publication.",... ,... , ...,"Estimates were not available at the time of publication.",... ,... , ...,"Estimates were not available at the time of publication.",... ,... , ...,"Estimates were not available at the time of publication."
Bulgaria,<200 ,<200 , <500,"Children estimates were not available at the time of publication.",<500 ,<200 , <500,"Children estimates were not available at the time of publication.",<500 ,<500 , <500,"Children estimates were not available at the time of publication.",<500 ,<500 , <500,"Children estimates were not available at the time of publication.",<500 ,<500 , <500,"Children estimates were not available at the time of publication.",<500 ,<500 , <500,"Children estimates were not available at the time of publication.",<500 ,<500 , <500,"Children estimates were not available at the time of publication.",<500 ,<500 , <500,"Children estimates were not available at the time of publication.",<500 ,<500 , <500,"Children estimates were not available at the time of publication.",<500 ,<500 , <500,"Children estimates were not available at the time of publication.",<500 ,<500 , <500,"Children estimates were not available at the time of publication.",<500 ,<500 , <500,"Children estimates were not available at the time of publication.",<500 ,<500 , <500,"Children estimates were not available at the time of publication.",<500 ,<500 , <500,"Children estimates were not available at the time of publication.",<500 ,<500 , <500,"Children estimates were not available at the time of publication.",<500 ,<500 , <500,"Children estimates were not available at the time of publication.",<500 ,<500 , <500,"Children estimates were not available at the time of publication.",<500 ,<500 , <500,"Children estimates were not available at the time of publication.",<500 ,<500 , <500,"Children estimates were not available at the time of publication.",<500 ,<500 , <500,"Children estimates were not available at the time of publication.",<500 ,<500 , <500,"Children estimates were not available at the time of publication.",<500 ,<500 , <500,"Children estimates were not available at the time of publication.",<500 ,<500 , 500,"Children estimates were not available at the time of publication.",<500 ,<500 , 530,"Children estimates were not available at the time of publication.",<500 ,<500 , 550,"Children estimates were not available at the time of publication.",520 ,<500 , 570,"Children estimates were not available at the time of publication.",540 ,<500 , 590,"Children estimates were not available at the time of publication.",550 ,<500 , 610,"Children estimates were not available at the time of publication.",580 ,510 , 630,"Children estimates were not available at the time of publication.",600 ,530 , 660,"Children estimates were not available at the time of publication.",630 ,560 , 690,"Children estimates were not available at the time of publication.",650 ,580 , 720,"Children estimates were not available at the time of publication.",720 ,640 , 790,"Children estimates were not available at the time of publication.",750 ,670 , 830,"Children estimates were not available at the time of publication.",780 ,690 , 870,"Children estimates were not available at the time of publication."
Burkina Faso,56 000 ,36 000 , 89 000,,61 000 ,40 000 , 93 000,,65 000 ,45 000 , 94 000,,68 000 ,48 000 , 92 000,,69 000 ,52 000 , 91 000,,69 000 ,55 000 , 90 000,,68 000 ,56 000 , 87 000,,67 000 ,56 000 , 85 000,,66 000 ,56 000 , 82 000,,64 000 ,54 000 , 78 000,,62 000 ,53 000 , 75 000,,59 000 ,51 000 , 72 000,,57 000 ,49 000 , 70 000,,55 000 ,47 000 , 67 000,,53 000 ,45 000 , 63 000,,51 000 ,44 000 , 61 000,,50 000 ,43 000 , 59 000,,49 000 ,42 000 , 57 000,,48 000 ,42 000 , 57 000,,48 000 ,41 000 , 56 000,,48 000 ,41 000 , 56 000,,48 000 ,42 000 , 56 000,,48 000 ,42 000 , 56 000,,49 000 ,42 000 , 57 000,,49 000 ,42 000 , 57 000,,49 000 ,43 000 , 57 000,,50 000 ,43 000 , 57 000,,50 000 ,43 000 , 57 000,,51 000 ,44 000 , 58 000,,51 000 ,44 000 , 59 000,,52 000 ,45 000 , 60 000,,52 000 ,45 000 , 61 000,,53 000 ,46 000 , 62 000,,54 000 ,46 000 , 63 000,,54 000 ,46 000 , 63 000,
Burundi,62 000 ,27 000 , 100 000,,69 000 ,37 000 , 110 000,,77 000 ,47 000 , 110 000,,59 000 ,41 000 , 80 000,,81 000 ,60 000 , 110 000,,77 000 ,60 000 , 97 000,,71 000 ,57 000 , 87 000,,68 000 ,57 000 , 82 000,,68 000 ,57 000 , 80 000,,65 000 ,56 000 , 76 000,,62 000 ,53 000 , 71 000,,60 000 ,52 000 , 68 000,,57 000 ,50 000 , 65 000,,55 000 ,48 000 , 63 000,,53 000 ,47 000 , 61 000,,51 000 ,46 000 , 59 000,,50 000 ,45 000 , 57 000,,49 000 ,44 000 , 56 000,,49 000 ,44 000 , 56 000,,50 000 ,44 000 , 56 000,,49 000 ,44 000 , 56 000,,49 000 ,44 000 , 55 000,,49 000 ,44 000 , 55 000,,48 000 ,44 000 , 55 000,,49 000 ,44 000 , 55 000,,47 000 ,42 000 , 54 000,,47 000 ,42 000 , 54 000,,46 000 ,42 000 , 54 000,,47 000 ,42 000 , 55 000,,47 000 ,42 000 , 55 000,,47 000 ,42 000 , 55 000,,47 000 ,42 000 , 55 000,,47 000 ,42 000 , 56 000,,47 000 ,42 000 , 56 000,,47 000 ,43 000 , 56 000,
Cabo Verde,<500 ,<500 , 530,,<500 ,<500 , 570,,<500 ,<500 , 600,,520 ,<500 , 640,,550 ,<500 , 690,,590 ,<500 , 730,,620 ,<500 , 760,,650 ,<500 , 790,,680 ,530 , 830,,710 ,580 , 860,,750 ,610 , 890,,780 ,640 , 930,,800 ,670 , 950,,830 ,700 , 980,,850 ,730 , 1000,,880 ,760 , 1000,,900 ,790 , 1100,,930 ,820 , 1100,,960 ,850 , 1100,,1000 ,880 , 1200,,1000 ,920 , 1200,,1100 ,960 , 1200,,1100 ,1000 , 1300,,1200 ,1000 , 1400,,1200 ,1100 , 1400,,1300 ,1100 , 1500,,1300 ,1200 , 1600,,1400 ,1200 , 1600,,1400 ,1300 , 1700,,1500 ,1300 , 1800,,1500 ,1300 , 1800,,1600 ,1400 , 1900,,1700 ,1400 , 2000,,1700 ,1400 , 2100,,1800 ,1500 , 2200,
Cambodia,<200 ,<200 , <200,,<500 ,<500 , 530,,1400 ,1200 , 1600,,3400 ,2800 , 3900,,6600 ,5600 , 7600,,11 000 ,9500 , 13 000,,17 000 ,14 000 , 19 000,,23 000 ,20 000 , 26 000,,28 000 ,24 000 , 32 000,,32 000 ,27 000 , 36 000,,35 000 ,30 000 , 39 000,,36 000 ,32 000 , 41 000,,38 000 ,33 000 , 42 000,,38 000 ,33 000 , 43 000,,39 000 ,34 000 , 43 000,,39 000 ,34 000 , 43 000,,39 000 ,34 000 , 44 000,,39 000 ,35 000 , 44 000,,40 000 ,35 000 , 44 000,,40 000 ,35 000 , 44 000,,40 000 ,35 000 , 45 000,,40 000 ,35 000 , 45 000,,40 000 ,35 000 , 45 000,,40 000 ,35 000 , 45 000,,40 000 ,35 000 , 45 000,,40 000 ,35 000 , 45 000,,39 000 ,34 000 , 44 000,,39 000 ,34 000 , 44 000,,39 000 ,33 000 , 44 000,,38 000 ,33 000 , 44 000,,38 000 ,32 000 , 44 000,,37 000 ,32 000 , 44 000,,37 000 ,31 000 , 43 000,,36 000 ,30 000 , 43 000,,36 000 ,29 000 , 42 000,
Cameroon,30 000 ,21 000 , 39 000,,41 000 ,30 000 , 51 000,,56 000 ,42 000 , 67 000,,74 000 ,57 000 , 86 000,,96 000 ,76 000 , 110 000,,120 000 ,98 000 , 140 000,,150 000 ,120 000 , 160 000,,170 000 ,150 000 , 190 000,,200 000 ,170 000 , 220 000,,220 000 ,200 000 , 240 000,,240 000 ,210 000 , 270 000,,250 000 ,230 000 , 280 000,,260 000 ,240 000 , 290 000,,270 000 ,250 000 , 300 000,,280 000 ,260 000 , 300 000,,280 000 ,260 000 , 310 000,,290 000 ,270 000 , 310 000,,290 000 ,270 000 , 310 000,,290 000 ,270 000 , 320 000,,290 000 ,280 000 , 320 000,,300 000 ,280 000 , 320 000,,300 000 ,280 000 , 320 000,,300 000 ,280 000 , 320 000,,300 000 ,280 000 , 320 000,,300 000 ,280 000 , 330 000,,300 000 ,280 000 , 330 000,,300 000 ,280 000 , 330 000,,300 000 ,280 000 , 330 000,,300 000 ,280 000 , 340 000,,310 000 ,280 000 , 340 000,,310 000 ,290 000 , 350 000,,310 000 ,290 000 , 350 000,,310 000 ,290 000 , 360 000,,320 000 ,290 000 , 360 000,,320 000 ,290 000 , 360 000,
Canada,6000 ,5000 , 7000,,6100 ,5100 , 7200,,6300 ,5300 , 7400,,6400 ,5300 , 7500,,6500 ,5400 , 7500,,6600 ,5500 , 7600,,6700 ,5600 , 7700,,6900 ,5800 , 8000,,7100 ,6000 , 8200,,7400 ,6200 , 8500,,7600 ,6500 , 8800,,7900 ,6700 , 9100,,8300 ,7000 , 9500,,8600 ,7300 , 9900,,8900 ,7600 , 10 000,,9200 ,7800 , 11 000,,9500 ,8100 , 11 000,,9700 ,8300 , 11 000,,10 000 ,8600 , 11 000,,10 000 ,8900 , 12 000,,11 000 ,9200 , 12 000,,11 000 ,9400 , 13 000,,12 000 ,9700 , 13 000,,12 000 ,10 000 , 14 000,,12 000 ,10 000 , 14 000,,13 000 ,11 000 , 15 000,,13 000 ,11 000 , 15 000,,14 000 ,12 000 , 16 000,,14 000 ,12 000 , 17 000,,15 000 ,13 000 , 17 000,,16 000 ,13 000 , 18 000,,16 000 ,13 000 , 19 000,,17 000 ,14 000 , 19 000,,... ,... , ...,,... ,... , ...,
Central African Republic,38 000 ,27 000 , 55 000,,46 000 ,34 000 , 68 000,,55 000 ,42 000 , 78 000,,64 000 ,49 000 , 88 000,,72 000 ,56 000 , 98 000,,79 000 ,62 000 , 100 000,,84 000 ,67 000 , 110 000,,88 000 ,71 000 , 110 000,,91 000 ,74 000 , 110 000,,93 000 ,76 000 , 110 000,,94 000 ,78 000 , 110 000,,93 000 ,78 000 , 110 000,,92 000 ,78 000 , 110 000,,90 000 ,77 000 , 110 000,,88 000 ,76 000 , 100 000,,86 000 ,73 000 , 99 000,,83 000 ,71 000 , 95 000,,81 000 ,70 000 , 93 000,,79 000 ,68 000 , 90 000,,78 000 ,66 000 , 88 000,,77 000 ,65 000 , 87 000,,74 000 ,63 000 , 84 000,,70 000 ,59 000 , 81 000,,67 000 ,57 000 , 77 000,,62 000 ,52 000 , 73 000,,61 000 ,51 000 , 72 000,,60 000 ,51 000 , 72 000,,60 000 ,50 000 , 72 000,,59 000 ,49 000 , 72 000,,59 000 ,49 000 , 72 000,,59 000 ,49 000 , 74 000,,59 000 ,48 000 , 74 000,,59 000 ,47 000 , 75 000,,59 000 ,47 000 , 76 000,,60 000 ,47 000 , 78 000,
Chad,17 000 ,8900 , 32 000,,23 000 ,12 000 , 39 000,,28 000 ,16 000 , 44 000,,32 000 ,20 000 , 48 000,,36 000 ,24 000 , 53 000,,42 000 ,29 000 , 60 000,,46 000 ,32 000 , 62 000,,49 000 ,36 000 , 66 000,,52 000 ,39 000 , 69 000,,54 000 ,41 000 , 70 000,,55 000 ,42 000 , 71 000,,56 000 ,43 000 , 71 000,,56 000 ,44 000 , 72 000,,57 000 ,45 000 , 73 000,,58 000 ,46 000 , 73 000,,58 000 ,46 000 , 72 000,,58 000 ,47 000 , 71 000,,58 000 ,47 000 , 71 000,,58 000 ,48 000 , 71 000,,59 000 ,49 000 , 72 000,,60 000 ,49 000 , 73 000,,61 000 ,51 000 , 74 000,,61 000 ,52 000 , 73 000,,62 000 ,53 000 , 74 000,,63 000 ,53 000 , 74 000,,63 000 ,53 000 , 74 000,,63 000 ,54 000 , 76 000,,64 000 ,54 000 , 76 000,,64 000 ,54 000 , 76 000,,64 000 ,54 000 , 75 000,,64 000 ,54 000 , 75 000,,65 000 ,54 000 , 76 000,,65 000 ,55 000 , 77 000,,68 000 ,57 000 , 80 000,,69 000 ,58 000 , 82 000,
Chile,<500 ,<500 , 530,,630 ,560 , 710,,820 ,730 , 910,,1000 ,920 , 1100,,1200 ,1100 , 1300,,1400 ,1300 , 1600,,1600 ,1500 , 1800,,1800 ,1700 , 2000,,2000 ,1900 , 2200,,2200 ,2000 , 2400,,2400 ,2200 , 2600,,2600 ,2400 , 2800,,2800 ,2600 , 3000,,3100 ,2800 , 3300,,3400 ,3100 , 3600,,3700 ,3400 , 3900,,4000 ,3700 , 4300,,4300 ,4000 , 4600,,4700 ,4400 , 5000,,5100 ,4700 , 5400,,5500 ,5100 , 5900,,5900 ,5500 , 6300,,6400 ,5900 , 6800,,6800 ,6300 , 7200,,7300 ,6700 , 7800,,7800 ,7100 , 8300,,8300 ,7700 , 8900,,9000 ,8300 , 9600,,9800 ,9100 , 10 000,,11 000 ,9900 , 11 000,,11 000 ,11 000 , 12 000,,12 000 ,11 000 , 13 000,,13 000 ,12 000 , 14 000,,14 000 ,13 000 , 15 000,,15 000 ,14 000 , 16 000,
China,... ,... , ...,"Estimates were not available at the time of publication.",... ,... , ...,"Estimates were not available at the time of publication.",... ,... , ...,"Estimates were not available at the time of publication.",... ,... , ...,"Estimates were not available at the time of publication.",... ,... , ...,"Estimates were not available at the time of publication.",... ,... , ...,"Estimates were not available at the time of publication.",... ,... , ...,"Estimates were not available at the time of publication.",... ,... , ...,"Estimates were not available at the time of publication.",... ,... , ...,"Estimates were not available at the time of publication.",... ,... , ...,"Estimates were not available at the time of publication.",... ,... , ...,"Estimates were not available at the time of publication.",... ,... , ...,"Estimates were not available at the time of publication.",... ,... , ...,"Estimates were not available at the time of publication.",... ,... , ...,"Estimates were not available at the time of publication.",... ,... , ...,"Estimates were not available at the time of publication.",... ,... , ...,"Estimates were not available at the time of publication.",... ,... , ...,"Estimates were not available at the time of publication.",... ,... , ...,"Estimates were not available at the time of publication.",... ,... , ...,"Estimates were not available at the time of publication.",... ,... , ...,"Estimates were not available at the time of publication.",... ,... , ...,"Estimates were not available at the time of publication.",... ,... , ...,"Estimates were not available at the time of publication.",... ,... , ...,"Estimates were not available at the time of publication.",... ,... , ...,"Estimates were not available at the time of publication.",... ,... , ...,"Estimates were not available at the time of publication.",... ,... , ...,"Estimates were not available at the time of publication.",... ,... , ...,"Estimates were not available at the time of publication.",... ,... , ...,"Estimates were not available at the time of publication.",... ,... , ...,"Estimates were not available at the time of publication.",... ,... , ...,"Estimates were not available at the time of publication.",... ,... , ...,"Estimates were not available at the time of publication.",... ,... , ...,"Estimates were not available at the time of publication.",... ,... , ...,"Estimates were not available at the time of publication.",... ,... , ...,"Estimates were not available at the time of publication.",... ,... , ...,"Estimates were not available at the time of publication."
Colombia,6900 ,4800 , 10 000,,8900 ,6300 , 13 000,,11 000 ,7800 , 16 000,,13 000 ,9400 , 18 000,,15 000 ,11 000 , 20 000,,17 000 ,12 000 , 22 000,,18 000 ,13 000 , 24 000,,19 000 ,14 000 , 25 000,,20 000 ,15 000 , 26 000,,21 000 ,16 000 , 27 000,,21 000 ,17 000 , 28 000,,22 000 ,17 000 , 28 000,,22 000 ,18 000 , 28 000,,23 000 ,18 000 , 28 000,,23 000 ,18 000 , 29 000,,23 000 ,19 000 , 29 000,,24 000 ,19 000 , 30 000,,24 000 ,20 000 , 30 000,,25 000 ,20 000 , 30 000,,25 000 ,20 000 , 30 000,,25 000 ,21 000 , 30 000,,25 000 ,21 000 , 30 000,,26 000 ,22 000 , 31 000,,27 000 ,22 000 , 32 000,,27 000 ,23 000 , 33 000,,28 000 ,24 000 , 34 000,,29 000 ,25 000 , 36 000,,31 000 ,26 000 , 37 000,,32 000 ,26 000 , 39 000,,34 000 ,27 000 , 42 000,,35 000 ,29 000 , 45 000,,37 000 ,30 000 , 48 000,,38 000 ,31 000 , 50 000,,41 000 ,32 000 , 54 000,,42 000 ,33 000 , 56 000,
Comoros,<100 ,<100 , <100,"Children estimates were not available at the time of publication.",<100 ,<100 , <100,"Children estimates were not available at the time of publication.",<100 ,<100 , <100,"Children estimates were not available at the time of publication.",<100 ,<100 , <100,"Children estimates were not available at the time of publication.",<100 ,<100 , <100,"Children estimates were not available at the time of publication.",<100 ,<100 , <100,"Children estimates were not available at the time of publication.",<100 ,<100 , <100,"Children estimates were not available at the time of publication.",<100 ,<100 , <100,"Children estimates were not available at the time of publication.",<100 ,<100 , <100,"Children estimates were not available at the time of publication.",<100 ,<100 , <100,"Children estimates were not available at the time of publication.",<100 ,<100 , <100,"Children estimates were not available at the time of publication.",<100 ,<100 , <100,"Children estimates were not available at the time of publication.",<100 ,<100 , <100,"Children estimates were not available at the time of publication.",<100 ,<100 , <100,"Children estimates were not available at the time of publication.",<100 ,<100 , <100,"Children estimates were not available at the time of publication.",<100 ,<100 , <100,"Children estimates were not available at the time of publication.",<100 ,<100 , <100,"Children estimates were not available at the time of publication.",<100 ,<100 , <100,"Children estimates were not available at the time of publication.",<100 ,<100 , <100,"Children estimates were not available at the time of publication.",<100 ,<100 , <100,"Children estimates were not available at the time of publication.",<100 ,<100 , <100,"Children estimates were not available at the time of publication.",<100 ,<100 , <100,"Children estimates were not available at the time of publication.",<100 ,<100 , <100,"Children estimates were not available at the time of publication.",<100 ,<100 , <100,"Children estimates were not available at the time of publication.",<100 ,<100 , <200,"Children estimates were not available at the time of publication.",<100 ,<100 , <200,"Children estimates were not available at the time of publication.",<100 ,<100 , <200,"Children estimates were not available at the time of publication.",<100 ,<100 , <200,"Children estimates were not available at the time of publication.",<100 ,<100 , <200,"Children estimates were not available at the time of publication.",<100 ,<100 , <200,"Children estimates were not available at the time of publication.",<100 ,<100 , <200,"Children estimates were not available at the time of publication.",<100 ,<100 , <200,"Children estimates were not available at the time of publication.",<100 ,<100 , <200,"Children estimates were not available at the time of publication.",<100 ,<100 , <200,"Children estimates were not available at the time of publication.",<100 ,<100 , <200,"Children estimates were not available at the time of publication."
Congo,38 000 ,29 000 , 48 000,,41 000 ,33 000 , 50 000,,44 000 ,36 000 , 53 000,,46 000 ,38 000 , 55 000,,48 000 ,40 000 , 57 000,,49 000 ,41 000 , 58 000,,50 000 ,43 000 , 60 000,,50 000 ,43 000 , 59 000,,50 000 ,44 000 , 60 000,,50 000 ,44 000 , 60 000,,52 000 ,46 000 , 62 000,,52 000 ,46 000 , 60 000,,51 000 ,45 000 , 59 000,,51 000 ,46 000 , 59 000,,51 000 ,45 000 , 59 000,,52 000 ,46 000 , 60 000,,52 000 ,47 000 , 60 000,,53 000 ,47 000 , 60 000,,53 000 ,47 000 , 60 000,,56 000 ,49 000 , 63 000,,57 000 ,50 000 , 64 000,,58 000 ,51 000 , 66 000,,59 000 ,51 000 , 66 000,,60 000 ,51 000 , 68 000,,61 000 ,52 000 , 70 000,,62 000 ,52 000 , 71 000,,63 000 ,53 000 , 74 000,,65 000 ,53 000 , 77 000,,67 000 ,54 000 , 82 000,,70 000 ,55 000 , 86 000,,72 000 ,56 000 , 90 000,,75 000 ,57 000 , 94 000,,78 000 ,59 000 , 100 000,,81 000 ,60 000 , 100 000,,85 000 ,60 000 , 110 000,
Costa Rica,<500 ,<500 , <500,,<500 ,<500 , <500,,<500 ,<500 , <500,,<500 ,<500 , 510,,<500 ,<500 , 540,,510 ,<500 , 570,,540 ,<500 , 600,,570 ,520 , 630,,610 ,560 , 660,,650 ,600 , 710,,700 ,650 , 770,,780 ,720 , 840,,870 ,800 , 940,,960 ,890 , 1000,,1100 ,980 , 1100,,1200 ,1100 , 1200,,1300 ,1200 , 1400,,1400 ,1300 , 1500,,1500 ,1400 , 1600,,1600 ,1500 , 1800,,1800 ,1600 , 1900,,1900 ,1700 , 2000,,2000 ,1800 , 2100,,2100 ,1900 , 2200,,2200 ,2000 , 2400,,2300 ,2100 , 2500,,2400 ,2200 , 2600,,2500 ,2200 , 2700,,2600 ,2300 , 2800,,2600 ,2400 , 2900,,2700 ,2400 , 3000,,2800 ,2500 , 3000,,2900 ,2600 , 3100,,3000 ,2600 , 3200,,3100 ,2700 , 3400,
Croatia,<100 ,<100 , <100,"Children estimates were not available at the time of publication.",<100 ,<100 , <100,"Children estimates were not available at the time of publication.",<100 ,<100 , <100,"Children estimates were not available at the time of publication.",<100 ,<100 , <100,"Children estimates were not available at the time of publication.",<100 ,<100 , <100,"Children estimates were not available at the time of publication.",<100 ,<100 , <100,"Children estimates were not available at the time of publication.",<100 ,<100 , <100,"Children estimates were not available at the time of publication.",<100 ,<100 , <100,"Children estimates were not available at the time of publication.",<100 ,<100 , <100,"Children estimates were not available at the time of publication.",<100 ,<100 , <100,"Children estimates were not available at the time of publication.",<100 ,<100 , <200,"Children estimates were not available at the time of publication.",<100 ,<100 , <200,"Children estimates were not available at the time of publication.",<200 ,<100 , <200,"Children estimates were not available at the time of publication.",<200 ,<200 , <200,"Children estimates were not available at the time of publication.",<200 ,<200 , <200,"Children estimates were not available at the time of publication.",<200 ,<200 , <200,"Children estimates were not available at the time of publication.",<200 ,<200 , <200,"Children estimates were not available at the time of publication.",<200 ,<200 , <200,"Children estimates were not available at the time of publication.",<200 ,<200 , <200,"Children estimates were not available at the time of publication.",<200 ,<200 , <200,"Children estimates were not available at the time of publication.",<200 ,<200 , <200,"Children estimates were not available at the time of publication.",<200 ,<200 , <200,"Children estimates were not available at the time of publication.",<200 ,<200 , <200,"Children estimates were not available at the time of publication.",<200 ,<200 , <200,"Children estimates were not available at the time of publication.",<200 ,<200 , <200,"Children estimates were not available at the time of publication.",<200 ,<200 , <500,"Children estimates were not available at the time of publication.",<200 ,<200 , <500,"Children estimates were not available at the time of publication.",<200 ,<200 , <500,"Children estimates were not available at the time of publication.",<200 ,<200 , <500,"Children estimates were not available at the time of publication.",<200 ,<200 , <500,"Children estimates were not available at the time of publication.",<200 ,<200 , <500,"Children estimates were not available at the time of publication.",<200 ,<200 , <500,"Children estimates were not available at the time of publication.",<200 ,<200 , <500,"Children estimates were not available at the time of publication.",<200 ,<200 , <500,"Children estimates were not available at the time of publication.",<200 ,<200 , <500,"Children estimates were not available at the time of publication."
Cuba,<500 ,<200 , <500,,<500 ,<200 , <500,,<500 ,<200 , <500,,<500 ,<200 , <500,,<500 ,<500 , <500,,<500 ,<500 , <500,,<500 ,<500 , <500,,<500 ,<500 , 570,,540 ,<500 , 680,,700 ,560 , 840,,900 ,750 , 1100,,1100 ,950 , 1300,,1400 ,1200 , 1600,,1700 ,1500 , 2000,,2100 ,1800 , 2300,,2400 ,2100 , 2700,,2800 ,2400 , 3100,,3100 ,2800 , 3400,,3400 ,3000 , 3800,,3800 ,3300 , 4100,,4100 ,3600 , 4500,,4400 ,4000 , 4900,,4700 ,4200 , 5200,,5000 ,4500 , 5500,,5300 ,4800 , 5900,,5600 ,5000 , 6200,,5900 ,5300 , 6600,,6200 ,5500 , 6900,,6500 ,5800 , 7200,,6800 ,6100 , 7500,,7100 ,6300 , 7900,,7400 ,6500 , 8200,,7600 ,6700 , 8500,,7800 ,6900 , 8700,,8100 ,7100 , 9000,
Cyprus,... ,... , ...,"Estimates were not available at the time of publication.",... ,... , ...,"Estimates were not available at the time of publication.",... ,... , ...,"Estimates were not available at the time of publication.",... ,... , ...,"Estimates were not available at the time of publication.",... ,... , ...,"Estimates were not available at the time of publication.",... ,... , ...,"Estimates were not available at the time of publication.",... ,... , ...,"Estimates were not available at the time of publication.",... ,... , ...,"Estimates were not available at the time of publication.",... ,... , ...,"Estimates were not available at the time of publication.",... ,... , ...,"Estimates were not available at the time of publication.",... ,... , ...,"Estimates were not available at the time of publication.",... ,... , ...,"Estimates were not available at the time of publication.",... ,... , ...,"Estimates were not available at the time of publication.",... ,... , ...,"Estimates were not available at the time of publication.",... ,... , ...,"Estimates were not available at the time of publication.",... ,... , ...,"Estimates were not available at the time of publication.",... ,... , ...,"Estimates were not available at the time of publication.",... ,... , ...,"Estimates were not available at the time of publication.",... ,... , ...,"Estimates were not available at the time of publication.",... ,... , ...,"Estimates were not available at the time of publication.",... ,... , ...,"Estimates were not available at the time of publication.",... ,... , ...,"Estimates were not available at the time of publication.",... ,... , ...,"Estimates were not available at the time of publication.",... ,... , ...,"Estimates were not available at the time of publication.",... ,... , ...,"Estimates were not available at the time of publication.",... ,... , ...,"Estimates were not available at the time of publication.",... ,... , ...,"Estimates were not available at the time of publication.",... ,... , ...,"Estimates were not available at the time of publication.",... ,... , ...,"Estimates were not available at the time of publication.",... ,... , ...,"Estimates were not available at the time of publication.",... ,... , ...,"Estimates were not available at the time of publication.",... ,... , ...,"Estimates were not available at the time of publication.",... ,... , ...,"Estimates were not available at the time of publication.",... ,... , ...,"Estimates were not available at the time of publication.",... ,... , ...,"Estimates were not available at the time of publication."
Czechia,... ,... , ...,"Estimates were not available at the time of publication.",... ,... , ...,"Estimates were not available at the time of publication.",... ,... , ...,"Estimates were not available at the time of publication.",... ,... , ...,"Estimates were not available at the time of publication.",... ,... , ...,"Estimates were not available at the time of publication.",... ,... , ...,"Estimates were not available at the time of publication.",... ,... , ...,"Estimates were not available at the time of publication.",... ,... , ...,"Estimates were not available at the time of publication.",... ,... , ...,"Estimates were not available at the time of publication.",... ,... , ...,"Estimates were not available at the time of publication.",... ,... , ...,"Estimates were not available at the time of publication.",... ,... , ...,"Estimates were not available at the time of publication.",... ,... , ...,"Estimates were not available at the time of publication.",... ,... , ...,"Estimates were not available at the time of publication.",... ,... , ...,"Estimates were not available at the time of publication.",... ,... , ...,"Estimates were not available at the time of publication.",... ,... , ...,"Estimates were not available at the time of publication.",... ,... , ...,"Estimates were not available at the time of publication.",... ,... , ...,"Estimates were not available at the time of publication.",... ,... , ...,"Estimates were not available at the time of publication.",... ,... , ...,"Estimates were not available at the time of publication.",... ,... , ...,"Estimates were not available at the time of publication.",... ,... , ...,"Estimates were not available at the time of publication.",... ,... , ...,"Estimates were not available at the time of publication.",... ,... , ...,"Estimates were not available at the time of publication.",... ,... , ...,"Estimates were not available at the time of publication.",... ,... , ...,"Estimates were not available at the time of publication.",... ,... , ...,"Estimates were not available at the time of publication.",... ,... , ...,"Estimates were not available at the time of publication.",... ,... , ...,"Estimates were not available at the time of publication.",... ,... , ...,"Estimates were not available at the time of publication.",... ,... , ...,"Estimates were not available at the time of publication.",... ,... , ...,"Estimates were not available at the time of publication.",... ,... , ...,"Estimates were not available at the time of publication.",... ,... , ...,"Estimates were not available at the time of publication."
Côte d'Ivoire,170 000 ,110 000 , 250 000,,210 000 ,150 000 , 300 000,,250 000 ,180 000 , 330 000,,290 000 ,220 000 , 370 000,,320 000 ,260 000 , 400 000,,350 000 ,290 000 , 410 000,,370 000 ,320 000 , 420 000,,380 000 ,330 000 , 440 000,,390 000 ,340 000 , 450 000,,390 000 ,350 000 , 450 000,,390 000 ,340 000 , 440 000,,380 000 ,340 000 , 430 000,,370 000 ,330 000 , 410 000,,360 000 ,310 000 , 400 000,,340 000 ,300 000 , 380 000,,330 000 ,290 000 , 370 000,,320 000 ,280 000 , 350 000,,310 000 ,270 000 , 340 000,,300 000 ,270 000 , 330 000,,290 000 ,260 000 , 330 000,,290 000 ,260 000 , 320 000,,280 000 ,260 000 , 320 000,,280 000 ,250 000 , 320 000,,280 000 ,250 000 , 310 000,,270 000 ,240 000 , 310 000,,270 000 ,240 000 , 300 000,,270 000 ,240 000 , 300 000,,270 000 ,240 000 , 310 000,,270 000 ,240 000 , 310 000,,270 000 ,240 000 , 300 000,,270 000 ,240 000 , 310 000,,270 000 ,240 000 , 310 000,,270 000 ,240 000 , 310 000,,270 000 ,230 000 , 310 000,,270 000 ,230 000 , 310 000,
Democratic People's Republic of Korea,... ,... , ...,"Estimates were not available at the time of publication.",... ,... , ...,"Estimates were not available at the time of publication.",... ,... , ...,"Estimates were not available at the time of publication.",... ,... , ...,"Estimates were not available at the time of publication.",... ,... , ...,"Estimates were not available at the time of publication.",... ,... , ...,"Estimates were not available at the time of publication.",... ,... , ...,"Estimates were not available at the time of publication.",... ,... , ...,"Estimates were not available at the time of publication.",... ,... , ...,"Estimates were not available at the time of publication.",... ,... , ...,"Estimates were not available at the time of publication.",... ,... , ...,"Estimates were not available at the time of publication.",... ,... , ...,"Estimates were not available at the time of publication.",... ,... , ...,"Estimates were not available at the time of publication.",... ,... , ...,"Estimates were not available at the time of publication.",... ,... , ...,"Estimates were not available at the time of publication.",... ,... , ...,"Estimates were not available at the time of publication.",... ,... , ...,"Estimates were not available at the time of publication.",... ,... , ...,"Estimates were not available at the time of publication.",... ,... , ...,"Estimates were not available at the time of publication.",... ,... , ...,"Estimates were not available at the time of publication.",... ,... , ...,"Estimates were not available at the time of publication.",... ,... , ...,"Estimates were not available at the time of publication.",... ,... , ...,"Estimates were not available at the time of publication.",... ,... , ...,"Estimates were not available at the time of publication.",... ,... , ...,"Estimates were not available at the time of publication.",... ,... , ...,"Estimates were not available at the time of publication.",... ,... , ...,"Estimates were not available at the time of publication.",... ,... , ...,"Estimates were not available at the time of publication.",... ,... , ...,"Estimates were not available at the time of publication.",... ,... , ...,"Estimates were not available at the time of publication.",... ,... , ...,"Estimates were not available at the time of publication.",... ,... , ...,"Estimates were not available at the time of publication.",... ,... , ...,"Estimates were not available at the time of publication.",... ,... , ...,"Estimates were not available at the time of publication.",... ,... , ...,"Estimates were not available at the time of publication."
Democratic Republic of the Congo,230 000 ,170 000 , 310 000,,260 000 ,200 000 , 340 000,,280 000 ,220 000 , 370 000,,310 000 ,240 000 , 400 000,,340 000 ,270 000 , 440 000,,350 000 ,280 000 , 440 000,,350 000 ,280 000 , 440 000,,350 000 ,280 000 , 440 000,,360 000 ,280 000 , 440 000,,360 000 ,280 000 , 450 000,,360 000 ,280 000 , 440 000,,350 000 ,280 000 , 440 000,,350 000 ,280 000 , 430 000,,340 000 ,280 000 , 420 000,,340 000 ,280 000 , 410 000,,330 000 ,280 000 , 400 000,,330 000 ,270 000 , 400 000,,320 000 ,270 000 , 390 000,,320 000 ,270 000 , 380 000,,310 000 ,270 000 , 370 000,,310 000 ,260 000 , 370 000,,310 000 ,260 000 , 360 000,,300 000 ,260 000 , 360 000,,300 000 ,260 000 , 360 000,,300 000 ,260 000 , 360 000,,300 000 ,260 000 , 360 000,,310 000 ,260 000 , 360 000,,310 000 ,270 000 , 360 000,,310 000 ,270 000 , 370 000,,320 000 ,270 000 , 380 000,,320 000 ,280 000 , 380 000,,330 000 ,280 000 , 390 000,,330 000 ,280 000 , 400 000,,340 000 ,280 000 , 410 000,,350 000 ,280 000 , 420 000,
Denmark,570 ,<500 , 650,"Children estimates were not available at the time of publication.",620 ,540 , 700,"Children estimates were not available at the time of publication.",660 ,580 , 740,"Children estimates were not available at the time of publication.",700 ,620 , 780,"Children estimates were not available at the time of publication.",730 ,650 , 810,"Children estimates were not available at the time of publication.",760 ,670 , 830,"Children estimates were not available at the time of publication.",780 ,690 , 850,"Children estimates were not available at the time of publication.",820 ,740 , 900,"Children estimates were not available at the time of publication.",890 ,790 , 970,"Children estimates were not available at the time of publication.",950 ,850 , 1000,"Children estimates were not available at the time of publication.",1000 ,900 , 1100,"Children estimates were not available at the time of publication.",1100 ,960 , 1200,"Children estimates were not available at the time of publication.",1100 ,1000 , 1200,"Children estimates were not available at the time of publication.",1200 ,1000 , 1300,"Children estimates were not available at the time of publication.",1200 ,1100 , 1300,"Children estimates were not available at the time of publication.",1200 ,1100 , 1400,"Children estimates were not available at the time of publication.",1300 ,1100 , 1400,"Children estimates were not available at the time of publication.",1300 ,1200 , 1500,"Children estimates were not available at the time of publication.",1400 ,1200 , 1500,"Children estimates were not available at the time of publication.",1400 ,1200 , 1600,"Children estimates were not available at the time of publication.",1400 ,1200 , 1600,"Children estimates were not available at the time of publication.",1500 ,1300 , 1600,"Children estimates were not available at the time of publication.",1500 ,1300 , 1700,"Children estimates were not available at the time of publication.",1500 ,1300 , 1700,"Children estimates were not available at the time of publication.",1500 ,1300 , 1700,"Children estimates were not available at the time of publication.",1600 ,1400 , 1800,"Children estimates were not available at the time of publication.",1600 ,1400 , 1800,"Children estimates were not available at the time of publication.",1600 ,1400 , 1800,"Children estimates were not available at the time of publication.",1600 ,1400 , 1800,"Children estimates were not available at the time of publication.",1600 ,1400 , 1900,"Children estimates were not available at the time of publication.",1600 ,1400 , 1900,"Children estimates were not available at the time of publication.",1700 ,1400 , 1900,"Children estimates were not available at the time of publication.",1700 ,1400 , 1900,"Children estimates were not available at the time of publication.",1700 ,1400 , 1900,"Children estimates were not available at the time of publication.",1700 ,1400 , 1900,"Children estimates were not available at the time of publication."
Djibouti,1100 ,620 , 1800,,1600 ,920 , 2400,,2100 ,1200 , 3000,,2700 ,1600 , 3800,,3200 ,2000 , 4300,,3800 ,2500 , 5100,,4400 ,3100 , 5700,,5100 ,3800 , 6600,,5700 ,4300 , 7400,,6300 ,4800 , 8000,,6800 ,5200 , 8600,,7200 ,5600 , 9300,,7400 ,5900 , 9600,,7400 ,5800 , 9500,,7400 ,5800 , 9500,,7300 ,5800 , 9500,,7300 ,5700 , 9500,,7200 ,5600 , 9300,,7100 ,5400 , 9100,,7000 ,5300 , 8900,,6800 ,5100 , 8700,,6600 ,5000 , 8400,,6300 ,4800 , 8100,,6100 ,4600 , 7800,,5800 ,4400 , 7500,,5600 ,4200 , 7300,,5300 ,4000 , 7000,,5100 ,3900 , 6800,,5000 ,3700 , 6500,,4800 ,3600 , 6400,,4700 ,3500 , 6200,,4500 ,3400 , 6000,,4400 ,3300 , 5800,,4200 ,3200 , 5600,,4100 ,3100 , 5500,
Dominica,<100 ,<100 , <100,"Countries with a UNAIDS-approved estimate and population less than 250000 in 2024; not included in regional or global totals",<100 ,<100 , <100,"Countries with a UNAIDS-approved estimate and population less than 250000 in 2024; not included in regional or global totals",<100 ,<100 , <100,"Countries with a UNAIDS-approved estimate and population less than 250000 in 2024; not included in regional or global totals",<100 ,<100 , <100,"Countries with a UNAIDS-approved estimate and population less than 250000 in 2024; not included in regional or global totals",<100 ,<100 , <100,"Countries with a UNAIDS-approved estimate and population less than 250000 in 2024; not included in regional or global totals",<100 ,<100 , <100,"Countries with a UNAIDS-approved estimate and population less than 250000 in 2024; not included in regional or global totals",<100 ,<100 , <100,"Countries with a UNAIDS-approved estimate and population less than 250000 in 2024; not included in regional or global totals",<100 ,<100 , <100,"Countries with a UNAIDS-approved estimate and population less than 250000 in 2024; not included in regional or global totals",<100 ,<100 , <100,"Countries with a UNAIDS-approved estimate and population less than 250000 in 2024; not included in regional or global totals",<100 ,<100 , <100,"Countries with a UNAIDS-approved estimate and population less than 250000 in 2024; not included in regional or global totals",<100 ,<100 , <100,"Countries with a UNAIDS-approved estimate and population less than 250000 in 2024; not included in regional or global totals",<100 ,<100 , <100,"Countries with a UNAIDS-approved estimate and population less than 250000 in 2024; not included in regional or global totals",<100 ,<100 , <100,"Countries with a UNAIDS-approved estimate and population less than 250000 in 2024; not included in regional or global totals",<100 ,<100 , <100,"Countries with a UNAIDS-approved estimate and population less than 250000 in 2024; not included in regional or global totals",<100 ,<100 , <100,"Countries with a UNAIDS-approved estimate and population less than 250000 in 2024; not included in regional or global totals",<100 ,<100 , <100,"Countries with a UNAIDS-approved estimate and population less than 250000 in 2024; not included in regional or global totals",<100 ,<100 , <100,"Countries with a UNAIDS-approved estimate and population less than 250000 in 2024; not included in regional or global totals",<100 ,<100 , <100,"Countries with a UNAIDS-approved estimate and population less than 250000 in 2024; not included in regional or global totals",<100 ,<100 , <100,"Countries with a UNAIDS-approved estimate and population less than 250000 in 2024; not included in regional or global totals",<100 ,<100 , <100,"Countries with a UNAIDS-approved estimate and population less than 250000 in 2024; not included in regional or global totals",<100 ,<100 , <100,"Countries with a UNAIDS-approved estimate and population less than 250000 in 2024; not included in regional or global totals",<100 ,<100 , <100,"Countries with a UNAIDS-approved estimate and population less than 250000 in 2024; not included in regional or global totals",<100 ,<100 , <100,"Countries with a UNAIDS-approved estimate and population less than 250000 in 2024; not included in regional or global totals",<100 ,<100 , <100,"Countries with a UNAIDS-approved estimate and population less than 250000 in 2024; not included in regional or global totals",<100 ,<100 , <100,"Countries with a UNAIDS-approved estimate and population less than 250000 in 2024; not included in regional or global totals",<100 ,<100 , <100,"Countries with a UNAIDS-approved estimate and population less than 250000 in 2024; not included in regional or global totals",<100 ,<100 , <100,"Countries with a UNAIDS-approved estimate and population less than 250000 in 2024; not included in regional or global totals",<100 ,<100 , <100,"Countries with a UNAIDS-approved estimate and population less than 250000 in 2024; not included in regional or global totals",<100 ,<100 , <100,"Countries with a UNAIDS-approved estimate and population less than 250000 in 2024; not included in regional or global totals",<100 ,<100 , <100,"Countries with a UNAIDS-approved estimate and population less than 250000 in 2024; not included in regional or global totals",<100 ,<100 , <100,"Countries with a UNAIDS-approved estimate and population less than 250000 in 2024; not included in regional or global totals",<100 ,<100 , <100,"Countries with a UNAIDS-approved estimate and population less than 250000 in 2024; not included in regional or global totals",<100 ,<100 , <100,"Countries with a UNAIDS-approved estimate and population less than 250000 in 2024; not included in regional or global totals",<100 ,<100 , <100,"Countries with a UNAIDS-approved estimate and population less than 250000 in 2024; not included in regional or global totals",<100 ,<100 , <100,"Countries with a UNAIDS-approved estimate and population less than 250000 in 2024; not included in regional or global totals"
Dominican Republic,10 000 ,6600 , 20 000,,14 000 ,9400 , 23 000,,19 000 ,13 000 , 28 000,,23 000 ,16 000 , 32 000,,27 000 ,19 000 , 36 000,,30 000 ,22 000 , 38 000,,32 000 ,25 000 , 40 000,,33 000 ,26 000 , 41 000,,34 000 ,28 000 , 42 000,,35 000 ,29 000 , 42 000,,35 000 ,30 000 , 42 000,,35 000 ,30 000 , 41 000,,35 000 ,31 000 , 41 000,,35 000 ,31 000 , 40 000,,35 000 ,30 000 , 40 000,,35 000 ,30 000 , 39 000,,34 000 ,30 000 , 39 000,,34 000 ,30 000 , 39 000,,34 000 ,30 000 , 39 000,,35 000 ,30 000 , 39 000,,35 000 ,31 000 , 40 000,,35 000 ,31 000 , 41 000,,36 000 ,31 000 , 41 000,,36 000 ,31 000 , 41 000,,36 000 ,31 000 , 41 000,,36 000 ,31 000 , 42 000,,37 000 ,31 000 , 42 000,,37 000 ,31 000 , 43 000,,37 000 ,31 000 , 44 000,,38 000 ,31 000 , 44 000,,39 000 ,31 000 , 45 000,,39 000 ,31 000 , 46 000,,40 000 ,32 000 , 47 000,,41 000 ,32 000 , 48 000,,42 000 ,32 000 , 49 000,
Ecuador,1600 ,850 , 2900,,1900 ,1100 , 3700,,2400 ,1400 , 4300,,2900 ,1700 , 4800,,3400 ,2100 , 5400,,3900 ,2500 , 6000,,4500 ,3000 , 6400,,5000 ,3600 , 7000,,5600 ,4200 , 7400,,6100 ,4600 , 7900,,6600 ,5100 , 8300,,7000 ,5600 , 8700,,7400 ,6100 , 9100,,7800 ,6500 , 9400,,8200 ,6900 , 9800,,8600 ,7300 , 10 000,,8900 ,7700 , 10 000,,9400 ,8200 , 11 000,,9800 ,8600 , 11 000,,10 000 ,9100 , 12 000,,11 000 ,9600 , 12 000,,11 000 ,10 000 , 13 000,,12 000 ,11 000 , 13 000,,12 000 ,11 000 , 14 000,,13 000 ,11 000 , 14 000,,13 000 ,12 000 , 15 000,,14 000 ,12 000 , 15 000,,14 000 ,13 000 , 16 000,,15 000 ,13 000 , 17 000,,15 000 ,13 000 , 17 000,,16 000 ,14 000 , 18 000,,16 000 ,14 000 , 18 000,,17 000 ,15 000 , 19 000,,17 000 ,15 000 , 19 000,,17 000 ,15 000 , 20 000,
Egypt,2300 ,1500 , 3600,,2600 ,1700 , 4300,,2900 ,1900 , 4700,,3200 ,2000 , 5100,,3500 ,2200 , 5500,,3700 ,2500 , 5800,,3900 ,2600 , 6100,,4100 ,2800 , 6200,,4200 ,2900 , 6300,,4300 ,3000 , 6300,,4400 ,3100 , 6200,,4400 ,3200 , 6200,,4500 ,3300 , 6100,,4500 ,3300 , 6000,,4500 ,3300 , 5900,,4400 ,3300 , 5700,,4400 ,3300 , 5600,,4300 ,3400 , 5500,,4300 ,3300 , 5400,,4200 ,3300 , 5400,,4200 ,3300 , 5400,,4200 ,3400 , 5400,,4300 ,3400 , 5500,,4400 ,3500 , 5500,,4400 ,3500 , 5700,,4600 ,3700 , 5900,,4700 ,3800 , 6100,,5000 ,4000 , 6500,,5400 ,4200 , 7000,,5900 ,4500 , 7700,,6400 ,4900 , 8400,,7100 ,5300 , 9300,,7800 ,5800 , 10 000,,8700 ,6500 , 12 000,,9800 ,7200 , 13 000,
El Salvador,510 ,<500 , 660,,740 ,590 , 940,,1000 ,860 , 1300,,1400 ,1200 , 1700,,1800 ,1500 , 2100,,2300 ,2000 , 2500,,2700 ,2500 , 3000,,3200 ,2900 , 3500,,3700 ,3400 , 4000,,4200 ,3800 , 4600,,4700 ,4200 , 5000,,5000 ,4600 , 5400,,5400 ,4900 , 5800,,5600 ,5200 , 6000,,5800 ,5400 , 6200,,6000 ,5500 , 6300,,6000 ,5600 , 6400,,6100 ,5700 , 6500,,6100 ,5700 , 6500,,6100 ,5700 , 6500,,6100 ,5700 , 6500,,6200 ,5700 , 6600,,6200 ,5700 , 6600,,6200 ,5800 , 6600,,6300 ,5800 , 6700,,6400 ,5900 , 6800,,6400 ,5900 , 6900,,6500 ,6000 , 7000,,6600 ,6000 , 7100,,6700 ,6100 , 7200,,6800 ,6200 , 7300,,6900 ,6200 , 7500,,7000 ,6300 , 7600,,7100 ,6400 , 7800,,7200 ,6500 , 8000,
Equatorial Guinea,... ,... , ...,"Estimates were not available at the time of publication.",... ,... , ...,"Estimates were not available at the time of publication.",... ,... , ...,"Estimates were not available at the time of publication.",... ,... , ...,"Estimates were not available at the time of publication.",... ,... , ...,"Estimates were not available at the time of publication.",... ,... , ...,"Estimates were not available at the time of publication.",... ,... , ...,"Estimates were not available at the time of publication.",... ,... , ...,"Estimates were not available at the time of publication.",... ,... , ...,"Estimates were not available at the time of publication.",... ,... , ...,"Estimates were not available at the time of publication.",... ,... , ...,"Estimates were not available at the time of publication.",... ,... , ...,"Estimates were not available at the time of publication.",... ,... , ...,"Estimates were not available at the time of publication.",... ,... , ...,"Estimates were not available at the time of publication.",... ,... , ...,"Estimates were not available at the time of publication.",... ,... , ...,"Estimates were not available at the time of publication.",... ,... , ...,"Estimates were not available at the time of publication.",... ,... , ...,"Estimates were not available at the time of publication.",... ,... , ...,"Estimates were not available at the time of publication.",... ,... , ...,"Estimates were not available at the time of publication.",... ,... , ...,"Estimates were not available at the time of publication.",... ,... , ...,"Estimates were not available at the time of publication.",... ,... , ...,"Estimates were not available at the time of publication.",... ,... , ...,"Estimates were not available at the time of publication.",... ,... , ...,"Estimates were not available at the time of publication.",... ,... , ...,"Estimates were not available at the time of publication.",... ,... , ...,"Estimates were not available at the time of publication.",... ,... , ...,"Estimates were not available at the time of publication.",... ,... , ...,"Estimates were not available at the time of publication.",... ,... , ...,"Estimates were not available at the time of publication.",... ,... , ...,"Estimates were not available at the time of publication.",... ,... , ...,"Estimates were not available at the time of publication.",... ,... , ...,"Estimates were not available at the time of publication.",... ,... , ...,"Estimates were not available at the time of publication.",... ,... , ...,"Estimates were not available at the time of publication."
Eritrea,8500 ,4900 , 17 000,,8700 ,5200 , 16 000,,9900 ,6200 , 17 000,,12 000 ,7700 , 20 000,,13 000 ,8400 , 20 000,,16 000 ,10 000 , 24 000,,15 000 ,11 000 , 23 000,,16 000 ,11 000 , 23 000,,16 000 ,12 000 , 22 000,,16 000 ,12 000 , 21 000,,15 000 ,12 000 , 20 000,,16 000 ,12 000 , 20 000,,15 000 ,11 000 , 19 000,,15 000 ,12 000 , 19 000,,14 000 ,11 000 , 18 000,,13 000 ,10 000 , 17 000,,12 000 ,9600 , 15 000,,11 000 ,9000 , 14 000,,11 000 ,8700 , 14 000,,10 000 ,8200 , 13 000,,10 000 ,7800 , 12 000,,9600 ,7500 , 12 000,,9200 ,7200 , 11 000,,8800 ,7000 , 11 000,,8400 ,6700 , 10 000,,8100 ,6500 , 9900,,7900 ,6400 , 9500,,7700 ,6200 , 9300,,7600 ,6200 , 9200,,7600 ,6100 , 9100,,7500 ,6100 , 9000,,7500 ,6100 , 9000,,7500 ,6100 , 8900,,7500 ,6100 , 8900,,7500 ,6100 , 8900,
Estonia,<100 ,<100 , <100,"Children estimates were not available at the time of publication.",<100 ,<100 , <100,"Children estimates were not available at the time of publication.",<100 ,<100 , <100,"Children estimates were not available at the time of publication.",<100 ,<100 , <100,"Children estimates were not available at the time of publication.",<100 ,<100 , <100,"Children estimates were not available at the time of publication.",<100 ,<100 , <100,"Children estimates were not available at the time of publication.",<100 ,<100 , <100,"Children estimates were not available at the time of publication.",<100 ,<100 , <100,"Children estimates were not available at the time of publication.",<100 ,<100 , <100,"Children estimates were not available at the time of publication.",<100 ,<100 , <100,"Children estimates were not available at the time of publication.",<100 ,<100 , <200,"Children estimates were not available at the time of publication.",<500 ,<500 , 530,"Children estimates were not available at the time of publication.",760 ,650 , 890,"Children estimates were not available at the time of publication.",1000 ,890 , 1200,"Children estimates were not available at the time of publication.",1300 ,1100 , 1400,"Children estimates were not available at the time of publication.",1500 ,1300 , 1700,"Children estimates were not available at the time of publication.",1600 ,1400 , 1800,"Children estimates were not available at the time of publication.",1700 ,1600 , 2000,"Children estimates were not available at the time of publication.",1900 ,1700 , 2100,"Children estimates were not available at the time of publication.",2000 ,1800 , 2200,"Children estimates were not available at the time of publication.",2000 ,1800 , 2300,"Children estimates were not available at the time of publication.",2100 ,1900 , 2300,"Children estimates were not available at the time of publication.",2100 ,1900 , 2400,"Children estimates were not available at the time of publication.",2200 ,1900 , 2400,"Children estimates were not available at the time of publication.",2200 ,2000 , 2400,"Children estimates were not available at the time of publication.",2200 ,2000 , 2500,"Children estimates were not available at the time of publication.",2300 ,2000 , 2500,"Children estimates were not available at the time of publication.",2300 ,2100 , 2600,"Children estimates were not available at the time of publication.",2300 ,2100 , 2600,"Children estimates were not available at the time of publication.",2400 ,2100 , 2600,"Children estimates were not available at the time of publication.",2400 ,2100 , 2700,"Children estimates were not available at the time of publication.",2400 ,2200 , 2700,"Children estimates were not available at the time of publication.",2500 ,2200 , 2800,"Children estimates were not available at the time of publication.",2500 ,2300 , 2800,"Children estimates were not available at the time of publication.",2500 ,2200 , 2900,"Children estimates were not available at the time of publication."
Eswatini,2100 ,1800 , 2600,,4600 ,3800 , 5600,,8800 ,7500 , 11 000,,15 000 ,13 000 , 18 000,,21 000 ,18 000 , 25 000,,31 000 ,26 000 , 35 000,,41 000 ,36 000 , 45 000,,50 000 ,45 000 , 56 000,,59 000 ,53 000 , 64 000,,67 000 ,61 000 , 72 000,,73 000 ,68 000 , 79 000,,79 000 ,73 000 , 84 000,,83 000 ,78 000 , 88 000,,87 000 ,82 000 , 92 000,,90 000 ,85 000 , 95 000,,92 000 ,87 000 , 97 000,,95 000 ,89 000 , 100 000,,98 000 ,92 000 , 100 000,,100 000 ,95 000 , 110 000,,100 000 ,97 000 , 110 000,,110 000 ,100 000 , 110 000,,110 000 ,100 000 , 120 000,,110 000 ,110 000 , 120 000,,120 000 ,110 000 , 130 000,,120 000 ,110 000 , 130 000,,120 000 ,110 000 , 130 000,,120 000 ,110 000 , 140 000,,130 000 ,120 000 , 140 000,,130 000 ,120 000 , 140 000,,130 000 ,120 000 , 140 000,,130 000 ,120 000 , 140 000,,130 000 ,120 000 , 140 000,,130 000 ,120 000 , 140 000,,130 000 ,120 000 , 150 000,,130 000 ,120 000 , 150 000,
Ethiopia,250 000 ,210 000 , 300 000,,320 000 ,270 000 , 380 000,,380 000 ,320 000 , 450 000,,430 000 ,360 000 , 510 000,,460 000 ,390 000 , 560 000,,490 000 ,410 000 , 580 000,,500 000 ,420 000 , 600 000,,500 000 ,420 000 , 600 000,,500 000 ,420 000 , 600 000,,490 000 ,410 000 , 590 000,,480 000 ,400 000 , 570 000,,460 000 ,390 000 , 550 000,,440 000 ,370 000 , 530 000,,420 000 ,360 000 , 510 000,,400 000 ,340 000 , 480 000,,390 000 ,320 000 , 460 000,,370 000 ,310 000 , 450 000,,360 000 ,310 000 , 430 000,,360 000 ,300 000 , 430 000,,360 000 ,300 000 , 430 000,,360 000 ,300 000 , 430 000,,360 000 ,310 000 , 440 000,,370 000 ,310 000 , 440 000,,370 000 ,310 000 , 440 000,,370 000 ,310 000 , 450 000,,370 000 ,310 000 , 450 000,,370 000 ,310 000 , 450 000,,370 000 ,310 000 , 450 000,,370 000 ,310 000 , 450 000,,370 000 ,310 000 , 450 000,,370 000 ,310 000 , 450 000,,370 000 ,310 000 , 450 000,,370 000 ,310 000 , 450 000,,370 000 ,310 000 , 450 000,,370 000 ,310 000 , 450 000,
Fiji,<100 ,<100 , <100,,<100 ,<100 , <100,,<100 ,<100 , <100,,<100 ,<100 , <100,,<100 ,<100 , <100,,<100 ,<100 , <100,,<100 ,<100 , <100,,<100 ,<100 , <100,,<100 ,<100 , <100,,<100 ,<100 , <100,,<100 ,<100 , <100,,<100 ,<100 , <100,,<100 ,<100 , <100,,<100 ,<100 , <100,,<100 ,<100 , <100,,<100 ,<100 , <100,,<100 ,<100 , <100,,<100 ,<100 , <100,,<100 ,<100 , <100,,<100 ,<100 , <100,,<100 ,<100 , <200,,<100 ,<100 , <200,,<200 ,<100 , <200,,<200 ,<100 , <500,,<500 ,<100 , <500,,<500 ,<200 , <500,,<500 ,<500 , 500,,<500 ,<500 , 620,,630 ,<500 , 780,,820 ,610 , 980,,1000 ,850 , 1200,,1300 ,1100 , 1600,,1700 ,1300 , 2100,,2100 ,1600 , 2900,,2600 ,2000 , 4000,
Finland,... ,... , ...,"Estimates were not available at the time of publication.",... ,... , ...,"Estimates were not available at the time of publication.",... ,... , ...,"Estimates were not available at the time of publication.",... ,... , ...,"Estimates were not available at the time of publication.",... ,... , ...,"Estimates were not available at the time of publication.",... ,... , ...,"Estimates were not available at the time of publication.",... ,... , ...,"Estimates were not available at the time of publication.",... ,... , ...,"Estimates were not available at the time of publication.",... ,... , ...,"Estimates were not available at the time of publication.",... ,... , ...,"Estimates were not available at the time of publication.",... ,... , ...,"Estimates were not available at the time of publication.",... ,... , ...,"Estimates were not available at the time of publication.",... ,... , ...,"Estimates were not available at the time of publication.",... ,... , ...,"Estimates were not available at the time of publication.",... ,... , ...,"Estimates were not available at the time of publication.",... ,... , ...,"Estimates were not available at the time of publication.",... ,... , ...,"Estimates were not available at the time of publication.",... ,... , ...,"Estimates were not available at the time of publication.",... ,... , ...,"Estimates were not available at the time of publication.",... ,... , ...,"Estimates were not available at the time of publication.",... ,... , ...,"Estimates were not available at the time of publication.",... ,... , ...,"Estimates were not available at the time of publication.",... ,... , ...,"Estimates were not available at the time of publication.",... ,... , ...,"Estimates were not available at the time of publication.",... ,... , ...,"Estimates were not available at the time of publication.",... ,... , ...,"Estimates were not available at the time of publication.",... ,... , ...,"Estimates were not available at the time of publication.",... ,... , ...,"Estimates were not available at the time of publication.",... ,... , ...,"Estimates were not available at the time of publication.",... ,... , ...,"Estimates were not available at the time of publication.",... ,... , ...,"Estimates were not available at the time of publication.",... ,... , ...,"Estimates were not available at the time of publication.",... ,... , ...,"Estimates were not available at the time of publication.",... ,... , ...,"Estimates were not available at the time of publication.",... ,... , ...,"Estimates were not available at the time of publication."
France,13 000 ,12 000 , 16 000,,14 000 ,13 000 , 17 000,,15 000 ,14 000 , 18 000,,16 000 ,14 000 , 19 000,,17 000 ,15 000 , 20 000,,18 000 ,16 000 , 21 000,,18 000 ,16 000 , 21 000,,19 000 ,17 000 , 22 000,,20 000 ,18 000 , 23 000,,22 000 ,19 000 , 25 000,,23 000 ,20 000 , 27 000,,25 000 ,22 000 , 28 000,,27 000 ,23 000 , 30 000,,28 000 ,25 000 , 32 000,,30 000 ,26 000 , 34 000,,31 000 ,27 000 , 36 000,,33 000 ,29 000 , 38 000,,34 000 ,30 000 , 39 000,,36 000 ,31 000 , 41 000,,37 000 ,33 000 , 43 000,,39 000 ,34 000 , 44 000,,40 000 ,35 000 , 46 000,,42 000 ,37 000 , 48 000,,43 000 ,39 000 , 49 000,,45 000 ,40 000 , 51 000,,47 000 ,41 000 , 53 000,,48 000 ,43 000 , 55 000,,50 000 ,45 000 , 56 000,,52 000 ,47 000 , 58 000,,54 000 ,48 000 , 60 000,,55 000 ,49 000 , 61 000,,56 000 ,51 000 , 63 000,,59 000 ,53 000 , 65 000,,61 000 ,55 000 , 68 000,,... ,... , ...,
Gabon,4200 ,2200 , 7600,,5600 ,3000 , 9600,,7300 ,4100 , 12 000,,9200 ,5500 , 15 000,,11 000 ,7000 , 18 000,,14 000 ,8900 , 22 000,,16 000 ,11 000 , 24 000,,18 000 ,13 000 , 27 000,,20 000 ,14 000 , 30 000,,22 000 ,16 000 , 31 000,,23 000 ,17 000 , 33 000,,24 000 ,18 000 , 33 000,,25 000 ,19 000 , 33 000,,26 000 ,20 000 , 33 000,,26 000 ,20 000 , 33 000,,27 000 ,21 000 , 34 000,,28 000 ,21 000 , 34 000,,28 000 ,23 000 , 34 000,,29 000 ,24 000 , 34 000,,30 000 ,25 000 , 35 000,,30 000 ,26 000 , 35 000,,31 000 ,26 000 , 36 000,,32 000 ,27 000 , 37 000,,33 000 ,28 000 , 38 000,,34 000 ,29 000 , 39 000,,34 000 ,30 000 , 40 000,,35 000 ,30 000 , 41 000,,35 000 ,30 000 , 41 000,,35 000 ,30 000 , 42 000,,35 000 ,30 000 , 42 000,,35 000 ,30 000 , 43 000,,35 000 ,30 000 , 43 000,,35 000 ,30 000 , 43 000,,36 000 ,30 000 , 44 000,,35 000 ,30 000 , 44 000,
Gambia,500 ,<500 , 1100,,730 ,<500 , 1400,,1100 ,560 , 1900,,1500 ,870 , 2400,,2000 ,1200 , 3100,,2600 ,1700 , 3800,,3300 ,2200 , 4600,,4100 ,2800 , 5700,,4900 ,3400 , 6800,,5700 ,4000 , 7600,,6400 ,4600 , 8600,,7100 ,5300 , 9600,,7800 ,5900 , 11 000,,8400 ,6500 , 11 000,,8900 ,6900 , 12 000,,9400 ,7300 , 13 000,,9900 ,7700 , 13 000,,10 000 ,8100 , 14 000,,11 000 ,8600 , 14 000,,11 000 ,9000 , 15 000,,12 000 ,9300 , 15 000,,12 000 ,9600 , 16 000,,12 000 ,10 000 , 16 000,,13 000 ,11 000 , 17 000,,13 000 ,11 000 , 17 000,,14 000 ,11 000 , 17 000,,14 000 ,11 000 , 17 000,,14 000 ,11 000 , 18 000,,14 000 ,12 000 , 18 000,,14 000 ,12 000 , 18 000,,14 000 ,12 000 , 18 000,,14 000 ,12 000 , 18 000,,14 000 ,11 000 , 18 000,,14 000 ,12 000 , 18 000,,14 000 ,12 000 , 18 000,
Georgia,<100 ,<100 , <100,"Children estimates were not available at the time of publication.",<100 ,<100 , <100,"Children estimates were not available at the time of publication.",<100 ,<100 , <100,"Children estimates were not available at the time of publication.",<100 ,<100 , <100,"Children estimates were not available at the time of publication.",<100 ,<100 , <100,"Children estimates were not available at the time of publication.",<100 ,<100 , <100,"Children estimates were not available at the time of publication.",<100 ,<100 , <100,"Children estimates were not available at the time of publication.",<100 ,<100 , <100,"Children estimates were not available at the time of publication.",<100 ,<100 , <100,"Children estimates were not available at the time of publication.",<100 ,<100 , <100,"Children estimates were not available at the time of publication.",<100 ,<100 , <100,"Children estimates were not available at the time of publication.",<100 ,<100 , <100,"Children estimates were not available at the time of publication.",<100 ,<100 , <200,"Children estimates were not available at the time of publication.",<200 ,<200 , <200,"Children estimates were not available at the time of publication.",<200 ,<200 , <500,"Children estimates were not available at the time of publication.",<500 ,<500 , <500,"Children estimates were not available at the time of publication.",<500 ,<500 , <500,"Children estimates were not available at the time of publication.",<500 ,<500 , <500,"Children estimates were not available at the time of publication.",500 ,<500 , 550,"Children estimates were not available at the time of publication.",610 ,550 , 660,"Children estimates were not available at the time of publication.",720 ,650 , 780,"Children estimates were not available at the time of publication.",840 ,770 , 910,"Children estimates were not available at the time of publication.",960 ,880 , 1000,"Children estimates were not available at the time of publication.",1100 ,1000 , 1200,"Children estimates were not available at the time of publication.",1200 ,1100 , 1300,"Children estimates were not available at the time of publication.",1400 ,1300 , 1500,"Children estimates were not available at the time of publication.",1500 ,1400 , 1600,"Children estimates were not available at the time of publication.",1700 ,1600 , 1800,"Children estimates were not available at the time of publication.",1800 ,1700 , 1900,"Children estimates were not available at the time of publication.",2000 ,1900 , 2100,"Children estimates were not available at the time of publication.",2100 ,2000 , 2300,"Children estimates were not available at the time of publication.",2300 ,2100 , 2400,"Children estimates were not available at the time of publication.",2400 ,2300 , 2600,"Children estimates were not available at the time of publication.",2600 ,2400 , 2700,"Children estimates were not available at the time of publication.",2700 ,2500 , 2900,"Children estimates were not available at the time of publication."
Germany,... ,... , ...,,... ,... , ...,,... ,... , ...,,... ,... , ...,,... ,... , ...,,... ,... , ...,,... ,... , ...,,... ,... , ...,,... ,... , ...,,... ,... , ...,,... ,... , ...,,... ,... , ...,,... ,... , ...,,... ,... , ...,,... ,... , ...,,... ,... , ...,,... ,... , ...,,... ,... , ...,,... ,... , ...,,... ,... , ...,,11 000 ,9300 , 13 000,,12 000 ,9600 , 14 000,,12 000 ,9900 , 14 000,,12 000 ,10 000 , 15 000,,13 000 ,11 000 , 15 000,,14 000 ,11 000 , 16 000,,14 000 ,12 000 , 17 000,,15 000 ,12 000 , 17 000,,15 000 ,13 000 , 18 000,,16 000 ,13 000 , 18 000,,16 000 ,14 000 , 19 000,,17 000 ,14 000 , 20 000,,18 000 ,15 000 , 21 000,,19 000 ,16 000 , 22 000,,20 000 ,17 000 , 23 000,
Ghana,57 000 ,33 000 , 87 000,,71 000 ,45 000 , 100 000,,86 000 ,58 000 , 110 000,,100 000 ,73 000 , 130 000,,110 000 ,88 000 , 140 000,,130 000 ,100 000 , 150 000,,140 000 ,110 000 , 160 000,,140 000 ,130 000 , 170 000,,150 000 ,130 000 , 180 000,,160 000 ,140 000 , 180 000,,160 000 ,140 000 , 180 000,,160 000 ,150 000 , 190 000,,160 000 ,150 000 , 190 000,,170 000 ,150 000 , 190 000,,170 000 ,150 000 , 190 000,,170 000 ,150 000 , 190 000,,170 000 ,150 000 , 190 000,,170 000 ,150 000 , 190 000,,170 000 ,150 000 , 190 000,,170 000 ,150 000 , 190 000,,170 000 ,150 000 , 200 000,,170 000 ,150 000 , 200 000,,170 000 ,150 000 , 200 000,,180 000 ,160 000 , 210 000,,180 000 ,160 000 , 210 000,,190 000 ,170 000 , 210 000,,190 000 ,170 000 , 220 000,,190 000 ,170 000 , 220 000,,200 000 ,180 000 , 230 000,,200 000 ,180 000 , 230 000,,210 000 ,180 000 , 240 000,,210 000 ,180 000 , 250 000,,210 000 ,190 000 , 250 000,,220 000 ,190 000 , 260 000,,220 000 ,190 000 , 270 000,
Greece,<200 ,<200 , <500,"Children estimates were not available at the time of publication.",<500 ,<500 , <500,"Children estimates were not available at the time of publication.",<500 ,<500 , <500,"Children estimates were not available at the time of publication.",<500 ,<500 , <500,"Children estimates were not available at the time of publication.",<500 ,<500 , <500,"Children estimates were not available at the time of publication.",500 ,<500 , 580,"Children estimates were not available at the time of publication.",580 ,<500 , 660,"Children estimates were not available at the time of publication.",650 ,550 , 740,"Children estimates were not available at the time of publication.",720 ,620 , 810,"Children estimates were not available at the time of publication.",780 ,670 , 890,"Children estimates were not available at the time of publication.",850 ,730 , 960,"Children estimates were not available at the time of publication.",910 ,790 , 1000,"Children estimates were not available at the time of publication.",980 ,870 , 1100,"Children estimates were not available at the time of publication.",1100 ,950 , 1200,"Children estimates were not available at the time of publication.",1200 ,1100 , 1300,"Children estimates were not available at the time of publication.",1300 ,1200 , 1400,"Children estimates were not available at the time of publication.",1400 ,1300 , 1600,"Children estimates were not available at the time of publication.",1600 ,1400 , 1700,"Children estimates were not available at the time of publication.",1700 ,1500 , 1900,"Children estimates were not available at the time of publication.",1800 ,1600 , 2000,"Children estimates were not available at the time of publication.",1900 ,1700 , 2100,"Children estimates were not available at the time of publication.",2000 ,1800 , 2200,"Children estimates were not available at the time of publication.",2100 ,1900 , 2300,"Children estimates were not available at the time of publication.",2200 ,2000 , 2400,"Children estimates were not available at the time of publication.",2300 ,2100 , 2500,"Children estimates were not available at the time of publication.",2400 ,2100 , 2600,"Children estimates were not available at the time of publication.",2400 ,2200 , 2700,"Children estimates were not available at the time of publication.",2500 ,2300 , 2800,"Children estimates were not available at the time of publication.",2600 ,2300 , 2900,"Children estimates were not available at the time of publication.",2700 ,2400 , 3000,"Children estimates were not available at the time of publication.",2800 ,2500 , 3000,"Children estimates were not available at the time of publication.",2800 ,2500 , 3100,"Children estimates were not available at the time of publication.",2800 ,2500 , 3100,"Children estimates were not available at the time of publication.",2900 ,2600 , 3200,"Children estimates were not available at the time of publication.",2900 ,2600 , 3300,"Children estimates were not available at the time of publication."
Guatemala,3500 ,1900 , 8100,,4500 ,2500 , 8600,,5400 ,3200 , 9200,,6500 ,4000 , 10 000,,7500 ,4800 , 11 000,,8300 ,5700 , 12 000,,9100 ,6500 , 12 000,,9600 ,7100 , 13 000,,10 000 ,7600 , 13 000,,10 000 ,7700 , 14 000,,11 000 ,8100 , 14 000,,11 000 ,8100 , 14 000,,11 000 ,8100 , 14 000,,10 000 ,8000 , 13 000,,10 000 ,7800 , 13 000,,10 000 ,7600 , 12 000,,9800 ,7500 , 12 000,,9700 ,7500 , 12 000,,9800 ,7600 , 12 000,,9900 ,7700 , 12 000,,9900 ,7900 , 12 000,,10 000 ,7900 , 12 000,,10 000 ,8000 , 12 000,,10 000 ,8100 , 12 000,,10 000 ,8200 , 13 000,,10 000 ,8400 , 12 000,,10 000 ,8500 , 13 000,,10 000 ,8600 , 13 000,,11 000 ,8700 , 13 000,,11 000 ,8800 , 13 000,,11 000 ,9000 , 13 000,,11 000 ,9200 , 13 000,,11 000 ,9400 , 13 000,,11 000 ,9500 , 14 000,,12 000 ,9800 , 14 000,
Guinea,6100 ,2100 , 11 000,,8000 ,3500 , 14 000,,10 000 ,4700 , 16 000,,13 000 ,6100 , 19 000,,16 000 ,8400 , 23 000,,19 000 ,11 000 , 27 000,,23 000 ,14 000 , 31 000,,26 000 ,18 000 , 35 000,,29 000 ,22 000 , 39 000,,33 000 ,26 000 , 42 000,,36 000 ,29 000 , 44 000,,38 000 ,31 000 , 46 000,,40 000 ,34 000 , 48 000,,43 000 ,36 000 , 50 000,,44 000 ,37 000 , 52 000,,46 000 ,39 000 , 53 000,,48 000 ,41 000 , 54 000,,50 000 ,43 000 , 57 000,,52 000 ,45 000 , 58 000,,54 000 ,46 000 , 60 000,,56 000 ,49 000 , 63 000,,58 000 ,51 000 , 66 000,,60 000 ,53 000 , 69 000,,63 000 ,55 000 , 71 000,,65 000 ,57 000 , 73 000,,67 000 ,59 000 , 76 000,,69 000 ,61 000 , 78 000,,70 000 ,62 000 , 81 000,,72 000 ,63 000 , 83 000,,73 000 ,63 000 , 85 000,,75 000 ,64 000 , 87 000,,76 000 ,65 000 , 89 000,,78 000 ,66 000 , 91 000,,79 000 ,67 000 , 93 000,,80 000 ,68 000 , 95 000,
Guinea-Bissau,620 ,<500 , 920,,910 ,590 , 1300,,1300 ,870 , 1900,,1900 ,1300 , 2700,,2800 ,1900 , 3800,,4000 ,2700 , 5100,,5600 ,3700 , 6900,,7500 ,5300 , 9100,,9800 ,7300 , 12 000,,12 000 ,9300 , 14 000,,14 000 ,12 000 , 17 000,,16 000 ,14 000 , 19 000,,17 000 ,15 000 , 20 000,,18 000 ,16 000 , 21 000,,19 000 ,17 000 , 21 000,,19 000 ,17 000 , 22 000,,19 000 ,17 000 , 22 000,,20 000 ,18 000 , 22 000,,20 000 ,18 000 , 22 000,,20 000 ,18 000 , 22 000,,20 000 ,18 000 , 22 000,,20 000 ,18 000 , 22 000,,20 000 ,18 000 , 22 000,,20 000 ,18 000 , 23 000,,20 000 ,18 000 , 23 000,,21 000 ,18 000 , 23 000,,21 000 ,18 000 , 23 000,,21 000 ,18 000 , 23 000,,21 000 ,18 000 , 24 000,,21 000 ,18 000 , 24 000,,21 000 ,18 000 , 24 000,,21 000 ,18 000 , 24 000,,21 000 ,18 000 , 24 000,,21 000 ,18 000 , 25 000,,21 000 ,18 000 , 25 000,
Guyana,<500 ,<200 , 870,,<500 ,<500 , 1000,,650 ,<500 , 1300,,830 ,<500 , 1500,,1000 ,610 , 1800,,1200 ,740 , 1900,,1500 ,900 , 2100,,1700 ,1100 , 2400,,1900 ,1300 , 2700,,2100 ,1400 , 3000,,2300 ,1600 , 3300,,2400 ,1700 , 3500,,2500 ,1800 , 3600,,2600 ,1900 , 3700,,2600 ,1900 , 3800,,2700 ,2000 , 3900,,2700 ,2000 , 4000,,2800 ,2000 , 4100,,2800 ,2100 , 4100,,2900 ,2100 , 4200,,3000 ,2100 , 4400,,3000 ,2200 , 4500,,3200 ,2300 , 4800,,3300 ,2400 , 5000,,3400 ,2500 , 5400,,3600 ,2600 , 5500,,3700 ,2700 , 5800,,3900 ,2800 , 6000,,4200 ,3000 , 6400,,4300 ,3100 , 6600,,4500 ,3200 , 6800,,4700 ,3300 , 7100,,4800 ,3500 , 7300,,5000 ,3600 , 7500,,5200 ,3700 , 7700,
Haiti,39 000 ,29 000 , 53 000,,45 000 ,35 000 , 58 000,,50 000 ,39 000 , 63 000,,54 000 ,43 000 , 66 000,,57 000 ,46 000 , 70 000,,59 000 ,49 000 , 73 000,,60 000 ,50 000 , 74 000,,61 000 ,51 000 , 75 000,,62 000 ,52 000 , 75 000,,62 000 ,52 000 , 74 000,,63 000 ,52 000 , 74 000,,63 000 ,53 000 , 73 000,,62 000 ,54 000 , 72 000,,62 000 ,54 000 , 71 000,,61 000 ,54 000 , 70 000,,61 000 ,54 000 , 69 000,,60 000 ,54 000 , 68 000,,61 000 ,54 000 , 68 000,,61 000 ,55 000 , 69 000,,61 000 ,55 000 , 70 000,,61 000 ,56 000 , 69 000,,62 000 ,57 000 , 70 000,,62 000 ,57 000 , 70 000,,63 000 ,58 000 , 71 000,,64 000 ,59 000 , 72 000,,66 000 ,60 000 , 74 000,,67 000 ,61 000 , 75 000,,69 000 ,63 000 , 78 000,,72 000 ,65 000 , 80 000,,74 000 ,67 000 , 84 000,,77 000 ,69 000 , 88 000,,80 000 ,72 000 , 91 000,,82 000 ,74 000 , 95 000,,84 000 ,75 000 , 98 000,,86 000 ,76 000 , 100 000,
Honduras,5000 ,3700 , 6700,,6000 ,4500 , 8000,,7200 ,5500 , 9500,,8400 ,6600 , 11 000,,9500 ,7600 , 12 000,,11 000 ,8600 , 13 000,,11 000 ,9500 , 14 000,,12 000 ,10 000 , 15 000,,12 000 ,11 000 , 15 000,,13 000 ,11 000 , 15 000,,13 000 ,11 000 , 15 000,,13 000 ,11 000 , 14 000,,12 000 ,11 000 , 14 000,,12 000 ,10 000 , 13 000,,11 000 ,10 000 , 13 000,,11 000 ,9800 , 12 000,,11 000 ,9500 , 12 000,,10 000 ,9200 , 11 000,,9900 ,8900 , 11 000,,9600 ,8700 , 11 000,,9300 ,8500 , 10 000,,9100 ,8300 , 10 000,,8900 ,8200 , 9700,,8700 ,8000 , 9500,,8500 ,7900 , 9300,,8400 ,7700 , 9200,,8300 ,7600 , 9000,,8200 ,7500 , 8900,,8100 ,7300 , 8800,,7900 ,7200 , 8800,,7800 ,7000 , 8600,,7700 ,6900 , 8500,,7600 ,6800 , 8400,,7500 ,6700 , 8300,,7400 ,6600 , 8200,
Hungary,... ,... , ...,"Estimates were not available at the time of publication.",... ,... , ...,"Estimates were not available at the time of publication.",... ,... , ...,"Estimates were not available at the time of publication.",... ,... , ...,"Estimates were not available at the time of publication.",... ,... , ...,"Estimates were not available at the time of publication.",... ,... , ...,"Estimates were not available at the time of publication.",... ,... , ...,"Estimates were not available at the time of publication.",... ,... , ...,"Estimates were not available at the time of publication.",... ,... , ...,"Estimates were not available at the time of publication.",... ,... , ...,"Estimates were not available at the time of publication.",... ,... , ...,"Estimates were not available at the time of publication.",... ,... , ...,"Estimates were not available at the time of publication.",... ,... , ...,"Estimates were not available at the time of publication.",... ,... , ...,"Estimates were not available at the time of publication.",... ,... , ...,"Estimates were not available at the time of publication.",... ,... , ...,"Estimates were not available at the time of publication.",... ,... , ...,"Estimates were not available at the time of publication.",... ,... , ...,"Estimates were not available at the time of publication.",... ,... , ...,"Estimates were not available at the time of publication.",... ,... , ...,"Estimates were not available at the time of publication.",... ,... , ...,"Estimates were not available at the time of publication.",... ,... , ...,"Estimates were not available at the time of publication.",... ,... , ...,"Estimates were not available at the time of publication.",... ,... , ...,"Estimates were not available at the time of publication.",... ,... , ...,"Estimates were not available at the time of publication.",... ,... , ...,"Estimates were not available at the time of publication.",... ,... , ...,"Estimates were not available at the time of publication.",... ,... , ...,"Estimates were not available at the time of publication.",... ,... , ...,"Estimates were not available at the time of publication.",... ,... , ...,"Estimates were not available at the time of publication.",... ,... , ...,"Estimates were not available at the time of publication.",... ,... , ...,"Estimates were not available at the time of publication.",... ,... , ...,"Estimates were not available at the time of publication.",... ,... , ...,"Estimates were not available at the time of publication.",... ,... , ...,"Estimates were not available at the time of publication."
Iceland,<100 ,<100 , <100,"Children estimates were not available at the time of publication.",<100 ,<100 , <100,"Children estimates were not available at the time of publication.",<100 ,<100 , <100,"Children estimates were not available at the time of publication.",<100 ,<100 , <100,"Children estimates were not available at the time of publication.",<100 ,<100 , <100,"Children estimates were not available at the time of publication.",<100 ,<100 , <100,"Children estimates were not available at the time of publication.",<100 ,<100 , <100,"Children estimates were not available at the time of publication.",<100 ,<100 , <100,"Children estimates were not available at the time of publication.",<100 ,<100 , <100,"Children estimates were not available at the time of publication.",<100 ,<100 , <100,"Children estimates were not available at the time of publication.",<100 ,<100 , <100,"Children estimates were not available at the time of publication.",<100 ,<100 , <100,"Children estimates were not available at the time of publication.",<100 ,<100 , <100,"Children estimates were not available at the time of publication.",<100 ,<100 , <100,"Children estimates were not available at the time of publication.",<100 ,<100 , <100,"Children estimates were not available at the time of publication.",<100 ,<100 , <100,"Children estimates were not available at the time of publication.",<100 ,<100 , <100,"Children estimates were not available at the time of publication.",<100 ,<100 , <100,"Children estimates were not available at the time of publication.",<100 ,<100 , <100,"Children estimates were not available at the time of publication.",<100 ,<100 , <100,"Children estimates were not available at the time of publication.",<100 ,<100 , <100,"Children estimates were not available at the time of publication.",<100 ,<100 , <100,"Children estimates were not available at the time of publication.",<100 ,<100 , <100,"Children estimates were not available at the time of publication.",<100 ,<100 , <100,"Children estimates were not available at the time of publication.",<100 ,<100 , <100,"Children estimates were not available at the time of publication.",<100 ,<100 , <100,"Children estimates were not available at the time of publication.",<100 ,<100 , <100,"Children estimates were not available at the time of publication.",<100 ,<100 , <100,"Children estimates were not available at the time of publication.",<100 ,<100 , <200,"Children estimates were not available at the time of publication.",<100 ,<100 , <200,"Children estimates were not available at the time of publication.",<100 ,<100 , <200,"Children estimates were not available at the time of publication.",<200 ,<100 , <200,"Children estimates were not available at the time of publication.",<200 ,<100 , <200,"Children estimates were not available at the time of publication.",<200 ,<100 , <200,"Children estimates were not available at the time of publication.",<200 ,<200 , <200,"Children estimates were not available at the time of publication."
India,,,,,,,,,,,,,,,,,,,,,,,,,,,,,,,,,,,,,,,,,,,,,,,,,,,,,,,,,,,,,,,,,,,,,,,,,,,,,,,,,,,,,,,,,,,,,,,,,,,,,,,,,,,,,,,,,,,,,,,,,,,,,,,,,,,,,,,,,1 100 000 ,970 000 , 1 400 000,
Indonesia,<100 ,<100 , <100,,<100 ,<100 , <200,,<200 ,<200 , <200,,<500 ,<500 , <500,,<500 ,<500 , 550,,830 ,720 , 930,,1400 ,1200 , 1500,,2200 ,1900 , 2500,,3500 ,3100 , 4000,,5500 ,4800 , 6100,,8600 ,7500 , 9600,,13 000 ,12 000 , 15 000,,21 000 ,19 000 , 24 000,,30 000 ,27 000 , 34 000,,42 000 ,37 000 , 46 000,,54 000 ,49 000 , 60 000,,68 000 ,61 000 , 75 000,,82 000 ,74 000 , 91 000,,96 000 ,87 000 , 110 000,,110 000 ,99 000 , 120 000,,120 000 ,110 000 , 140 000,,140 000 ,120 000 , 150 000,,150 000 ,130 000 , 160 000,,160 000 ,140 000 , 170 000,,160 000 ,150 000 , 180 000,,170 000 ,150 000 , 190 000,,180 000 ,160 000 , 190 000,,180 000 ,160 000 , 190 000,,180 000 ,170 000 , 200 000,,180 000 ,170 000 , 200 000,,190 000 ,170 000 , 200 000,,180 000 ,170 000 , 200 000,,180 000 ,170 000 , 200 000,,180 000 ,160 000 , 200 000,,180 000 ,160 000 , 200 000,
Iran (Islamic Republic of),... ,... , ...,,... ,... , ...,,... ,... , ...,,... ,... , ...,,... ,... , ...,,... ,... , ...,,... ,... , ...,,... ,... , ...,,... ,... , ...,,... ,... , ...,,... ,... , ...,,... ,... , ...,,... ,... , ...,,... ,... , ...,,... ,... , ...,,... ,... , ...,,... ,... , ...,,... ,... , ...,,... ,... , ...,,... ,... , ...,,... ,... , ...,,... ,... , ...,,... ,... , ...,,... ,... , ...,,... ,... , ...,,... ,... , ...,,... ,... , ...,,... ,... , ...,,... ,... , ...,,... ,... , ...,,... ,... , ...,,... ,... , ...,,... ,... , ...,,... ,... , ...,,9600 ,7700 , 12 000,
Iraq,<100 ,<100 , <100,"Children estimates were not available at the time of publication.",<100 ,<100 , <100,"Children estimates were not available at the time of publication.",<100 ,<100 , <100,"Children estimates were not available at the time of publication.",<100 ,<100 , <100,"Children estimates were not available at the time of publication.",<100 ,<100 , <100,"Children estimates were not available at the time of publication.",<100 ,<100 , <100,"Children estimates were not available at the time of publication.",<100 ,<100 , <100,"Children estimates were not available at the time of publication.",<100 ,<100 , <100,"Children estimates were not available at the time of publication.",<100 ,<100 , <100,"Children estimates were not available at the time of publication.",<100 ,<100 , <100,"Children estimates were not available at the time of publication.",<100 ,<100 , <100,"Children estimates were not available at the time of publication.",<100 ,<100 , <200,"Children estimates were not available at the time of publication.",<100 ,<100 , <200,"Children estimates were not available at the time of publication.",<200 ,<100 , <200,"Children estimates were not available at the time of publication.",<200 ,<100 , <200,"Children estimates were not available at the time of publication.",<200 ,<200 , <200,"Children estimates were not available at the time of publication.",<200 ,<200 , <200,"Children estimates were not available at the time of publication.",<200 ,<200 , <200,"Children estimates were not available at the time of publication.",<200 ,<200 , <500,"Children estimates were not available at the time of publication.",<200 ,<200 , <500,"Children estimates were not available at the time of publication.",<200 ,<200 , <500,"Children estimates were not available at the time of publication.",<200 ,<200 , <500,"Children estimates were not available at the time of publication.",<200 ,<200 , <500,"Children estimates were not available at the time of publication.",<200 ,<200 , <500,"Children estimates were not available at the time of publication.",<200 ,<200 , <500,"Children estimates were not available at the time of publication.",<500 ,<200 , <500,"Children estimates were not available at the time of publication.",<500 ,<200 , <500,"Children estimates were not available at the time of publication.",<500 ,<200 , <500,"Children estimates were not available at the time of publication.",<500 ,<200 , <500,"Children estimates were not available at the time of publication.",<500 ,<500 , <500,"Children estimates were not available at the time of publication.",<500 ,<500 , <500,"Children estimates were not available at the time of publication.",<500 ,<500 , <500,"Children estimates were not available at the time of publication.",<500 ,<500 , 500,"Children estimates were not available at the time of publication.",<500 ,<500 , 630,"Children estimates were not available at the time of publication.",600 ,<500 , 760,"Children estimates were not available at the time of publication."
Ireland,<200 ,<200 , <500,,<500 ,<200 , <500,,<500 ,<500 , <500,,<500 ,<500 , <500,,<500 ,<500 , <500,,<500 ,<500 , <500,,<500 ,<500 , <500,,<500 ,<500 , 540,,550 ,<500 , 600,,620 ,560 , 680,,690 ,630 , 750,,770 ,700 , 840,,850 ,770 , 930,,920 ,840 , 1000,,1000 ,920 , 1100,,1100 ,1000 , 1200,,1200 ,1100 , 1300,,1300 ,1200 , 1400,,1400 ,1300 , 1500,,1500 ,1300 , 1600,,1500 ,1400 , 1700,,1600 ,1500 , 1800,,1700 ,1600 , 1900,,1800 ,1600 , 2000,,1900 ,1700 , 2000,,1900 ,1800 , 2100,,2000 ,1800 , 2200,,2100 ,1900 , 2300,,2200 ,2000 , 2400,,2200 ,2000 , 2500,,2300 ,2100 , 2600,,2400 ,2100 , 2600,,2500 ,2200 , 2800,,2700 ,2400 , 3100,,2900 ,2600 , 3300,
Israel,... ,... , ...,"Estimates were not available at the time of publication.",... ,... , ...,"Estimates were not available at the time of publication.",... ,... , ...,"Estimates were not available at the time of publication.",... ,... , ...,"Estimates were not available at the time of publication.",... ,... , ...,"Estimates were not available at the time of publication.",... ,... , ...,"Estimates were not available at the time of publication.",... ,... , ...,"Estimates were not available at the time of publication.",... ,... , ...,"Estimates were not available at the time of publication.",... ,... , ...,"Estimates were not available at the time of publication.",... ,... , ...,"Estimates were not available at the time of publication.",... ,... , ...,"Estimates were not available at the time of publication.",... ,... , ...,"Estimates were not available at the time of publication.",... ,... , ...,"Estimates were not available at the time of publication.",... ,... , ...,"Estimates were not available at the time of publication.",... ,... , ...,"Estimates were not available at the time of publication.",... ,... , ...,"Estimates were not available at the time of publication.",... ,... , ...,"Estimates were not available at the time of publication.",... ,... , ...,"Estimates were not available at the time of publication.",... ,... , ...,"Estimates were not available at the time of publication.",... ,... , ...,"Estimates were not available at the time of publication.",... ,... , ...,"Estimates were not available at the time of publication.",... ,... , ...,"Estimates were not available at the time of publication.",... ,... , ...,"Estimates were not available at the time of publication.",... ,... , ...,"Estimates were not available at the time of publication.",... ,... , ...,"Estimates were not available at the time of publication.",... ,... , ...,"Estimates were not available at the time of publication.",... ,... , ...,"Estimates were not available at the time of publication.",... ,... , ...,"Estimates were not available at the time of publication.",... ,... , ...,"Estimates were not available at the time of publication.",... ,... , ...,"Estimates were not available at the time of publication.",... ,... , ...,"Estimates were not available at the time of publication.",... ,... , ...,"Estimates were not available at the time of publication.",... ,... , ...,"Estimates were not available at the time of publication.",... ,... , ...,"Estimates were not available at the time of publication.",... ,... , ...,"Estimates were not available at the time of publication."
Italy,16 000 ,13 000 , 18 000,,16 000 ,14 000 , 19 000,,17 000 ,14 000 , 19 000,,17 000 ,15 000 , 19 000,,17 000 ,15 000 , 19 000,,17 000 ,15 000 , 19 000,,17 000 ,15 000 , 19 000,,17 000 ,15 000 , 19 000,,18 000 ,16 000 , 20 000,,19 000 ,17 000 , 20 000,,19 000 ,17 000 , 21 000,,20 000 ,18 000 , 22 000,,21 000 ,19 000 , 24 000,,23 000 ,20 000 , 25 000,,24 000 ,21 000 , 26 000,,25 000 ,22 000 , 28 000,,26 000 ,23 000 , 29 000,,27 000 ,24 000 , 30 000,,28 000 ,25 000 , 32 000,,29 000 ,26 000 , 33 000,,30 000 ,27 000 , 34 000,,31 000 ,28 000 , 36 000,,32 000 ,28 000 , 37 000,,33 000 ,29 000 , 38 000,,34 000 ,30 000 , 39 000,,35 000 ,30 000 , 40 000,,36 000 ,31 000 , 41 000,,36 000 ,31 000 , 41 000,,37 000 ,32 000 , 42 000,,38 000 ,32 000 , 43 000,,38 000 ,33 000 , 44 000,,39 000 ,33 000 , 45 000,,39 000 ,34 000 , 46 000,,40 000 ,34 000 , 46 000,,40 000 ,34 000 , 47 000,
Jamaica,2100 ,1300 , 3200,,3000 ,1900 , 4200,,3900 ,2800 , 5400,,5000 ,3700 , 6600,,6200 ,4700 , 7900,,7300 ,5900 , 9000,,8400 ,6900 , 10 000,,9400 ,7900 , 11 000,,10 000 ,8700 , 12 000,,11 000 ,9400 , 13 000,,11 000 ,10 000 , 13 000,,12 000 ,10 000 , 13 000,,12 000 ,11 000 , 13 000,,12 000 ,11 000 , 13 000,,12 000 ,11 000 , 13 000,,12 000 ,11 000 , 13 000,,12 000 ,11 000 , 13 000,,12 000 ,11 000 , 13 000,,12 000 ,11 000 , 13 000,,12 000 ,11 000 , 13 000,,12 000 ,11 000 , 13 000,,12 000 ,11 000 , 14 000,,12 000 ,11 000 , 14 000,,12 000 ,12 000 , 14 000,,13 000 ,12 000 , 14 000,,13 000 ,12 000 , 14 000,,13 000 ,12 000 , 14 000,,13 000 ,12 000 , 14 000,,13 000 ,12 000 , 14 000,,13 000 ,12 000 , 14 000,,13 000 ,12 000 , 14 000,,13 000 ,12 000 , 15 000,,13 000 ,12 000 , 15 000,,13 000 ,12 000 , 15 000,,13 000 ,12 000 , 15 000,
Japan,... ,... , ...,"Estimates were not available at the time of publication.",... ,... , ...,"Estimates were not available at the time of publication.",... ,... , ...,"Estimates were not available at the time of publication.",... ,... , ...,"Estimates were not available at the time of publication.",... ,... , ...,"Estimates were not available at the time of publication.",... ,... , ...,"Estimates were not available at the time of publication.",... ,... , ...,"Estimates were not available at the time of publication.",... ,... , ...,"Estimates were not available at the time of publication.",... ,... , ...,"Estimates were not available at the time of publication.",... ,... , ...,"Estimates were not available at the time of publication.",... ,... , ...,"Estimates were not available at the time of publication.",... ,... , ...,"Estimates were not available at the time of publication.",... ,... , ...,"Estimates were not available at the time of publication.",... ,... , ...,"Estimates were not available at the time of publication.",... ,... , ...,"Estimates were not available at the time of publication.",... ,... , ...,"Estimates were not available at the time of publication.",... ,... , ...,"Estimates were not available at the time of publication.",... ,... , ...,"Estimates were not available at the time of publication.",... ,... , ...,"Estimates were not available at the time of publication.",... ,... , ...,"Estimates were not available at the time of publication.",... ,... , ...,"Estimates were not available at the time of publication.",... ,... , ...,"Estimates were not available at the time of publication.",... ,... , ...,"Estimates were not available at the time of publication.",... ,... , ...,"Estimates were not available at the time of publication.",... ,... , ...,"Estimates were not available at the time of publication.",... ,... , ...,"Estimates were not available at the time of publication.",... ,... , ...,"Estimates were not available at the time of publication.",... ,... , ...,"Estimates were not available at the time of publication.",... ,... , ...,"Estimates were not available at the time of publication.",... ,... , ...,"Estimates were not available at the time of publication.",... ,... , ...,"Estimates were not available at the time of publication.",... ,... , ...,"Estimates were not available at the time of publication.",... ,... , ...,"Estimates were not available at the time of publication.",... ,... , ...,"Estimates were not available at the time of publication.",... ,... , ...,"Estimates were not available at the time of publication."
Jordan,<100 ,<100 , <100,"Children estimates were not available at the time of publication.",<100 ,<100 , <100,"Children estimates were not available at the time of publication.",<100 ,<100 , <100,"Children estimates were not available at the time of publication.",<100 ,<100 , <100,"Children estimates were not available at the time of publication.",<100 ,<100 , <100,"Children estimates were not available at the time of publication.",<100 ,<100 , <100,"Children estimates were not available at the time of publication.",<100 ,<100 , <100,"Children estimates were not available at the time of publication.",<100 ,<100 , <100,"Children estimates were not available at the time of publication.",<100 ,<100 , <100,"Children estimates were not available at the time of publication.",<100 ,<100 , <100,"Children estimates were not available at the time of publication.",<100 ,<100 , <100,"Children estimates were not available at the time of publication.",<100 ,<100 , <100,"Children estimates were not available at the time of publication.",<100 ,<100 , <100,"Children estimates were not available at the time of publication.",<100 ,<100 , <100,"Children estimates were not available at the time of publication.",<100 ,<100 , <100,"Children estimates were not available at the time of publication.",<100 ,<100 , <100,"Children estimates were not available at the time of publication.",<100 ,<100 , <100,"Children estimates were not available at the time of publication.",<100 ,<100 , <100,"Children estimates were not available at the time of publication.",<100 ,<100 , <100,"Children estimates were not available at the time of publication.",<100 ,<100 , <100,"Children estimates were not available at the time of publication.",<100 ,<100 , <100,"Children estimates were not available at the time of publication.",<100 ,<100 , <100,"Children estimates were not available at the time of publication.",<100 ,<100 , <100,"Children estimates were not available at the time of publication.",<100 ,<100 , <100,"Children estimates were not available at the time of publication.",<100 ,<100 , <100,"Children estimates were not available at the time of publication.",<100 ,<100 , <200,"Children estimates were not available at the time of publication.",<100 ,<100 , <200,"Children estimates were not available at the time of publication.",<100 ,<100 , <200,"Children estimates were not available at the time of publication.",<200 ,<100 , <200,"Children estimates were not available at the time of publication.",<200 ,<100 , <200,"Children estimates were not available at the time of publication.",<200 ,<100 , <200,"Children estimates were not available at the time of publication.",<200 ,<100 , <200,"Children estimates were not available at the time of publication.",<200 ,<100 , <200,"Children estimates were not available at the time of publication.",<200 ,<200 , <200,"Children estimates were not available at the time of publication.",<200 ,<200 , <200,"Children estimates were not available at the time of publication."
Kazakhstan,<100 ,<100 , <100,,<100 ,<100 , <100,,<100 ,<100 , <100,,<100 ,<100 , <100,,<200 ,<100 , <200,,<200 ,<200 , <200,,<500 ,<500 , <500,,<500 ,<500 , <500,,550 ,<500 , 630,,770 ,700 , 880,,1100 ,980 , 1200,,1500 ,1300 , 1600,,1900 ,1800 , 2100,,2400 ,2200 , 2600,,3000 ,2700 , 3200,,3600 ,3300 , 3900,,4300 ,4000 , 4600,,5000 ,4700 , 5400,,5700 ,5400 , 6200,,6600 ,6200 , 7100,,7400 ,7000 , 8000,,8300 ,7900 , 9000,,9300 ,8800 , 10 000,,10 000 ,9700 , 11 000,,11 000 ,11 000 , 12 000,,12 000 ,12 000 , 13 000,,13 000 ,13 000 , 14 000,,15 000 ,14 000 , 16 000,,16 000 ,15 000 , 17 000,,17 000 ,16 000 , 18 000,,17 000 ,16 000 , 19 000,,18 000 ,17 000 , 20 000,,19 000 ,18 000 , 21 000,,20 000 ,18 000 , 22 000,,21 000 ,19 000 , 23 000,
Kenya,360 000 ,320 000 , 420 000,,470 000 ,420 000 , 550 000,,590 000 ,530 000 , 680 000,,690 000 ,620 000 , 800 000,,770 000 ,690 000 , 890 000,,830 000 ,740 000 , 960 000,,870 000 ,780 000 , 1 000 000,,890 000 ,800 000 , 1 000 000,,900 000 ,810 000 , 1 000 000,,900 000 ,810 000 , 1 000 000,,890 000 ,800 000 , 1 000 000,,870 000 ,780 000 , 1 000 000,,850 000 ,760 000 , 980 000,,830 000 ,740 000 , 950 000,,800 000 ,720 000 , 930 000,,780 000 ,700 000 , 900 000,,770 000 ,690 000 , 890 000,,760 000 ,680 000 , 880 000,,760 000 ,680 000 , 870 000,,750 000 ,670 000 , 870 000,,760 000 ,680 000 , 870 000,,760 000 ,680 000 , 880 000,,770 000 ,690 000 , 890 000,,780 000 ,700 000 , 900 000,,790 000 ,710 000 , 910 000,,800 000 ,710 000 , 920 000,,800 000 ,720 000 , 930 000,,810 000 ,720 000 , 930 000,,810 000 ,730 000 , 940 000,,820 000 ,730 000 , 940 000,,820 000 ,730 000 , 940 000,,820 000 ,740 000 , 950 000,,830 000 ,740 000 , 950 000,,830 000 ,740 000 , 960 000,,840 000 ,750 000 , 960 000,
Kiribati,... ,... , ...,,... ,... , ...,,... ,... , ...,,... ,... , ...,,... ,... , ...,,... ,... , ...,,... ,... , ...,,... ,... , ...,,... ,... , ...,,... ,... , ...,,... ,... , ...,,... ,... , ...,,... ,... , ...,,... ,... , ...,,... ,... , ...,,... ,... , ...,,... ,... , ...,,... ,... , ...,,... ,... , ...,,... ,... , ...,,... ,... , ...,,... ,... , ...,,... ,... , ...,,... ,... , ...,,... ,... , ...,,... ,... , ...,,... ,... , ...,,... ,... , ...,,... ,... , ...,,... ,... , ...,,... ,... , ...,,... ,... , ...,,... ,... , ...,,... ,... , ...,,... ,... , ...,
Kuwait,<100 ,<100 , <100,"Children estimates were not available at the time of publication.",<100 ,<100 , <100,"Children estimates were not available at the time of publication.",<100 ,<100 , <100,"Children estimates were not available at the time of publication.",<100 ,<100 , <100,"Children estimates were not available at the time of publication.",<100 ,<100 , <100,"Children estimates were not available at the time of publication.",<100 ,<100 , <100,"Children estimates were not available at the time of publication.",<100 ,<100 , <100,"Children estimates were not available at the time of publication.",<100 ,<100 , <100,"Children estimates were not available at the time of publication.",<100 ,<100 , <100,"Children estimates were not available at the time of publication.",<100 ,<100 , <100,"Children estimates were not available at the time of publication.",<100 ,<100 , <100,"Children estimates were not available at the time of publication.",<100 ,<100 , <100,"Children estimates were not available at the time of publication.",<100 ,<100 , <100,"Children estimates were not available at the time of publication.",<100 ,<100 , <100,"Children estimates were not available at the time of publication.",<100 ,<100 , <100,"Children estimates were not available at the time of publication.",<100 ,<100 , <200,"Children estimates were not available at the time of publication.",<200 ,<100 , <200,"Children estimates were not available at the time of publication.",<200 ,<100 , <200,"Children estimates were not available at the time of publication.",<200 ,<100 , <200,"Children estimates were not available at the time of publication.",<200 ,<200 , <200,"Children estimates were not available at the time of publication.",<200 ,<200 , <200,"Children estimates were not available at the time of publication.",<200 ,<200 , <200,"Children estimates were not available at the time of publication.",<200 ,<200 , <500,"Children estimates were not available at the time of publication.",<200 ,<200 , <500,"Children estimates were not available at the time of publication.",<500 ,<200 , <500,"Children estimates were not available at the time of publication.",<500 ,<200 , <500,"Children estimates were not available at the time of publication.",<500 ,<200 , <500,"Children estimates were not available at the time of publication.",<500 ,<200 , <500,"Children estimates were not available at the time of publication.",<500 ,<200 , <500,"Children estimates were not available at the time of publication.",<500 ,<200 , <500,"Children estimates were not available at the time of publication.",<500 ,<200 , <500,"Children estimates were not available at the time of publication.",<500 ,<200 , <500,"Children estimates were not available at the time of publication.",<500 ,<200 , <500,"Children estimates were not available at the time of publication.",<500 ,<500 , <500,"Children estimates were not available at the time of publication.",<500 ,<500 , <500,"Children estimates were not available at the time of publication."
Kyrgyzstan,<100 ,<100 , <100,,<100 ,<100 , <100,,<100 ,<100 , <100,,<100 ,<100 , <100,,<100 ,<100 , <100,,<100 ,<100 , <100,,<100 ,<100 , <100,,<100 ,<100 , <100,,<100 ,<100 , <100,,<100 ,<100 , <100,,<100 ,<100 , <100,,<500 ,<200 , 770,,<500 ,<200 , 680,,<500 ,<500 , 560,,<500 ,<500 , 580,,<500 ,<500 , 670,,620 ,<500 , 830,,780 ,620 , 1000,,970 ,800 , 1200,,1200 ,1000 , 1400,,1400 ,1200 , 1700,,1600 ,1500 , 1900,,1900 ,1700 , 2200,,2100 ,1900 , 2400,,2400 ,2200 , 2700,,2600 ,2400 , 2900,,2900 ,2700 , 3200,,3200 ,2900 , 3500,,3500 ,3200 , 3700,,3700 ,3500 , 4000,,4000 ,3700 , 4300,,4300 ,4000 , 4600,,4600 ,4200 , 4900,,4800 ,4500 , 5200,,5100 ,4700 , 5500,
Lao People's Democratic Republic,<100 ,<100 , <100,,<100 ,<100 , <100,,<100 ,<100 , <100,,<100 ,<100 , <100,,<100 ,<100 , <100,,<200 ,<200 , <200,,<200 ,<200 , <500,,<500 ,<500 , <500,,<500 ,<500 , <500,,600 ,540 , 670,,790 ,700 , 880,,1000 ,890 , 1100,,1300 ,1100 , 1400,,1500 ,1300 , 1700,,1700 ,1600 , 1900,,2000 ,1800 , 2200,,2300 ,2000 , 2500,,2600 ,2300 , 2800,,2900 ,2600 , 3200,,3200 ,2900 , 3500,,3500 ,3100 , 3800,,3800 ,3400 , 4200,,4100 ,3700 , 4500,,4400 ,3900 , 4800,,4700 ,4200 , 5100,,4900 ,4500 , 5400,,5200 ,4700 , 5700,,5500 ,5000 , 6100,,5800 ,5200 , 6400,,6000 ,5400 , 6600,,6200 ,5600 , 6900,,6500 ,5800 , 7100,,6700 ,6000 , 7300,,6900 ,6200 , 7600,,7100 ,6400 , 7800,
Latvia,<500 ,<200 , <500,"Children estimates were not available at the time of publication.",<500 ,<200 , <500,"Children estimates were not available at the time of publication.",<500 ,<200 , <500,"Children estimates were not available at the time of publication.",<500 ,<200 , <500,"Children estimates were not available at the time of publication.",<500 ,<500 , 550,"Children estimates were not available at the time of publication.",<500 ,<500 , 590,"Children estimates were not available at the time of publication.",<500 ,<500 , 600,"Children estimates were not available at the time of publication.",540 ,<500 , 680,"Children estimates were not available at the time of publication.",710 ,590 , 880,"Children estimates were not available at the time of publication.",980 ,820 , 1200,"Children estimates were not available at the time of publication.",1100 ,970 , 1300,"Children estimates were not available at the time of publication.",1300 ,1100 , 1400,"Children estimates were not available at the time of publication.",1400 ,1200 , 1600,"Children estimates were not available at the time of publication.",1500 ,1400 , 1700,"Children estimates were not available at the time of publication.",1600 ,1500 , 1800,"Children estimates were not available at the time of publication.",1700 ,1600 , 1900,"Children estimates were not available at the time of publication.",1800 ,1700 , 2000,"Children estimates were not available at the time of publication.",1900 ,1700 , 2100,"Children estimates were not available at the time of publication.",2000 ,1800 , 2100,"Children estimates were not available at the time of publication.",2000 ,1900 , 2200,"Children estimates were not available at the time of publication.",2000 ,1900 , 2200,"Children estimates were not available at the time of publication.",2100 ,1900 , 2200,"Children estimates were not available at the time of publication.",2100 ,2000 , 2300,"Children estimates were not available at the time of publication.",2100 ,2000 , 2300,"Children estimates were not available at the time of publication.",2100 ,2000 , 2300,"Children estimates were not available at the time of publication.",2200 ,2000 , 2300,"Children estimates were not available at the time of publication.",2200 ,2000 , 2300,"Children estimates were not available at the time of publication.",2200 ,2100 , 2400,"Children estimates were not available at the time of publication.",2200 ,2100 , 2400,"Children estimates were not available at the time of publication.",2300 ,2100 , 2400,"Children estimates were not available at the time of publication.",2300 ,2100 , 2400,"Children estimates were not available at the time of publication.",2300 ,2100 , 2400,"Children estimates were not available at the time of publication.",2300 ,2100 , 2500,"Children estimates were not available at the time of publication.",2300 ,2100 , 2400,"Children estimates were not available at the time of publication.",2200 ,2000 , 2400,"Children estimates were not available at the time of publication."
Lebanon,<100 ,<100 , <200,"Children estimates were not available at the time of publication.",<100 ,<100 , <200,"Children estimates were not available at the time of publication.",<200 ,<100 , <200,"Children estimates were not available at the time of publication.",<200 ,<100 , <200,"Children estimates were not available at the time of publication.",<200 ,<200 , <200,"Children estimates were not available at the time of publication.",<200 ,<200 , <200,"Children estimates were not available at the time of publication.",<200 ,<200 , <200,"Children estimates were not available at the time of publication.",<200 ,<200 , <200,"Children estimates were not available at the time of publication.",<200 ,<200 , <200,"Children estimates were not available at the time of publication.",<200 ,<200 , <200,"Children estimates were not available at the time of publication.",<200 ,<200 , <200,"Children estimates were not available at the time of publication.",<200 ,<200 , <200,"Children estimates were not available at the time of publication.",<200 ,<200 , <200,"Children estimates were not available at the time of publication.",<200 ,<200 , <200,"Children estimates were not available at the time of publication.",<200 ,<200 , <500,"Children estimates were not available at the time of publication.",<200 ,<200 , <500,"Children estimates were not available at the time of publication.",<500 ,<200 , <500,"Children estimates were not available at the time of publication.",<500 ,<200 , <500,"Children estimates were not available at the time of publication.",<500 ,<200 , <500,"Children estimates were not available at the time of publication.",<500 ,<200 , <500,"Children estimates were not available at the time of publication.",<500 ,<200 , <500,"Children estimates were not available at the time of publication.",<500 ,<500 , <500,"Children estimates were not available at the time of publication.",<500 ,<500 , <500,"Children estimates were not available at the time of publication.",<500 ,<500 , <500,"Children estimates were not available at the time of publication.",<500 ,<500 , <500,"Children estimates were not available at the time of publication.",<500 ,<500 , <500,"Children estimates were not available at the time of publication.",<500 ,<500 , <500,"Children estimates were not available at the time of publication.",<500 ,<500 , <500,"Children estimates were not available at the time of publication.",<500 ,<500 , <500,"Children estimates were not available at the time of publication.",<500 ,<500 , <500,"Children estimates were not available at the time of publication.",<500 ,<500 , <500,"Children estimates were not available at the time of publication.",<500 ,<500 , <500,"Children estimates were not available at the time of publication.",<500 ,<500 , <500,"Children estimates were not available at the time of publication.",<500 ,<500 , <500,"Children estimates were not available at the time of publication.",<500 ,<500 , <500,"Children estimates were not available at the time of publication."
Lesotho,11 000 ,8300 , 14 000,,18 000 ,14 000 , 22 000,,28 000 ,24 000 , 34 000,,42 000 ,35 000 , 49 000,,57 000 ,50 000 , 68 000,,74 000 ,65 000 , 87 000,,89 000 ,79 000 , 100 000,,100 000 ,92 000 , 120 000,,110 000 ,100 000 , 130 000,,120 000 ,110 000 , 130 000,,130 000 ,120 000 , 140 000,,130 000 ,120 000 , 150 000,,140 000 ,120 000 , 150 000,,140 000 ,130 000 , 150 000,,140 000 ,130 000 , 150 000,,140 000 ,130 000 , 160 000,,140 000 ,130 000 , 160 000,,150 000 ,140 000 , 160 000,,150 000 ,140 000 , 170 000,,150 000 ,140 000 , 170 000,,160 000 ,150 000 , 180 000,,160 000 ,150 000 , 180 000,,170 000 ,150 000 , 180 000,,170 000 ,160 000 , 190 000,,170 000 ,160 000 , 190 000,,170 000 ,160 000 , 190 000,,170 000 ,160 000 , 190 000,,170 000 ,160 000 , 190 000,,170 000 ,160 000 , 190 000,,170 000 ,150 000 , 190 000,,170 000 ,150 000 , 190 000,,160 000 ,150 000 , 190 000,,160 000 ,150 000 , 180 000,,160 000 ,150 000 , 180 000,,160 000 ,150 000 , 180 000,
Liberia,9300 ,4000 , 17 000,,12 000 ,6100 , 21 000,,15 000 ,8100 , 23 000,,17 000 ,10 000 , 25 000,,17 000 ,12 000 , 24 000,,18 000 ,13 000 , 25 000,,19 000 ,14 000 , 25 000,,22 000 ,18 000 , 28 000,,24 000 ,19 000 , 30 000,,24 000 ,20 000 , 30 000,,25 000 ,21 000 , 30 000,,24 000 ,21 000 , 29 000,,24 000 ,21 000 , 28 000,,23 000 ,20 000 , 27 000,,22 000 ,20 000 , 26 000,,22 000 ,20 000 , 26 000,,23 000 ,20 000 , 26 000,,22 000 ,20 000 , 26 000,,22 000 ,19 000 , 26 000,,22 000 ,19 000 , 25 000,,22 000 ,19 000 , 25 000,,22 000 ,19 000 , 26 000,,22 000 ,19 000 , 25 000,,22 000 ,19 000 , 25 000,,21 000 ,18 000 , 25 000,,21 000 ,18 000 , 25 000,,21 000 ,18 000 , 24 000,,21 000 ,18 000 , 24 000,,21 000 ,18 000 , 24 000,,21 000 ,18 000 , 25 000,,21 000 ,18 000 , 25 000,,21 000 ,18 000 , 25 000,,21 000 ,18 000 , 26 000,,21 000 ,18 000 , 26 000,,21 000 ,18 000 , 26 000,
Libya,<100 ,<100 , <100,,<100 ,<100 , <100,,<100 ,<100 , <100,,<100 ,<100 , <100,,<100 ,<100 , <100,,<100 ,<100 , <200,,<200 ,<100 , <200,,<200 ,<200 , <500,,<500 ,<200 , <500,,<500 ,<500 , <500,,<500 ,<500 , <500,,<500 ,<500 , 530,,580 ,500 , 640,,680 ,600 , 760,,800 ,710 , 880,,920 ,820 , 1000,,1000 ,940 , 1100,,1200 ,1100 , 1200,,1300 ,1200 , 1400,,1400 ,1300 , 1500,,1600 ,1500 , 1600,,1500 ,1400 , 1600,,1600 ,1500 , 1700,,1700 ,1600 , 1800,,1800 ,1700 , 2000,,2000 ,1800 , 2100,,2100 ,1900 , 2200,,2200 ,2100 , 2300,,2300 ,2100 , 2500,,2400 ,2200 , 2600,,2500 ,2300 , 2700,,2600 ,2400 , 2900,,2700 ,2500 , 3000,,2800 ,2500 , 3100,,2900 ,2600 , 3300,
Lithuania,<200 ,<100 , <200,"Children estimates were not available at the time of publication.",<200 ,<200 , <200,"Children estimates were not available at the time of publication.",<200 ,<200 , <200,"Children estimates were not available at the time of publication.",<200 ,<200 , <200,"Children estimates were not available at the time of publication.",<200 ,<200 , <500,"Children estimates were not available at the time of publication.",<200 ,<200 , <500,"Children estimates were not available at the time of publication.",<500 ,<200 , <500,"Children estimates were not available at the time of publication.",<500 ,<200 , <500,"Children estimates were not available at the time of publication.",<500 ,<500 , <500,"Children estimates were not available at the time of publication.",<500 ,<500 , <500,"Children estimates were not available at the time of publication.",<500 ,<500 , <500,"Children estimates were not available at the time of publication.",<500 ,<500 , <500,"Children estimates were not available at the time of publication.",<500 ,<500 , <500,"Children estimates were not available at the time of publication.",<500 ,<500 , <500,"Children estimates were not available at the time of publication.",<500 ,<500 , <500,"Children estimates were not available at the time of publication.",<500 ,<500 , <500,"Children estimates were not available at the time of publication.",<500 ,<500 , <500,"Children estimates were not available at the time of publication.",<500 ,<500 , 510,"Children estimates were not available at the time of publication.",<500 ,<500 , 550,"Children estimates were not available at the time of publication.",520 ,<500 , 580,"Children estimates were not available at the time of publication.",530 ,<500 , 590,"Children estimates were not available at the time of publication.",560 ,510 , 610,"Children estimates were not available at the time of publication.",580 ,530 , 640,"Children estimates were not available at the time of publication.",620 ,560 , 680,"Children estimates were not available at the time of publication.",660 ,600 , 710,"Children estimates were not available at the time of publication.",690 ,620 , 740,"Children estimates were not available at the time of publication.",710 ,650 , 760,"Children estimates were not available at the time of publication.",730 ,670 , 780,"Children estimates were not available at the time of publication.",770 ,700 , 820,"Children estimates were not available at the time of publication.",800 ,720 , 860,"Children estimates were not available at the time of publication.",830 ,750 , 900,"Children estimates were not available at the time of publication.",870 ,760 , 950,"Children estimates were not available at the time of publication.",890 ,770 , 990,"Children estimates were not available at the time of publication.",940 ,800 , 1100,"Children estimates were not available at the time of publication.",970 ,800 , 1100,"Children estimates were not available at the time of publication."
Luxembourg,<100 ,<100 , <100,"Children estimates were not available at the time of publication.",<100 ,<100 , <100,"Children estimates were not available at the time of publication.",<100 ,<100 , <100,"Children estimates were not available at the time of publication.",<100 ,<100 , <100,"Children estimates were not available at the time of publication.",<100 ,<100 , <100,"Children estimates were not available at the time of publication.",<100 ,<100 , <100,"Children estimates were not available at the time of publication.",<100 ,<100 , <100,"Children estimates were not available at the time of publication.",<100 ,<100 , <100,"Children estimates were not available at the time of publication.",<100 ,<100 , <200,"Children estimates were not available at the time of publication.",<100 ,<100 , <200,"Children estimates were not available at the time of publication.",<200 ,<100 , <200,"Children estimates were not available at the time of publication.",<200 ,<200 , <200,"Children estimates were not available at the time of publication.",<200 ,<200 , <200,"Children estimates were not available at the time of publication.",<200 ,<200 , <200,"Children estimates were not available at the time of publication.",<200 ,<200 , <200,"Children estimates were not available at the time of publication.",<200 ,<200 , <200,"Children estimates were not available at the time of publication.",<200 ,<200 , <200,"Children estimates were not available at the time of publication.",<200 ,<200 , <200,"Children estimates were not available at the time of publication.",<200 ,<200 , <500,"Children estimates were not available at the time of publication.",<200 ,<200 , <500,"Children estimates were not available at the time of publication.",<500 ,<200 , <500,"Children estimates were not available at the time of publication.",<500 ,<500 , <500,"Children estimates were not available at the time of publication.",<500 ,<500 , <500,"Children estimates were not available at the time of publication.",<500 ,<500 , <500,"Children estimates were not available at the time of publication.",<500 ,<500 , <500,"Children estimates were not available at the time of publication.",<500 ,<500 , <500,"Children estimates were not available at the time of publication.",<500 ,<500 , <500,"Children estimates were not available at the time of publication.",<500 ,<500 , <500,"Children estimates were not available at the time of publication.",<500 ,<500 , <500,"Children estimates were not available at the time of publication.",<500 ,<500 , <500,"Children estimates were not available at the time of publication.",<500 ,<500 , <500,"Children estimates were not available at the time of publication.",<500 ,<500 , <500,"Children estimates were not available at the time of publication.",<500 ,<500 , <500,"Children estimates were not available at the time of publication.",<500 ,<500 , 510,"Children estimates were not available at the time of publication.",<500 ,<500 , 560,"Children estimates were not available at the time of publication."
Madagascar,<200 ,<100 , <500,,<200 ,<100 , <500,,<500 ,<100 , <500,,<500 ,<100 , 570,,<500 ,<200 , 750,,<500 ,<200 , 970,,630 ,<500 , 1200,,790 ,<500 , 1600,,1000 ,<500 , 2000,,1300 ,650 , 2500,,1600 ,870 , 3100,,2100 ,1100 , 3800,,2600 ,1500 , 4500,,3300 ,2000 , 5400,,4000 ,2500 , 6300,,5000 ,3200 , 7300,,6000 ,4100 , 8600,,7100 ,5000 , 9700,,8300 ,5900 , 11 000,,9500 ,6900 , 12 000,,11 000 ,8100 , 14 000,,12 000 ,9100 , 15 000,,13 000 ,10 000 , 16 000,,14 000 ,11 000 , 17 000,,15 000 ,12 000 , 19 000,,16 000 ,13 000 , 20 000,,18 000 ,14 000 , 22 000,,19 000 ,16 000 , 25 000,,21 000 ,17 000 , 27 000,,23 000 ,18 000 , 29 000,,25 000 ,20 000 , 33 000,,27 000 ,22 000 , 36 000,,30 000 ,23 000 , 39 000,,35 000 ,27 000 , 45 000,,40 000 ,31 000 , 53 000,
Malawi,220 000 ,210 000 , 230 000,,270 000 ,260 000 , 280 000,,320 000 ,310 000 , 340 000,,360 000 ,340 000 , 380 000,,380 000 ,370 000 , 400 000,,420 000 ,400 000 , 440 000,,440 000 ,420 000 , 470 000,,460 000 ,440 000 , 490 000,,480 000 ,460 000 , 510 000,,480 000 ,460 000 , 510 000,,490 000 ,460 000 , 510 000,,480 000 ,460 000 , 510 000,,480 000 ,460 000 , 500 000,,470 000 ,450 000 , 500 000,,460 000 ,440 000 , 490 000,,460 000 ,440 000 , 480 000,,460 000 ,430 000 , 480 000,,460 000 ,430 000 , 480 000,,470 000 ,440 000 , 500 000,,480 000 ,460 000 , 510 000,,490 000 ,470 000 , 520 000,,510 000 ,480 000 , 540 000,,520 000 ,500 000 , 560 000,,540 000 ,510 000 , 570 000,,550 000 ,530 000 , 590 000,,560 000 ,540 000 , 610 000,,580 000 ,550 000 , 620 000,,590 000 ,560 000 , 630 000,,590 000 ,570 000 , 640 000,,600 000 ,570 000 , 650 000,,600 000 ,570 000 , 650 000,,600 000 ,570 000 , 660 000,,610 000 ,570 000 , 660 000,,610 000 ,570 000 , 660 000,,610 000 ,570 000 , 660 000,
Malaysia,750 ,600 , 890,,1200 ,990 , 1400,,1700 ,1400 , 2000,,2300 ,1900 , 2600,,2800 ,2400 , 3300,,3400 ,2900 , 3900,,4000 ,3300 , 4600,,4600 ,3900 , 5200,,5100 ,4400 , 5800,,5700 ,4800 , 6400,,6100 ,5300 , 7000,,6500 ,5700 , 7400,,7000 ,6000 , 7900,,7400 ,6500 , 8400,,8000 ,7000 , 9000,,8500 ,7500 , 9600,,9100 ,8100 , 10 000,,9800 ,8600 , 11 000,,11 000 ,9300 , 12 000,,11 000 ,10 000 , 12 000,,12 000 ,11 000 , 13 000,,12 000 ,11 000 , 14 000,,13 000 ,12 000 , 14 000,,13 000 ,12 000 , 15 000,,14 000 ,12 000 , 15 000,,14 000 ,13 000 , 15 000,,14 000 ,13 000 , 16 000,,15 000 ,13 000 , 16 000,,15 000 ,13 000 , 16 000,,15 000 ,13 000 , 17 000,,15 000 ,14 000 , 17 000,,16 000 ,14 000 , 17 000,,16 000 ,14 000 , 17 000,,16 000 ,14 000 , 18 000,,16 000 ,14 000 , 18 000,
Maldives,<100 ,<100 , <100,"Children estimates were not available at the time of publication.",<100 ,<100 , <100,"Children estimates were not available at the time of publication.",<100 ,<100 , <100,"Children estimates were not available at the time of publication.",<100 ,<100 , <100,"Children estimates were not available at the time of publication.",<100 ,<100 , <100,"Children estimates were not available at the time of publication.",<100 ,<100 , <100,"Children estimates were not available at the time of publication.",<100 ,<100 , <100,"Children estimates were not available at the time of publication.",<100 ,<100 , <100,"Children estimates were not available at the time of publication.",<100 ,<100 , <100,"Children estimates were not available at the time of publication.",<100 ,<100 , <100,"Children estimates were not available at the time of publication.",<100 ,<100 , <100,"Children estimates were not available at the time of publication.",<100 ,<100 , <100,"Children estimates were not available at the time of publication.",<100 ,<100 , <100,"Children estimates were not available at the time of publication.",<100 ,<100 , <100,"Children estimates were not available at the time of publication.",<100 ,<100 , <100,"Children estimates were not available at the time of publication.",<100 ,<100 , <100,"Children estimates were not available at the time of publication.",<100 ,<100 , <100,"Children estimates were not available at the time of publication.",<100 ,<100 , <100,"Children estimates were not available at the time of publication.",<100 ,<100 , <100,"Children estimates were not available at the time of publication.",<100 ,<100 , <100,"Children estimates were not available at the time of publication.",<100 ,<100 , <100,"Children estimates were not available at the time of publication.",<100 ,<100 , <100,"Children estimates were not available at the time of publication.",<100 ,<100 , <100,"Children estimates were not available at the time of publication.",<100 ,<100 , <100,"Children estimates were not available at the time of publication.",<100 ,<100 , <100,"Children estimates were not available at the time of publication.",<100 ,<100 , <100,"Children estimates were not available at the time of publication.",<100 ,<100 , <100,"Children estimates were not available at the time of publication.",<100 ,<100 , <100,"Children estimates were not available at the time of publication.",<100 ,<100 , <100,"Children estimates were not available at the time of publication.",<100 ,<100 , <100,"Children estimates were not available at the time of publication.",<100 ,<100 , <100,"Children estimates were not available at the time of publication.",<100 ,<100 , <100,"Children estimates were not available at the time of publication.",<100 ,<100 , <100,"Children estimates were not available at the time of publication.",<100 ,<100 , <100,"Children estimates were not available at the time of publication.",<100 ,<100 , <100,"Children estimates were not available at the time of publication."
Mali,24 000 ,11 000 , 44 000,,29 000 ,15 000 , 49 000,,34 000 ,20 000 , 53 000,,39 000 ,24 000 , 56 000,,43 000 ,30 000 , 62 000,,47 000 ,34 000 , 64 000,,50 000 ,37 000 , 65 000,,52 000 ,41 000 , 66 000,,54 000 ,43 000 , 66 000,,55 000 ,46 000 , 67 000,,56 000 ,47 000 , 67 000,,56 000 ,48 000 , 68 000,,57 000 ,49 000 , 67 000,,57 000 ,49 000 , 67 000,,57 000 ,50 000 , 66 000,,57 000 ,50 000 , 67 000,,58 000 ,51 000 , 68 000,,58 000 ,52 000 , 69 000,,60 000 ,53 000 , 71 000,,61 000 ,54 000 , 73 000,,61 000 ,55 000 , 74 000,,62 000 ,55 000 , 75 000,,62 000 ,56 000 , 75 000,,63 000 ,56 000 , 77 000,,64 000 ,56 000 , 78 000,,64 000 ,57 000 , 79 000,,64 000 ,57 000 , 79 000,,65 000 ,57 000 , 79 000,,65 000 ,57 000 , 79 000,,65 000 ,57 000 , 79 000,,65 000 ,57 000 , 79 000,,65 000 ,56 000 , 79 000,,65 000 ,56 000 , 79 000,,65 000 ,56 000 , 79 000,,65 000 ,56 000 , 79 000,
Malta,<100 ,<100 , <100,"Children estimates were not available at the time of publication.",<100 ,<100 , <100,"Children estimates were not available at the time of publication.",<100 ,<100 , <100,"Children estimates were not available at the time of publication.",<100 ,<100 , <100,"Children estimates were not available at the time of publication.",<100 ,<100 , <100,"Children estimates were not available at the time of publication.",<100 ,<100 , <100,"Children estimates were not available at the time of publication.",<100 ,<100 , <100,"Children estimates were not available at the time of publication.",<100 ,<100 , <100,"Children estimates were not available at the time of publication.",<100 ,<100 , <100,"Children estimates were not available at the time of publication.",<100 ,<100 , <100,"Children estimates were not available at the time of publication.",<100 ,<100 , <100,"Children estimates were not available at the time of publication.",<100 ,<100 , <100,"Children estimates were not available at the time of publication.",<100 ,<100 , <100,"Children estimates were not available at the time of publication.",<100 ,<100 , <100,"Children estimates were not available at the time of publication.",<100 ,<100 , <100,"Children estimates were not available at the time of publication.",<100 ,<100 , <100,"Children estimates were not available at the time of publication.",<100 ,<100 , <100,"Children estimates were not available at the time of publication.",<100 ,<100 , <100,"Children estimates were not available at the time of publication.",<100 ,<100 , <100,"Children estimates were not available at the time of publication.",<100 ,<100 , <100,"Children estimates were not available at the time of publication.",<100 ,<100 , <200,"Children estimates were not available at the time of publication.",<100 ,<100 , <200,"Children estimates were not available at the time of publication.",<200 ,<100 , <200,"Children estimates were not available at the time of publication.",<200 ,<100 , <200,"Children estimates were not available at the time of publication.",<200 ,<200 , <200,"Children estimates were not available at the time of publication.",<200 ,<200 , <200,"Children estimates were not available at the time of publication.",<200 ,<200 , <200,"Children estimates were not available at the time of publication.",<200 ,<200 , <200,"Children estimates were not available at the time of publication.",<200 ,<200 , <200,"Children estimates were not available at the time of publication.",<200 ,<200 , <200,"Children estimates were not available at the time of publication.",<200 ,<200 , <200,"Children estimates were not available at the time of publication.",<200 ,<200 , <200,"Children estimates were not available at the time of publication.",<200 ,<200 , <500,"Children estimates were not available at the time of publication.",<200 ,<200 , <500,"Children estimates were not available at the time of publication.",<200 ,<200 , <500,"Children estimates were not available at the time of publication."
Marshall Islands,... ,... , ...,,... ,... , ...,,... ,... , ...,,... ,... , ...,,... ,... , ...,,... ,... , ...,,... ,... , ...,,... ,... , ...,,... ,... , ...,,... ,... , ...,,... ,... , ...,,... ,... , ...,,... ,... , ...,,... ,... , ...,,... ,... , ...,,... ,... , ...,,... ,... , ...,,... ,... , ...,,... ,... , ...,,... ,... , ...,,... ,... , ...,,... ,... , ...,,... ,... , ...,,... ,... , ...,,... ,... , ...,,... ,... , ...,,... ,... , ...,,... ,... , ...,,... ,... , ...,,... ,... , ...,,... ,... , ...,,... ,... , ...,,... ,... , ...,,... ,... , ...,,... ,... , ...,
Mauritania,900 ,560 , 2000,,1200 ,760 , 2300,,1500 ,1000 , 2700,,1900 ,1300 , 3100,,2300 ,1700 , 3500,,2600 ,2000 , 3700,,3000 ,2300 , 4100,,3400 ,2600 , 4500,,3700 ,2900 , 4800,,4100 ,3200 , 5000,,4300 ,3500 , 5300,,4500 ,3700 , 5400,,4600 ,3800 , 5400,,4600 ,3900 , 5500,,4600 ,3900 , 5300,,4500 ,3900 , 5200,,4400 ,3800 , 5100,,4300 ,3700 , 5000,,4300 ,3700 , 4900,,4200 ,3600 , 4800,,4100 ,3500 , 4700,,3900 ,3400 , 4600,,3800 ,3300 , 4400,,3600 ,3200 , 4300,,3500 ,3100 , 4200,,3400 ,3000 , 4100,,3300 ,2900 , 4000,,3200 ,2800 , 3900,,3200 ,2700 , 3900,,3100 ,2700 , 3800,,3100 ,2600 , 3800,,3100 ,2600 , 3700,,3100 ,2600 , 3700,,3100 ,2600 , 3700,,3100 ,2600 , 3700,
Mauritius,... ,... , ...,"Estimates were not available at the time of publication.",... ,... , ...,"Estimates were not available at the time of publication.",... ,... , ...,"Estimates were not available at the time of publication.",... ,... , ...,"Estimates were not available at the time of publication.",... ,... , ...,"Estimates were not available at the time of publication.",... ,... , ...,"Estimates were not available at the time of publication.",... ,... , ...,"Estimates were not available at the time of publication.",... ,... , ...,"Estimates were not available at the time of publication.",... ,... , ...,"Estimates were not available at the time of publication.",... ,... , ...,"Estimates were not available at the time of publication.",... ,... , ...,"Estimates were not available at the time of publication.",... ,... , ...,"Estimates were not available at the time of publication.",... ,... , ...,"Estimates were not available at the time of publication.",... ,... , ...,"Estimates were not available at the time of publication.",... ,... , ...,"Estimates were not available at the time of publication.",... ,... , ...,"Estimates were not available at the time of publication.",... ,... , ...,"Estimates were not available at the time of publication.",... ,... , ...,"Estimates were not available at the time of publication.",... ,... , ...,"Estimates were not available at the time of publication.",... ,... , ...,"Estimates were not available at the time of publication.",... ,... , ...,"Estimates were not available at the time of publication.",... ,... , ...,"Estimates were not available at the time of publication.",... ,... , ...,"Estimates were not available at the time of publication.",... ,... , ...,"Estimates were not available at the time of publication.",... ,... , ...,"Estimates were not available at the time of publication.",... ,... , ...,"Estimates were not available at the time of publication.",... ,... , ...,"Estimates were not available at the time of publication.",... ,... , ...,"Estimates were not available at the time of publication.",... ,... , ...,"Estimates were not available at the time of publication.",... ,... , ...,"Estimates were not available at the time of publication.",... ,... , ...,"Estimates were not available at the time of publication.",... ,... , ...,"Estimates were not available at the time of publication.",... ,... , ...,"Estimates were not available at the time of publication.",... ,... , ...,"Estimates were not available at the time of publication.",... ,... , ...,"Estimates were not available at the time of publication."
Mexico,5200 ,4200 , 6500,,6800 ,5800 , 7900,,8300 ,7400 , 9500,,9900 ,8900 , 11 000,,11 000 ,10 000 , 12 000,,13 000 ,12 000 , 14 000,,14 000 ,13 000 , 15 000,,16 000 ,15 000 , 17 000,,17 000 ,16 000 , 18 000,,19 000 ,17 000 , 20 000,,20 000 ,19 000 , 21 000,,21 000 ,20 000 , 22 000,,23 000 ,21 000 , 24 000,,24 000 ,23 000 , 26 000,,26 000 ,24 000 , 28 000,,28 000 ,26 000 , 29 000,,30 000 ,28 000 , 31 000,,31 000 ,30 000 , 33 000,,33 000 ,31 000 , 35 000,,36 000 ,33 000 , 38 000,,38 000 ,35 000 , 40 000,,40 000 ,37 000 , 42 000,,42 000 ,39 000 , 44 000,,44 000 ,41 000 , 47 000,,47 000 ,44 000 , 50 000,,49 000 ,46 000 , 53 000,,52 000 ,48 000 , 55 000,,54 000 ,50 000 , 58 000,,56 000 ,52 000 , 60 000,,59 000 ,54 000 , 63 000,,61 000 ,56 000 , 66 000,,64 000 ,58 000 , 69 000,,66 000 ,60 000 , 72 000,,68 000 ,61 000 , 75 000,,70 000 ,63 000 , 78 000,
Mongolia,<100 ,<100 , <100,"Children estimates were not available at the time of publication.",<100 ,<100 , <100,"Children estimates were not available at the time of publication.",<100 ,<100 , <100,"Children estimates were not available at the time of publication.",<100 ,<100 , <100,"Children estimates were not available at the time of publication.",<100 ,<100 , <100,"Children estimates were not available at the time of publication.",<100 ,<100 , <100,"Children estimates were not available at the time of publication.",<100 ,<100 , <100,"Children estimates were not available at the time of publication.",<100 ,<100 , <100,"Children estimates were not available at the time of publication.",<100 ,<100 , <100,"Children estimates were not available at the time of publication.",<100 ,<100 , <100,"Children estimates were not available at the time of publication.",<100 ,<100 , <100,"Children estimates were not available at the time of publication.",<100 ,<100 , <100,"Children estimates were not available at the time of publication.",<100 ,<100 , <100,"Children estimates were not available at the time of publication.",<100 ,<100 , <100,"Children estimates were not available at the time of publication.",<100 ,<100 , <100,"Children estimates were not available at the time of publication.",<100 ,<100 , <100,"Children estimates were not available at the time of publication.",<100 ,<100 , <100,"Children estimates were not available at the time of publication.",<100 ,<100 , <100,"Children estimates were not available at the time of publication.",<100 ,<100 , <100,"Children estimates were not available at the time of publication.",<100 ,<100 , <100,"Children estimates were not available at the time of publication.",<100 ,<100 , <100,"Children estimates were not available at the time of publication.",<100 ,<100 , <100,"Children estimates were not available at the time of publication.",<100 ,<100 , <100,"Children estimates were not available at the time of publication.",<100 ,<100 , <100,"Children estimates were not available at the time of publication.",<100 ,<100 , <100,"Children estimates were not available at the time of publication.",<100 ,<100 , <100,"Children estimates were not available at the time of publication.",<100 ,<100 , <100,"Children estimates were not available at the time of publication.",<100 ,<100 , <200,"Children estimates were not available at the time of publication.",<100 ,<100 , <200,"Children estimates were not available at the time of publication.",<100 ,<100 , <200,"Children estimates were not available at the time of publication.",<100 ,<100 , <200,"Children estimates were not available at the time of publication.",<200 ,<100 , <200,"Children estimates were not available at the time of publication.",<200 ,<100 , <200,"Children estimates were not available at the time of publication.",<200 ,<100 , <200,"Children estimates were not available at the time of publication.",<200 ,<100 , <200,"Children estimates were not available at the time of publication."
Montenegro,<100 ,<100 , <100,"Children estimates were not available at the time of publication.",<100 ,<100 , <100,"Children estimates were not available at the time of publication.",<100 ,<100 , <100,"Children estimates were not available at the time of publication.",<100 ,<100 , <100,"Children estimates were not available at the time of publication.",<100 ,<100 , <100,"Children estimates were not available at the time of publication.",<100 ,<100 , <100,"Children estimates were not available at the time of publication.",<100 ,<100 , <100,"Children estimates were not available at the time of publication.",<100 ,<100 , <100,"Children estimates were not available at the time of publication.",<100 ,<100 , <100,"Children estimates were not available at the time of publication.",<100 ,<100 , <100,"Children estimates were not available at the time of publication.",<100 ,<100 , <100,"Children estimates were not available at the time of publication.",<100 ,<100 , <100,"Children estimates were not available at the time of publication.",<100 ,<100 , <100,"Children estimates were not available at the time of publication.",<100 ,<100 , <100,"Children estimates were not available at the time of publication.",<100 ,<100 , <100,"Children estimates were not available at the time of publication.",<100 ,<100 , <100,"Children estimates were not available at the time of publication.",<100 ,<100 , <100,"Children estimates were not available at the time of publication.",<100 ,<100 , <100,"Children estimates were not available at the time of publication.",<100 ,<100 , <100,"Children estimates were not available at the time of publication.",<100 ,<100 , <100,"Children estimates were not available at the time of publication.",<100 ,<100 , <100,"Children estimates were not available at the time of publication.",<100 ,<100 , <100,"Children estimates were not available at the time of publication.",<100 ,<100 , <100,"Children estimates were not available at the time of publication.",<100 ,<100 , <100,"Children estimates were not available at the time of publication.",<100 ,<100 , <100,"Children estimates were not available at the time of publication.",<100 ,<100 , <100,"Children estimates were not available at the time of publication.",<100 ,<100 , <100,"Children estimates were not available at the time of publication.",<100 ,<100 , <100,"Children estimates were not available at the time of publication.",<100 ,<100 , <100,"Children estimates were not available at the time of publication.",<100 ,<100 , <100,"Children estimates were not available at the time of publication.",<100 ,<100 , <100,"Children estimates were not available at the time of publication.",<100 ,<100 , <100,"Children estimates were not available at the time of publication.",<100 ,<100 , <100,"Children estimates were not available at the time of publication.",<100 ,<100 , <100,"Children estimates were not available at the time of publication.",<100 ,<100 , <100,"Children estimates were not available at the time of publication."
Morocco,1000 ,640 , 1800,,1200 ,800 , 2100,,1500 ,1000 , 2300,,1800 ,1200 , 2600,,2100 ,1500 , 3000,,2500 ,1800 , 3300,,2900 ,2200 , 3800,,3300 ,2500 , 4100,,3700 ,2900 , 4600,,4100 ,3400 , 5100,,4600 ,3800 , 5600,,5000 ,4200 , 6000,,5400 ,4600 , 6400,,5700 ,4900 , 6700,,6100 ,5300 , 7100,,6400 ,5700 , 7400,,6700 ,6000 , 7700,,6900 ,6200 , 7900,,7100 ,6500 , 8100,,7300 ,6600 , 8300,,7500 ,6800 , 8400,,7700 ,6900 , 8500,,7800 ,7000 , 8700,,7900 ,7200 , 8800,,8100 ,7300 , 8900,,8200 ,7400 , 9000,,8300 ,7500 , 9100,,8300 ,7600 , 9200,,8400 ,7700 , 9200,,8500 ,7700 , 9300,,8600 ,7800 , 9400,,8600 ,7900 , 9500,,8700 ,7900 , 9600,,8700 ,7900 , 9700,,8800 ,8000 , 9800,
Mozambique,67 000 ,49 000 , 89 000,,89 000 ,68 000 , 110 000,,110 000 ,90 000 , 140 000,,150 000 ,120 000 , 180 000,,190 000 ,160 000 , 240 000,,240 000 ,200 000 , 280 000,,290 000 ,250 000 , 340 000,,340 000 ,300 000 , 390 000,,390 000 ,350 000 , 440 000,,440 000 ,400 000 , 500 000,,490 000 ,440 000 , 550 000,,540 000 ,490 000 , 600 000,,580 000 ,530 000 , 640 000,,620 000 ,570 000 , 690 000,,650 000 ,600 000 , 720 000,,680 000 ,630 000 , 760 000,,710 000 ,660 000 , 790 000,,750 000 ,690 000 , 820 000,,790 000 ,730 000 , 860 000,,820 000 ,770 000 , 900 000,,870 000 ,810 000 , 930 000,,910 000 ,860 000 , 990 000,,960 000 ,900 000 , 1 000 000,,1 000 000 ,950 000 , 1 100 000,,1 100 000 ,1 000 000 , 1 100 000,,1 100 000 ,1 100 000 , 1 200 000,,1 200 000 ,1 100 000 , 1 300 000,,1 200 000 ,1 100 000 , 1 300 000,,1 300 000 ,1 200 000 , 1 400 000,,1 300 000 ,1 200 000 , 1 400 000,,1 400 000 ,1 300 000 , 1 500 000,,1 400 000 ,1 300 000 , 1 500 000,,1 400 000 ,1 300 000 , 1 600 000,,1 500 000 ,1 400 000 , 1 600 000,,1 500 000 ,1 400 000 , 1 700 000,
Myanmar,1700 ,1400 , 1900,,3200 ,2700 , 3700,,5600 ,4700 , 6600,,8500 ,7200 , 9800,,12 000 ,10 000 , 14 000,,16 000 ,14 000 , 18 000,,20 000 ,17 000 , 23 000,,25 000 ,22 000 , 28 000,,31 000 ,27 000 , 35 000,,38 000 ,33 000 , 42 000,,45 000 ,40 000 , 50 000,,53 000 ,47 000 , 59 000,,60 000 ,54 000 , 67 000,,67 000 ,60 000 , 75 000,,73 000 ,65 000 , 81 000,,78 000 ,70 000 , 87 000,,83 000 ,74 000 , 92 000,,87 000 ,78 000 , 97 000,,90 000 ,81 000 , 100 000,,93 000 ,84 000 , 100 000,,96 000 ,86 000 , 110 000,,98 000 ,88 000 , 110 000,,100 000 ,90 000 , 110 000,,100 000 ,92 000 , 120 000,,110 000 ,93 000 , 120 000,,110 000 ,94 000 , 120 000,,110 000 ,95 000 , 130 000,,110 000 ,95 000 , 130 000,,110 000 ,95 000 , 130 000,,110 000 ,94 000 , 140 000,,110 000 ,93 000 , 140 000,,110 000 ,92 000 , 140 000,,120 000 ,92 000 , 140 000,,120 000 ,91 000 , 140 000,,120 000 ,90 000 , 150 000,
Namibia,9500 ,8100 , 11 000,,14 000 ,12 000 , 16 000,,19 000 ,17 000 , 22 000,,27 000 ,24 000 , 30 000,,35 000 ,32 000 , 39 000,,44 000 ,40 000 , 49 000,,54 000 ,49 000 , 60 000,,63 000 ,58 000 , 69 000,,71 000 ,66 000 , 78 000,,78 000 ,72 000 , 85 000,,83 000 ,78 000 , 91 000,,88 000 ,81 000 , 95 000,,90 000 ,84 000 , 98 000,,92 000 ,86 000 , 100 000,,94 000 ,88 000 , 100 000,,95 000 ,89 000 , 100 000,,97 000 ,91 000 , 100 000,,99 000 ,93 000 , 110 000,,100 000 ,95 000 , 110 000,,110 000 ,98 000 , 110 000,,110 000 ,100 000 , 120 000,,110 000 ,100 000 , 120 000,,110 000 ,110 000 , 130 000,,120 000 ,110 000 , 130 000,,120 000 ,110 000 , 130 000,,120 000 ,110 000 , 140 000,,130 000 ,120 000 , 140 000,,130 000 ,120 000 , 140 000,,130 000 ,120 000 , 150 000,,130 000 ,120 000 , 150 000,,130 000 ,120 000 , 150 000,,130 000 ,120 000 , 150 000,,140 000 ,120 000 , 150 000,,140 000 ,130 000 , 150 000,,140 000 ,130 000 , 160 000,
Nepal,<100 ,<100 , <100,,<100 ,<100 , <100,,<100 ,<100 , <100,,<100 ,<100 , <100,,<100 ,<100 , <100,,<200 ,<200 , <500,,<500 ,<500 , <500,,690 ,600 , 780,,1200 ,1100 , 1400,,2100 ,1800 , 2400,,3100 ,2700 , 3500,,4200 ,3700 , 4800,,5500 ,4800 , 6200,,6600 ,5900 , 7500,,7700 ,6900 , 8700,,8800 ,7900 , 9800,,9700 ,8700 , 11 000,,11 000 ,9500 , 12 000,,11 000 ,10 000 , 12 000,,12 000 ,11 000 , 13 000,,13 000 ,12 000 , 14 000,,13 000 ,12 000 , 14 000,,14 000 ,13 000 , 15 000,,14 000 ,13 000 , 15 000,,14 000 ,13 000 , 15 000,,14 000 ,13 000 , 16 000,,14 000 ,13 000 , 16 000,,14 000 ,13 000 , 16 000,,14 000 ,13 000 , 16 000,,14 000 ,13 000 , 16 000,,14 000 ,13 000 , 15 000,,14 000 ,13 000 , 15 000,,14 000 ,13 000 , 15 000,,14 000 ,13 000 , 15 000,,14 000 ,13 000 , 15 000,
Netherlands,1300 ,1100 , 1500,,1300 ,1100 , 1500,,1300 ,1100 , 1500,,1300 ,1100 , 1500,,1300 ,1100 , 1500,,1300 ,1100 , 1500,,1400 ,1200 , 1600,,1500 ,1300 , 1700,,1600 ,1400 , 1800,,1800 ,1500 , 2000,,1900 ,1700 , 2100,,2100 ,1800 , 2300,,2200 ,2000 , 2500,,2400 ,2100 , 2700,,2600 ,2300 , 2800,,2700 ,2400 , 3000,,2900 ,2600 , 3200,,3100 ,2700 , 3400,,3300 ,2900 , 3700,,3500 ,3100 , 3800,,3600 ,3300 , 4000,,3800 ,3400 , 4200,,3900 ,3500 , 4400,,4100 ,3600 , 4500,,4200 ,3700 , 4700,,4300 ,3800 , 4800,,4300 ,3900 , 4900,,4400 ,3900 , 4900,,4400 ,3900 , 5000,,4500 ,4000 , 5100,,4500 ,4000 , 5100,,4600 ,4000 , 5200,,4700 ,4000 , 5400,,4700 ,4100 , 5500,,... ,... , ...,
New Zealand,<200 ,<200 , <200,"Children estimates were not available at the time of publication.",<200 ,<200 , <200,"Children estimates were not available at the time of publication.",<200 ,<200 , <200,"Children estimates were not available at the time of publication.",<200 ,<200 , <200,"Children estimates were not available at the time of publication.",<200 ,<200 , <200,"Children estimates were not available at the time of publication.",<200 ,<200 , <200,"Children estimates were not available at the time of publication.",<200 ,<200 , <200,"Children estimates were not available at the time of publication.",<200 ,<200 , <200,"Children estimates were not available at the time of publication.",<200 ,<200 , <500,"Children estimates were not available at the time of publication.",<500 ,<200 , <500,"Children estimates were not available at the time of publication.",<500 ,<200 , <500,"Children estimates were not available at the time of publication.",<500 ,<500 , <500,"Children estimates were not available at the time of publication.",<500 ,<500 , <500,"Children estimates were not available at the time of publication.",<500 ,<500 , <500,"Children estimates were not available at the time of publication.",<500 ,<500 , <500,"Children estimates were not available at the time of publication.",<500 ,<500 , <500,"Children estimates were not available at the time of publication.",<500 ,<500 , <500,"Children estimates were not available at the time of publication.",<500 ,<500 , <500,"Children estimates were not available at the time of publication.",<500 ,<500 , <500,"Children estimates were not available at the time of publication.",<500 ,<500 , <500,"Children estimates were not available at the time of publication.",<500 ,<500 , <500,"Children estimates were not available at the time of publication.",<500 ,<500 , 500,"Children estimates were not available at the time of publication.",<500 ,<500 , 530,"Children estimates were not available at the time of publication.",500 ,<500 , 570,"Children estimates were not available at the time of publication.",520 ,<500 , 590,"Children estimates were not available at the time of publication.",550 ,<500 , 620,"Children estimates were not available at the time of publication.",580 ,510 , 650,"Children estimates were not available at the time of publication.",600 ,530 , 680,"Children estimates were not available at the time of publication.",620 ,550 , 690,"Children estimates were not available at the time of publication.",640 ,570 , 720,"Children estimates were not available at the time of publication.",660 ,580 , 730,"Children estimates were not available at the time of publication.",670 ,580 , 750,"Children estimates were not available at the time of publication.",670 ,590 , 760,"Children estimates were not available at the time of publication.",680 ,590 , 760,"Children estimates were not available at the time of publication.",730 ,640 , 810,"Children estimates were not available at the time of publication."
Nicaragua,... ,... , ...,"Estimates were not available at the time of publication.",... ,... , ...,"Estimates were not available at the time of publication.",... ,... , ...,"Estimates were not available at the time of publication.",... ,... , ...,"Estimates were not available at the time of publication.",... ,... , ...,"Estimates were not available at the time of publication.",... ,... , ...,"Estimates were not available at the time of publication.",... ,... , ...,"Estimates were not available at the time of publication.",... ,... , ...,"Estimates were not available at the time of publication.",... ,... , ...,"Estimates were not available at the time of publication.",... ,... , ...,"Estimates were not available at the time of publication.",... ,... , ...,"Estimates were not available at the time of publication.",... ,... , ...,"Estimates were not available at the time of publication.",... ,... , ...,"Estimates were not available at the time of publication.",... ,... , ...,"Estimates were not available at the time of publication.",... ,... , ...,"Estimates were not available at the time of publication.",... ,... , ...,"Estimates were not available at the time of publication.",... ,... , ...,"Estimates were not available at the time of publication.",... ,... , ...,"Estimates were not available at the time of publication.",... ,... , ...,"Estimates were not available at the time of publication.",... ,... , ...,"Estimates were not available at the time of publication.",... ,... , ...,"Estimates were not available at the time of publication.",... ,... , ...,"Estimates were not available at the time of publication.",... ,... , ...,"Estimates were not available at the time of publication.",... ,... , ...,"Estimates were not available at the time of publication.",... ,... , ...,"Estimates were not available at the time of publication.",... ,... , ...,"Estimates were not available at the time of publication.",... ,... , ...,"Estimates were not available at the time of publication.",... ,... , ...,"Estimates were not available at the time of publication.",... ,... , ...,"Estimates were not available at the time of publication.",... ,... , ...,"Estimates were not available at the time of publication.",... ,... , ...,"Estimates were not available at the time of publication.",... ,... , ...,"Estimates were not available at the time of publication.",... ,... , ...,"Estimates were not available at the time of publication.",... ,... , ...,"Estimates were not available at the time of publication.",... ,... , ...,"Estimates were not available at the time of publication."
Niger,3900 ,2600 , 5300,,5400 ,3700 , 7100,,7200 ,5300 , 9300,,9100 ,7100 , 12 000,,11 000 ,9000 , 14 000,,13 000 ,11 000 , 16 000,,15 000 ,12 000 , 18 000,,16 000 ,14 000 , 19 000,,17 000 ,15 000 , 20 000,,18 000 ,15 000 , 21 000,,18 000 ,16 000 , 21 000,,18 000 ,16 000 , 21 000,,18 000 ,15 000 , 21 000,,17 000 ,15 000 , 20 000,,17 000 ,15 000 , 19 000,,16 000 ,14 000 , 19 000,,16 000 ,14 000 , 18 000,,15 000 ,13 000 , 17 000,,15 000 ,13 000 , 17 000,,15 000 ,13 000 , 17 000,,14 000 ,13 000 , 16 000,,14 000 ,13 000 , 16 000,,14 000 ,13 000 , 16 000,,15 000 ,13 000 , 17 000,,15 000 ,13 000 , 17 000,,15 000 ,13 000 , 17 000,,15 000 ,14 000 , 17 000,,15 000 ,14 000 , 17 000,,15 000 ,14 000 , 17 000,,16 000 ,14 000 , 17 000,,16 000 ,14 000 , 18 000,,16 000 ,14 000 , 18 000,,16 000 ,14 000 , 18 000,,16 000 ,15 000 , 19 000,,17 000 ,15 000 , 19 000,
Nigeria,250 000 ,200 000 , 300 000,,310 000 ,260 000 , 370 000,,380 000 ,320 000 , 440 000,,450 000 ,390 000 , 520 000,,520 000 ,460 000 , 600 000,,590 000 ,530 000 , 670 000,,650 000 ,580 000 , 740 000,,710 000 ,640 000 , 810 000,,770 000 ,680 000 , 860 000,,810 000 ,730 000 , 910 000,,840 000 ,760 000 , 940 000,,870 000 ,780 000 , 970 000,,890 000 ,810 000 , 990 000,,900 000 ,830 000 , 1 000 000,,910 000 ,840 000 , 1 000 000,,920 000 ,850 000 , 1 000 000,,930 000 ,860 000 , 1 000 000,,940 000 ,870 000 , 1 000 000,,950 000 ,890 000 , 1 000 000,,970 000 ,910 000 , 1 100 000,,990 000 ,930 000 , 1 100 000,,1 000 000 ,950 000 , 1 100 000,,1 000 000 ,970 000 , 1 100 000,,1 100 000 ,1 000 000 , 1 200 000,,1 100 000 ,1 000 000 , 1 200 000,,1 100 000 ,1 000 000 , 1 200 000,,1 100 000 ,1 100 000 , 1 200 000,,1 100 000 ,1 100 000 , 1 300 000,,1 200 000 ,1 100 000 , 1 300 000,,1 200 000 ,1 100 000 , 1 300 000,,1 200 000 ,1 100 000 , 1 300 000,,1 200 000 ,1 100 000 , 1 300 000,,1 200 000 ,1 100 000 , 1 300 000,,1 200 000 ,1 100 000 , 1 300 000,,1 200 000 ,1 100 000 , 1 300 000,
North Macedonia,<100 ,<100 , <100,"Children estimates were not available at the time of publication.",<100 ,<100 , <100,"Children estimates were not available at the time of publication.",<100 ,<100 , <100,"Children estimates were not available at the time of publication.",<100 ,<100 , <100,"Children estimates were not available at the time of publication.",<100 ,<100 , <100,"Children estimates were not available at the time of publication.",<100 ,<100 , <100,"Children estimates were not available at the time of publication.",<100 ,<100 , <100,"Children estimates were not available at the time of publication.",<100 ,<100 , <100,"Children estimates were not available at the time of publication.",<100 ,<100 , <100,"Children estimates were not available at the time of publication.",<100 ,<100 , <100,"Children estimates were not available at the time of publication.",<100 ,<100 , <100,"Children estimates were not available at the time of publication.",<100 ,<100 , <100,"Children estimates were not available at the time of publication.",<100 ,<100 , <100,"Children estimates were not available at the time of publication.",<100 ,<100 , <100,"Children estimates were not available at the time of publication.",<100 ,<100 , <100,"Children estimates were not available at the time of publication.",<100 ,<100 , <100,"Children estimates were not available at the time of publication.",<100 ,<100 , <100,"Children estimates were not available at the time of publication.",<100 ,<100 , <100,"Children estimates were not available at the time of publication.",<100 ,<100 , <100,"Children estimates were not available at the time of publication.",<100 ,<100 , <100,"Children estimates were not available at the time of publication.",<100 ,<100 , <100,"Children estimates were not available at the time of publication.",<100 ,<100 , <100,"Children estimates were not available at the time of publication.",<100 ,<100 , <100,"Children estimates were not available at the time of publication.",<100 ,<100 , <100,"Children estimates were not available at the time of publication.",<100 ,<100 , <100,"Children estimates were not available at the time of publication.",<100 ,<100 , <100,"Children estimates were not available at the time of publication.",<100 ,<100 , <100,"Children estimates were not available at the time of publication.",<100 ,<100 , <100,"Children estimates were not available at the time of publication.",<100 ,<100 , <100,"Children estimates were not available at the time of publication.",<100 ,<100 , <100,"Children estimates were not available at the time of publication.",<100 ,<100 , <100,"Children estimates were not available at the time of publication.",<100 ,<100 , <100,"Children estimates were not available at the time of publication.",<100 ,<100 , <100,"Children estimates were not available at the time of publication.",<100 ,<100 , <100,"Children estimates were not available at the time of publication.",<100 ,<100 , <100,"Children estimates were not available at the time of publication."
Norway,<200 ,<200 , <500,"Children estimates were not available at the time of publication.",<500 ,<200 , <500,"Children estimates were not available at the time of publication.",<500 ,<500 , <500,"Children estimates were not available at the time of publication.",<500 ,<500 , <500,"Children estimates were not available at the time of publication.",<500 ,<500 , <500,"Children estimates were not available at the time of publication.",<500 ,<500 , <500,"Children estimates were not available at the time of publication.",<500 ,<500 , <500,"Children estimates were not available at the time of publication.",<500 ,<500 , <500,"Children estimates were not available at the time of publication.",<500 ,<500 , <500,"Children estimates were not available at the time of publication.",<500 ,<500 , <500,"Children estimates were not available at the time of publication.",<500 ,<500 , 550,"Children estimates were not available at the time of publication.",530 ,<500 , 620,"Children estimates were not available at the time of publication.",600 ,<500 , 690,"Children estimates were not available at the time of publication.",670 ,570 , 780,"Children estimates were not available at the time of publication.",740 ,640 , 870,"Children estimates were not available at the time of publication.",820 ,710 , 970,"Children estimates were not available at the time of publication.",900 ,770 , 1100,"Children estimates were not available at the time of publication.",980 ,840 , 1200,"Children estimates were not available at the time of publication.",1100 ,910 , 1200,"Children estimates were not available at the time of publication.",1100 ,980 , 1300,"Children estimates were not available at the time of publication.",1200 ,1000 , 1400,"Children estimates were not available at the time of publication.",1300 ,1100 , 1500,"Children estimates were not available at the time of publication.",1300 ,1100 , 1600,"Children estimates were not available at the time of publication.",1400 ,1200 , 1600,"Children estimates were not available at the time of publication.",1500 ,1200 , 1700,"Children estimates were not available at the time of publication.",1500 ,1300 , 1800,"Children estimates were not available at the time of publication.",1600 ,1300 , 1800,"Children estimates were not available at the time of publication.",1600 ,1400 , 1900,"Children estimates were not available at the time of publication.",1700 ,1400 , 1900,"Children estimates were not available at the time of publication.",1700 ,1500 , 2000,"Children estimates were not available at the time of publication.",1700 ,1500 , 2000,"Children estimates were not available at the time of publication.",1800 ,1500 , 2000,"Children estimates were not available at the time of publication.",1800 ,1500 , 2100,"Children estimates were not available at the time of publication.",1800 ,1500 , 2100,"Children estimates were not available at the time of publication.",1800 ,1500 , 2100,"Children estimates were not available at the time of publication."
Oman,<100 ,<100 , <100,"Children estimates were not available at the time of publication.",<100 ,<100 , <200,"Children estimates were not available at the time of publication.",<200 ,<100 , <200,"Children estimates were not available at the time of publication.",<200 ,<200 , <200,"Children estimates were not available at the time of publication.",<200 ,<200 , <500,"Children estimates were not available at the time of publication.",<500 ,<200 , <500,"Children estimates were not available at the time of publication.",<500 ,<200 , <500,"Children estimates were not available at the time of publication.",<500 ,<500 , <500,"Children estimates were not available at the time of publication.",<500 ,<500 , <500,"Children estimates were not available at the time of publication.",<500 ,<500 , <500,"Children estimates were not available at the time of publication.",<500 ,<500 , <500,"Children estimates were not available at the time of publication.",<500 ,<500 , <500,"Children estimates were not available at the time of publication.",<500 ,<500 , <500,"Children estimates were not available at the time of publication.",<500 ,<500 , <500,"Children estimates were not available at the time of publication.",<500 ,<500 , <500,"Children estimates were not available at the time of publication.",<500 ,<500 , <500,"Children estimates were not available at the time of publication.",<500 ,<500 , <500,"Children estimates were not available at the time of publication.",<500 ,<500 , <500,"Children estimates were not available at the time of publication.",<500 ,<500 , <500,"Children estimates were not available at the time of publication.",<500 ,<500 , <500,"Children estimates were not available at the time of publication.",<500 ,<500 , <500,"Children estimates were not available at the time of publication.",<500 ,<500 , <500,"Children estimates were not available at the time of publication.",<500 ,<500 , 510,"Children estimates were not available at the time of publication.",510 ,<500 , 550,"Children estimates were not available at the time of publication.",540 ,<500 , 580,"Children estimates were not available at the time of publication.",570 ,530 , 620,"Children estimates were not available at the time of publication.",590 ,550 , 640,"Children estimates were not available at the time of publication.",610 ,570 , 670,"Children estimates were not available at the time of publication.",640 ,590 , 690,"Children estimates were not available at the time of publication.",660 ,610 , 710,"Children estimates were not available at the time of publication.",670 ,630 , 730,"Children estimates were not available at the time of publication.",690 ,640 , 750,"Children estimates were not available at the time of publication.",730 ,680 , 800,"Children estimates were not available at the time of publication.",770 ,710 , 850,"Children estimates were not available at the time of publication.",800 ,740 , 880,"Children estimates were not available at the time of publication."
Pakistan,<100 ,<100 , <100,,<100 ,<100 , <100,,<100 ,<100 , <100,,<100 ,<100 , <100,,<100 ,<100 , <100,,<100 ,<100 , <100,,<100 ,<100 , <100,,<100 ,<100 , <100,,<100 ,<100 , <100,,<100 ,<100 , <100,,<200 ,<100 , <200,,<200 ,<200 , <200,,<200 ,<200 , <500,,<500 ,<500 , <500,,620 ,540 , 700,,1100 ,970 , 1300,,1900 ,1600 , 2200,,3100 ,2600 , 3500,,4700 ,4000 , 5400,,6700 ,5800 , 7700,,9200 ,7900 , 10 000,,12 000 ,10 000 , 13 000,,15 000 ,13 000 , 16 000,,18 000 ,16 000 , 20 000,,21 000 ,18 000 , 23 000,,24 000 ,22 000 , 27 000,,28 000 ,25 000 , 30 000,,31 000 ,28 000 , 34 000,,35 000 ,31 000 , 38 000,,38 000 ,34 000 , 41 000,,42 000 ,38 000 , 45 000,,46 000 ,41 000 , 49 000,,50 000 ,45 000 , 53 000,,54 000 ,49 000 , 58 000,,59 000 ,53 000 , 63 000,
Panama,1000 ,860 , 1100,,1300 ,1100 , 1400,,1600 ,1400 , 1800,,1800 ,1700 , 2100,,2100 ,1900 , 2300,,2300 ,2100 , 2600,,2500 ,2300 , 2900,,2700 ,2500 , 3100,,2900 ,2700 , 3200,,3100 ,2900 , 3400,,3300 ,3000 , 3600,,3500 ,3300 , 3800,,3700 ,3500 , 4100,,3900 ,3700 , 4300,,4200 ,3900 , 4500,,4400 ,4100 , 4700,,4600 ,4300 , 4900,,4800 ,4500 , 5100,,5000 ,4700 , 5300,,5200 ,4900 , 5600,,5500 ,5100 , 5800,,5700 ,5400 , 6100,,6000 ,5600 , 6300,,6200 ,5800 , 6600,,6400 ,6000 , 6900,,6700 ,6200 , 7200,,7000 ,6400 , 7500,,7300 ,6700 , 7900,,7600 ,6900 , 8200,,7800 ,7100 , 8400,,8000 ,7200 , 8600,,8100 ,7300 , 8800,,8300 ,7500 , 9000,,8600 ,7700 , 9300,,8800 ,7900 , 9600,
Papua New Guinea,1700 ,1100 , 2700,,2300 ,1400 , 3400,,2900 ,1900 , 4100,,3600 ,2400 , 5000,,4300 ,3100 , 5900,,5300 ,3900 , 7100,,6300 ,4800 , 8300,,7400 ,5700 , 9600,,8600 ,6800 , 11 000,,9800 ,7900 , 13 000,,11 000 ,9000 , 14 000,,12 000 ,10 000 , 16 000,,14 000 ,11 000 , 17 000,,15 000 ,13 000 , 19 000,,17 000 ,14 000 , 20 000,,18 000 ,15 000 , 22 000,,19 000 ,17 000 , 23 000,,21 000 ,18 000 , 25 000,,22 000 ,19 000 , 27 000,,24 000 ,21 000 , 28 000,,26 000 ,23 000 , 30 000,,28 000 ,24 000 , 32 000,,30 000 ,26 000 , 34 000,,31 000 ,28 000 , 36 000,,33 000 ,29 000 , 38 000,,36 000 ,31 000 , 41 000,,38 000 ,34 000 , 43 000,,40 000 ,36 000 , 46 000,,43 000 ,39 000 , 49 000,,46 000 ,41 000 , 52 000,,49 000 ,44 000 , 56 000,,53 000 ,47 000 , 60 000,,56 000 ,50 000 , 65 000,,60 000 ,54 000 , 69 000,,64 000 ,57 000 , 74 000,
Paraguay,<100 ,<100 , <100,,<100 ,<100 , <100,,<100 ,<100 , <200,,<200 ,<200 , <200,,<500 ,<200 , <500,,<500 ,<500 , <500,,510 ,<500 , 580,,690 ,580 , 770,,870 ,760 , 950,,1100 ,930 , 1200,,1200 ,1100 , 1400,,1400 ,1300 , 1600,,1600 ,1500 , 1800,,1800 ,1600 , 2000,,2000 ,1800 , 2200,,2200 ,2000 , 2400,,2400 ,2300 , 2600,,2700 ,2500 , 2800,,2900 ,2700 , 3100,,3200 ,3000 , 3400,,3500 ,3300 , 3700,,3800 ,3500 , 4000,,4100 ,3800 , 4300,,4400 ,4100 , 4600,,4700 ,4400 , 4900,,5000 ,4600 , 5200,,5200 ,4900 , 5500,,5500 ,5200 , 5900,,5800 ,5500 , 6200,,6100 ,5700 , 6400,,6400 ,5900 , 6700,,6600 ,6100 , 7000,,6800 ,6300 , 7300,,7100 ,6500 , 7500,,7300 ,6700 , 7800,
Peru,2100 ,1600 , 2600,,2600 ,2100 , 3200,,3100 ,2600 , 3800,,3600 ,2900 , 4400,,4100 ,3300 , 5000,,4600 ,3700 , 5600,,5100 ,4100 , 6200,,5500 ,4500 , 6800,,6000 ,4800 , 7300,,6500 ,5300 , 7900,,7000 ,5700 , 8400,,7500 ,6200 , 9000,,7900 ,6600 , 9400,,8400 ,7100 , 10 000,,8900 ,7500 , 11 000,,9400 ,8000 , 11 000,,9900 ,8600 , 12 000,,11 000 ,9200 , 13 000,,11 000 ,9900 , 13 000,,12 000 ,10 000 , 14 000,,13 000 ,11 000 , 15 000,,13 000 ,12 000 , 16 000,,14 000 ,12 000 , 17 000,,15 000 ,13 000 , 18 000,,16 000 ,14 000 , 19 000,,17 000 ,15 000 , 20 000,,18 000 ,16 000 , 22 000,,19 000 ,17 000 , 23 000,,21 000 ,18 000 , 25 000,,22 000 ,19 000 , 26 000,,23 000 ,20 000 , 27 000,,24 000 ,21 000 , 28 000,,25 000 ,22 000 , 30 000,,27 000 ,23 000 , 31 000,,28 000 ,23 000 , 32 000,
Philippines,<100 ,<100 , <100,,<100 ,<100 , <100,,<100 ,<100 , <100,,<100 ,<100 , <100,,<100 ,<100 , <200,,<200 ,<200 , <200,,<200 ,<200 , <200,,<200 ,<200 , <200,,<200 ,<200 , <200,,<200 ,<200 , <500,,<500 ,<200 , <500,,<500 ,<500 , <500,,<500 ,<500 , <500,,<500 ,<500 , <500,,<500 ,<500 , <500,,<500 ,<500 , <500,,<500 ,<500 , 520,,560 ,<500 , 640,,770 ,650 , 860,,1000 ,880 , 1200,,1300 ,1100 , 1500,,1600 ,1400 , 1900,,2000 ,1700 , 2300,,2500 ,2100 , 2800,,3000 ,2500 , 3500,,3600 ,3000 , 4200,,4300 ,3600 , 5000,,5100 ,4300 , 6000,,6100 ,5100 , 7000,,7200 ,6000 , 8300,,8400 ,7100 , 9700,,9800 ,8200 , 11 000,,11 000 ,9500 , 13 000,,13 000 ,11 000 , 15 000,,15 000 ,13 000 , 18 000,
Poland,... ,... , ...,"Estimates were not available at the time of publication.",... ,... , ...,"Estimates were not available at the time of publication.",... ,... , ...,"Estimates were not available at the time of publication.",... ,... , ...,"Estimates were not available at the time of publication.",... ,... , ...,"Estimates were not available at the time of publication.",... ,... , ...,"Estimates were not available at the time of publication.",... ,... , ...,"Estimates were not available at the time of publication.",... ,... , ...,"Estimates were not available at the time of publication.",... ,... , ...,"Estimates were not available at the time of publication.",... ,... , ...,"Estimates were not available at the time of publication.",... ,... , ...,"Estimates were not available at the time of publication.",... ,... , ...,"Estimates were not available at the time of publication.",... ,... , ...,"Estimates were not available at the time of publication.",... ,... , ...,"Estimates were not available at the time of publication.",... ,... , ...,"Estimates were not available at the time of publication.",... ,... , ...,"Estimates were not available at the time of publication.",... ,... , ...,"Estimates were not available at the time of publication.",... ,... , ...,"Estimates were not available at the time of publication.",... ,... , ...,"Estimates were not available at the time of publication.",... ,... , ...,"Estimates were not available at the time of publication.",... ,... , ...,"Estimates were not available at the time of publication.",... ,... , ...,"Estimates were not available at the time of publication.",... ,... , ...,"Estimates were not available at the time of publication.",... ,... , ...,"Estimates were not available at the time of publication.",... ,... , ...,"Estimates were not available at the time of publication.",... ,... , ...,"Estimates were not available at the time of publication.",... ,... , ...,"Estimates were not available at the time of publication.",... ,... , ...,"Estimates were not available at the time of publication.",... ,... , ...,"Estimates were not available at the time of publication.",... ,... , ...,"Estimates were not available at the time of publication.",... ,... , ...,"Estimates were not available at the time of publication.",... ,... , ...,"Estimates were not available at the time of publication.",... ,... , ...,"Estimates were not available at the time of publication.",... ,... , ...,"Estimates were not available at the time of publication.",... ,... , ...,"Estimates were not available at the time of publication."
Portugal,2900 ,2600 , 3300,,3600 ,3200 , 4100,,4200 ,3800 , 4700,,4800 ,4400 , 5300,,5300 ,4800 , 5900,,5800 ,5200 , 6300,,6100 ,5600 , 6800,,6500 ,5900 , 7100,,6900 ,6300 , 7500,,7300 ,6700 , 7900,,7600 ,7000 , 8300,,8000 ,7400 , 8700,,8400 ,7800 , 9100,,8800 ,8100 , 9500,,9200 ,8400 , 9900,,9500 ,8700 , 10 000,,9800 ,9000 , 11 000,,10 000 ,9300 , 11 000,,10 000 ,9500 , 11 000,,11 000 ,9800 , 12 000,,11 000 ,10 000 , 12 000,,11 000 ,10 000 , 12 000,,11 000 ,10 000 , 13 000,,12 000 ,11 000 , 13 000,,12 000 ,11 000 , 13 000,,12 000 ,11 000 , 13 000,,12 000 ,11 000 , 14 000,,13 000 ,11 000 , 14 000,,13 000 ,12 000 , 14 000,,13 000 ,12 000 , 15 000,,13 000 ,12 000 , 15 000,,14 000 ,12 000 , 15 000,,14 000 ,12 000 , 16 000,,14 000 ,13 000 , 16 000,,15 000 ,13 000 , 16 000,
Qatar,<100 ,<100 , <100,"Children estimates were not available at the time of publication.",<100 ,<100 , <100,"Children estimates were not available at the time of publication.",<100 ,<100 , <100,"Children estimates were not available at the time of publication.",<100 ,<100 , <100,"Children estimates were not available at the time of publication.",<100 ,<100 , <100,"Children estimates were not available at the time of publication.",<100 ,<100 , <100,"Children estimates were not available at the time of publication.",<100 ,<100 , <100,"Children estimates were not available at the time of publication.",<100 ,<100 , <100,"Children estimates were not available at the time of publication.",<100 ,<100 , <100,"Children estimates were not available at the time of publication.",<100 ,<100 , <100,"Children estimates were not available at the time of publication.",<100 ,<100 , <100,"Children estimates were not available at the time of publication.",<100 ,<100 , <100,"Children estimates were not available at the time of publication.",<100 ,<100 , <100,"Children estimates were not available at the time of publication.",<100 ,<100 , <100,"Children estimates were not available at the time of publication.",<100 ,<100 , <100,"Children estimates were not available at the time of publication.",<100 ,<100 , <100,"Children estimates were not available at the time of publication.",<100 ,<100 , <100,"Children estimates were not available at the time of publication.",<100 ,<100 , <100,"Children estimates were not available at the time of publication.",<100 ,<100 , <100,"Children estimates were not available at the time of publication.",<100 ,<100 , <100,"Children estimates were not available at the time of publication.",<100 ,<100 , <100,"Children estimates were not available at the time of publication.",<100 ,<100 , <100,"Children estimates were not available at the time of publication.",<100 ,<100 , <100,"Children estimates were not available at the time of publication.",<100 ,<100 , <100,"Children estimates were not available at the time of publication.",<100 ,<100 , <100,"Children estimates were not available at the time of publication.",<100 ,<100 , <100,"Children estimates were not available at the time of publication.",<100 ,<100 , <100,"Children estimates were not available at the time of publication.",<100 ,<100 , <100,"Children estimates were not available at the time of publication.",<100 ,<100 , <100,"Children estimates were not available at the time of publication.",<100 ,<100 , <100,"Children estimates were not available at the time of publication.",<100 ,<100 , <100,"Children estimates were not available at the time of publication.",<100 ,<100 , <200,"Children estimates were not available at the time of publication.",<200 ,<100 , <200,"Children estimates were not available at the time of publication.",<200 ,<200 , <200,"Children estimates were not available at the time of publication.",<200 ,<200 , <200,"Children estimates were not available at the time of publication."
Republic of Korea,... ,... , ...,"Estimates were not available at the time of publication.",... ,... , ...,"Estimates were not available at the time of publication.",... ,... , ...,"Estimates were not available at the time of publication.",... ,... , ...,"Estimates were not available at the time of publication.",... ,... , ...,"Estimates were not available at the time of publication.",... ,... , ...,"Estimates were not available at the time of publication.",... ,... , ...,"Estimates were not available at the time of publication.",... ,... , ...,"Estimates were not available at the time of publication.",... ,... , ...,"Estimates were not available at the time of publication.",... ,... , ...,"Estimates were not available at the time of publication.",... ,... , ...,"Estimates were not available at the time of publication.",... ,... , ...,"Estimates were not available at the time of publication.",... ,... , ...,"Estimates were not available at the time of publication.",... ,... , ...,"Estimates were not available at the time of publication.",... ,... , ...,"Estimates were not available at the time of publication.",... ,... , ...,"Estimates were not available at the time of publication.",... ,... , ...,"Estimates were not available at the time of publication.",... ,... , ...,"Estimates were not available at the time of publication.",... ,... , ...,"Estimates were not available at the time of publication.",... ,... , ...,"Estimates were not available at the time of publication.",... ,... , ...,"Estimates were not available at the time of publication.",... ,... , ...,"Estimates were not available at the time of publication.",... ,... , ...,"Estimates were not available at the time of publication.",... ,... , ...,"Estimates were not available at the time of publication.",... ,... , ...,"Estimates were not available at the time of publication.",... ,... , ...,"Estimates were not available at the time of publication.",... ,... , ...,"Estimates were not available at the time of publication.",... ,... , ...,"Estimates were not available at the time of publication.",... ,... , ...,"Estimates were not available at the time of publication.",... ,... , ...,"Estimates were not available at the time of publication.",... ,... , ...,"Estimates were not available at the time of publication.",... ,... , ...,"Estimates were not available at the time of publication.",... ,... , ...,"Estimates were not available at the time of publication.",... ,... , ...,"Estimates were not available at the time of publication.",... ,... , ...,"Estimates were not available at the time of publication."
Republic of Moldova,<100 ,<100 , <200,,<200 ,<200 , <200,,<500 ,<200 , <500,,<500 ,<500 , <500,,570 ,<500 , 670,,840 ,710 , 990,,1200 ,1000 , 1400,,1700 ,1400 , 2000,,2200 ,1800 , 2500,,2700 ,2300 , 3200,,3200 ,2700 , 3800,,3700 ,3100 , 4400,,4200 ,3500 , 4900,,4600 ,3800 , 5400,,4900 ,4100 , 5800,,5200 ,4400 , 6200,,5500 ,4600 , 6400,,5700 ,4700 , 6700,,5800 ,4900 , 6800,,5900 ,4900 , 6900,,6000 ,5000 , 7000,,6000 ,5000 , 7100,,6100 ,5100 , 7100,,6100 ,5100 , 7200,,6100 ,5100 , 7200,,6200 ,5200 , 7300,,6300 ,5200 , 7400,,6300 ,5300 , 7400,,6300 ,5300 , 7500,,6400 ,5300 , 7500,,6400 ,5400 , 7600,,6400 ,5400 , 7600,,6500 ,5400 , 7600,,6500 ,5400 , 7700,,6500 ,5500 , 7700,
Romania,590 ,<500 , 1400,,940 ,<500 , 1800,,1300 ,690 , 2100,,1800 ,1100 , 2500,,2200 ,1600 , 2800,,2500 ,2000 , 3200,,2800 ,2300 , 3400,,3100 ,2600 , 3600,,3300 ,2800 , 3800,,3500 ,3000 , 4100,,3600 ,3200 , 4200,,3800 ,3300 , 4400,,4100 ,3600 , 4700,,4500 ,4000 , 5000,,4900 ,4400 , 5400,,5300 ,4800 , 5700,,5500 ,5100 , 6000,,5700 ,5300 , 6100,,5800 ,5400 , 6200,,5800 ,5400 , 6200,,5800 ,5300 , 6200,,5800 ,5300 , 6200,,5800 ,5300 , 6300,,5800 ,5300 , 6300,,5800 ,5300 , 6300,,5900 ,5300 , 6400,,5900 ,5300 , 6400,,6000 ,5400 , 6500,,6000 ,5400 , 6500,,6100 ,5400 , 6600,,6100 ,5400 , 6600,,6100 ,5400 , 6700,,6200 ,5400 , 6800,,6200 ,5400 , 6800,,6200 ,5400 , 6900,
Russian Federation,... ,... , ...,"Estimates were not available at the time of publication.",... ,... , ...,"Estimates were not available at the time of publication.",... ,... , ...,"Estimates were not available at the time of publication.",... ,... , ...,"Estimates were not available at the time of publication.",... ,... , ...,"Estimates were not available at the time of publication.",... ,... , ...,"Estimates were not available at the time of publication.",... ,... , ...,"Estimates were not available at the time of publication.",... ,... , ...,"Estimates were not available at the time of publication.",... ,... , ...,"Estimates were not available at the time of publication.",... ,... , ...,"Estimates were not available at the time of publication.",... ,... , ...,"Estimates were not available at the time of publication.",... ,... , ...,"Estimates were not available at the time of publication.",... ,... , ...,"Estimates were not available at the time of publication.",... ,... , ...,"Estimates were not available at the time of publication.",... ,... , ...,"Estimates were not available at the time of publication.",... ,... , ...,"Estimates were not available at the time of publication.",... ,... , ...,"Estimates were not available at the time of publication.",... ,... , ...,"Estimates were not available at the time of publication.",... ,... , ...,"Estimates were not available at the time of publication.",... ,... , ...,"Estimates were not available at the time of publication.",... ,... , ...,"Estimates were not available at the time of publication.",... ,... , ...,"Estimates were not available at the time of publication.",... ,... , ...,"Estimates were not available at the time of publication.",... ,... , ...,"Estimates were not available at the time of publication.",... ,... , ...,"Estimates were not available at the time of publication.",... ,... , ...,"Estimates were not available at the time of publication.",... ,... , ...,"Estimates were not available at the time of publication.",... ,... , ...,"Estimates were not available at the time of publication.",... ,... , ...,"Estimates were not available at the time of publication.",... ,... , ...,"Estimates were not available at the time of publication.",... ,... , ...,"Estimates were not available at the time of publication.",... ,... , ...,"Estimates were not available at the time of publication.",... ,... , ...,"Estimates were not available at the time of publication.",... ,... , ...,"Estimates were not available at the time of publication.",... ,... , ...,"Estimates were not available at the time of publication."
Rwanda,50 000 ,36 000 , 83 000,,63 000 ,46 000 , 96 000,,76 000 ,57 000 , 110 000,,92 000 ,71 000 , 120 000,,64 000 ,51 000 , 81 000,,78 000 ,64 000 , 93 000,,100 000 ,87 000 , 120 000,,120 000 ,100 000 , 130 000,,120 000 ,110 000 , 140 000,,120 000 ,110 000 , 140 000,,130 000 ,110 000 , 140 000,,130 000 ,120 000 , 140 000,,130 000 ,110 000 , 140 000,,120 000 ,110 000 , 130 000,,120 000 ,110 000 , 130 000,,120 000 ,110 000 , 130 000,,120 000 ,120 000 , 130 000,,130 000 ,120 000 , 140 000,,130 000 ,120 000 , 140 000,,130 000 ,120 000 , 140 000,,130 000 ,120 000 , 140 000,,130 000 ,120 000 , 150 000,,140 000 ,130 000 , 150 000,,140 000 ,130 000 , 150 000,,140 000 ,130 000 , 160 000,,140 000 ,130 000 , 160 000,,140 000 ,130 000 , 160 000,,150 000 ,140 000 , 160 000,,150 000 ,140 000 , 170 000,,150 000 ,140 000 , 170 000,,150 000 ,140 000 , 170 000,,150 000 ,140 000 , 170 000,,150 000 ,140 000 , 170 000,,150 000 ,140 000 , 170 000,,150 000 ,140 000 , 170 000,
Saint Kitts and Nevis,<100 ,<100 , <100,"Countries with a UNAIDS-approved estimate and population less than 250000 in 2024; not included in regional or global totals",<100 ,<100 , <100,"Countries with a UNAIDS-approved estimate and population less than 250000 in 2024; not included in regional or global totals",<100 ,<100 , <100,"Countries with a UNAIDS-approved estimate and population less than 250000 in 2024; not included in regional or global totals",<100 ,<100 , <100,"Countries with a UNAIDS-approved estimate and population less than 250000 in 2024; not included in regional or global totals",<100 ,<100 , <100,"Countries with a UNAIDS-approved estimate and population less than 250000 in 2024; not included in regional or global totals",<100 ,<100 , <100,"Countries with a UNAIDS-approved estimate and population less than 250000 in 2024; not included in regional or global totals",<100 ,<100 , <100,"Countries with a UNAIDS-approved estimate and population less than 250000 in 2024; not included in regional or global totals",<100 ,<100 , <100,"Countries with a UNAIDS-approved estimate and population less than 250000 in 2024; not included in regional or global totals",<100 ,<100 , <100,"Countries with a UNAIDS-approved estimate and population less than 250000 in 2024; not included in regional or global totals",<100 ,<100 , <100,"Countries with a UNAIDS-approved estimate and population less than 250000 in 2024; not included in regional or global totals",<100 ,<100 , <100,"Countries with a UNAIDS-approved estimate and population less than 250000 in 2024; not included in regional or global totals",<100 ,<100 , <100,"Countries with a UNAIDS-approved estimate and population less than 250000 in 2024; not included in regional or global totals",<100 ,<100 , <100,"Countries with a UNAIDS-approved estimate and population less than 250000 in 2024; not included in regional or global totals",<100 ,<100 , <100,"Countries with a UNAIDS-approved estimate and population less than 250000 in 2024; not included in regional or global totals",<100 ,<100 , <100,"Countries with a UNAIDS-approved estimate and population less than 250000 in 2024; not included in regional or global totals",<100 ,<100 , <100,"Countries with a UNAIDS-approved estimate and population less than 250000 in 2024; not included in regional or global totals",<100 ,<100 , <100,"Countries with a UNAIDS-approved estimate and population less than 250000 in 2024; not included in regional or global totals",<100 ,<100 , <100,"Countries with a UNAIDS-approved estimate and population less than 250000 in 2024; not included in regional or global totals",<100 ,<100 , <100,"Countries with a UNAIDS-approved estimate and population less than 250000 in 2024; not included in regional or global totals",<100 ,<100 , <100,"Countries with a UNAIDS-approved estimate and population less than 250000 in 2024; not included in regional or global totals",<100 ,<100 , <100,"Countries with a UNAIDS-approved estimate and population less than 250000 in 2024; not included in regional or global totals",<100 ,<100 , <100,"Countries with a UNAIDS-approved estimate and population less than 250000 in 2024; not included in regional or global totals",<100 ,<100 , <100,"Countries with a UNAIDS-approved estimate and population less than 250000 in 2024; not included in regional or global totals",<100 ,<100 , <100,"Countries with a UNAIDS-approved estimate and population less than 250000 in 2024; not included in regional or global totals",<100 ,<100 , <100,"Countries with a UNAIDS-approved estimate and population less than 250000 in 2024; not included in regional or global totals",<100 ,<100 , <100,"Countries with a UNAIDS-approved estimate and population less than 250000 in 2024; not included in regional or global totals",<100 ,<100 , <100,"Countries with a UNAIDS-approved estimate and population less than 250000 in 2024; not included in regional or global totals",<100 ,<100 , <100,"Countries with a UNAIDS-approved estimate and population less than 250000 in 2024; not included in regional or global totals",<100 ,<100 , <100,"Countries with a UNAIDS-approved estimate and population less than 250000 in 2024; not included in regional or global totals",<100 ,<100 , <100,"Countries with a UNAIDS-approved estimate and population less than 250000 in 2024; not included in regional or global totals",<100 ,<100 , <100,"Countries with a UNAIDS-approved estimate and population less than 250000 in 2024; not included in regional or global totals",<100 ,<100 , <100,"Countries with a UNAIDS-approved estimate and population less than 250000 in 2024; not included in regional or global totals",<100 ,<100 , <100,"Countries with a UNAIDS-approved estimate and population less than 250000 in 2024; not included in regional or global totals",<100 ,<100 , <100,"Countries with a UNAIDS-approved estimate and population less than 250000 in 2024; not included in regional or global totals",<100 ,<100 , <100,"Countries with a UNAIDS-approved estimate and population less than 250000 in 2024; not included in regional or global totals"
Saint Lucia,<100 ,<100 , <100,"Countries with a UNAIDS-approved estimate and population less than 250000 in 2024; not included in regional or global totals",<100 ,<100 , <100,"Countries with a UNAIDS-approved estimate and population less than 250000 in 2024; not included in regional or global totals",<100 ,<100 , <100,"Countries with a UNAIDS-approved estimate and population less than 250000 in 2024; not included in regional or global totals",<100 ,<100 , <100,"Countries with a UNAIDS-approved estimate and population less than 250000 in 2024; not included in regional or global totals",<100 ,<100 , <100,"Countries with a UNAIDS-approved estimate and population less than 250000 in 2024; not included in regional or global totals",<100 ,<100 , <100,"Countries with a UNAIDS-approved estimate and population less than 250000 in 2024; not included in regional or global totals",<100 ,<100 , <100,"Countries with a UNAIDS-approved estimate and population less than 250000 in 2024; not included in regional or global totals",<100 ,<100 , <100,"Countries with a UNAIDS-approved estimate and population less than 250000 in 2024; not included in regional or global totals",<100 ,<100 , <100,"Countries with a UNAIDS-approved estimate and population less than 250000 in 2024; not included in regional or global totals",<100 ,<100 , <100,"Countries with a UNAIDS-approved estimate and population less than 250000 in 2024; not included in regional or global totals",<100 ,<100 , <200,"Countries with a UNAIDS-approved estimate and population less than 250000 in 2024; not included in regional or global totals",<100 ,<100 , <200,"Countries with a UNAIDS-approved estimate and population less than 250000 in 2024; not included in regional or global totals",<200 ,<100 , <200,"Countries with a UNAIDS-approved estimate and population less than 250000 in 2024; not included in regional or global totals",<200 ,<100 , <200,"Countries with a UNAIDS-approved estimate and population less than 250000 in 2024; not included in regional or global totals",<200 ,<100 , <200,"Countries with a UNAIDS-approved estimate and population less than 250000 in 2024; not included in regional or global totals",<200 ,<100 , <200,"Countries with a UNAIDS-approved estimate and population less than 250000 in 2024; not included in regional or global totals",<200 ,<200 , <200,"Countries with a UNAIDS-approved estimate and population less than 250000 in 2024; not included in regional or global totals",<200 ,<200 , <200,"Countries with a UNAIDS-approved estimate and population less than 250000 in 2024; not included in regional or global totals",<200 ,<200 , <200,"Countries with a UNAIDS-approved estimate and population less than 250000 in 2024; not included in regional or global totals",<200 ,<200 , <200,"Countries with a UNAIDS-approved estimate and population less than 250000 in 2024; not included in regional or global totals",<200 ,<200 , <200,"Countries with a UNAIDS-approved estimate and population less than 250000 in 2024; not included in regional or global totals",<200 ,<200 , <200,"Countries with a UNAIDS-approved estimate and population less than 250000 in 2024; not included in regional or global totals",<200 ,<200 , <500,"Countries with a UNAIDS-approved estimate and population less than 250000 in 2024; not included in regional or global totals",<500 ,<200 , <500,"Countries with a UNAIDS-approved estimate and population less than 250000 in 2024; not included in regional or global totals",<500 ,<200 , <500,"Countries with a UNAIDS-approved estimate and population less than 250000 in 2024; not included in regional or global totals",<500 ,<200 , <500,"Countries with a UNAIDS-approved estimate and population less than 250000 in 2024; not included in regional or global totals",<500 ,<500 , <500,"Countries with a UNAIDS-approved estimate and population less than 250000 in 2024; not included in regional or global totals",<500 ,<500 , <500,"Countries with a UNAIDS-approved estimate and population less than 250000 in 2024; not included in regional or global totals",<500 ,<500 , <500,"Countries with a UNAIDS-approved estimate and population less than 250000 in 2024; not included in regional or global totals",<500 ,<500 , <500,"Countries with a UNAIDS-approved estimate and population less than 250000 in 2024; not included in regional or global totals",<500 ,<500 , <500,"Countries with a UNAIDS-approved estimate and population less than 250000 in 2024; not included in regional or global totals",<500 ,<500 , <500,"Countries with a UNAIDS-approved estimate and population less than 250000 in 2024; not included in regional or global totals",<500 ,<500 , <500,"Countries with a UNAIDS-approved estimate and population less than 250000 in 2024; not included in regional or global totals",<500 ,<500 , <500,"Countries with a UNAIDS-approved estimate and population less than 250000 in 2024; not included in regional or global totals",<500 ,<500 , <500,"Countries with a UNAIDS-approved estimate and population less than 250000 in 2024; not included in regional or global totals"
Saint Vincent and the Grenadines,<100 ,<100 , <100,"Countries with a UNAIDS-approved estimate and population less than 250000 in 2024; not included in regional or global totals",<100 ,<100 , <200,"Countries with a UNAIDS-approved estimate and population less than 250000 in 2024; not included in regional or global totals",<200 ,<100 , <200,"Countries with a UNAIDS-approved estimate and population less than 250000 in 2024; not included in regional or global totals",<200 ,<200 , <200,"Countries with a UNAIDS-approved estimate and population less than 250000 in 2024; not included in regional or global totals",<200 ,<200 , <200,"Countries with a UNAIDS-approved estimate and population less than 250000 in 2024; not included in regional or global totals",<200 ,<200 , <200,"Countries with a UNAIDS-approved estimate and population less than 250000 in 2024; not included in regional or global totals",<200 ,<200 , <500,"Countries with a UNAIDS-approved estimate and population less than 250000 in 2024; not included in regional or global totals",<200 ,<200 , <500,"Countries with a UNAIDS-approved estimate and population less than 250000 in 2024; not included in regional or global totals",<500 ,<200 , <500,"Countries with a UNAIDS-approved estimate and population less than 250000 in 2024; not included in regional or global totals",<500 ,<200 , <500,"Countries with a UNAIDS-approved estimate and population less than 250000 in 2024; not included in regional or global totals",<500 ,<500 , <500,"Countries with a UNAIDS-approved estimate and population less than 250000 in 2024; not included in regional or global totals",<500 ,<500 , <500,"Countries with a UNAIDS-approved estimate and population less than 250000 in 2024; not included in regional or global totals",<500 ,<500 , <500,"Countries with a UNAIDS-approved estimate and population less than 250000 in 2024; not included in regional or global totals",<500 ,<500 , <500,"Countries with a UNAIDS-approved estimate and population less than 250000 in 2024; not included in regional or global totals",<500 ,<500 , <500,"Countries with a UNAIDS-approved estimate and population less than 250000 in 2024; not included in regional or global totals",<500 ,<500 , <500,"Countries with a UNAIDS-approved estimate and population less than 250000 in 2024; not included in regional or global totals",<500 ,<500 , <500,"Countries with a UNAIDS-approved estimate and population less than 250000 in 2024; not included in regional or global totals",<500 ,<500 , <500,"Countries with a UNAIDS-approved estimate and population less than 250000 in 2024; not included in regional or global totals",<500 ,<500 , <500,"Countries with a UNAIDS-approved estimate and population less than 250000 in 2024; not included in regional or global totals",<500 ,<500 , <500,"Countries with a UNAIDS-approved estimate and population less than 250000 in 2024; not included in regional or global totals",<500 ,<500 , <500,"Countries with a UNAIDS-approved estimate and population less than 250000 in 2024; not included in regional or global totals",<500 ,<500 , <500,"Countries with a UNAIDS-approved estimate and population less than 250000 in 2024; not included in regional or global totals",<500 ,<500 , <500,"Countries with a UNAIDS-approved estimate and population less than 250000 in 2024; not included in regional or global totals",<500 ,<500 , <500,"Countries with a UNAIDS-approved estimate and population less than 250000 in 2024; not included in regional or global totals",<500 ,<500 , <500,"Countries with a UNAIDS-approved estimate and population less than 250000 in 2024; not included in regional or global totals",<500 ,<500 , <500,"Countries with a UNAIDS-approved estimate and population less than 250000 in 2024; not included in regional or global totals",<500 ,<500 , <500,"Countries with a UNAIDS-approved estimate and population less than 250000 in 2024; not included in regional or global totals",<500 ,<500 , <500,"Countries with a UNAIDS-approved estimate and population less than 250000 in 2024; not included in regional or global totals",<500 ,<500 , <500,"Countries with a UNAIDS-approved estimate and population less than 250000 in 2024; not included in regional or global totals",<500 ,<500 , <500,"Countries with a UNAIDS-approved estimate and population less than 250000 in 2024; not included in regional or global totals",<500 ,<500 , <500,"Countries with a UNAIDS-approved estimate and population less than 250000 in 2024; not included in regional or global totals",<500 ,<500 , <500,"Countries with a UNAIDS-approved estimate and population less than 250000 in 2024; not included in regional or global totals",<500 ,<500 , <500,"Countries with a UNAIDS-approved estimate and population less than 250000 in 2024; not included in regional or global totals",<500 ,<500 , <500,"Countries with a UNAIDS-approved estimate and population less than 250000 in 2024; not included in regional or global totals",<500 ,<500 , <500,"Countries with a UNAIDS-approved estimate and population less than 250000 in 2024; not included in regional or global totals"
Sao Tome and Principe,... ,... , ...,"Estimates were not available at the time of publication.",... ,... , ...,"Estimates were not available at the time of publication.",... ,... , ...,"Estimates were not available at the time of publication.",... ,... , ...,"Estimates were not available at the time of publication.",... ,... , ...,"Estimates were not available at the time of publication.",... ,... , ...,"Estimates were not available at the time of publication.",... ,... , ...,"Estimates were not available at the time of publication.",... ,... , ...,"Estimates were not available at the time of publication.",... ,... , ...,"Estimates were not available at the time of publication.",... ,... , ...,"Estimates were not available at the time of publication.",... ,... , ...,"Estimates were not available at the time of publication.",... ,... , ...,"Estimates were not available at the time of publication.",... ,... , ...,"Estimates were not available at the time of publication.",... ,... , ...,"Estimates were not available at the time of publication.",... ,... , ...,"Estimates were not available at the time of publication.",... ,... , ...,"Estimates were not available at the time of publication.",... ,... , ...,"Estimates were not available at the time of publication.",... ,... , ...,"Estimates were not available at the time of publication.",... ,... , ...,"Estimates were not available at the time of publication.",... ,... , ...,"Estimates were not available at the time of publication.",... ,... , ...,"Estimates were not available at the time of publication.",... ,... , ...,"Estimates were not available at the time of publication.",... ,... , ...,"Estimates were not available at the time of publication.",... ,... , ...,"Estimates were not available at the time of publication.",... ,... , ...,"Estimates were not available at the time of publication.",... ,... , ...,"Estimates were not available at the time of publication.",... ,... , ...,"Estimates were not available at the time of publication.",... ,... , ...,"Estimates were not available at the time of publication.",... ,... , ...,"Estimates were not available at the time of publication.",... ,... , ...,"Estimates were not available at the time of publication.",... ,... , ...,"Estimates were not available at the time of publication.",... ,... , ...,"Estimates were not available at the time of publication.",... ,... , ...,"Estimates were not available at the time of publication.",... ,... , ...,"Estimates were not available at the time of publication.",... ,... , ...,"Estimates were not available at the time of publication."
Saudi Arabia,1100 ,750 , 1600,"Children estimates were not available at the time of publication.",1300 ,900 , 1800,"Children estimates were not available at the time of publication.",1500 ,1100 , 2000,"Children estimates were not available at the time of publication.",1600 ,1200 , 2200,"Children estimates were not available at the time of publication.",1800 ,1400 , 2400,"Children estimates were not available at the time of publication.",2000 ,1600 , 2500,"Children estimates were not available at the time of publication.",2200 ,1800 , 2700,"Children estimates were not available at the time of publication.",2300 ,1900 , 2800,"Children estimates were not available at the time of publication.",2400 ,2100 , 2800,"Children estimates were not available at the time of publication.",2500 ,2100 , 2900,"Children estimates were not available at the time of publication.",2500 ,2200 , 2800,"Children estimates were not available at the time of publication.",2500 ,2200 , 2700,"Children estimates were not available at the time of publication.",2400 ,2200 , 2600,"Children estimates were not available at the time of publication.",2300 ,2100 , 2500,"Children estimates were not available at the time of publication.",2200 ,2100 , 2400,"Children estimates were not available at the time of publication.",2100 ,2000 , 2300,"Children estimates were not available at the time of publication.",2000 ,1900 , 2200,"Children estimates were not available at the time of publication.",1900 ,1800 , 2100,"Children estimates were not available at the time of publication.",1800 ,1700 , 2000,"Children estimates were not available at the time of publication.",1800 ,1600 , 1900,"Children estimates were not available at the time of publication.",1700 ,1500 , 1800,"Children estimates were not available at the time of publication.",1600 ,1500 , 1800,"Children estimates were not available at the time of publication.",1600 ,1400 , 1700,"Children estimates were not available at the time of publication.",1500 ,1400 , 1600,"Children estimates were not available at the time of publication.",1500 ,1300 , 1600,"Children estimates were not available at the time of publication.",1400 ,1300 , 1600,"Children estimates were not available at the time of publication.",1400 ,1300 , 1600,"Children estimates were not available at the time of publication.",1400 ,1300 , 1500,"Children estimates were not available at the time of publication.",1400 ,1300 , 1500,"Children estimates were not available at the time of publication.",1400 ,1300 , 1600,"Children estimates were not available at the time of publication.",1400 ,1300 , 1600,"Children estimates were not available at the time of publication.",1500 ,1300 , 1600,"Children estimates were not available at the time of publication.",1500 ,1400 , 1700,"Children estimates were not available at the time of publication.",1600 ,1400 , 1800,"Children estimates were not available at the time of publication.",1700 ,1500 , 1900,"Children estimates were not available at the time of publication."
Senegal,2300 ,2200 , 2500,,3000 ,2800 , 3300,,3900 ,3700 , 4200,,4900 ,4700 , 5300,,6100 ,5800 , 6600,,7500 ,7100 , 8000,,9000 ,8600 , 9700,,11 000 ,10 000 , 12 000,,13 000 ,12 000 , 14 000,,15 000 ,14 000 , 16 000,,16 000 ,15 000 , 17 000,,18 000 ,17 000 , 19 000,,18 000 ,17 000 , 20 000,,19 000 ,18 000 , 20 000,,19 000 ,18 000 , 20 000,,18 000 ,17 000 , 20 000,,18 000 ,17 000 , 19 000,,18 000 ,17 000 , 19 000,,18 000 ,17 000 , 20 000,,18 000 ,18 000 , 20 000,,19 000 ,18 000 , 20 000,,19 000 ,18 000 , 21 000,,19 000 ,19 000 , 21 000,,20 000 ,19 000 , 21 000,,20 000 ,19 000 , 21 000,,20 000 ,19 000 , 21 000,,20 000 ,19 000 , 21 000,,20 000 ,19 000 , 22 000,,21 000 ,20 000 , 22 000,,21 000 ,20 000 , 22 000,,22 000 ,21 000 , 23 000,,22 000 ,21 000 , 24 000,,23 000 ,22 000 , 25 000,,24 000 ,23 000 , 26 000,,25 000 ,24 000 , 27 000,
Serbia,<500 ,<200 , <500,"Children estimates were not available at the time of publication.",<500 ,<500 , <500,"Children estimates were not available at the time of publication.",<500 ,<500 , <500,"Children estimates were not available at the time of publication.",<500 ,<500 , <500,"Children estimates were not available at the time of publication.",<500 ,<500 , <500,"Children estimates were not available at the time of publication.",<500 ,<500 , <500,"Children estimates were not available at the time of publication.",<500 ,<500 , <500,"Children estimates were not available at the time of publication.",<500 ,<500 , <500,"Children estimates were not available at the time of publication.",<500 ,<500 , <500,"Children estimates were not available at the time of publication.",<500 ,<500 , <500,"Children estimates were not available at the time of publication.",<500 ,<500 , <500,"Children estimates were not available at the time of publication.",<500 ,<500 , <500,"Children estimates were not available at the time of publication.",<500 ,<500 , <500,"Children estimates were not available at the time of publication.",<500 ,<500 , <500,"Children estimates were not available at the time of publication.",<500 ,<500 , <500,"Children estimates were not available at the time of publication.",<500 ,<500 , <500,"Children estimates were not available at the time of publication.",<500 ,<500 , <500,"Children estimates were not available at the time of publication.",<500 ,<500 , <500,"Children estimates were not available at the time of publication.",<500 ,<500 , <500,"Children estimates were not available at the time of publication.",<500 ,<500 , <500,"Children estimates were not available at the time of publication.",<500 ,<500 , <500,"Children estimates were not available at the time of publication.",<500 ,<500 , <500,"Children estimates were not available at the time of publication.",<500 ,<500 , <500,"Children estimates were not available at the time of publication.",<500 ,<500 , <500,"Children estimates were not available at the time of publication.",<500 ,<500 , <500,"Children estimates were not available at the time of publication.",<500 ,<500 , <500,"Children estimates were not available at the time of publication.",<500 ,<500 , <500,"Children estimates were not available at the time of publication.",<500 ,<500 , <500,"Children estimates were not available at the time of publication.",<500 ,<500 , <500,"Children estimates were not available at the time of publication.",<500 ,<500 , 500,"Children estimates were not available at the time of publication.",<500 ,<500 , 510,"Children estimates were not available at the time of publication.",<500 ,<500 , 510,"Children estimates were not available at the time of publication.",<500 ,<500 , 510,"Children estimates were not available at the time of publication.",<500 ,<500 , 520,"Children estimates were not available at the time of publication.",<500 ,<500 , 520,"Children estimates were not available at the time of publication."
Sierra Leone,7200 ,3800 , 12 000,,8500 ,4700 , 13 000,,10 000 ,5800 , 15 000,,12 000 ,7100 , 17 000,,13 000 ,8700 , 19 000,,15 000 ,10 000 , 21 000,,17 000 ,12 000 , 22 000,,18 000 ,13 000 , 23 000,,19 000 ,15 000 , 25 000,,20 000 ,16 000 , 26 000,,22 000 ,18 000 , 27 000,,24 000 ,20 000 , 30 000,,25 000 ,22 000 , 31 000,,27 000 ,23 000 , 32 000,,27 000 ,24 000 , 33 000,,28 000 ,24 000 , 33 000,,29 000 ,25 000 , 34 000,,29 000 ,26 000 , 34 000,,30 000 ,26 000 , 35 000,,31 000 ,27 000 , 35 000,,32 000 ,28 000 , 37 000,,33 000 ,29 000 , 38 000,,34 000 ,30 000 , 39 000,,35 000 ,31 000 , 40 000,,36 000 ,32 000 , 41 000,,38 000 ,33 000 , 43 000,,39 000 ,35 000 , 44 000,,41 000 ,36 000 , 47 000,,42 000 ,37 000 , 49 000,,44 000 ,38 000 , 51 000,,45 000 ,39 000 , 52 000,,46 000 ,40 000 , 54 000,,47 000 ,41 000 , 56 000,,48 000 ,41 000 , 57 000,,48 000 ,41 000 , 58 000,
Singapore,<100 ,<100 , <100,"Children estimates were not available at the time of publication.",<100 ,<100 , <100,"Children estimates were not available at the time of publication.",<100 ,<100 , <100,"Children estimates were not available at the time of publication.",<100 ,<100 , <100,"Children estimates were not available at the time of publication.",<100 ,<100 , <100,"Children estimates were not available at the time of publication.",<100 ,<100 , <100,"Children estimates were not available at the time of publication.",<100 ,<100 , <100,"Children estimates were not available at the time of publication.",<100 ,<100 , <100,"Children estimates were not available at the time of publication.",<100 ,<100 , <100,"Children estimates were not available at the time of publication.",<200 ,<100 , <200,"Children estimates were not available at the time of publication.",<200 ,<200 , <200,"Children estimates were not available at the time of publication.",<200 ,<200 , <200,"Children estimates were not available at the time of publication.",<200 ,<200 , <200,"Children estimates were not available at the time of publication.",<200 ,<200 , <500,"Children estimates were not available at the time of publication.",<500 ,<500 , <500,"Children estimates were not available at the time of publication.",<500 ,<500 , <500,"Children estimates were not available at the time of publication.",<500 ,<500 , <500,"Children estimates were not available at the time of publication.",<500 ,<500 , <500,"Children estimates were not available at the time of publication.",<500 ,<500 , <500,"Children estimates were not available at the time of publication.",<500 ,<500 , <500,"Children estimates were not available at the time of publication.",<500 ,<500 , <500,"Children estimates were not available at the time of publication.",<500 ,<500 , 520,"Children estimates were not available at the time of publication.",510 ,<500 , 560,"Children estimates were not available at the time of publication.",540 ,<500 , 590,"Children estimates were not available at the time of publication.",570 ,510 , 620,"Children estimates were not available at the time of publication.",590 ,530 , 650,"Children estimates were not available at the time of publication.",610 ,540 , 670,"Children estimates were not available at the time of publication.",630 ,560 , 690,"Children estimates were not available at the time of publication.",640 ,570 , 710,"Children estimates were not available at the time of publication.",660 ,580 , 720,"Children estimates were not available at the time of publication.",670 ,580 , 740,"Children estimates were not available at the time of publication.",670 ,590 , 740,"Children estimates were not available at the time of publication.",670 ,590 , 750,"Children estimates were not available at the time of publication.",680 ,590 , 750,"Children estimates were not available at the time of publication.",680 ,590 , 760,"Children estimates were not available at the time of publication."
Slovakia,<100 ,<100 , <100,"Children estimates were not available at the time of publication.",<100 ,<100 , <100,"Children estimates were not available at the time of publication.",<100 ,<100 , <100,"Children estimates were not available at the time of publication.",<100 ,<100 , <100,"Children estimates were not available at the time of publication.",<100 ,<100 , <100,"Children estimates were not available at the time of publication.",<100 ,<100 , <100,"Children estimates were not available at the time of publication.",<100 ,<100 , <100,"Children estimates were not available at the time of publication.",<100 ,<100 , <100,"Children estimates were not available at the time of publication.",<100 ,<100 , <100,"Children estimates were not available at the time of publication.",<100 ,<100 , <100,"Children estimates were not available at the time of publication.",<100 ,<100 , <100,"Children estimates were not available at the time of publication.",<100 ,<100 , <100,"Children estimates were not available at the time of publication.",<100 ,<100 , <100,"Children estimates were not available at the time of publication.",<100 ,<100 , <100,"Children estimates were not available at the time of publication.",<100 ,<100 , <100,"Children estimates were not available at the time of publication.",<100 ,<100 , <100,"Children estimates were not available at the time of publication.",<100 ,<100 , <100,"Children estimates were not available at the time of publication.",<100 ,<100 , <100,"Children estimates were not available at the time of publication.",<100 ,<100 , <100,"Children estimates were not available at the time of publication.",<100 ,<100 , <100,"Children estimates were not available at the time of publication.",<100 ,<100 , <100,"Children estimates were not available at the time of publication.",<100 ,<100 , <100,"Children estimates were not available at the time of publication.",<100 ,<100 , <100,"Children estimates were not available at the time of publication.",<100 ,<100 , <100,"Children estimates were not available at the time of publication.",<100 ,<100 , <200,"Children estimates were not available at the time of publication.",<100 ,<100 , <200,"Children estimates were not available at the time of publication.",<200 ,<100 , <200,"Children estimates were not available at the time of publication.",<200 ,<200 , <200,"Children estimates were not available at the time of publication.",<200 ,<200 , <200,"Children estimates were not available at the time of publication.",<200 ,<200 , <200,"Children estimates were not available at the time of publication.",<200 ,<200 , <200,"Children estimates were not available at the time of publication.",<200 ,<200 , <200,"Children estimates were not available at the time of publication.",<200 ,<200 , <500,"Children estimates were not available at the time of publication.",<500 ,<500 , <500,"Children estimates were not available at the time of publication.",<500 ,<500 , <500,"Children estimates were not available at the time of publication."
Slovenia,<100 ,<100 , <100,"Children estimates were not available at the time of publication.",<100 ,<100 , <100,"Children estimates were not available at the time of publication.",<100 ,<100 , <100,"Children estimates were not available at the time of publication.",<100 ,<100 , <100,"Children estimates were not available at the time of publication.",<100 ,<100 , <100,"Children estimates were not available at the time of publication.",<100 ,<100 , <100,"Children estimates were not available at the time of publication.",<100 ,<100 , <100,"Children estimates were not available at the time of publication.",<100 ,<100 , <100,"Children estimates were not available at the time of publication.",<100 ,<100 , <100,"Children estimates were not available at the time of publication.",<100 ,<100 , <100,"Children estimates were not available at the time of publication.",<100 ,<100 , <100,"Children estimates were not available at the time of publication.",<100 ,<100 , <100,"Children estimates were not available at the time of publication.",<100 ,<100 , <100,"Children estimates were not available at the time of publication.",<100 ,<100 , <100,"Children estimates were not available at the time of publication.",<100 ,<100 , <100,"Children estimates were not available at the time of publication.",<100 ,<100 , <100,"Children estimates were not available at the time of publication.",<100 ,<100 , <100,"Children estimates were not available at the time of publication.",<100 ,<100 , <100,"Children estimates were not available at the time of publication.",<100 ,<100 , <100,"Children estimates were not available at the time of publication.",<100 ,<100 , <100,"Children estimates were not available at the time of publication.",<100 ,<100 , <100,"Children estimates were not available at the time of publication.",<100 ,<100 , <100,"Children estimates were not available at the time of publication.",<100 ,<100 , <100,"Children estimates were not available at the time of publication.",<100 ,<100 , <100,"Children estimates were not available at the time of publication.",<100 ,<100 , <100,"Children estimates were not available at the time of publication.",<100 ,<100 , <100,"Children estimates were not available at the time of publication.",<100 ,<100 , <100,"Children estimates were not available at the time of publication.",<100 ,<100 , <100,"Children estimates were not available at the time of publication.",<100 ,<100 , <200,"Children estimates were not available at the time of publication.",<100 ,<100 , <200,"Children estimates were not available at the time of publication.",<100 ,<100 , <200,"Children estimates were not available at the time of publication.",<200 ,<100 , <200,"Children estimates were not available at the time of publication.",<200 ,<100 , <200,"Children estimates were not available at the time of publication.",<200 ,<100 , <200,"Children estimates were not available at the time of publication.",<200 ,<100 , <200,"Children estimates were not available at the time of publication."
Solomon Islands,... ,... , ...,"Estimates were not available at the time of publication.",... ,... , ...,"Estimates were not available at the time of publication.",... ,... , ...,"Estimates were not available at the time of publication.",... ,... , ...,"Estimates were not available at the time of publication.",... ,... , ...,"Estimates were not available at the time of publication.",... ,... , ...,"Estimates were not available at the time of publication.",... ,... , ...,"Estimates were not available at the time of publication.",... ,... , ...,"Estimates were not available at the time of publication.",... ,... , ...,"Estimates were not available at the time of publication.",... ,... , ...,"Estimates were not available at the time of publication.",... ,... , ...,"Estimates were not available at the time of publication.",... ,... , ...,"Estimates were not available at the time of publication.",... ,... , ...,"Estimates were not available at the time of publication.",... ,... , ...,"Estimates were not available at the time of publication.",... ,... , ...,"Estimates were not available at the time of publication.",... ,... , ...,"Estimates were not available at the time of publication.",... ,... , ...,"Estimates were not available at the time of publication.",... ,... , ...,"Estimates were not available at the time of publication.",... ,... , ...,"Estimates were not available at the time of publication.",... ,... , ...,"Estimates were not available at the time of publication.",... ,... , ...,"Estimates were not available at the time of publication.",... ,... , ...,"Estimates were not available at the time of publication.",... ,... , ...,"Estimates were not available at the time of publication.",... ,... , ...,"Estimates were not available at the time of publication.",... ,... , ...,"Estimates were not available at the time of publication.",... ,... , ...,"Estimates were not available at the time of publication.",... ,... , ...,"Estimates were not available at the time of publication.",... ,... , ...,"Estimates were not available at the time of publication.",... ,... , ...,"Estimates were not available at the time of publication.",... ,... , ...,"Estimates were not available at the time of publication.",... ,... , ...,"Estimates were not available at the time of publication.",... ,... , ...,"Estimates were not available at the time of publication.",... ,... , ...,"Estimates were not available at the time of publication.",... ,... , ...,"Estimates were not available at the time of publication.",... ,... , ...,"Estimates were not available at the time of publication."
Somalia,4000 ,1800 , 8000,,4200 ,2100 , 8100,,4500 ,2400 , 8300,,5100 ,2900 , 9000,,5400 ,3300 , 9300,,5700 ,3600 , 9500,,5900 ,3900 , 9300,,6100 ,4100 , 9500,,6200 ,4300 , 9500,,6200 ,4400 , 9400,,6200 ,4500 , 9300,,6200 ,4500 , 9000,,6100 ,4500 , 8700,,6000 ,4400 , 8300,,5800 ,4400 , 8000,,5600 ,4300 , 7600,,5400 ,4200 , 7200,,5300 ,4200 , 6800,,5100 ,4100 , 6400,,4900 ,4000 , 6100,,4700 ,3900 , 5800,,4400 ,3800 , 5400,,4300 ,3700 , 5200,,4300 ,3700 , 5000,,4200 ,3700 , 4900,,4100 ,3600 , 4800,,4100 ,3600 , 4700,,4100 ,3600 , 4600,,4100 ,3600 , 4600,,4100 ,3600 , 4600,,4100 ,3600 , 4600,,4000 ,3600 , 4500,,4000 ,3600 , 4500,,4000 ,3600 , 4500,,4000 ,3600 , 4500,
South Africa,140 000 ,120 000 , 150 000,,220 000 ,200 000 , 240 000,,340 000 ,310 000 , 380 000,,500 000 ,450 000 , 560 000,,700 000 ,620 000 , 770 000,,920 000 ,830 000 , 1 000 000,,1 200 000 ,1 000 000 , 1 300 000,,1 400 000 ,1 300 000 , 1 500 000,,1 600 000 ,1 500 000 , 1 800 000,,1 900 000 ,1 700 000 , 2 000 000,,2 100 000 ,1 900 000 , 2 300 000,,2 300 000 ,2 100 000 , 2 500 000,,2 400 000 ,2 200 000 , 2 700 000,,2 600 000 ,2 300 000 , 2 800 000,,2 700 000 ,2 400 000 , 2 900 000,,2 800 000 ,2 500 000 , 3 000 000,,2 900 000 ,2 600 000 , 3 100 000,,3 000 000 ,2 800 000 , 3 300 000,,3 100 000 ,2 900 000 , 3 400 000,,3 300 000 ,3 000 000 , 3 600 000,,3 400 000 ,3 100 000 , 3 700 000,,3 500 000 ,3 300 000 , 3 800 000,,3 700 000 ,3 400 000 , 4 000 000,,3 800 000 ,3 600 000 , 4 200 000,,4 000 000 ,3 700 000 , 4 300 000,,4 100 000 ,3 800 000 , 4 500 000,,4 300 000 ,3 900 000 , 4 600 000,,4 400 000 ,4 100 000 , 4 800 000,,4 500 000 ,4 200 000 , 4 900 000,,4 600 000 ,4 300 000 , 5 000 000,,4 700 000 ,4 400 000 , 5 100 000,,4 800 000 ,4 500 000 , 5 200 000,,4 900 000 ,4 600 000 , 5 400 000,,5 000 000 ,4 600 000 , 5 400 000,,5 100 000 ,4 700 000 , 5 500 000,
South Sudan,14 000 ,5700 , 24 000,,18 000 ,7800 , 29 000,,22 000 ,10 000 , 33 000,,26 000 ,13 000 , 37 000,,32 000 ,17 000 , 44 000,,36 000 ,20 000 , 50 000,,41 000 ,23 000 , 56 000,,45 000 ,26 000 , 61 000,,49 000 ,29 000 , 64 000,,53 000 ,32 000 , 70 000,,57 000 ,35 000 , 75 000,,60 000 ,39 000 , 80 000,,63 000 ,43 000 , 83 000,,65 000 ,46 000 , 87 000,,69 000 ,50 000 , 92 000,,71 000 ,53 000 , 95 000,,74 000 ,56 000 , 98 000,,77 000 ,59 000 , 100 000,,79 000 ,62 000 , 100 000,,81 000 ,64 000 , 110 000,,85 000 ,67 000 , 110 000,,88 000 ,70 000 , 110 000,,90 000 ,72 000 , 120 000,,92 000 ,74 000 , 120 000,,88 000 ,71 000 , 110 000,,88 000 ,71 000 , 110 000,,83 000 ,67 000 , 100 000,,77 000 ,64 000 , 94 000,,80 000 ,68 000 , 96 000,,82 000 ,70 000 , 99 000,,84 000 ,71 000 , 100 000,,83 000 ,71 000 , 100 000,,85 000 ,72 000 , 100 000,,89 000 ,75 000 , 110 000,,91 000 ,77 000 , 110 000,
Spain,17 000 ,15 000 , 19 000,,19 000 ,17 000 , 21 000,,20 000 ,18 000 , 22 000,,21 000 ,19 000 , 23 000,,21 000 ,19 000 , 23 000,,20 000 ,19 000 , 22 000,,20 000 ,19 000 , 22 000,,20 000 ,19 000 , 22 000,,20 000 ,19 000 , 22 000,,20 000 ,19 000 , 22 000,,20 000 ,19 000 , 22 000,,20 000 ,19 000 , 22 000,,21 000 ,19 000 , 22 000,,21 000 ,20 000 , 23 000,,22 000 ,20 000 , 24 000,,22 000 ,20 000 , 24 000,,23 000 ,21 000 , 25 000,,23 000 ,21 000 , 26 000,,24 000 ,21 000 , 27 000,,24 000 ,21 000 , 27 000,,24 000 ,22 000 , 27 000,,25 000 ,22 000 , 28 000,,25 000 ,22 000 , 28 000,,25 000 ,22 000 , 29 000,,25 000 ,22 000 , 29 000,,25 000 ,22 000 , 29 000,,26 000 ,22 000 , 30 000,,26 000 ,22 000 , 30 000,,26 000 ,23 000 , 31 000,,26 000 ,23 000 , 31 000,,27 000 ,23 000 , 31 000,,27 000 ,23 000 , 32 000,,27 000 ,23 000 , 32 000,,27 000 ,23 000 , 32 000,,27 000 ,23 000 , 32 000,
Sri Lanka,<100 ,<100 , <100,"Children estimates were not available at the time of publication.",<100 ,<100 , <100,"Children estimates were not available at the time of publication.",<100 ,<100 , <100,"Children estimates were not available at the time of publication.",<100 ,<100 , <100,"Children estimates were not available at the time of publication.",<100 ,<100 , <200,"Children estimates were not available at the time of publication.",<200 ,<200 , <200,"Children estimates were not available at the time of publication.",<500 ,<200 , <500,"Children estimates were not available at the time of publication.",<500 ,<500 , <500,"Children estimates were not available at the time of publication.",<500 ,<500 , <500,"Children estimates were not available at the time of publication.",<500 ,<500 , 540,"Children estimates were not available at the time of publication.",570 ,<500 , 660,"Children estimates were not available at the time of publication.",670 ,580 , 770,"Children estimates were not available at the time of publication.",770 ,660 , 870,"Children estimates were not available at the time of publication.",860 ,730 , 980,"Children estimates were not available at the time of publication.",940 ,810 , 1100,"Children estimates were not available at the time of publication.",1000 ,880 , 1200,"Children estimates were not available at the time of publication.",1100 ,930 , 1200,"Children estimates were not available at the time of publication.",1100 ,980 , 1300,"Children estimates were not available at the time of publication.",1200 ,1000 , 1300,"Children estimates were not available at the time of publication.",1200 ,1000 , 1400,"Children estimates were not available at the time of publication.",1200 ,1100 , 1400,"Children estimates were not available at the time of publication.",1200 ,1100 , 1400,"Children estimates were not available at the time of publication.",1200 ,1100 , 1400,"Children estimates were not available at the time of publication.",1200 ,1100 , 1400,"Children estimates were not available at the time of publication.",1200 ,1100 , 1400,"Children estimates were not available at the time of publication.",1200 ,1100 , 1300,"Children estimates were not available at the time of publication.",1200 ,1100 , 1300,"Children estimates were not available at the time of publication.",1200 ,1100 , 1300,"Children estimates were not available at the time of publication.",1200 ,1000 , 1300,"Children estimates were not available at the time of publication.",1100 ,1000 , 1300,"Children estimates were not available at the time of publication.",1100 ,1000 , 1300,"Children estimates were not available at the time of publication.",1100 ,1000 , 1300,"Children estimates were not available at the time of publication.",1100 ,1000 , 1200,"Children estimates were not available at the time of publication.",1100 ,980 , 1200,"Children estimates were not available at the time of publication.",1100 ,970 , 1200,"Children estimates were not available at the time of publication."
Sudan,2700 ,1700 , 5200,,3200 ,2100 , 6000,,3800 ,2500 , 6700,,4400 ,2900 , 7500,,5000 ,3400 , 8100,,5500 ,3900 , 8600,,6000 ,4300 , 9200,,6600 ,4800 , 9800,,7100 ,5200 , 10 000,,7700 ,5700 , 11 000,,8200 ,6200 , 11 000,,8700 ,6600 , 12 000,,9100 ,7000 , 12 000,,9500 ,7300 , 12 000,,9800 ,7600 , 13 000,,10 000 ,7900 , 13 000,,10 000 ,8200 , 14 000,,11 000 ,8500 , 14 000,,11 000 ,8800 , 14 000,,11 000 ,9200 , 15 000,,12 000 ,9400 , 15 000,,12 000 ,9700 , 16 000,,12 000 ,10 000 , 16 000,,13 000 ,10 000 , 16 000,,14 000 ,11 000 , 17 000,,14 000 ,11 000 , 18 000,,15 000 ,12 000 , 19 000,,16 000 ,12 000 , 21 000,,17 000 ,13 000 , 22 000,,17 000 ,13 000 , 23 000,,18 000 ,14 000 , 25 000,,19 000 ,15 000 , 27 000,,21 000 ,16 000 , 29 000,,21 000 ,16 000 , 31 000,,23 000 ,17 000 , 33 000,
Suriname,510 ,<500 , 740,,570 ,<500 , 810,,630 ,<500 , 860,,690 ,<500 , 940,,760 ,540 , 1000,,840 ,630 , 1100,,930 ,710 , 1200,,1000 ,790 , 1300,,1100 ,900 , 1400,,1200 ,1000 , 1500,,1300 ,1100 , 1600,,1400 ,1200 , 1600,,1500 ,1300 , 1700,,1600 ,1400 , 1800,,1700 ,1400 , 1900,,1700 ,1500 , 2000,,1800 ,1600 , 2000,,1900 ,1700 , 2100,,2000 ,1700 , 2200,,2000 ,1800 , 2300,,2100 ,1900 , 2400,,2200 ,2000 , 2500,,2300 ,2100 , 2600,,2400 ,2100 , 2700,,2500 ,2200 , 2800,,2600 ,2300 , 2900,,2600 ,2400 , 3000,,2700 ,2500 , 3100,,2800 ,2500 , 3200,,2900 ,2600 , 3300,,3000 ,2700 , 3300,,3000 ,2700 , 3400,,3100 ,2800 , 3400,,3200 ,2900 , 3500,,3200 ,2900 , 3600,
Sweden,570 ,<500 , 650,"Numbers are estimated by UNAIDS using the Spectrum model, based on the official national estimates. Any differences are within uncertainty margins of both sets of estimates, reflecting methodologies and assumptions. (https://pubmed.ncbi.nlm.nih.gov/39421951/).",640 ,570 , 720,"Numbers are estimated by UNAIDS using the Spectrum model, based on the official national estimates. Any differences are within uncertainty margins of both sets of estimates, reflecting methodologies and assumptions. (https://pubmed.ncbi.nlm.nih.gov/39421951/).",710 ,630 , 780,"Numbers are estimated by UNAIDS using the Spectrum model, based on the official national estimates. Any differences are within uncertainty margins of both sets of estimates, reflecting methodologies and assumptions. (https://pubmed.ncbi.nlm.nih.gov/39421951/).",770 ,690 , 840,"Numbers are estimated by UNAIDS using the Spectrum model, based on the official national estimates. Any differences are within uncertainty margins of both sets of estimates, reflecting methodologies and assumptions. (https://pubmed.ncbi.nlm.nih.gov/39421951/).",830 ,740 , 900,"Numbers are estimated by UNAIDS using the Spectrum model, based on the official national estimates. Any differences are within uncertainty margins of both sets of estimates, reflecting methodologies and assumptions. (https://pubmed.ncbi.nlm.nih.gov/39421951/).",880 ,790 , 950,"Numbers are estimated by UNAIDS using the Spectrum model, based on the official national estimates. Any differences are within uncertainty margins of both sets of estimates, reflecting methodologies and assumptions. (https://pubmed.ncbi.nlm.nih.gov/39421951/).",940 ,850 , 1000,"Numbers are estimated by UNAIDS using the Spectrum model, based on the official national estimates. Any differences are within uncertainty margins of both sets of estimates, reflecting methodologies and assumptions. (https://pubmed.ncbi.nlm.nih.gov/39421951/).",1000 ,920 , 1100,"Numbers are estimated by UNAIDS using the Spectrum model, based on the official national estimates. Any differences are within uncertainty margins of both sets of estimates, reflecting methodologies and assumptions. (https://pubmed.ncbi.nlm.nih.gov/39421951/).",1100 ,990 , 1200,"Numbers are estimated by UNAIDS using the Spectrum model, based on the official national estimates. Any differences are within uncertainty margins of both sets of estimates, reflecting methodologies and assumptions. (https://pubmed.ncbi.nlm.nih.gov/39421951/).",1200 ,1100 , 1300,"Numbers are estimated by UNAIDS using the Spectrum model, based on the official national estimates. Any differences are within uncertainty margins of both sets of estimates, reflecting methodologies and assumptions. (https://pubmed.ncbi.nlm.nih.gov/39421951/).",1300 ,1100 , 1400,"Numbers are estimated by UNAIDS using the Spectrum model, based on the official national estimates. Any differences are within uncertainty margins of both sets of estimates, reflecting methodologies and assumptions. (https://pubmed.ncbi.nlm.nih.gov/39421951/).",1300 ,1200 , 1400,"Numbers are estimated by UNAIDS using the Spectrum model, based on the official national estimates. Any differences are within uncertainty margins of both sets of estimates, reflecting methodologies and assumptions. (https://pubmed.ncbi.nlm.nih.gov/39421951/).",1400 ,1300 , 1500,"Numbers are estimated by UNAIDS using the Spectrum model, based on the official national estimates. Any differences are within uncertainty margins of both sets of estimates, reflecting methodologies and assumptions. (https://pubmed.ncbi.nlm.nih.gov/39421951/).",1500 ,1300 , 1600,"Numbers are estimated by UNAIDS using the Spectrum model, based on the official national estimates. Any differences are within uncertainty margins of both sets of estimates, reflecting methodologies and assumptions. (https://pubmed.ncbi.nlm.nih.gov/39421951/).",1600 ,1400 , 1700,"Numbers are estimated by UNAIDS using the Spectrum model, based on the official national estimates. Any differences are within uncertainty margins of both sets of estimates, reflecting methodologies and assumptions. (https://pubmed.ncbi.nlm.nih.gov/39421951/).",1600 ,1500 , 1800,"Numbers are estimated by UNAIDS using the Spectrum model, based on the official national estimates. Any differences are within uncertainty margins of both sets of estimates, reflecting methodologies and assumptions. (https://pubmed.ncbi.nlm.nih.gov/39421951/).",1700 ,1600 , 1900,"Numbers are estimated by UNAIDS using the Spectrum model, based on the official national estimates. Any differences are within uncertainty margins of both sets of estimates, reflecting methodologies and assumptions. (https://pubmed.ncbi.nlm.nih.gov/39421951/).",1800 ,1600 , 2000,"Numbers are estimated by UNAIDS using the Spectrum model, based on the official national estimates. Any differences are within uncertainty margins of both sets of estimates, reflecting methodologies and assumptions. (https://pubmed.ncbi.nlm.nih.gov/39421951/).",1900 ,1700 , 2100,"Numbers are estimated by UNAIDS using the Spectrum model, based on the official national estimates. Any differences are within uncertainty margins of both sets of estimates, reflecting methodologies and assumptions. (https://pubmed.ncbi.nlm.nih.gov/39421951/).",2000 ,1800 , 2200,"Numbers are estimated by UNAIDS using the Spectrum model, based on the official national estimates. Any differences are within uncertainty margins of both sets of estimates, reflecting methodologies and assumptions. (https://pubmed.ncbi.nlm.nih.gov/39421951/).",2100 ,1900 , 2400,"Numbers are estimated by UNAIDS using the Spectrum model, based on the official national estimates. Any differences are within uncertainty margins of both sets of estimates, reflecting methodologies and assumptions. (https://pubmed.ncbi.nlm.nih.gov/39421951/).",2200 ,2000 , 2500,"Numbers are estimated by UNAIDS using the Spectrum model, based on the official national estimates. Any differences are within uncertainty margins of both sets of estimates, reflecting methodologies and assumptions. (https://pubmed.ncbi.nlm.nih.gov/39421951/).",2300 ,2100 , 2600,"Numbers are estimated by UNAIDS using the Spectrum model, based on the official national estimates. Any differences are within uncertainty margins of both sets of estimates, reflecting methodologies and assumptions. (https://pubmed.ncbi.nlm.nih.gov/39421951/).",2400 ,2200 , 2700,"Numbers are estimated by UNAIDS using the Spectrum model, based on the official national estimates. Any differences are within uncertainty margins of both sets of estimates, reflecting methodologies and assumptions. (https://pubmed.ncbi.nlm.nih.gov/39421951/).",2500 ,2300 , 2800,"Numbers are estimated by UNAIDS using the Spectrum model, based on the official national estimates. Any differences are within uncertainty margins of both sets of estimates, reflecting methodologies and assumptions. (https://pubmed.ncbi.nlm.nih.gov/39421951/).",2600 ,2300 , 2900,"Numbers are estimated by UNAIDS using the Spectrum model, based on the official national estimates. Any differences are within uncertainty margins of both sets of estimates, reflecting methodologies and assumptions. (https://pubmed.ncbi.nlm.nih.gov/39421951/).",2700 ,2400 , 3000,"Numbers are estimated by UNAIDS using the Spectrum model, based on the official national estimates. Any differences are within uncertainty margins of both sets of estimates, reflecting methodologies and assumptions. (https://pubmed.ncbi.nlm.nih.gov/39421951/).",2800 ,2500 , 3100,"Numbers are estimated by UNAIDS using the Spectrum model, based on the official national estimates. Any differences are within uncertainty margins of both sets of estimates, reflecting methodologies and assumptions. (https://pubmed.ncbi.nlm.nih.gov/39421951/).",2900 ,2600 , 3300,"Numbers are estimated by UNAIDS using the Spectrum model, based on the official national estimates. Any differences are within uncertainty margins of both sets of estimates, reflecting methodologies and assumptions. (https://pubmed.ncbi.nlm.nih.gov/39421951/).",3100 ,2700 , 3400,"Numbers are estimated by UNAIDS using the Spectrum model, based on the official national estimates. Any differences are within uncertainty margins of both sets of estimates, reflecting methodologies and assumptions. (https://pubmed.ncbi.nlm.nih.gov/39421951/).",3200 ,2800 , 3500,"Numbers are estimated by UNAIDS using the Spectrum model, based on the official national estimates. Any differences are within uncertainty margins of both sets of estimates, reflecting methodologies and assumptions. (https://pubmed.ncbi.nlm.nih.gov/39421951/).",3200 ,2800 , 3600,"Numbers are estimated by UNAIDS using the Spectrum model, based on the official national estimates. Any differences are within uncertainty margins of both sets of estimates, reflecting methodologies and assumptions. (https://pubmed.ncbi.nlm.nih.gov/39421951/).",3400 ,3000 , 3800,"Numbers are estimated by UNAIDS using the Spectrum model, based on the official national estimates. Any differences are within uncertainty margins of both sets of estimates, reflecting methodologies and assumptions. (https://pubmed.ncbi.nlm.nih.gov/39421951/).",... ,... , ...,"Numbers are estimated by UNAIDS using the Spectrum model, based on the official national estimates. Any differences are within uncertainty margins of both sets of estimates, reflecting methodologies and assumptions. (https://pubmed.ncbi.nlm.nih.gov/39421951/).",... ,... , ...,"Numbers are estimated by UNAIDS using the Spectrum model, based on the official national estimates. Any differences are within uncertainty margins of both sets of estimates, reflecting methodologies and assumptions. (https://pubmed.ncbi.nlm.nih.gov/39421951/)."
Switzerland,1300 ,1200 , 1400,"Children estimates were not available at the time of publication.",1500 ,1300 , 1600,"Children estimates were not available at the time of publication.",1600 ,1500 , 1800,"Children estimates were not available at the time of publication.",1800 ,1600 , 1900,"Children estimates were not available at the time of publication.",1900 ,1700 , 2100,"Children estimates were not available at the time of publication.",2000 ,1800 , 2200,"Children estimates were not available at the time of publication.",2100 ,1900 , 2300,"Children estimates were not available at the time of publication.",2200 ,2000 , 2400,"Children estimates were not available at the time of publication.",2400 ,2200 , 2500,"Children estimates were not available at the time of publication.",2500 ,2300 , 2700,"Children estimates were not available at the time of publication.",2600 ,2400 , 2800,"Children estimates were not available at the time of publication.",2700 ,2500 , 2900,"Children estimates were not available at the time of publication.",2800 ,2600 , 3000,"Children estimates were not available at the time of publication.",2900 ,2700 , 3200,"Children estimates were not available at the time of publication.",3000 ,2700 , 3300,"Children estimates were not available at the time of publication.",3100 ,2800 , 3400,"Children estimates were not available at the time of publication.",3200 ,2900 , 3500,"Children estimates were not available at the time of publication.",3300 ,2900 , 3600,"Children estimates were not available at the time of publication.",3400 ,3000 , 3700,"Children estimates were not available at the time of publication.",3500 ,3100 , 3800,"Children estimates were not available at the time of publication.",3600 ,3200 , 4000,"Children estimates were not available at the time of publication.",3700 ,3300 , 4100,"Children estimates were not available at the time of publication.",3800 ,3400 , 4200,"Children estimates were not available at the time of publication.",3900 ,3400 , 4400,"Children estimates were not available at the time of publication.",4000 ,3500 , 4500,"Children estimates were not available at the time of publication.",4100 ,3600 , 4600,"Children estimates were not available at the time of publication.",4200 ,3700 , 4800,"Children estimates were not available at the time of publication.",4300 ,3700 , 4900,"Children estimates were not available at the time of publication.",4400 ,3800 , 5000,"Children estimates were not available at the time of publication.",4500 ,3900 , 5100,"Children estimates were not available at the time of publication.",4500 ,3900 , 5200,"Children estimates were not available at the time of publication.",4600 ,4000 , 5300,"Children estimates were not available at the time of publication.",4700 ,4000 , 5400,"Children estimates were not available at the time of publication.",4800 ,4100 , 5500,"Children estimates were not available at the time of publication.",4800 ,4100 , 5600,"Children estimates were not available at the time of publication."
Syrian Arab Republic,<100 ,<100 , <100,"Children estimates were not available at the time of publication.",<100 ,<100 , <100,"Children estimates were not available at the time of publication.",<100 ,<100 , <100,"Children estimates were not available at the time of publication.",<100 ,<100 , <100,"Children estimates were not available at the time of publication.",<100 ,<100 , <100,"Children estimates were not available at the time of publication.",<100 ,<100 , <100,"Children estimates were not available at the time of publication.",<100 ,<100 , <100,"Children estimates were not available at the time of publication.",<100 ,<100 , <100,"Children estimates were not available at the time of publication.",<100 ,<100 , <100,"Children estimates were not available at the time of publication.",<100 ,<100 , <100,"Children estimates were not available at the time of publication.",<100 ,<100 , <100,"Children estimates were not available at the time of publication.",<100 ,<100 , <100,"Children estimates were not available at the time of publication.",<100 ,<100 , <100,"Children estimates were not available at the time of publication.",<100 ,<100 , <100,"Children estimates were not available at the time of publication.",<100 ,<100 , <100,"Children estimates were not available at the time of publication.",<100 ,<100 , <200,"Children estimates were not available at the time of publication.",<200 ,<100 , <200,"Children estimates were not available at the time of publication.",<200 ,<100 , <200,"Children estimates were not available at the time of publication.",<200 ,<200 , <200,"Children estimates were not available at the time of publication.",<200 ,<200 , <200,"Children estimates were not available at the time of publication.",<200 ,<200 , <200,"Children estimates were not available at the time of publication.",<200 ,<200 , <200,"Children estimates were not available at the time of publication.",<200 ,<200 , <200,"Children estimates were not available at the time of publication.",<200 ,<200 , <200,"Children estimates were not available at the time of publication.",<200 ,<200 , <200,"Children estimates were not available at the time of publication.",<200 ,<200 , <200,"Children estimates were not available at the time of publication.",<200 ,<200 , <200,"Children estimates were not available at the time of publication.",<200 ,<200 , <200,"Children estimates were not available at the time of publication.",<200 ,<200 , <200,"Children estimates were not available at the time of publication.",<200 ,<200 , <200,"Children estimates were not available at the time of publication.",<200 ,<200 , <200,"Children estimates were not available at the time of publication.",<200 ,<200 , <200,"Children estimates were not available at the time of publication.",<200 ,<200 , <500,"Children estimates were not available at the time of publication.",<200 ,<200 , <500,"Children estimates were not available at the time of publication.",<200 ,<200 , <500,"Children estimates were not available at the time of publication."
Tajikistan,<100 ,<100 , <100,,<100 ,<100 , <100,,<100 ,<100 , <100,,<100 ,<100 , <100,,<200 ,<100 , <500,,<500 ,<100 , <500,,<500 ,<100 , <500,,<500 ,<200 , <500,,550 ,<500 , 580,,700 ,610 , 730,,890 ,850 , 920,,1100 ,1100 , 1100,,1300 ,1300 , 1400,,1600 ,1500 , 1700,,1800 ,1800 , 1900,,2000 ,2000 , 2100,,2300 ,2200 , 2300,,2400 ,2400 , 2500,,2600 ,2500 , 2700,,2800 ,2700 , 2900,,3000 ,2900 , 3000,,3100 ,3000 , 3200,,3200 ,3100 , 3300,,3400 ,3300 , 3500,,3500 ,3400 , 3600,,3700 ,3600 , 3800,,3900 ,3700 , 4000,,4000 ,3900 , 4100,,4200 ,4000 , 4300,,4300 ,4200 , 4400,,4400 ,4300 , 4600,,4600 ,4400 , 4700,,4700 ,4500 , 4900,,4800 ,4600 , 5000,,4900 ,4700 , 5100,
Thailand,40 000 ,34 000 , 46 000,,76 000 ,66 000 , 88 000,,120 000 ,100 000 , 140 000,,160 000 ,140 000 , 190 000,,200 000 ,180 000 , 230 000,,240 000 ,210 000 , 270 000,,270 000 ,240 000 , 310 000,,300 000 ,260 000 , 340 000,,320 000 ,280 000 , 360 000,,340 000 ,290 000 , 380 000,,340 000 ,300 000 , 390 000,,350 000 ,300 000 , 390 000,,350 000 ,310 000 , 390 000,,340 000 ,300 000 , 390 000,,340 000 ,300 000 , 380 000,,330 000 ,300 000 , 370 000,,330 000 ,290 000 , 370 000,,320 000 ,290 000 , 360 000,,320 000 ,290 000 , 350 000,,310 000 ,280 000 , 350 000,,310 000 ,270 000 , 340 000,,300 000 ,270 000 , 330 000,,290 000 ,260 000 , 320 000,,290 000 ,260 000 , 320 000,,280 000 ,250 000 , 310 000,,270 000 ,240 000 , 310 000,,270 000 ,230 000 , 300 000,,260 000 ,230 000 , 290 000,,250 000 ,220 000 , 290 000,,250 000 ,220 000 , 280 000,,240 000 ,210 000 , 280 000,,240 000 ,210 000 , 280 000,,240 000 ,200 000 , 270 000,,230 000 ,200 000 , 270 000,,230 000 ,190 000 , 270 000,
Timor-Leste,<100 ,<100 , <100,"Children estimates were not available at the time of publication.",<100 ,<100 , <100,"Children estimates were not available at the time of publication.",<100 ,<100 , <100,"Children estimates were not available at the time of publication.",<100 ,<100 , <200,"Children estimates were not available at the time of publication.",<100 ,<100 , <200,"Children estimates were not available at the time of publication.",<100 ,<100 , <200,"Children estimates were not available at the time of publication.",<200 ,<100 , <200,"Children estimates were not available at the time of publication.",<200 ,<100 , <200,"Children estimates were not available at the time of publication.",<200 ,<100 , <200,"Children estimates were not available at the time of publication.",<200 ,<100 , <200,"Children estimates were not available at the time of publication.",<200 ,<100 , <200,"Children estimates were not available at the time of publication.",<200 ,<200 , <200,"Children estimates were not available at the time of publication.",<200 ,<200 , <500,"Children estimates were not available at the time of publication.",<200 ,<200 , <500,"Children estimates were not available at the time of publication.",<200 ,<200 , <500,"Children estimates were not available at the time of publication.",<200 ,<200 , <500,"Children estimates were not available at the time of publication.",<200 ,<200 , <500,"Children estimates were not available at the time of publication.",<500 ,<200 , <500,"Children estimates were not available at the time of publication.",<500 ,<200 , <500,"Children estimates were not available at the time of publication.",<500 ,<200 , <500,"Children estimates were not available at the time of publication.",<500 ,<500 , <500,"Children estimates were not available at the time of publication.",<500 ,<500 , <500,"Children estimates were not available at the time of publication.",<500 ,<500 , <500,"Children estimates were not available at the time of publication.",<500 ,<500 , <500,"Children estimates were not available at the time of publication.",<500 ,<500 , <500,"Children estimates were not available at the time of publication.",<500 ,<500 , <500,"Children estimates were not available at the time of publication.",<500 ,<500 , <500,"Children estimates were not available at the time of publication.",<500 ,<500 , <500,"Children estimates were not available at the time of publication.",<500 ,<500 , <500,"Children estimates were not available at the time of publication.",<500 ,<500 , 520,"Children estimates were not available at the time of publication.",<500 ,<500 , 550,"Children estimates were not available at the time of publication.",<500 ,<500 , 580,"Children estimates were not available at the time of publication.",530 ,<500 , 610,"Children estimates were not available at the time of publication.",550 ,<500 , 640,"Children estimates were not available at the time of publication.",580 ,<500 , 680,"Children estimates were not available at the time of publication."
Togo,8800 ,6100 , 12 000,,12 000 ,8600 , 16 000,,16 000 ,12 000 , 21 000,,19 000 ,15 000 , 25 000,,25 000 ,19 000 , 32 000,,31 000 ,24 000 , 40 000,,37 000 ,29 000 , 46 000,,43 000 ,34 000 , 53 000,,47 000 ,38 000 , 58 000,,51 000 ,41 000 , 63 000,,54 000 ,43 000 , 67 000,,56 000 ,45 000 , 69 000,,56 000 ,46 000 , 69 000,,56 000 ,47 000 , 69 000,,56 000 ,47 000 , 68 000,,56 000 ,47 000 , 68 000,,56 000 ,48 000 , 67 000,,56 000 ,47 000 , 67 000,,55 000 ,47 000 , 66 000,,55 000 ,47 000 , 65 000,,55 000 ,47 000 , 65 000,,55 000 ,47 000 , 65 000,,55 000 ,48 000 , 65 000,,56 000 ,48 000 , 65 000,,56 000 ,48 000 , 66 000,,57 000 ,49 000 , 66 000,,57 000 ,49 000 , 67 000,,58 000 ,50 000 , 68 000,,59 000 ,50 000 , 70 000,,60 000 ,51 000 , 71 000,,60 000 ,51 000 , 72 000,,61 000 ,52 000 , 74 000,,62 000 ,52 000 , 76 000,,63 000 ,52 000 , 77 000,,64 000 ,53 000 , 78 000,
Tonga,... ,... , ...,,... ,... , ...,,... ,... , ...,,... ,... , ...,,... ,... , ...,,... ,... , ...,,... ,... , ...,,... ,... , ...,,... ,... , ...,,... ,... , ...,,... ,... , ...,,... ,... , ...,,... ,... , ...,,... ,... , ...,,... ,... , ...,,... ,... , ...,,... ,... , ...,,... ,... , ...,,... ,... , ...,,... ,... , ...,,... ,... , ...,,... ,... , ...,,... ,... , ...,,... ,... , ...,,... ,... , ...,,... ,... , ...,,... ,... , ...,,... ,... , ...,,... ,... , ...,,... ,... , ...,,... ,... , ...,,... ,... , ...,,... ,... , ...,,... ,... , ...,,... ,... , ...,
Trinidad and Tobago,... ,... , ...,"Estimates were not available at the time of publication.",... ,... , ...,"Estimates were not available at the time of publication.",... ,... , ...,"Estimates were not available at the time of publication.",... ,... , ...,"Estimates were not available at the time of publication.",... ,... , ...,"Estimates were not available at the time of publication.",... ,... , ...,"Estimates were not available at the time of publication.",... ,... , ...,"Estimates were not available at the time of publication.",... ,... , ...,"Estimates were not available at the time of publication.",... ,... , ...,"Estimates were not available at the time of publication.",... ,... , ...,"Estimates were not available at the time of publication.",... ,... , ...,"Estimates were not available at the time of publication.",... ,... , ...,"Estimates were not available at the time of publication.",... ,... , ...,"Estimates were not available at the time of publication.",... ,... , ...,"Estimates were not available at the time of publication.",... ,... , ...,"Estimates were not available at the time of publication.",... ,... , ...,"Estimates were not available at the time of publication.",... ,... , ...,"Estimates were not available at the time of publication.",... ,... , ...,"Estimates were not available at the time of publication.",... ,... , ...,"Estimates were not available at the time of publication.",... ,... , ...,"Estimates were not available at the time of publication.",... ,... , ...,"Estimates were not available at the time of publication.",... ,... , ...,"Estimates were not available at the time of publication.",... ,... , ...,"Estimates were not available at the time of publication.",... ,... , ...,"Estimates were not available at the time of publication.",... ,... , ...,"Estimates were not available at the time of publication.",... ,... , ...,"Estimates were not available at the time of publication.",... ,... , ...,"Estimates were not available at the time of publication.",... ,... , ...,"Estimates were not available at the time of publication.",... ,... , ...,"Estimates were not available at the time of publication.",... ,... , ...,"Estimates were not available at the time of publication.",... ,... , ...,"Estimates were not available at the time of publication.",... ,... , ...,"Estimates were not available at the time of publication.",... ,... , ...,"Estimates were not available at the time of publication.",... ,... , ...,"Estimates were not available at the time of publication.",... ,... , ...,"Estimates were not available at the time of publication."
Tunisia,<100 ,<100 , <500,,<200 ,<100 , 540,,<200 ,<100 , 700,,<200 ,<200 , 870,,<500 ,<200 , 990,,<500 ,<200 , 1100,,<500 ,<500 , 1300,,<500 ,<500 , 1400,,<500 ,<500 , 1400,,540 ,<500 , 1500,,600 ,<500 , 1500,,660 ,<500 , 1500,,720 ,<500 , 1600,,780 ,<500 , 1600,,840 ,500 , 1600,,890 ,540 , 1600,,950 ,580 , 1600,,1000 ,630 , 1600,,1100 ,680 , 1600,,1100 ,740 , 1600,,1200 ,790 , 1700,,1200 ,850 , 1700,,1300 ,900 , 1800,,1300 ,940 , 1900,,1400 ,980 , 2000,,1400 ,1000 , 2100,,1500 ,1100 , 2200,,1500 ,1100 , 2400,,1600 ,1100 , 2500,,1700 ,1200 , 2600,,1700 ,1200 , 2700,,1800 ,1300 , 2900,,1900 ,1300 , 3000,,2000 ,1400 , 3200,,2000 ,1400 , 3400,
Turkmenistan,... ,... , ...,"Estimates were not available at the time of publication.",... ,... , ...,"Estimates were not available at the time of publication.",... ,... , ...,"Estimates were not available at the time of publication.",... ,... , ...,"Estimates were not available at the time of publication.",... ,... , ...,"Estimates were not available at the time of publication.",... ,... , ...,"Estimates were not available at the time of publication.",... ,... , ...,"Estimates were not available at the time of publication.",... ,... , ...,"Estimates were not available at the time of publication.",... ,... , ...,"Estimates were not available at the time of publication.",... ,... , ...,"Estimates were not available at the time of publication.",... ,... , ...,"Estimates were not available at the time of publication.",... ,... , ...,"Estimates were not available at the time of publication.",... ,... , ...,"Estimates were not available at the time of publication.",... ,... , ...,"Estimates were not available at the time of publication.",... ,... , ...,"Estimates were not available at the time of publication.",... ,... , ...,"Estimates were not available at the time of publication.",... ,... , ...,"Estimates were not available at the time of publication.",... ,... , ...,"Estimates were not available at the time of publication.",... ,... , ...,"Estimates were not available at the time of publication.",... ,... , ...,"Estimates were not available at the time of publication.",... ,... , ...,"Estimates were not available at the time of publication.",... ,... , ...,"Estimates were not available at the time of publication.",... ,... , ...,"Estimates were not available at the time of publication.",... ,... , ...,"Estimates were not available at the time of publication.",... ,... , ...,"Estimates were not available at the time of publication.",... ,... , ...,"Estimates were not available at the time of publication.",... ,... , ...,"Estimates were not available at the time of publication.",... ,... , ...,"Estimates were not available at the time of publication.",... ,... , ...,"Estimates were not available at the time of publication.",... ,... , ...,"Estimates were not available at the time of publication.",... ,... , ...,"Estimates were not available at the time of publication.",... ,... , ...,"Estimates were not available at the time of publication.",... ,... , ...,"Estimates were not available at the time of publication.",... ,... , ...,"Estimates were not available at the time of publication.",... ,... , ...,"Estimates were not available at the time of publication."
Tuvalu,... ,... , ...,"Estimates were not available at the time of publication.",... ,... , ...,"Estimates were not available at the time of publication.",... ,... , ...,"Estimates were not available at the time of publication.",... ,... , ...,"Estimates were not available at the time of publication.",... ,... , ...,"Estimates were not available at the time of publication.",... ,... , ...,"Estimates were not available at the time of publication.",... ,... , ...,"Estimates were not available at the time of publication.",... ,... , ...,"Estimates were not available at the time of publication.",... ,... , ...,"Estimates were not available at the time of publication.",... ,... , ...,"Estimates were not available at the time of publication.",... ,... , ...,"Estimates were not available at the time of publication.",... ,... , ...,"Estimates were not available at the time of publication.",... ,... , ...,"Estimates were not available at the time of publication.",... ,... , ...,"Estimates were not available at the time of publication.",... ,... , ...,"Estimates were not available at the time of publication.",... ,... , ...,"Estimates were not available at the time of publication.",... ,... , ...,"Estimates were not available at the time of publication.",... ,... , ...,"Estimates were not available at the time of publication.",... ,... , ...,"Estimates were not available at the time of publication.",... ,... , ...,"Estimates were not available at the time of publication.",... ,... , ...,"Estimates were not available at the time of publication.",... ,... , ...,"Estimates were not available at the time of publication.",... ,... , ...,"Estimates were not available at the time of publication.",... ,... , ...,"Estimates were not available at the time of publication.",... ,... , ...,"Estimates were not available at the time of publication.",... ,... , ...,"Estimates were not available at the time of publication.",... ,... , ...,"Estimates were not available at the time of publication.",... ,... , ...,"Estimates were not available at the time of publication.",... ,... , ...,"Estimates were not available at the time of publication.",... ,... , ...,"Estimates were not available at the time of publication.",... ,... , ...,"Estimates were not available at the time of publication.",... ,... , ...,"Estimates were not available at the time of publication.",... ,... , ...,"Estimates were not available at the time of publication.",... ,... , ...,"Estimates were not available at the time of publication.",... ,... , ...,"Estimates were not available at the time of publication."
Türkiye,... ,... , ...,"Estimates were not available at the time of publication.",... ,... , ...,"Estimates were not available at the time of publication.",... ,... , ...,"Estimates were not available at the time of publication.",... ,... , ...,"Estimates were not available at the time of publication.",... ,... , ...,"Estimates were not available at the time of publication.",... ,... , ...,"Estimates were not available at the time of publication.",... ,... , ...,"Estimates were not available at the time of publication.",... ,... , ...,"Estimates were not available at the time of publication.",... ,... , ...,"Estimates were not available at the time of publication.",... ,... , ...,"Estimates were not available at the time of publication.",... ,... , ...,"Estimates were not available at the time of publication.",... ,... , ...,"Estimates were not available at the time of publication.",... ,... , ...,"Estimates were not available at the time of publication.",... ,... , ...,"Estimates were not available at the time of publication.",... ,... , ...,"Estimates were not available at the time of publication.",... ,... , ...,"Estimates were not available at the time of publication.",... ,... , ...,"Estimates were not available at the time of publication.",... ,... , ...,"Estimates were not available at the time of publication.",... ,... , ...,"Estimates were not available at the time of publication.",... ,... , ...,"Estimates were not available at the time of publication.",... ,... , ...,"Estimates were not available at the time of publication.",... ,... , ...,"Estimates were not available at the time of publication.",... ,... , ...,"Estimates were not available at the time of publication.",... ,... , ...,"Estimates were not available at the time of publication.",... ,... , ...,"Estimates were not available at the time of publication.",... ,... , ...,"Estimates were not available at the time of publication.",... ,... , ...,"Estimates were not available at the time of publication.",... ,... , ...,"Estimates were not available at the time of publication.",... ,... , ...,"Estimates were not available at the time of publication.",... ,... , ...,"Estimates were not available at the time of publication.",... ,... , ...,"Estimates were not available at the time of publication.",... ,... , ...,"Estimates were not available at the time of publication.",... ,... , ...,"Estimates were not available at the time of publication.",... ,... , ...,"Estimates were not available at the time of publication.",... ,... , ...,"Estimates were not available at the time of publication."
Uganda,470 000 ,420 000 , 520 000,,480 000 ,440 000 , 540 000,,500 000 ,450 000 , 540 000,,510 000 ,460 000 , 560 000,,510 000 ,470 000 , 560 000,,510 000 ,480 000 , 560 000,,520 000 ,480 000 , 560 000,,520 000 ,480 000 , 560 000,,520 000 ,480 000 , 560 000,,510 000 ,480 000 , 560 000,,510 000 ,480 000 , 560 000,,510 000 ,480 000 , 560 000,,510 000 ,480 000 , 550 000,,520 000 ,490 000 , 560 000,,520 000 ,500 000 , 560 000,,540 000 ,510 000 , 570 000,,550 000 ,520 000 , 590 000,,560 000 ,530 000 , 600 000,,580 000 ,550 000 , 620 000,,600 000 ,570 000 , 640 000,,620 000 ,590 000 , 670 000,,640 000 ,610 000 , 690 000,,660 000 ,640 000 , 720 000,,690 000 ,660 000 , 750 000,,720 000 ,690 000 , 780 000,,750 000 ,710 000 , 810 000,,780 000 ,740 000 , 850 000,,810 000 ,770 000 , 880 000,,830 000 ,790 000 , 910 000,,860 000 ,810 000 , 940 000,,880 000 ,830 000 , 960 000,,890 000 ,840 000 , 990 000,,910 000 ,860 000 , 1 000 000,,920 000 ,860 000 , 1 000 000,,930 000 ,870 000 , 1 000 000,
Ukraine,... ,... , ...,"Estimates were not available at the time of publication.",... ,... , ...,"Estimates were not available at the time of publication.",... ,... , ...,"Estimates were not available at the time of publication.",... ,... , ...,"Estimates were not available at the time of publication.",... ,... , ...,"Estimates were not available at the time of publication.",... ,... , ...,"Estimates were not available at the time of publication.",... ,... , ...,"Estimates were not available at the time of publication.",... ,... , ...,"Estimates were not available at the time of publication.",... ,... , ...,"Estimates were not available at the time of publication.",... ,... , ...,"Estimates were not available at the time of publication.",... ,... , ...,"Estimates were not available at the time of publication.",... ,... , ...,"Estimates were not available at the time of publication.",... ,... , ...,"Estimates were not available at the time of publication.",... ,... , ...,"Estimates were not available at the time of publication.",... ,... , ...,"Estimates were not available at the time of publication.",... ,... , ...,"Estimates were not available at the time of publication.",... ,... , ...,"Estimates were not available at the time of publication.",... ,... , ...,"Estimates were not available at the time of publication.",... ,... , ...,"Estimates were not available at the time of publication.",... ,... , ...,"Estimates were not available at the time of publication.",... ,... , ...,"Estimates were not available at the time of publication.",... ,... , ...,"Estimates were not available at the time of publication.",... ,... , ...,"Estimates were not available at the time of publication.",... ,... , ...,"Estimates were not available at the time of publication.",... ,... , ...,"Estimates were not available at the time of publication.",... ,... , ...,"Estimates were not available at the time of publication.",... ,... , ...,"Estimates were not available at the time of publication.",... ,... , ...,"Estimates were not available at the time of publication.",... ,... , ...,"Estimates were not available at the time of publication.",... ,... , ...,"Estimates were not available at the time of publication.",... ,... , ...,"Estimates were not available at the time of publication.",... ,... , ...,"Estimates were not available at the time of publication.",... ,... , ...,"Estimates were not available at the time of publication.",... ,... , ...,"Estimates were not available at the time of publication.",... ,... , ...,"Estimates were not available at the time of publication."
United Arab Emirates,<100 ,<100 , <100,"Children estimates were not available at the time of publication.",<100 ,<100 , <100,"Children estimates were not available at the time of publication.",<100 ,<100 , <100,"Children estimates were not available at the time of publication.",<100 ,<100 , <100,"Children estimates were not available at the time of publication.",<100 ,<100 , <100,"Children estimates were not available at the time of publication.",<100 ,<100 , <100,"Children estimates were not available at the time of publication.",<100 ,<100 , <100,"Children estimates were not available at the time of publication.",<100 ,<100 , <100,"Children estimates were not available at the time of publication.",<100 ,<100 , <100,"Children estimates were not available at the time of publication.",<100 ,<100 , <100,"Children estimates were not available at the time of publication.",<100 ,<100 , <100,"Children estimates were not available at the time of publication.",<100 ,<100 , <100,"Children estimates were not available at the time of publication.",<100 ,<100 , <100,"Children estimates were not available at the time of publication.",<100 ,<100 , <200,"Children estimates were not available at the time of publication.",<200 ,<100 , <200,"Children estimates were not available at the time of publication.",<200 ,<100 , <200,"Children estimates were not available at the time of publication.",<200 ,<200 , <200,"Children estimates were not available at the time of publication.",<200 ,<200 , <500,"Children estimates were not available at the time of publication.",<200 ,<200 , <500,"Children estimates were not available at the time of publication.",<500 ,<200 , <500,"Children estimates were not available at the time of publication.",<500 ,<200 , <500,"Children estimates were not available at the time of publication.",<500 ,<200 , <500,"Children estimates were not available at the time of publication.",<500 ,<200 , <500,"Children estimates were not available at the time of publication.",<500 ,<200 , <500,"Children estimates were not available at the time of publication.",<500 ,<200 , <500,"Children estimates were not available at the time of publication.",<500 ,<200 , <500,"Children estimates were not available at the time of publication.",<500 ,<200 , <500,"Children estimates were not available at the time of publication.",<500 ,<200 , <500,"Children estimates were not available at the time of publication.",<200 ,<200 , <500,"Children estimates were not available at the time of publication.",<200 ,<200 , <200,"Children estimates were not available at the time of publication.",<200 ,<200 , <200,"Children estimates were not available at the time of publication.",<200 ,<200 , <200,"Children estimates were not available at the time of publication.",<200 ,<200 , <500,"Children estimates were not available at the time of publication.",<500 ,<200 , <500,"Children estimates were not available at the time of publication.",<500 ,<200 , <500,"Children estimates were not available at the time of publication."
United Kingdom,... ,... , ...,"Numbers are estimated by UNAIDS using the Spectrum model, based on the official national estimates (accessed May 2025). Any differences are within uncertainty margins of both sets of estimates, reflecting methodologies and assumptions. (https://www.gov.uk/government/statistics/hiv-annual-data-tables).",... ,... , ...,"Numbers are estimated by UNAIDS using the Spectrum model, based on the official national estimates (accessed May 2025). Any differences are within uncertainty margins of both sets of estimates, reflecting methodologies and assumptions. (https://www.gov.uk/government/statistics/hiv-annual-data-tables).",... ,... , ...,"Numbers are estimated by UNAIDS using the Spectrum model, based on the official national estimates (accessed May 2025). Any differences are within uncertainty margins of both sets of estimates, reflecting methodologies and assumptions. (https://www.gov.uk/government/statistics/hiv-annual-data-tables).",... ,... , ...,"Numbers are estimated by UNAIDS using the Spectrum model, based on the official national estimates (accessed May 2025). Any differences are within uncertainty margins of both sets of estimates, reflecting methodologies and assumptions. (https://www.gov.uk/government/statistics/hiv-annual-data-tables).",... ,... , ...,"Numbers are estimated by UNAIDS using the Spectrum model, based on the official national estimates (accessed May 2025). Any differences are within uncertainty margins of both sets of estimates, reflecting methodologies and assumptions. (https://www.gov.uk/government/statistics/hiv-annual-data-tables).",... ,... , ...,"Numbers are estimated by UNAIDS using the Spectrum model, based on the official national estimates (accessed May 2025). Any differences are within uncertainty margins of both sets of estimates, reflecting methodologies and assumptions. (https://www.gov.uk/government/statistics/hiv-annual-data-tables).",... ,... , ...,"Numbers are estimated by UNAIDS using the Spectrum model, based on the official national estimates (accessed May 2025). Any differences are within uncertainty margins of both sets of estimates, reflecting methodologies and assumptions. (https://www.gov.uk/government/statistics/hiv-annual-data-tables).",... ,... , ...,"Numbers are estimated by UNAIDS using the Spectrum model, based on the official national estimates (accessed May 2025). Any differences are within uncertainty margins of both sets of estimates, reflecting methodologies and assumptions. (https://www.gov.uk/government/statistics/hiv-annual-data-tables).",... ,... , ...,"Numbers are estimated by UNAIDS using the Spectrum model, based on the official national estimates (accessed May 2025). Any differences are within uncertainty margins of both sets of estimates, reflecting methodologies and assumptions. (https://www.gov.uk/government/statistics/hiv-annual-data-tables).",... ,... , ...,"Numbers are estimated by UNAIDS using the Spectrum model, based on the official national estimates (accessed May 2025). Any differences are within uncertainty margins of both sets of estimates, reflecting methodologies and assumptions. (https://www.gov.uk/government/statistics/hiv-annual-data-tables).",... ,... , ...,"Numbers are estimated by UNAIDS using the Spectrum model, based on the official national estimates (accessed May 2025). Any differences are within uncertainty margins of both sets of estimates, reflecting methodologies and assumptions. (https://www.gov.uk/government/statistics/hiv-annual-data-tables).",... ,... , ...,"Numbers are estimated by UNAIDS using the Spectrum model, based on the official national estimates (accessed May 2025). Any differences are within uncertainty margins of both sets of estimates, reflecting methodologies and assumptions. (https://www.gov.uk/government/statistics/hiv-annual-data-tables).",... ,... , ...,"Numbers are estimated by UNAIDS using the Spectrum model, based on the official national estimates (accessed May 2025). Any differences are within uncertainty margins of both sets of estimates, reflecting methodologies and assumptions. (https://www.gov.uk/government/statistics/hiv-annual-data-tables).",... ,... , ...,"Numbers are estimated by UNAIDS using the Spectrum model, based on the official national estimates (accessed May 2025). Any differences are within uncertainty margins of both sets of estimates, reflecting methodologies and assumptions. (https://www.gov.uk/government/statistics/hiv-annual-data-tables).",... ,... , ...,"Numbers are estimated by UNAIDS using the Spectrum model, based on the official national estimates (accessed May 2025). Any differences are within uncertainty margins of both sets of estimates, reflecting methodologies and assumptions. (https://www.gov.uk/government/statistics/hiv-annual-data-tables).",... ,... , ...,"Numbers are estimated by UNAIDS using the Spectrum model, based on the official national estimates (accessed May 2025). Any differences are within uncertainty margins of both sets of estimates, reflecting methodologies and assumptions. (https://www.gov.uk/government/statistics/hiv-annual-data-tables).",... ,... , ...,"Numbers are estimated by UNAIDS using the Spectrum model, based on the official national estimates (accessed May 2025). Any differences are within uncertainty margins of both sets of estimates, reflecting methodologies and assumptions. (https://www.gov.uk/government/statistics/hiv-annual-data-tables).",... ,... , ...,"Numbers are estimated by UNAIDS using the Spectrum model, based on the official national estimates (accessed May 2025). Any differences are within uncertainty margins of both sets of estimates, reflecting methodologies and assumptions. (https://www.gov.uk/government/statistics/hiv-annual-data-tables).",... ,... , ...,"Numbers are estimated by UNAIDS using the Spectrum model, based on the official national estimates (accessed May 2025). Any differences are within uncertainty margins of both sets of estimates, reflecting methodologies and assumptions. (https://www.gov.uk/government/statistics/hiv-annual-data-tables).",... ,... , ...,"Numbers are estimated by UNAIDS using the Spectrum model, based on the official national estimates (accessed May 2025). Any differences are within uncertainty margins of both sets of estimates, reflecting methodologies and assumptions. (https://www.gov.uk/government/statistics/hiv-annual-data-tables).",... ,... , ...,"Numbers are estimated by UNAIDS using the Spectrum model, based on the official national estimates (accessed May 2025). Any differences are within uncertainty margins of both sets of estimates, reflecting methodologies and assumptions. (https://www.gov.uk/government/statistics/hiv-annual-data-tables).",... ,... , ...,"Numbers are estimated by UNAIDS using the Spectrum model, based on the official national estimates (accessed May 2025). Any differences are within uncertainty margins of both sets of estimates, reflecting methodologies and assumptions. (https://www.gov.uk/government/statistics/hiv-annual-data-tables).",... ,... , ...,"Numbers are estimated by UNAIDS using the Spectrum model, based on the official national estimates (accessed May 2025). Any differences are within uncertainty margins of both sets of estimates, reflecting methodologies and assumptions. (https://www.gov.uk/government/statistics/hiv-annual-data-tables).",... ,... , ...,"Numbers are estimated by UNAIDS using the Spectrum model, based on the official national estimates (accessed May 2025). Any differences are within uncertainty margins of both sets of estimates, reflecting methodologies and assumptions. (https://www.gov.uk/government/statistics/hiv-annual-data-tables).",... ,... , ...,"Numbers are estimated by UNAIDS using the Spectrum model, based on the official national estimates (accessed May 2025). Any differences are within uncertainty margins of both sets of estimates, reflecting methodologies and assumptions. (https://www.gov.uk/government/statistics/hiv-annual-data-tables).",... ,... , ...,"Numbers are estimated by UNAIDS using the Spectrum model, based on the official national estimates (accessed May 2025). Any differences are within uncertainty margins of both sets of estimates, reflecting methodologies and assumptions. (https://www.gov.uk/government/statistics/hiv-annual-data-tables).",31 000 ,26 000 , 37 000,"Numbers are estimated by UNAIDS using the Spectrum model, based on the official national estimates (accessed May 2025). Any differences are within uncertainty margins of both sets of estimates, reflecting methodologies and assumptions. (https://www.gov.uk/government/statistics/hiv-annual-data-tables).",32 000 ,27 000 , 38 000,"Numbers are estimated by UNAIDS using the Spectrum model, based on the official national estimates (accessed May 2025). Any differences are within uncertainty margins of both sets of estimates, reflecting methodologies and assumptions. (https://www.gov.uk/government/statistics/hiv-annual-data-tables).",33 000 ,27 000 , 39 000,"Numbers are estimated by UNAIDS using the Spectrum model, based on the official national estimates (accessed May 2025). Any differences are within uncertainty margins of both sets of estimates, reflecting methodologies and assumptions. (https://www.gov.uk/government/statistics/hiv-annual-data-tables).",33 000 ,28 000 , 40 000,"Numbers are estimated by UNAIDS using the Spectrum model, based on the official national estimates (accessed May 2025). Any differences are within uncertainty margins of both sets of estimates, reflecting methodologies and assumptions. (https://www.gov.uk/government/statistics/hiv-annual-data-tables).",34 000 ,28 000 , 41 000,"Numbers are estimated by UNAIDS using the Spectrum model, based on the official national estimates (accessed May 2025). Any differences are within uncertainty margins of both sets of estimates, reflecting methodologies and assumptions. (https://www.gov.uk/government/statistics/hiv-annual-data-tables).",35 000 ,29 000 , 42 000,"Numbers are estimated by UNAIDS using the Spectrum model, based on the official national estimates (accessed May 2025). Any differences are within uncertainty margins of both sets of estimates, reflecting methodologies and assumptions. (https://www.gov.uk/government/statistics/hiv-annual-data-tables).",35 000 ,29 000 , 43 000,"Numbers are estimated by UNAIDS using the Spectrum model, based on the official national estimates (accessed May 2025). Any differences are within uncertainty margins of both sets of estimates, reflecting methodologies and assumptions. (https://www.gov.uk/government/statistics/hiv-annual-data-tables).",36 000 ,30 000 , 44 000,"Numbers are estimated by UNAIDS using the Spectrum model, based on the official national estimates (accessed May 2025). Any differences are within uncertainty margins of both sets of estimates, reflecting methodologies and assumptions. (https://www.gov.uk/government/statistics/hiv-annual-data-tables).",... ,... , ...,"Numbers are estimated by UNAIDS using the Spectrum model, based on the official national estimates (accessed May 2025). Any differences are within uncertainty margins of both sets of estimates, reflecting methodologies and assumptions. (https://www.gov.uk/government/statistics/hiv-annual-data-tables)."
United Republic of Tanzania,340 000 ,290 000 , 390 000,,400 000 ,350 000 , 450 000,,450 000 ,400 000 , 510 000,,510 000 ,460 000 , 570 000,,560 000 ,510 000 , 620 000,,590 000 ,540 000 , 650 000,,600 000 ,550 000 , 660 000,,620 000 ,570 000 , 680 000,,630 000 ,580 000 , 680 000,,640 000 ,590 000 , 690 000,,640 000 ,590 000 , 700 000,,640 000 ,590 000 , 700 000,,640 000 ,590 000 , 690 000,,630 000 ,590 000 , 690 000,,620 000 ,580 000 , 680 000,,620 000 ,580 000 , 670 000,,610 000 ,570 000 , 660 000,,620 000 ,580 000 , 670 000,,620 000 ,580 000 , 680 000,,630 000 ,590 000 , 690 000,,650 000 ,610 000 , 710 000,,670 000 ,640 000 , 730 000,,700 000 ,660 000 , 760 000,,740 000 ,690 000 , 800 000,,780 000 ,740 000 , 850 000,,830 000 ,780 000 , 900 000,,890 000 ,840 000 , 970 000,,940 000 ,890 000 , 1 000 000,,980 000 ,930 000 , 1 100 000,,1 000 000 ,970 000 , 1 100 000,,1 100 000 ,990 000 , 1 200 000,,1 100 000 ,1 000 000 , 1 200 000,,1 100 000 ,1 000 000 , 1 200 000,,1 100 000 ,1 000 000 , 1 200 000,,1 100 000 ,1 000 000 , 1 300 000,
United States,... ,... , ...,"Estimates were not available at the time of publication.",... ,... , ...,"Estimates were not available at the time of publication.",... ,... , ...,"Estimates were not available at the time of publication.",... ,... , ...,"Estimates were not available at the time of publication.",... ,... , ...,"Estimates were not available at the time of publication.",... ,... , ...,"Estimates were not available at the time of publication.",... ,... , ...,"Estimates were not available at the time of publication.",... ,... , ...,"Estimates were not available at the time of publication.",... ,... , ...,"Estimates were not available at the time of publication.",... ,... , ...,"Estimates were not available at the time of publication.",... ,... , ...,"Estimates were not available at the time of publication.",... ,... , ...,"Estimates were not available at the time of publication.",... ,... , ...,"Estimates were not available at the time of publication.",... ,... , ...,"Estimates were not available at the time of publication.",... ,... , ...,"Estimates were not available at the time of publication.",... ,... , ...,"Estimates were not available at the time of publication.",... ,... , ...,"Estimates were not available at the time of publication.",... ,... , ...,"Estimates were not available at the time of publication.",... ,... , ...,"Estimates were not available at the time of publication.",... ,... , ...,"Estimates were not available at the time of publication.",... ,... , ...,"Estimates were not available at the time of publication.",... ,... , ...,"Estimates were not available at the time of publication.",... ,... , ...,"Estimates were not available at the time of publication.",... ,... , ...,"Estimates were not available at the time of publication.",... ,... , ...,"Estimates were not available at the time of publication.",... ,... , ...,"Estimates were not available at the time of publication.",... ,... , ...,"Estimates were not available at the time of publication.",... ,... , ...,"Estimates were not available at the time of publication.",... ,... , ...,"Estimates were not available at the time of publication.",... ,... , ...,"Estimates were not available at the time of publication.",... ,... , ...,"Estimates were not available at the time of publication.",... ,... , ...,"Estimates were not available at the time of publication.",... ,... , ...,"Estimates were not available at the time of publication.",... ,... , ...,"Estimates were not available at the time of publication.",... ,... , ...,"Estimates were not available at the time of publication."
Uruguay,... ,... , ...,"Estimates were not available at the time of publication.",... ,... , ...,"Estimates were not available at the time of publication.",... ,... , ...,"Estimates were not available at the time of publication.",... ,... , ...,"Estimates were not available at the time of publication.",... ,... , ...,"Estimates were not available at the time of publication.",... ,... , ...,"Estimates were not available at the time of publication.",... ,... , ...,"Estimates were not available at the time of publication.",... ,... , ...,"Estimates were not available at the time of publication.",... ,... , ...,"Estimates were not available at the time of publication.",... ,... , ...,"Estimates were not available at the time of publication.",... ,... , ...,"Estimates were not available at the time of publication.",... ,... , ...,"Estimates were not available at the time of publication.",... ,... , ...,"Estimates were not available at the time of publication.",... ,... , ...,"Estimates were not available at the time of publication.",... ,... , ...,"Estimates were not available at the time of publication.",... ,... , ...,"Estimates were not available at the time of publication.",... ,... , ...,"Estimates were not available at the time of publication.",... ,... , ...,"Estimates were not available at the time of publication.",... ,... , ...,"Estimates were not available at the time of publication.",... ,... , ...,"Estimates were not available at the time of publication.",... ,... , ...,"Estimates were not available at the time of publication.",... ,... , ...,"Estimates were not available at the time of publication.",... ,... , ...,"Estimates were not available at the time of publication.",... ,... , ...,"Estimates were not available at the time of publication.",... ,... , ...,"Estimates were not available at the time of publication.",... ,... , ...,"Estimates were not available at the time of publication.",... ,... , ...,"Estimates were not available at the time of publication.",... ,... , ...,"Estimates were not available at the time of publication.",... ,... , ...,"Estimates were not available at the time of publication.",... ,... , ...,"Estimates were not available at the time of publication.",... ,... , ...,"Estimates were not available at the time of publication.",... ,... , ...,"Estimates were not available at the time of publication.",... ,... , ...,"Estimates were not available at the time of publication.",... ,... , ...,"Estimates were not available at the time of publication.",... ,... , ...,"Estimates were not available at the time of publication."
Uzbekistan,... ,... , ...,"Estimates were not available at the time of publication.",... ,... , ...,"Estimates were not available at the time of publication.",... ,... , ...,"Estimates were not available at the time of publication.",... ,... , ...,"Estimates were not available at the time of publication.",... ,... , ...,"Estimates were not available at the time of publication.",... ,... , ...,"Estimates were not available at the time of publication.",... ,... , ...,"Estimates were not available at the time of publication.",... ,... , ...,"Estimates were not available at the time of publication.",... ,... , ...,"Estimates were not available at the time of publication.",... ,... , ...,"Estimates were not available at the time of publication.",... ,... , ...,"Estimates were not available at the time of publication.",... ,... , ...,"Estimates were not available at the time of publication.",... ,... , ...,"Estimates were not available at the time of publication.",... ,... , ...,"Estimates were not available at the time of publication.",... ,... , ...,"Estimates were not available at the time of publication.",... ,... , ...,"Estimates were not available at the time of publication.",... ,... , ...,"Estimates were not available at the time of publication.",... ,... , ...,"Estimates were not available at the time of publication.",... ,... , ...,"Estimates were not available at the time of publication.",... ,... , ...,"Estimates were not available at the time of publication.",... ,... , ...,"Estimates were not available at the time of publication.",... ,... , ...,"Estimates were not available at the time of publication.",... ,... , ...,"Estimates were not available at the time of publication.",... ,... , ...,"Estimates were not available at the time of publication.",... ,... , ...,"Estimates were not available at the time of publication.",... ,... , ...,"Estimates were not available at the time of publication.",... ,... , ...,"Estimates were not available at the time of publication.",... ,... , ...,"Estimates were not available at the time of publication.",... ,... , ...,"Estimates were not available at the time of publication.",... ,... , ...,"Estimates were not available at the time of publication.",... ,... , ...,"Estimates were not available at the time of publication.",... ,... , ...,"Estimates were not available at the time of publication.",... ,... , ...,"Estimates were not available at the time of publication.",... ,... , ...,"Estimates were not available at the time of publication.",... ,... , ...,"Estimates were not available at the time of publication."
Vanuatu,... ,... , ...,"Estimates were not available at the time of publication.",... ,... , ...,"Estimates were not available at the time of publication.",... ,... , ...,"Estimates were not available at the time of publication.",... ,... , ...,"Estimates were not available at the time of publication.",... ,... , ...,"Estimates were not available at the time of publication.",... ,... , ...,"Estimates were not available at the time of publication.",... ,... , ...,"Estimates were not available at the time of publication.",... ,... , ...,"Estimates were not available at the time of publication.",... ,... , ...,"Estimates were not available at the time of publication.",... ,... , ...,"Estimates were not available at the time of publication.",... ,... , ...,"Estimates were not available at the time of publication.",... ,... , ...,"Estimates were not available at the time of publication.",... ,... , ...,"Estimates were not available at the time of publication.",... ,... , ...,"Estimates were not available at the time of publication.",... ,... , ...,"Estimates were not available at the time of publication.",... ,... , ...,"Estimates were not available at the time of publication.",... ,... , ...,"Estimates were not available at the time of publication.",... ,... , ...,"Estimates were not available at the time of publication.",... ,... , ...,"Estimates were not available at the time of publication.",... ,... , ...,"Estimates were not available at the time of publication.",... ,... , ...,"Estimates were not available at the time of publication.",... ,... , ...,"Estimates were not available at the time of publication.",... ,... , ...,"Estimates were not available at the time of publication.",... ,... , ...,"Estimates were not available at the time of publication.",... ,... , ...,"Estimates were not available at the time of publication.",... ,... , ...,"Estimates were not available at the time of publication.",... ,... , ...,"Estimates were not available at the time of publication.",... ,... , ...,"Estimates were not available at the time of publication.",... ,... , ...,"Estimates were not available at the time of publication.",... ,... , ...,"Estimates were not available at the time of publication.",... ,... , ...,"Estimates were not available at the time of publication.",... ,... , ...,"Estimates were not available at the time of publication.",... ,... , ...,"Estimates were not available at the time of publication.",... ,... , ...,"Estimates were not available at the time of publication.",... ,... , ...,"Estimates were not available at the time of publication."
Venezuela (Bolivarian Republic of),1300 ,1100 , 1700,,1700 ,1400 , 2000,,2100 ,1700 , 2500,,2600 ,2200 , 3100,,3200 ,2700 , 3700,,4000 ,3400 , 4600,,4900 ,4300 , 5500,,5900 ,5200 , 6700,,7200 ,6400 , 8100,,8800 ,7800 , 9800,,11 000 ,9500 , 12 000,,13 000 ,12 000 , 14 000,,16 000 ,14 000 , 17 000,,19 000 ,17 000 , 21 000,,22 000 ,20 000 , 24 000,,24 000 ,21 000 , 27 000,,25 000 ,22 000 , 27 000,,25 000 ,22 000 , 27 000,,25 000 ,23 000 , 27 000,,25 000 ,23 000 , 27 000,,25 000 ,23 000 , 27 000,,25 000 ,23 000 , 27 000,,25 000 ,23 000 , 27 000,,26 000 ,23 000 , 28 000,,26 000 ,24 000 , 28 000,,27 000 ,24 000 , 29 000,,27 000 ,24 000 , 29 000,,27 000 ,24 000 , 29 000,,26 000 ,23 000 , 28 000,,25 000 ,22 000 , 28 000,,25 000 ,22 000 , 28 000,,26 000 ,22 000 , 29 000,,27 000 ,23 000 , 30 000,,28 000 ,23 000 , 32 000,,30 000 ,24 000 , 34 000,
Viet Nam,<200 ,<200 , <500,,<500 ,<500 , <500,,710 ,600 , 820,,1300 ,1100 , 1500,,2300 ,1900 , 2600,,3700 ,3100 , 4300,,5700 ,4700 , 6500,,8200 ,6900 , 9400,,11 000 ,9700 , 13 000,,15 000 ,13 000 , 17 000,,18 000 ,16 000 , 21 000,,22 000 ,19 000 , 25 000,,26 000 ,23 000 , 30 000,,31 000 ,27 000 , 35 000,,35 000 ,30 000 , 39 000,,39 000 ,34 000 , 44 000,,42 000 ,37 000 , 48 000,,46 000 ,41 000 , 52 000,,50 000 ,44 000 , 56 000,,54 000 ,47 000 , 60 000,,57 000 ,50 000 , 64 000,,60 000 ,53 000 , 68 000,,63 000 ,56 000 , 71 000,,66 000 ,59 000 , 74 000,,69 000 ,61 000 , 77 000,,71 000 ,63 000 , 79 000,,73 000 ,64 000 , 82 000,,75 000 ,66 000 , 83 000,,76 000 ,67 000 , 85 000,,77 000 ,68 000 , 86 000,,78 000 ,69 000 , 87 000,,78 000 ,70 000 , 87 000,,78 000 ,69 000 , 86 000,,78 000 ,68 000 , 86 000,,77 000 ,67 000 , 86 000,
Yemen,<100 ,<100 , <100,,<100 ,<100 , <200,,<200 ,<100 , <200,,<200 ,<200 , <200,,<200 ,<200 , <200,,<200 ,<200 , <200,,<500 ,<200 , <500,,<500 ,<500 , <500,,<500 ,<500 , <500,,<500 ,<500 , <500,,<500 ,<500 , <500,,<500 ,<500 , 530,,580 ,540 , 630,,690 ,640 , 760,,820 ,760 , 890,,980 ,900 , 1100,,1200 ,1100 , 1200,,1300 ,1200 , 1400,,1600 ,1400 , 1700,,1800 ,1600 , 1900,,1900 ,1800 , 2000,,2000 ,1900 , 2200,,2100 ,2000 , 2300,,2300 ,2100 , 2400,,2400 ,2300 , 2500,,2600 ,2400 , 2700,,2800 ,2600 , 2900,,3000 ,2800 , 3100,,3200 ,3000 , 3400,,3400 ,3200 , 3600,,3600 ,3400 , 3900,,3900 ,3600 , 4200,,4100 ,3800 , 4500,,4400 ,4000 , 4900,,4700 ,4200 , 5300,
Zambia,200 000 ,170 000 , 230 000,,230 000 ,210 000 , 270 000,,270 000 ,240 000 , 300 000,,300 000 ,270 000 , 330 000,,320 000 ,300 000 , 350 000,,340 000 ,320 000 , 370 000,,360 000 ,330 000 , 390 000,,380 000 ,350 000 , 410 000,,390 000 ,360 000 , 420 000,,400 000 ,370 000 , 430 000,,400 000 ,370 000 , 430 000,,410 000 ,380 000 , 440 000,,410 000 ,390 000 , 440 000,,420 000 ,390 000 , 450 000,,420 000 ,400 000 , 450 000,,430 000 ,410 000 , 460 000,,440 000 ,420 000 , 470 000,,460 000 ,430 000 , 490 000,,470 000 ,450 000 , 510 000,,490 000 ,470 000 , 530 000,,520 000 ,490 000 , 550 000,,540 000 ,520 000 , 580 000,,570 000 ,540 000 , 610 000,,600 000 ,570 000 , 640 000,,630 000 ,600 000 , 670 000,,660 000 ,630 000 , 700 000,,690 000 ,660 000 , 740 000,,730 000 ,690 000 , 770 000,,760 000 ,720 000 , 810 000,,780 000 ,740 000 , 840 000,,800 000 ,760 000 , 870 000,,820 000 ,780 000 , 890 000,,830 000 ,780 000 , 900 000,,840 000 ,790 000 , 910 000,,840 000 ,790 000 , 920 000,
Zimbabwe,520 000 ,460 000 , 600 000,,640 000 ,580 000 , 710 000,,740 000 ,680 000 , 810 000,,820 000 ,760 000 , 880 000,,880 000 ,820 000 , 950 000,,920 000 ,860 000 , 990 000,,940 000 ,880 000 , 1 000 000,,950 000 ,890 000 , 1 000 000,,940 000 ,890 000 , 1 000 000,,930 000 ,870 000 , 1 000 000,,900 000 ,850 000 , 980 000,,870 000 ,820 000 , 950 000,,840 000 ,790 000 , 910 000,,800 000 ,760 000 , 870 000,,770 000 ,730 000 , 840 000,,740 000 ,700 000 , 810 000,,710 000 ,670 000 , 780 000,,690 000 ,660 000 , 750 000,,680 000 ,640 000 , 740 000,,670 000 ,640 000 , 730 000,,680 000 ,650 000 , 740 000,,690 000 ,660 000 , 750 000,,700 000 ,670 000 , 770 000,,710 000 ,680 000 , 780 000,,720 000 ,690 000 , 800 000,,730 000 ,700 000 , 810 000,,740 000 ,700 000 , 820 000,,740 000 ,710 000 , 830 000,,740 000 ,710 000 , 830 000,,740 000 ,710 000 , 840 000,,740 000 ,710 000 , 840 000,,750 000 ,710 000 , 840 000,,740 000 ,700 000 , 840 000,,740 000 ,700 000 , 840 000,,740 000 ,700 000 , 840 000,
Global,4 500 000 ,4 000 000,5 000 000,,5 500 000 ,5 000 000,6 100 000,,6 500 000 ,5 900 000,7 300 000,,7 500 000 ,6 800 000,8 400 000,,8 600 000 ,7 800 000,9 600 000,,9 600 000 ,8 700 000,10 700 000,,10 500 000 ,9 600 000,11 800 000,,11 400 000 ,10 300 000,12 700 000,,12 000 000 ,10 900 000,13 500 000,,12 600 000 ,11 400 000,14 100 000,,13 000 000 ,11 800 000,14 600 000,,13 300 000 ,12 100 000,14 900 000,,13 600 000 ,12 300 000,15 200 000,,13 700 000 ,12 500 000,15 400 000,,13 800 000 ,12 600 000,15 500 000,,14 000 000 ,12 700 000,15 600 000,,14 100 000 ,12 800 000,15 800 000,,14 300 000 ,13 000 000,16 000 000,,14 600 000 ,13 300 000,16 300 000,,14 900 000 ,13 600 000,16 700 000,,15 300 000 ,13 900 000,17 100 000,,15 700 000 ,14 300 000,17 600 000,,16 200 000 ,14 700 000,18 100 000,,16 700 000 ,15 100 000,18 700 000,,17 200 000 ,15 600 000,19 200 000,,17 600 000 ,16 000 000,19 700 000,,18 100 000 ,16 500 000,20 300 000,,18 600 000 ,16 900 000,20 800 000,,19 000 000 ,17 300 000,21 300 000,,19 400 000 ,17 600 000,21 700 000,,19 800 000 ,18 000 000,22 200 000,,20 100 000 ,18 300 000,22 500 000,,20 400 000 ,18 500 000,22 900 000,,20 700 000 ,18 800 000,23 200 000,,21 000 000 ,19 000 000,23 500 000,
