Country,1990,1990_lower, 1990_upper, 1990_Footnote, 1991,1991_lower, 1991_upper, 1991_Footnote, 1992,1992_lower, 1992_upper, 1992_Footnote, 1993,1993_lower, 1993_upper, 1993_Footnote, 1994,1994_lower, 1994_upper, 1994_Footnote, 1995,1995_lower, 1995_upper, 1995_Footnote, 1996,1996_lower, 1996_upper, 1996_Footnote, 1997,1997_lower, 1997_upper, 1997_Footnote, 1998,1998_lower, 1998_upper, 1998_Footnote, 1999,1999_lower, 1999_upper, 1999_Footnote, 2000,2000_lower, 2000_upper, 2000_Footnote, 2001,2001_lower, 2001_upper, 2001_Footnote, 2002,2002_lower, 2002_upper, 2002_Footnote, 2003,2003_lower, 2003_upper, 2003_Footnote, 2004,2004_lower, 2004_upper, 2004_Footnote, 2005,2005_lower, 2005_upper, 2005_Footnote, 2006,2006_lower, 2006_upper, 2006_Footnote, 2007,2007_lower, 2007_upper, 2007_Footnote, 2008,2008_lower, 2008_upper, 2008_Footnote, 2009,2009_lower, 2009_upper, 2009_Footnote, 2010,2010_lower, 2010_upper, 2010_Footnote, 2011,2011_lower, 2011_upper, 2011_Footnote, 2012,2012_lower, 2012_upper, 2012_Footnote, 2013,2013_lower, 2013_upper, 2013_Footnote, 2014,2014_lower, 2014_upper, 2014_Footnote, 2015,2015_lower, 2015_upper, 2015_Footnote, 2016,2016_lower, 2016_upper, 2016_Footnote, 2017,2017_lower, 2017_upper, 2017_Footnote, 2018,2018_lower, 2018_upper, 2018_Footnote, 2019,2019_lower, 2019_upper, 2019_Footnote, 2020,2020_lower, 2020_upper, 2020_Footnote, 2021,2021_lower, 2021_upper, 2021_Footnote, 2022,2022_lower, 2022_upper, 2022_Footnote, 2023,2023_lower, 2023_upper, 2023_Footnote, 2024,2024_lower, 2024_upper, 2024_Footnote
Afghanistan,<200 ,<100 , <500,,<500 ,<100 , <500,,<500 ,<100 , 560,,<500 ,<200 , 720,,<500 ,<200 , 860,,580 ,<500 , 1100,,680 ,<500 , 1300,,780 ,<500 , 1500,,890 ,<500 , 1800,,1000 ,<500 , 2100,,1100 ,540 , 2200,,1200 ,610 , 2600,,1400 ,700 , 3100,,1600 ,830 , 3700,,1800 ,910 , 4400,,2000 ,990 , 5300,,2300 ,1100 , 5900,,2500 ,1200 , 6600,,2800 ,1300 , 7600,,3100 ,1400 , 8800,,3400 ,1500 , 10 000,,3800 ,1600 , 12 000,,4200 ,1700 , 13 000,,4600 ,1800 , 15 000,,5100 ,1900 , 18 000,,5600 ,2100 , 20 000,,6100 ,2200 , 23 000,,6700 ,2400 , 27 000,,7300 ,2500 , 29 000,,7900 ,2700 , 31 000,,8700 ,2900 , 35 000,,9200 ,3000 , 39 000,,9800 ,3200 , 44 000,,11 000 ,3200 , 51 000,,12 000 ,3200 , 58 000,
Albania,<100 ,<100 , <100,"Children estimates were not available at the time of publication.",<100 ,<100 , <100,"Children estimates were not available at the time of publication.",<100 ,<100 , <100,"Children estimates were not available at the time of publication.",<100 ,<100 , <100,"Children estimates were not available at the time of publication.",<100 ,<100 , <100,"Children estimates were not available at the time of publication.",<100 ,<100 , <100,"Children estimates were not available at the time of publication.",<100 ,<100 , <100,"Children estimates were not available at the time of publication.",<100 ,<100 , <100,"Children estimates were not available at the time of publication.",<100 ,<100 , <100,"Children estimates were not available at the time of publication.",<100 ,<100 , <200,"Children estimates were not available at the time of publication.",<100 ,<100 , <200,"Children estimates were not available at the time of publication.",<200 ,<100 , <200,"Children estimates were not available at the time of publication.",<200 ,<200 , <200,"Children estimates were not available at the time of publication.",<200 ,<200 , <200,"Children estimates were not available at the time of publication.",<200 ,<200 , <500,"Children estimates were not available at the time of publication.",<500 ,<200 , <500,"Children estimates were not available at the time of publication.",<500 ,<500 , <500,"Children estimates were not available at the time of publication.",<500 ,<500 , <500,"Children estimates were not available at the time of publication.",<500 ,<500 , <500,"Children estimates were not available at the time of publication.",<500 ,<500 , <500,"Children estimates were not available at the time of publication.",<500 ,<500 , 540,"Children estimates were not available at the time of publication.",520 ,<500 , 600,"Children estimates were not available at the time of publication.",570 ,<500 , 660,"Children estimates were not available at the time of publication.",630 ,510 , 720,"Children estimates were not available at the time of publication.",690 ,560 , 780,"Children estimates were not available at the time of publication.",740 ,600 , 830,"Children estimates were not available at the time of publication.",790 ,640 , 900,"Children estimates were not available at the time of publication.",840 ,680 , 950,"Children estimates were not available at the time of publication.",880 ,710 , 990,"Children estimates were not available at the time of publication.",920 ,740 , 1000,"Children estimates were not available at the time of publication.",960 ,770 , 1100,"Children estimates were not available at the time of publication.",1000 ,810 , 1100,"Children estimates were not available at the time of publication.",1000 ,850 , 1200,"Children estimates were not available at the time of publication.",1100 ,880 , 1300,"Children estimates were not available at the time of publication.",1100 ,920 , 1300,"Children estimates were not available at the time of publication."
Algeria,<500 ,<500 , <500,,<500 ,<500 , <500,,<500 ,<500 , <500,,<500 ,<500 , <500,,520 ,<500 , 570,,610 ,540 , 670,,710 ,640 , 780,,840 ,750 , 910,,990 ,890 , 1100,,1200 ,1100 , 1300,,1400 ,1300 , 1500,,1700 ,1500 , 1800,,1900 ,1800 , 2100,,2300 ,2100 , 2400,,2700 ,2400 , 2800,,3100 ,2800 , 3300,,3600 ,3300 , 3900,,4100 ,3700 , 4400,,4700 ,4200 , 5100,,5200 ,4700 , 5700,,5700 ,5100 , 6200,,6100 ,5500 , 6600,,6500 ,5900 , 7000,,6900 ,6300 , 7400,,7300 ,6600 , 7900,,7700 ,7000 , 8500,,8300 ,7500 , 9000,,8800 ,8000 , 9700,,9500 ,8500 , 10 000,,10 000 ,9100 , 11 000,,11 000 ,9700 , 12 000,,12 000 ,11 000 , 14 000,,13 000 ,11 000 , 15 000,,14 000 ,12 000 , 16 000,,15 000 ,13 000 , 18 000,
Angola,9800 ,5500 , 16 000,,12 000 ,6900 , 19 000,,14 000 ,8200 , 21 000,,16 000 ,9900 , 24 000,,18 000 ,12 000 , 26 000,,20 000 ,14 000 , 28 000,,23 000 ,16 000 , 31 000,,25 000 ,19 000 , 33 000,,28 000 ,21 000 , 35 000,,30 000 ,23 000 , 38 000,,33 000 ,25 000 , 41 000,,35 000 ,27 000 , 43 000,,37 000 ,30 000 , 46 000,,40 000 ,32 000 , 49 000,,43 000 ,35 000 , 52 000,,45 000 ,38 000 , 54 000,,48 000 ,41 000 , 57 000,,51 000 ,44 000 , 60 000,,54 000 ,47 000 , 63 000,,57 000 ,50 000 , 66 000,,60 000 ,53 000 , 70 000,,64 000 ,56 000 , 73 000,,67 000 ,58 000 , 77 000,,70 000 ,61 000 , 80 000,,72 000 ,63 000 , 83 000,,74 000 ,65 000 , 86 000,,77 000 ,68 000 , 89 000,,79 000 ,70 000 , 91 000,,81 000 ,71 000 , 93 000,,83 000 ,73 000 , 95 000,,84 000 ,74 000 , 96 000,,85 000 ,75 000 , 97 000,,86 000 ,76 000 , 98 000,,87 000 ,77 000 , 99 000,,88 000 ,78 000 , 100 000,
Antigua and Barbuda,<100 ,<100 , <100,"Countries with a UNAIDS-approved estimate and population less than 250000 in 2024; not included in regional or global totals",<100 ,<100 , <100,"Countries with a UNAIDS-approved estimate and population less than 250000 in 2024; not included in regional or global totals",<100 ,<100 , <100,"Countries with a UNAIDS-approved estimate and population less than 250000 in 2024; not included in regional or global totals",<100 ,<100 , <100,"Countries with a UNAIDS-approved estimate and population less than 250000 in 2024; not included in regional or global totals",<100 ,<100 , <200,"Countries with a UNAIDS-approved estimate and population less than 250000 in 2024; not included in regional or global totals",<100 ,<100 , <200,"Countries with a UNAIDS-approved estimate and population less than 250000 in 2024; not included in regional or global totals",<200 ,<100 , <200,"Countries with a UNAIDS-approved estimate and population less than 250000 in 2024; not included in regional or global totals",<200 ,<100 , <200,"Countries with a UNAIDS-approved estimate and population less than 250000 in 2024; not included in regional or global totals",<200 ,<200 , <200,"Countries with a UNAIDS-approved estimate and population less than 250000 in 2024; not included in regional or global totals",<200 ,<200 , <200,"Countries with a UNAIDS-approved estimate and population less than 250000 in 2024; not included in regional or global totals",<200 ,<200 , <200,"Countries with a UNAIDS-approved estimate and population less than 250000 in 2024; not included in regional or global totals",<200 ,<200 , <200,"Countries with a UNAIDS-approved estimate and population less than 250000 in 2024; not included in regional or global totals",<200 ,<200 , <200,"Countries with a UNAIDS-approved estimate and population less than 250000 in 2024; not included in regional or global totals",<200 ,<200 , <200,"Countries with a UNAIDS-approved estimate and population less than 250000 in 2024; not included in regional or global totals",<200 ,<200 , <200,"Countries with a UNAIDS-approved estimate and population less than 250000 in 2024; not included in regional or global totals",<200 ,<200 , <500,"Countries with a UNAIDS-approved estimate and population less than 250000 in 2024; not included in regional or global totals",<200 ,<200 , <500,"Countries with a UNAIDS-approved estimate and population less than 250000 in 2024; not included in regional or global totals",<500 ,<200 , <500,"Countries with a UNAIDS-approved estimate and population less than 250000 in 2024; not included in regional or global totals",<500 ,<200 , <500,"Countries with a UNAIDS-approved estimate and population less than 250000 in 2024; not included in regional or global totals",<500 ,<500 , <500,"Countries with a UNAIDS-approved estimate and population less than 250000 in 2024; not included in regional or global totals",<500 ,<500 , <500,"Countries with a UNAIDS-approved estimate and population less than 250000 in 2024; not included in regional or global totals",<500 ,<500 , <500,"Countries with a UNAIDS-approved estimate and population less than 250000 in 2024; not included in regional or global totals",<500 ,<500 , <500,"Countries with a UNAIDS-approved estimate and population less than 250000 in 2024; not included in regional or global totals",<500 ,<500 , <500,"Countries with a UNAIDS-approved estimate and population less than 250000 in 2024; not included in regional or global totals",<500 ,<500 , <500,"Countries with a UNAIDS-approved estimate and population less than 250000 in 2024; not included in regional or global totals",<500 ,<500 , <500,"Countries with a UNAIDS-approved estimate and population less than 250000 in 2024; not included in regional or global totals",<500 ,<500 , <500,"Countries with a UNAIDS-approved estimate and population less than 250000 in 2024; not included in regional or global totals",<500 ,<500 , <500,"Countries with a UNAIDS-approved estimate and population less than 250000 in 2024; not included in regional or global totals",<500 ,<500 , <500,"Countries with a UNAIDS-approved estimate and population less than 250000 in 2024; not included in regional or global totals",<500 ,<500 , <500,"Countries with a UNAIDS-approved estimate and population less than 250000 in 2024; not included in regional or global totals",<500 ,<500 , <500,"Countries with a UNAIDS-approved estimate and population less than 250000 in 2024; not included in regional or global totals",<500 ,<500 , <500,"Countries with a UNAIDS-approved estimate and population less than 250000 in 2024; not included in regional or global totals",<500 ,<500 , <500,"Countries with a UNAIDS-approved estimate and population less than 250000 in 2024; not included in regional or global totals",<500 ,<500 , <500,"Countries with a UNAIDS-approved estimate and population less than 250000 in 2024; not included in regional or global totals",<500 ,<500 , 510,"Countries with a UNAIDS-approved estimate and population less than 250000 in 2024; not included in regional or global totals"
Argentina,12 000 ,10 000 , 14 000,,15 000 ,13 000 , 17 000,,18 000 ,15 000 , 20 000,,21 000 ,17 000 , 23 000,,23 000 ,20 000 , 26 000,,26 000 ,22 000 , 29 000,,28 000 ,24 000 , 31 000,,30 000 ,25 000 , 33 000,,32 000 ,27 000 , 35 000,,34 000 ,29 000 , 38 000,,37 000 ,31 000 , 40 000,,39 000 ,33 000 , 43 000,,42 000 ,35 000 , 45 000,,44 000 ,38 000 , 48 000,,46 000 ,40 000 , 50 000,,49 000 ,42 000 , 53 000,,51 000 ,44 000 , 55 000,,53 000 ,46 000 , 58 000,,56 000 ,48 000 , 61 000,,58 000 ,51 000 , 63 000,,60 000 ,53 000 , 66 000,,62 000 ,55 000 , 68 000,,65 000 ,57 000 , 71 000,,67 000 ,59 000 , 73 000,,69 000 ,61 000 , 76 000,,71 000 ,63 000 , 78 000,,74 000 ,65 000 , 80 000,,76 000 ,67 000 , 83 000,,78 000 ,69 000 , 85 000,,80 000 ,71 000 , 88 000,,82 000 ,73 000 , 90 000,,84 000 ,74 000 , 92 000,,86 000 ,76 000 , 94 000,,88 000 ,78 000 , 96 000,,89 000 ,79 000 , 98 000,
Armenia,<100 ,<100 , <100,,<100 ,<100 , <100,,<100 ,<100 , <100,,<100 ,<100 , <100,,<100 ,<100 , <100,,<100 ,<100 , <100,,<100 ,<100 , <100,,<100 ,<100 , <100,,<100 ,<100 , <100,,<100 ,<100 , <200,,<100 ,<100 , <200,,<200 ,<100 , <500,,<200 ,<100 , <500,,<500 ,<200 , <500,,<500 ,<200 , <500,,<500 ,<500 , 590,,520 ,<500 , 750,,660 ,<500 , 930,,820 ,590 , 1100,,990 ,740 , 1300,,1200 ,900 , 1500,,1400 ,1100 , 1800,,1600 ,1300 , 2000,,1800 ,1500 , 2200,,2000 ,1700 , 2500,,2300 ,1900 , 2700,,2500 ,2200 , 3000,,2800 ,2400 , 3200,,3000 ,2600 , 3600,,3300 ,2800 , 4000,,3600 ,3000 , 4300,,3800 ,3100 , 4700,,4200 ,3300 , 5300,,4500 ,3600 , 6100,,4800 ,3700 , 6800,
Australia,9600 ,9300 , 10 000,,9700 ,9300 , 10 000,,9500 ,9100 , 10 000,,9300 ,8800 , 9800,,9000 ,8500 , 9500,,8600 ,8100 , 9200,,8600 ,8100 , 9200,,8900 ,8400 , 9500,,9400 ,8800 , 10 000,,9900 ,9200 , 11 000,,10 000 ,9700 , 11 000,,11 000 ,10 000 , 12 000,,12 000 ,11 000 , 13 000,,12 000 ,11 000 , 13 000,,13 000 ,12 000 , 14 000,,14 000 ,13 000 , 15 000,,15 000 ,13 000 , 16 000,,15 000 ,14 000 , 17 000,,16 000 ,15 000 , 17 000,,17 000 ,15 000 , 18 000,,18 000 ,16 000 , 19 000,,18 000 ,17 000 , 20 000,,19 000 ,17 000 , 21 000,,20 000 ,18 000 , 22 000,,20 000 ,19 000 , 22 000,,21 000 ,19 000 , 23 000,,22 000 ,20 000 , 24 000,,23 000 ,21 000 , 25 000,,23 000 ,21 000 , 26 000,,24 000 ,22 000 , 27 000,,25 000 ,22 000 , 27 000,,25 000 ,22 000 , 28 000,,26 000 ,23 000 , 29 000,,26 000 ,23 000 , 29 000,,26 000 ,23 000 , 30 000,
Austria,... ,... , ...,"Estimates were not available at the time of publication.",... ,... , ...,"Estimates were not available at the time of publication.",... ,... , ...,"Estimates were not available at the time of publication.",... ,... , ...,"Estimates were not available at the time of publication.",... ,... , ...,"Estimates were not available at the time of publication.",... ,... , ...,"Estimates were not available at the time of publication.",... ,... , ...,"Estimates were not available at the time of publication.",... ,... , ...,"Estimates were not available at the time of publication.",... ,... , ...,"Estimates were not available at the time of publication.",... ,... , ...,"Estimates were not available at the time of publication.",... ,... , ...,"Estimates were not available at the time of publication.",... ,... , ...,"Estimates were not available at the time of publication.",... ,... , ...,"Estimates were not available at the time of publication.",... ,... , ...,"Estimates were not available at the time of publication.",... ,... , ...,"Estimates were not available at the time of publication.",... ,... , ...,"Estimates were not available at the time of publication.",... ,... , ...,"Estimates were not available at the time of publication.",... ,... , ...,"Estimates were not available at the time of publication.",... ,... , ...,"Estimates were not available at the time of publication.",... ,... , ...,"Estimates were not available at the time of publication.",... ,... , ...,"Estimates were not available at the time of publication.",... ,... , ...,"Estimates were not available at the time of publication.",... ,... , ...,"Estimates were not available at the time of publication.",... ,... , ...,"Estimates were not available at the time of publication.",... ,... , ...,"Estimates were not available at the time of publication.",... ,... , ...,"Estimates were not available at the time of publication.",... ,... , ...,"Estimates were not available at the time of publication.",... ,... , ...,"Estimates were not available at the time of publication.",... ,... , ...,"Estimates were not available at the time of publication.",... ,... , ...,"Estimates were not available at the time of publication.",... ,... , ...,"Estimates were not available at the time of publication.",... ,... , ...,"Estimates were not available at the time of publication.",... ,... , ...,"Estimates were not available at the time of publication.",... ,... , ...,"Estimates were not available at the time of publication.",... ,... , ...,"Estimates were not available at the time of publication."
Azerbaijan,<200 ,<100 , <500,"Children estimates were not available at the time of publication.",<200 ,<100 , <500,"Children estimates were not available at the time of publication.",<500 ,<200 , <500,"Children estimates were not available at the time of publication.",<500 ,<200 , 550,"Children estimates were not available at the time of publication.",<500 ,<500 , 780,"Children estimates were not available at the time of publication.",730 ,<500 , 1100,"Children estimates were not available at the time of publication.",1100 ,610 , 1600,"Children estimates were not available at the time of publication.",1500 ,900 , 2300,"Children estimates were not available at the time of publication.",2000 ,1300 , 3000,"Children estimates were not available at the time of publication.",2600 ,1700 , 3700,"Children estimates were not available at the time of publication.",3300 ,2100 , 4500,"Children estimates were not available at the time of publication.",3800 ,2600 , 5200,"Children estimates were not available at the time of publication.",4300 ,3100 , 5800,"Children estimates were not available at the time of publication.",4700 ,3500 , 6300,"Children estimates were not available at the time of publication.",5100 ,3900 , 6700,"Children estimates were not available at the time of publication.",5300 ,4200 , 7000,"Children estimates were not available at the time of publication.",5500 ,4400 , 7000,"Children estimates were not available at the time of publication.",5700 ,4500 , 7100,"Children estimates were not available at the time of publication.",5800 ,4700 , 7300,"Children estimates were not available at the time of publication.",6000 ,4800 , 7400,"Children estimates were not available at the time of publication.",6000 ,4900 , 7400,"Children estimates were not available at the time of publication.",6100 ,5000 , 7400,"Children estimates were not available at the time of publication.",6200 ,5000 , 7500,"Children estimates were not available at the time of publication.",6200 ,5100 , 7600,"Children estimates were not available at the time of publication.",6300 ,5200 , 7600,"Children estimates were not available at the time of publication.",6300 ,5300 , 7500,"Children estimates were not available at the time of publication.",6400 ,5400 , 7500,"Children estimates were not available at the time of publication.",6500 ,5500 , 7600,"Children estimates were not available at the time of publication.",6600 ,5600 , 7700,"Children estimates were not available at the time of publication.",6700 ,5800 , 7800,"Children estimates were not available at the time of publication.",6800 ,5900 , 7900,"Children estimates were not available at the time of publication.",6800 ,5900 , 7900,"Children estimates were not available at the time of publication.",6900 ,6000 , 8000,"Children estimates were not available at the time of publication.",7000 ,6000 , 8100,"Children estimates were not available at the time of publication.",7100 ,6000 , 8300,"Children estimates were not available at the time of publication."
Bahamas,1300 ,1100 , 1600,"Children estimates were not available at the time of publication.",1500 ,1300 , 1800,"Children estimates were not available at the time of publication.",1700 ,1500 , 2000,"Children estimates were not available at the time of publication.",1900 ,1600 , 2200,"Children estimates were not available at the time of publication.",2000 ,1700 , 2300,"Children estimates were not available at the time of publication.",2100 ,1800 , 2400,"Children estimates were not available at the time of publication.",2200 ,1900 , 2500,"Children estimates were not available at the time of publication.",2300 ,2000 , 2600,"Children estimates were not available at the time of publication.",2300 ,2000 , 2600,"Children estimates were not available at the time of publication.",2300 ,2000 , 2600,"Children estimates were not available at the time of publication.",2300 ,2000 , 2600,"Children estimates were not available at the time of publication.",2300 ,2000 , 2600,"Children estimates were not available at the time of publication.",2200 ,2000 , 2500,"Children estimates were not available at the time of publication.",2200 ,1900 , 2500,"Children estimates were not available at the time of publication.",2300 ,2000 , 2600,"Children estimates were not available at the time of publication.",2300 ,2000 , 2600,"Children estimates were not available at the time of publication.",2300 ,2000 , 2600,"Children estimates were not available at the time of publication.",2300 ,2100 , 2600,"Children estimates were not available at the time of publication.",2300 ,2100 , 2600,"Children estimates were not available at the time of publication.",2400 ,2100 , 2600,"Children estimates were not available at the time of publication.",2400 ,2100 , 2600,"Children estimates were not available at the time of publication.",2400 ,2100 , 2600,"Children estimates were not available at the time of publication.",2300 ,2100 , 2600,"Children estimates were not available at the time of publication.",2300 ,2000 , 2500,"Children estimates were not available at the time of publication.",2300 ,2000 , 2500,"Children estimates were not available at the time of publication.",2300 ,2000 , 2500,"Children estimates were not available at the time of publication.",2200 ,2000 , 2500,"Children estimates were not available at the time of publication.",2200 ,2000 , 2500,"Children estimates were not available at the time of publication.",2200 ,2000 , 2500,"Children estimates were not available at the time of publication.",2200 ,2000 , 2500,"Children estimates were not available at the time of publication.",2200 ,2000 , 2500,"Children estimates were not available at the time of publication.",2200 ,1900 , 2400,"Children estimates were not available at the time of publication.",2200 ,1900 , 2400,"Children estimates were not available at the time of publication.",2200 ,1900 , 2400,"Children estimates were not available at the time of publication.",2100 ,1900 , 2400,"Children estimates were not available at the time of publication."
Bahrain,<100 ,<100 , <200,"Children estimates were not available at the time of publication.",<200 ,<100 , <200,"Children estimates were not available at the time of publication.",<200 ,<100 , <200,"Children estimates were not available at the time of publication.",<200 ,<100 , <200,"Children estimates were not available at the time of publication.",<200 ,<200 , <500,"Children estimates were not available at the time of publication.",<200 ,<200 , <500,"Children estimates were not available at the time of publication.",<200 ,<200 , <500,"Children estimates were not available at the time of publication.",<200 ,<200 , <500,"Children estimates were not available at the time of publication.",<200 ,<200 , <500,"Children estimates were not available at the time of publication.",<200 ,<200 , <500,"Children estimates were not available at the time of publication.",<200 ,<200 , <200,"Children estimates were not available at the time of publication.",<200 ,<200 , <200,"Children estimates were not available at the time of publication.",<200 ,<200 , <200,"Children estimates were not available at the time of publication.",<200 ,<200 , <200,"Children estimates were not available at the time of publication.",<200 ,<200 , <200,"Children estimates were not available at the time of publication.",<200 ,<200 , <200,"Children estimates were not available at the time of publication.",<200 ,<200 , <200,"Children estimates were not available at the time of publication.",<200 ,<200 , <500,"Children estimates were not available at the time of publication.",<200 ,<200 , <500,"Children estimates were not available at the time of publication.",<200 ,<200 , <500,"Children estimates were not available at the time of publication.",<200 ,<200 , <500,"Children estimates were not available at the time of publication.",<200 ,<200 , <500,"Children estimates were not available at the time of publication.",<500 ,<200 , <500,"Children estimates were not available at the time of publication.",<500 ,<200 , <500,"Children estimates were not available at the time of publication.",<500 ,<500 , <500,"Children estimates were not available at the time of publication.",<500 ,<500 , <500,"Children estimates were not available at the time of publication.",<500 ,<500 , <500,"Children estimates were not available at the time of publication.",<500 ,<500 , <500,"Children estimates were not available at the time of publication.",<500 ,<500 , <500,"Children estimates were not available at the time of publication.",<500 ,<500 , <500,"Children estimates were not available at the time of publication.",<500 ,<500 , <500,"Children estimates were not available at the time of publication.",<500 ,<500 , <500,"Children estimates were not available at the time of publication.",<500 ,<500 , 570,"Children estimates were not available at the time of publication.",550 ,<500 , 640,"Children estimates were not available at the time of publication.",610 ,520 , 710,"Children estimates were not available at the time of publication."
Bangladesh,<200 ,<100 , <200,,<200 ,<200 , <200,,<200 ,<200 , <200,,<500 ,<200 , <500,,<500 ,<500 , <500,,<500 ,<500 , <500,,<500 ,<500 , <500,,<500 ,<500 , <500,,560 ,<500 , 620,,710 ,640 , 790,,940 ,850 , 1100,,1300 ,1100 , 1400,,1700 ,1500 , 1900,,2200 ,1900 , 2400,,2700 ,2400 , 3000,,3200 ,2800 , 3500,,3600 ,3200 , 4000,,4000 ,3600 , 4500,,4400 ,3900 , 4900,,4800 ,4300 , 5300,,5100 ,4600 , 5700,,5500 ,4900 , 6100,,5900 ,5300 , 6600,,6300 ,5700 , 7100,,6800 ,6200 , 7700,,7400 ,6700 , 8200,,7900 ,7200 , 8700,,8300 ,7600 , 9200,,8700 ,7900 , 9600,,9100 ,8300 , 10 000,,9400 ,8600 , 10 000,,9800 ,9000 , 11 000,,10 000 ,9300 , 11 000,,11 000 ,9700 , 12 000,,11 000 ,10 000 , 12 000,
Barbados,<200 ,<100 , <500,"Children estimates were not available at the time of publication.",<500 ,<200 , <500,"Children estimates were not available at the time of publication.",<500 ,<200 , <500,"Children estimates were not available at the time of publication.",<500 ,<500 , 520,"Children estimates were not available at the time of publication.",510 ,<500 , 680,"Children estimates were not available at the time of publication.",620 ,<500 , 790,"Children estimates were not available at the time of publication.",710 ,550 , 870,"Children estimates were not available at the time of publication.",790 ,640 , 940,"Children estimates were not available at the time of publication.",860 ,720 , 1000,"Children estimates were not available at the time of publication.",920 ,790 , 1000,"Children estimates were not available at the time of publication.",960 ,830 , 1100,"Children estimates were not available at the time of publication.",1000 ,870 , 1100,"Children estimates were not available at the time of publication.",1000 ,910 , 1200,"Children estimates were not available at the time of publication.",1100 ,940 , 1200,"Children estimates were not available at the time of publication.",1100 ,990 , 1300,"Children estimates were not available at the time of publication.",1200 ,1000 , 1300,"Children estimates were not available at the time of publication.",1200 ,1100 , 1400,"Children estimates were not available at the time of publication.",1300 ,1100 , 1400,"Children estimates were not available at the time of publication.",1300 ,1100 , 1500,"Children estimates were not available at the time of publication.",1300 ,1200 , 1500,"Children estimates were not available at the time of publication.",1400 ,1200 , 1500,"Children estimates were not available at the time of publication.",1400 ,1200 , 1600,"Children estimates were not available at the time of publication.",1400 ,1200 , 1600,"Children estimates were not available at the time of publication.",1400 ,1200 , 1600,"Children estimates were not available at the time of publication.",1500 ,1200 , 1600,"Children estimates were not available at the time of publication.",1500 ,1200 , 1600,"Children estimates were not available at the time of publication.",1500 ,1300 , 1700,"Children estimates were not available at the time of publication.",1500 ,1300 , 1700,"Children estimates were not available at the time of publication.",1500 ,1300 , 1700,"Children estimates were not available at the time of publication.",1500 ,1300 , 1700,"Children estimates were not available at the time of publication.",1500 ,1300 , 1700,"Children estimates were not available at the time of publication.",1500 ,1300 , 1700,"Children estimates were not available at the time of publication.",1500 ,1300 , 1700,"Children estimates were not available at the time of publication.",1500 ,1300 , 1700,"Children estimates were not available at the time of publication.",1500 ,1300 , 1700,"Children estimates were not available at the time of publication."
Belarus,... ,... , ...,"Estimates were not available at the time of publication.",... ,... , ...,"Estimates were not available at the time of publication.",... ,... , ...,"Estimates were not available at the time of publication.",... ,... , ...,"Estimates were not available at the time of publication.",... ,... , ...,"Estimates were not available at the time of publication.",... ,... , ...,"Estimates were not available at the time of publication.",... ,... , ...,"Estimates were not available at the time of publication.",... ,... , ...,"Estimates were not available at the time of publication.",... ,... , ...,"Estimates were not available at the time of publication.",... ,... , ...,"Estimates were not available at the time of publication.",... ,... , ...,"Estimates were not available at the time of publication.",... ,... , ...,"Estimates were not available at the time of publication.",... ,... , ...,"Estimates were not available at the time of publication.",... ,... , ...,"Estimates were not available at the time of publication.",... ,... , ...,"Estimates were not available at the time of publication.",... ,... , ...,"Estimates were not available at the time of publication.",... ,... , ...,"Estimates were not available at the time of publication.",... ,... , ...,"Estimates were not available at the time of publication.",... ,... , ...,"Estimates were not available at the time of publication.",... ,... , ...,"Estimates were not available at the time of publication.",... ,... , ...,"Estimates were not available at the time of publication.",... ,... , ...,"Estimates were not available at the time of publication.",... ,... , ...,"Estimates were not available at the time of publication.",... ,... , ...,"Estimates were not available at the time of publication.",... ,... , ...,"Estimates were not available at the time of publication.",... ,... , ...,"Estimates were not available at the time of publication.",... ,... , ...,"Estimates were not available at the time of publication.",... ,... , ...,"Estimates were not available at the time of publication.",... ,... , ...,"Estimates were not available at the time of publication.",... ,... , ...,"Estimates were not available at the time of publication.",... ,... , ...,"Estimates were not available at the time of publication.",... ,... , ...,"Estimates were not available at the time of publication.",... ,... , ...,"Estimates were not available at the time of publication.",... ,... , ...,"Estimates were not available at the time of publication.",... ,... , ...,"Estimates were not available at the time of publication."
Belgium,1900 ,1800 , 2000,,2000 ,1900 , 2100,,2100 ,1900 , 2200,,2100 ,2000 , 2300,,2200 ,2100 , 2400,,2400 ,2200 , 2500,,2600 ,2400 , 2700,,2800 ,2700 , 3000,,3100 ,3000 , 3300,,3400 ,3200 , 3600,,3700 ,3500 , 4000,,4000 ,3800 , 4300,,4400 ,4100 , 4600,,4700 ,4400 , 5000,,5100 ,4800 , 5400,,5400 ,5100 , 5800,,5900 ,5500 , 6300,,6300 ,6000 , 6800,,6800 ,6400 , 7300,,7300 ,6900 , 7800,,7800 ,7400 , 8300,,8300 ,7800 , 8800,,8700 ,8200 , 9300,,9200 ,8600 , 9800,,9600 ,9000 , 10 000,,10 000 ,9300 , 11 000,,10 000 ,9600 , 11 000,,11 000 ,9900 , 11 000,,11 000 ,10 000 , 12 000,,11 000 ,10 000 , 12 000,,11 000 ,11 000 , 12 000,,12 000 ,11 000 , 13 000,,12 000 ,11 000 , 13 000,,12 000 ,11 000 , 14 000,,13 000 ,11 000 , 14 000,
Belize,<100 ,<100 , <200,"Children estimates were not available at the time of publication.",<200 ,<100 , <500,"Children estimates were not available at the time of publication.",<200 ,<100 , <500,"Children estimates were not available at the time of publication.",<200 ,<200 , <500,"Children estimates were not available at the time of publication.",<500 ,<200 , <500,"Children estimates were not available at the time of publication.",<500 ,<500 , <500,"Children estimates were not available at the time of publication.",<500 ,<500 , 560,"Children estimates were not available at the time of publication.",510 ,<500 , 660,"Children estimates were not available at the time of publication.",610 ,<500 , 770,"Children estimates were not available at the time of publication.",720 ,570 , 870,"Children estimates were not available at the time of publication.",830 ,680 , 970,"Children estimates were not available at the time of publication.",930 ,790 , 1100,"Children estimates were not available at the time of publication.",1000 ,900 , 1200,"Children estimates were not available at the time of publication.",1100 ,990 , 1300,"Children estimates were not available at the time of publication.",1200 ,1100 , 1300,"Children estimates were not available at the time of publication.",1300 ,1200 , 1400,"Children estimates were not available at the time of publication.",1400 ,1200 , 1500,"Children estimates were not available at the time of publication.",1500 ,1300 , 1600,"Children estimates were not available at the time of publication.",1500 ,1300 , 1700,"Children estimates were not available at the time of publication.",1600 ,1400 , 1700,"Children estimates were not available at the time of publication.",1600 ,1500 , 1800,"Children estimates were not available at the time of publication.",1700 ,1500 , 1800,"Children estimates were not available at the time of publication.",1700 ,1600 , 1900,"Children estimates were not available at the time of publication.",1800 ,1600 , 1900,"Children estimates were not available at the time of publication.",1800 ,1600 , 2000,"Children estimates were not available at the time of publication.",1800 ,1600 , 2000,"Children estimates were not available at the time of publication.",1900 ,1700 , 2000,"Children estimates were not available at the time of publication.",1900 ,1700 , 2000,"Children estimates were not available at the time of publication.",1900 ,1700 , 2100,"Children estimates were not available at the time of publication.",1900 ,1700 , 2100,"Children estimates were not available at the time of publication.",1900 ,1700 , 2100,"Children estimates were not available at the time of publication.",1900 ,1700 , 2100,"Children estimates were not available at the time of publication.",2000 ,1800 , 2100,"Children estimates were not available at the time of publication.",2000 ,1800 , 2200,"Children estimates were not available at the time of publication.",2000 ,1800 , 2200,"Children estimates were not available at the time of publication."
Benin,2600 ,1700 , 4000,,3800 ,2600 , 5600,,5400 ,4000 , 7300,,7900 ,6100 , 10 000,,10 000 ,8000 , 13 000,,12 000 ,10 000 , 16 000,,15 000 ,13 000 , 18 000,,17 000 ,14 000 , 20 000,,19 000 ,16 000 , 22 000,,20 000 ,17 000 , 23 000,,21 000 ,18 000 , 24 000,,21 000 ,19 000 , 25 000,,21 000 ,19 000 , 25 000,,21 000 ,19 000 , 25 000,,21 000 ,19 000 , 25 000,,21 000 ,19 000 , 25 000,,21 000 ,19 000 , 25 000,,21 000 ,18 000 , 24 000,,21 000 ,19 000 , 25 000,,22 000 ,19 000 , 25 000,,22 000 ,20 000 , 26 000,,23 000 ,20 000 , 27 000,,23 000 ,20 000 , 27 000,,23 000 ,20 000 , 28 000,,24 000 ,21 000 , 28 000,,24 000 ,21 000 , 28 000,,24 000 ,21 000 , 28 000,,24 000 ,21 000 , 28 000,,24 000 ,21 000 , 28 000,,24 000 ,21 000 , 28 000,,24 000 ,21 000 , 27 000,,24 000 ,20 000 , 28 000,,23 000 ,20 000 , 28 000,,23 000 ,20 000 , 28 000,,23 000 ,20 000 , 27 000,
Bhutan,<100 ,<100 , <200,"Children estimates were not available at the time of publication.",<100 ,<100 , <200,"Children estimates were not available at the time of publication.",<100 ,<100 , <200,"Children estimates were not available at the time of publication.",<100 ,<100 , <200,"Children estimates were not available at the time of publication.",<100 ,<100 , <200,"Children estimates were not available at the time of publication.",<100 ,<100 , <200,"Children estimates were not available at the time of publication.",<100 ,<100 , <200,"Children estimates were not available at the time of publication.",<200 ,<100 , <200,"Children estimates were not available at the time of publication.",<200 ,<100 , <200,"Children estimates were not available at the time of publication.",<200 ,<100 , <200,"Children estimates were not available at the time of publication.",<200 ,<200 , <200,"Children estimates were not available at the time of publication.",<200 ,<200 , <200,"Children estimates were not available at the time of publication.",<200 ,<200 , <200,"Children estimates were not available at the time of publication.",<200 ,<200 , <200,"Children estimates were not available at the time of publication.",<200 ,<200 , <200,"Children estimates were not available at the time of publication.",<200 ,<200 , <500,"Children estimates were not available at the time of publication.",<200 ,<200 , <500,"Children estimates were not available at the time of publication.",<200 ,<200 , <500,"Children estimates were not available at the time of publication.",<500 ,<200 , <500,"Children estimates were not available at the time of publication.",<500 ,<200 , <500,"Children estimates were not available at the time of publication.",<500 ,<500 , <500,"Children estimates were not available at the time of publication.",<500 ,<500 , <500,"Children estimates were not available at the time of publication.",<500 ,<500 , <500,"Children estimates were not available at the time of publication.",<500 ,<500 , <500,"Children estimates were not available at the time of publication.",<500 ,<500 , <500,"Children estimates were not available at the time of publication.",<500 ,<500 , <500,"Children estimates were not available at the time of publication.",<500 ,<500 , <500,"Children estimates were not available at the time of publication.",<500 ,<500 , <500,"Children estimates were not available at the time of publication.",<500 ,<500 , <500,"Children estimates were not available at the time of publication.",<500 ,<500 , 530,"Children estimates were not available at the time of publication.",<500 ,<500 , 570,"Children estimates were not available at the time of publication.",520 ,<500 , 610,"Children estimates were not available at the time of publication.",550 ,<500 , 650,"Children estimates were not available at the time of publication.",590 ,<500 , 690,"Children estimates were not available at the time of publication.",620 ,510 , 730,"Children estimates were not available at the time of publication."
Bolivia (Plurinational State of),1400 ,520 , 5000,,2400 ,760 , 6800,,3900 ,1100 , 7700,,5800 ,1600 , 9000,,7200 ,2200 , 10 000,,8200 ,3000 , 11 000,,9000 ,4300 , 12 000,,9600 ,5500 , 13 000,,10 000 ,6900 , 13 000,,11 000 ,7900 , 14 000,,11 000 ,8700 , 14 000,,12 000 ,9300 , 15 000,,12 000 ,9700 , 15 000,,12 000 ,9900 , 16 000,,13 000 ,10 000 , 16 000,,13 000 ,11 000 , 16 000,,14 000 ,11 000 , 17 000,,14 000 ,11 000 , 17 000,,14 000 ,12 000 , 18 000,,15 000 ,12 000 , 18 000,,15 000 ,12 000 , 19 000,,16 000 ,13 000 , 19 000,,16 000 ,13 000 , 20 000,,16 000 ,14 000 , 20 000,,17 000 ,14 000 , 20 000,,17 000 ,14 000 , 21 000,,18 000 ,15 000 , 22 000,,18 000 ,15 000 , 22 000,,19 000 ,16 000 , 23 000,,20 000 ,17 000 , 24 000,,20 000 ,17 000 , 24 000,,21 000 ,18 000 , 25 000,,22 000 ,18 000 , 26 000,,22 000 ,19 000 , 27 000,,23 000 ,20 000 , 28 000,
Bosnia and Herzegovina,... ,... , ...,"Estimates were not available at the time of publication.",... ,... , ...,"Estimates were not available at the time of publication.",... ,... , ...,"Estimates were not available at the time of publication.",... ,... , ...,"Estimates were not available at the time of publication.",... ,... , ...,"Estimates were not available at the time of publication.",... ,... , ...,"Estimates were not available at the time of publication.",... ,... , ...,"Estimates were not available at the time of publication.",... ,... , ...,"Estimates were not available at the time of publication.",... ,... , ...,"Estimates were not available at the time of publication.",... ,... , ...,"Estimates were not available at the time of publication.",... ,... , ...,"Estimates were not available at the time of publication.",... ,... , ...,"Estimates were not available at the time of publication.",... ,... , ...,"Estimates were not available at the time of publication.",... ,... , ...,"Estimates were not available at the time of publication.",... ,... , ...,"Estimates were not available at the time of publication.",... ,... , ...,"Estimates were not available at the time of publication.",... ,... , ...,"Estimates were not available at the time of publication.",... ,... , ...,"Estimates were not available at the time of publication.",... ,... , ...,"Estimates were not available at the time of publication.",... ,... , ...,"Estimates were not available at the time of publication.",... ,... , ...,"Estimates were not available at the time of publication.",... ,... , ...,"Estimates were not available at the time of publication.",... ,... , ...,"Estimates were not available at the time of publication.",... ,... , ...,"Estimates were not available at the time of publication.",... ,... , ...,"Estimates were not available at the time of publication.",... ,... , ...,"Estimates were not available at the time of publication.",... ,... , ...,"Estimates were not available at the time of publication.",... ,... , ...,"Estimates were not available at the time of publication.",... ,... , ...,"Estimates were not available at the time of publication.",... ,... , ...,"Estimates were not available at the time of publication.",... ,... , ...,"Estimates were not available at the time of publication.",... ,... , ...,"Estimates were not available at the time of publication.",... ,... , ...,"Estimates were not available at the time of publication.",... ,... , ...,"Estimates were not available at the time of publication.",... ,... , ...,"Estimates were not available at the time of publication."
Botswana,21 000 ,18 000 , 25 000,,29 000 ,25 000 , 34 000,,38 000 ,34 000 , 44 000,,49 000 ,44 000 , 56 000,,60 000 ,55 000 , 67 000,,70 000 ,65 000 , 77 000,,80 000 ,75 000 , 88 000,,88 000 ,82 000 , 96 000,,95 000 ,88 000 , 100 000,,100 000 ,93 000 , 110 000,,100 000 ,97 000 , 110 000,,110 000 ,99 000 , 110 000,,110 000 ,100 000 , 110 000,,110 000 ,100 000 , 120 000,,110 000 ,100 000 , 120 000,,110 000 ,100 000 , 120 000,,110 000 ,110 000 , 120 000,,120 000 ,110 000 , 120 000,,120 000 ,110 000 , 130 000,,120 000 ,110 000 , 130 000,,130 000 ,120 000 , 130 000,,130 000 ,120 000 , 140 000,,130 000 ,120 000 , 140 000,,130 000 ,120 000 , 140 000,,130 000 ,130 000 , 140 000,,140 000 ,130 000 , 150 000,,140 000 ,130 000 , 150 000,,140 000 ,130 000 , 150 000,,140 000 ,130 000 , 150 000,,140 000 ,130 000 , 150 000,,140 000 ,130 000 , 150 000,,140 000 ,130 000 , 150 000,,140 000 ,130 000 , 150 000,,140 000 ,130 000 , 150 000,,140 000 ,130 000 , 150 000,
Brazil,... ,... , ...,,... ,... , ...,,... ,... , ...,,... ,... , ...,,... ,... , ...,,... ,... , ...,,... ,... , ...,,... ,... , ...,,... ,... , ...,,... ,... , ...,,... ,... , ...,,... ,... , ...,,... ,... , ...,,... ,... , ...,,... ,... , ...,,... ,... , ...,,... ,... , ...,,... ,... , ...,,... ,... , ...,,... ,... , ...,,... ,... , ...,,... ,... , ...,,... ,... , ...,,... ,... , ...,,... ,... , ...,,... ,... , ...,,... ,... , ...,,... ,... , ...,,... ,... , ...,,... ,... , ...,,... ,... , ...,,... ,... , ...,,... ,... , ...,,... ,... , ...,,... ,... , ...,
Brunei Darussalam,... ,... , ...,"Estimates were not available at the time of publication.",... ,... , ...,"Estimates were not available at the time of publication.",... ,... , ...,"Estimates were not available at the time of publication.",... ,... , ...,"Estimates were not available at the time of publication.",... ,... , ...,"Estimates were not available at the time of publication.",... ,... , ...,"Estimates were not available at the time of publication.",... ,... , ...,"Estimates were not available at the time of publication.",... ,... , ...,"Estimates were not available at the time of publication.",... ,... , ...,"Estimates were not available at the time of publication.",... ,... , ...,"Estimates were not available at the time of publication.",... ,... , ...,"Estimates were not available at the time of publication.",... ,... , ...,"Estimates were not available at the time of publication.",... ,... , ...,"Estimates were not available at the time of publication.",... ,... , ...,"Estimates were not available at the time of publication.",... ,... , ...,"Estimates were not available at the time of publication.",... ,... , ...,"Estimates were not available at the time of publication.",... ,... , ...,"Estimates were not available at the time of publication.",... ,... , ...,"Estimates were not available at the time of publication.",... ,... , ...,"Estimates were not available at the time of publication.",... ,... , ...,"Estimates were not available at the time of publication.",... ,... , ...,"Estimates were not available at the time of publication.",... ,... , ...,"Estimates were not available at the time of publication.",... ,... , ...,"Estimates were not available at the time of publication.",... ,... , ...,"Estimates were not available at the time of publication.",... ,... , ...,"Estimates were not available at the time of publication.",... ,... , ...,"Estimates were not available at the time of publication.",... ,... , ...,"Estimates were not available at the time of publication.",... ,... , ...,"Estimates were not available at the time of publication.",... ,... , ...,"Estimates were not available at the time of publication.",... ,... , ...,"Estimates were not available at the time of publication.",... ,... , ...,"Estimates were not available at the time of publication.",... ,... , ...,"Estimates were not available at the time of publication.",... ,... , ...,"Estimates were not available at the time of publication.",... ,... , ...,"Estimates were not available at the time of publication.",... ,... , ...,"Estimates were not available at the time of publication."
Bulgaria,640 ,<500 , 800,"Children estimates were not available at the time of publication.",710 ,540 , 930,"Children estimates were not available at the time of publication.",790 ,610 , 1000,"Children estimates were not available at the time of publication.",890 ,680 , 1200,"Children estimates were not available at the time of publication.",1000 ,760 , 1300,"Children estimates were not available at the time of publication.",1100 ,840 , 1500,"Children estimates were not available at the time of publication.",1200 ,920 , 1700,"Children estimates were not available at the time of publication.",1300 ,940 , 1600,"Children estimates were not available at the time of publication.",1200 ,940 , 1600,"Children estimates were not available at the time of publication.",1200 ,960 , 1500,"Children estimates were not available at the time of publication.",1200 ,980 , 1500,"Children estimates were not available at the time of publication.",1200 ,1000 , 1500,"Children estimates were not available at the time of publication.",1300 ,1000 , 1500,"Children estimates were not available at the time of publication.",1300 ,1000 , 1500,"Children estimates were not available at the time of publication.",1300 ,1000 , 1500,"Children estimates were not available at the time of publication.",1300 ,1100 , 1500,"Children estimates were not available at the time of publication.",1400 ,1100 , 1600,"Children estimates were not available at the time of publication.",1400 ,1100 , 1600,"Children estimates were not available at the time of publication.",1400 ,1100 , 1700,"Children estimates were not available at the time of publication.",1500 ,1200 , 1700,"Children estimates were not available at the time of publication.",1600 ,1200 , 1800,"Children estimates were not available at the time of publication.",1600 ,1300 , 1900,"Children estimates were not available at the time of publication.",1700 ,1400 , 2000,"Children estimates were not available at the time of publication.",1800 ,1500 , 2100,"Children estimates were not available at the time of publication.",1900 ,1500 , 2200,"Children estimates were not available at the time of publication.",2000 ,1600 , 2300,"Children estimates were not available at the time of publication.",2100 ,1700 , 2400,"Children estimates were not available at the time of publication.",2200 ,1800 , 2500,"Children estimates were not available at the time of publication.",2300 ,1900 , 2600,"Children estimates were not available at the time of publication.",2400 ,2000 , 2800,"Children estimates were not available at the time of publication.",2600 ,2100 , 2900,"Children estimates were not available at the time of publication.",2700 ,2200 , 3100,"Children estimates were not available at the time of publication.",2900 ,2400 , 3300,"Children estimates were not available at the time of publication.",3000 ,2500 , 3500,"Children estimates were not available at the time of publication.",3200 ,2600 , 3600,"Children estimates were not available at the time of publication."
Burkina Faso,53 000 ,34 000 , 84 000,,57 000 ,37 000 , 87 000,,59 000 ,39 000 , 87 000,,60 000 ,41 000 , 86 000,,61 000 ,44 000 , 84 000,,60 000 ,46 000 , 81 000,,58 000 ,46 000 , 77 000,,57 000 ,46 000 , 73 000,,55 000 ,46 000 , 69 000,,53 000 ,44 000 , 67 000,,51 000 ,43 000 , 64 000,,49 000 ,42 000 , 61 000,,47 000 ,40 000 , 58 000,,45 000 ,38 000 , 55 000,,44 000 ,37 000 , 53 000,,42 000 ,36 000 , 51 000,,41 000 ,35 000 , 50 000,,40 000 ,34 000 , 48 000,,39 000 ,33 000 , 47 000,,39 000 ,33 000 , 46 000,,38 000 ,32 000 , 45 000,,38 000 ,32 000 , 44 000,,37 000 ,32 000 , 43 000,,36 000 ,31 000 , 42 000,,35 000 ,30 000 , 41 000,,34 000 ,30 000 , 40 000,,33 000 ,29 000 , 39 000,,33 000 ,29 000 , 38 000,,32 000 ,28 000 , 38 000,,32 000 ,28 000 , 37 000,,32 000 ,27 000 , 37 000,,31 000 ,27 000 , 37 000,,31 000 ,27 000 , 36 000,,31 000 ,27 000 , 36 000,,31 000 ,27 000 , 36 000,
Burundi,53 000 ,23 000 , 88 000,,58 000 ,29 000 , 89 000,,63 000 ,37 000 , 91 000,,47 000 ,31 000 , 66 000,,64 000 ,45 000 , 84 000,,59 000 ,45 000 , 75 000,,54 000 ,42 000 , 67 000,,51 000 ,42 000 , 63 000,,50 000 ,42 000 , 60 000,,47 000 ,40 000 , 56 000,,44 000 ,37 000 , 52 000,,42 000 ,37 000 , 50 000,,40 000 ,35 000 , 47 000,,38 000 ,34 000 , 45 000,,37 000 ,33 000 , 43 000,,36 000 ,32 000 , 42 000,,35 000 ,31 000 , 40 000,,34 000 ,30 000 , 39 000,,34 000 ,30 000 , 39 000,,34 000 ,30 000 , 39 000,,34 000 ,30 000 , 39 000,,33 000 ,30 000 , 38 000,,33 000 ,29 000 , 37 000,,32 000 ,29 000 , 37 000,,31 000 ,28 000 , 36 000,,30 000 ,27 000 , 34 000,,29 000 ,26 000 , 33 000,,29 000 ,26 000 , 33 000,,29 000 ,25 000 , 33 000,,28 000 ,25 000 , 33 000,,28 000 ,25 000 , 32 000,,28 000 ,25 000 , 32 000,,28 000 ,25 000 , 32 000,,28 000 ,25 000 , 32 000,,27 000 ,25 000 , 31 000,
Cabo Verde,<500 ,<500 , 610,,<500 ,<500 , 650,,540 ,<500 , 690,,580 ,<500 , 730,,620 ,<500 , 770,,650 ,<500 , 830,,690 ,510 , 860,,720 ,540 , 900,,760 ,580 , 940,,790 ,620 , 970,,820 ,660 , 1000,,860 ,710 , 1000,,900 ,750 , 1100,,930 ,790 , 1100,,970 ,830 , 1200,,1000 ,870 , 1200,,1000 ,910 , 1200,,1100 ,960 , 1300,,1100 ,1000 , 1400,,1200 ,1100 , 1400,,1300 ,1100 , 1500,,1300 ,1100 , 1600,,1400 ,1200 , 1600,,1400 ,1200 , 1700,,1500 ,1300 , 1700,,1500 ,1300 , 1800,,1600 ,1400 , 1900,,1600 ,1400 , 1900,,1700 ,1500 , 2000,,1700 ,1500 , 2000,,1800 ,1500 , 2100,,1800 ,1500 , 2100,,1900 ,1600 , 2200,,1900 ,1600 , 2300,,2000 ,1600 , 2400,
Cambodia,<200 ,<200 , <500,,640 ,540 , 730,,2000 ,1600 , 2200,,4700 ,4000 , 5400,,9000 ,7600 , 10 000,,15 000 ,12 000 , 17 000,,21 000 ,18 000 , 25 000,,28 000 ,24 000 , 32 000,,32 000 ,28 000 , 37 000,,35 000 ,30 000 , 40 000,,36 000 ,32 000 , 42 000,,37 000 ,32 000 , 42 000,,36 000 ,31 000 , 41 000,,36 000 ,31 000 , 41 000,,35 000 ,30 000 , 40 000,,34 000 ,30 000 , 39 000,,34 000 ,30 000 , 39 000,,34 000 ,30 000 , 39 000,,34 000 ,30 000 , 38 000,,34 000 ,30 000 , 39 000,,35 000 ,30 000 , 39 000,,35 000 ,30 000 , 40 000,,35 000 ,31 000 , 40 000,,35 000 ,31 000 , 41 000,,35 000 ,31 000 , 41 000,,36 000 ,31 000 , 41 000,,36 000 ,31 000 , 42 000,,36 000 ,31 000 , 42 000,,36 000 ,31 000 , 42 000,,37 000 ,31 000 , 43 000,,37 000 ,31 000 , 44 000,,37 000 ,31 000 , 44 000,,38 000 ,31 000 , 45 000,,38 000 ,31 000 , 46 000,,39 000 ,31 000 , 46 000,
Cameroon,24 000 ,16 000 , 32 000,,32 000 ,23 000 , 42 000,,43 000 ,32 000 , 53 000,,57 000 ,43 000 , 67 000,,73 000 ,57 000 , 86 000,,90 000 ,74 000 , 100 000,,110 000 ,92 000 , 130 000,,130 000 ,110 000 , 150 000,,150 000 ,130 000 , 170 000,,160 000 ,140 000 , 190 000,,180 000 ,160 000 , 200 000,,190 000 ,170 000 , 210 000,,200 000 ,180 000 , 220 000,,200 000 ,180 000 , 230 000,,200 000 ,190 000 , 230 000,,210 000 ,190 000 , 230 000,,210 000 ,190 000 , 230 000,,210 000 ,190 000 , 240 000,,210 000 ,200 000 , 240 000,,220 000 ,200 000 , 240 000,,220 000 ,200 000 , 240 000,,220 000 ,200 000 , 240 000,,210 000 ,190 000 , 230 000,,210 000 ,190 000 , 230 000,,200 000 ,190 000 , 220 000,,200 000 ,180 000 , 220 000,,190 000 ,180 000 , 210 000,,190 000 ,170 000 , 210 000,,180 000 ,170 000 , 210 000,,180 000 ,160 000 , 200 000,,180 000 ,160 000 , 200 000,,180 000 ,160 000 , 200 000,,170 000 ,160 000 , 200 000,,170 000 ,150 000 , 200 000,,170 000 ,150 000 , 200 000,
Canada,25 000 ,20 000 , 29 000,,25 000 ,20 000 , 29 000,,25 000 ,20 000 , 29 000,,26 000 ,21 000 , 30 000,,26 000 ,21 000 , 30 000,,25 000 ,21 000 , 29 000,,26 000 ,21 000 , 30 000,,26 000 ,21 000 , 30 000,,27 000 ,22 000 , 31 000,,28 000 ,23 000 , 32 000,,29 000 ,24 000 , 33 000,,30 000 ,25 000 , 34 000,,31 000 ,26 000 , 36 000,,32 000 ,26 000 , 37 000,,33 000 ,27 000 , 38 000,,34 000 ,28 000 , 39 000,,35 000 ,28 000 , 39 000,,35 000 ,29 000 , 40 000,,36 000 ,29 000 , 41 000,,37 000 ,30 000 , 42 000,,38 000 ,31 000 , 43 000,,38 000 ,31 000 , 44 000,,39 000 ,32 000 , 45 000,,40 000 ,32 000 , 46 000,,41 000 ,33 000 , 47 000,,42 000 ,34 000 , 48 000,,43 000 ,35 000 , 50 000,,44 000 ,36 000 , 51 000,,45 000 ,36 000 , 53 000,,46 000 ,37 000 , 54 000,,47 000 ,38 000 , 55 000,,48 000 ,39 000 , 56 000,,49 000 ,39 000 , 57 000,,... ,... , ...,,... ,... , ...,
Central African Republic,19 000 ,13 000 , 27 000,,23 000 ,17 000 , 33 000,,27 000 ,21 000 , 39 000,,32 000 ,24 000 , 44 000,,36 000 ,28 000 , 49 000,,39 000 ,31 000 , 52 000,,42 000 ,34 000 , 54 000,,45 000 ,37 000 , 56 000,,47 000 ,38 000 , 57 000,,48 000 ,39 000 , 58 000,,49 000 ,40 000 , 58 000,,49 000 ,40 000 , 58 000,,49 000 ,40 000 , 58 000,,48 000 ,40 000 , 57 000,,48 000 ,40 000 , 56 000,,47 000 ,39 000 , 56 000,,46 000 ,38 000 , 54 000,,46 000 ,38 000 , 53 000,,46 000 ,38 000 , 53 000,,46 000 ,38 000 , 53 000,,45 000 ,38 000 , 53 000,,44 000 ,37 000 , 51 000,,42 000 ,36 000 , 49 000,,40 000 ,34 000 , 47 000,,38 000 ,32 000 , 44 000,,37 000 ,31 000 , 44 000,,37 000 ,31 000 , 43 000,,36 000 ,30 000 , 42 000,,35 000 ,29 000 , 42 000,,34 000 ,28 000 , 41 000,,34 000 ,28 000 , 42 000,,33 000 ,27 000 , 41 000,,32 000 ,26 000 , 41 000,,32 000 ,26 000 , 41 000,,32 000 ,25 000 , 42 000,
Chad,15 000 ,7400 , 27 000,,20 000 ,10 000 , 33 000,,23 000 ,13 000 , 37 000,,26 000 ,16 000 , 39 000,,29 000 ,19 000 , 43 000,,34 000 ,22 000 , 49 000,,36 000 ,25 000 , 51 000,,39 000 ,27 000 , 53 000,,41 000 ,30 000 , 54 000,,42 000 ,31 000 , 55 000,,42 000 ,32 000 , 55 000,,43 000 ,33 000 , 55 000,,43 000 ,34 000 , 55 000,,44 000 ,35 000 , 56 000,,44 000 ,35 000 , 55 000,,44 000 ,35 000 , 54 000,,44 000 ,35 000 , 53 000,,43 000 ,35 000 , 53 000,,43 000 ,36 000 , 54 000,,43 000 ,36 000 , 53 000,,43 000 ,36 000 , 53 000,,43 000 ,36 000 , 53 000,,43 000 ,36 000 , 52 000,,42 000 ,36 000 , 52 000,,42 000 ,35 000 , 51 000,,41 000 ,35 000 , 50 000,,41 000 ,34 000 , 49 000,,40 000 ,34 000 , 48 000,,40 000 ,33 000 , 48 000,,39 000 ,33 000 , 47 000,,39 000 ,33 000 , 47 000,,39 000 ,33 000 , 47 000,,39 000 ,32 000 , 46 000,,40 000 ,33 000 , 48 000,,41 000 ,34 000 , 49 000,
Chile,2900 ,2400 , 3500,,3900 ,3300 , 4600,,5000 ,4300 , 5800,,6200 ,5400 , 7100,,7400 ,6400 , 8400,,8500 ,7400 , 9600,,9700 ,8300 , 11 000,,11 000 ,9200 , 12 000,,12 000 ,10 000 , 13 000,,13 000 ,11 000 , 14 000,,14 000 ,12 000 , 15 000,,15 000 ,13 000 , 16 000,,16 000 ,14 000 , 17 000,,18 000 ,15 000 , 19 000,,19 000 ,17 000 , 20 000,,21 000 ,18 000 , 22 000,,22 000 ,19 000 , 24 000,,24 000 ,21 000 , 26 000,,26 000 ,23 000 , 28 000,,28 000 ,24 000 , 31 000,,30 000 ,26 000 , 33 000,,32 000 ,28 000 , 35 000,,34 000 ,30 000 , 38 000,,37 000 ,32 000 , 40 000,,39 000 ,34 000 , 43 000,,41 000 ,36 000 , 45 000,,44 000 ,38 000 , 48 000,,47 000 ,41 000 , 52 000,,51 000 ,44 000 , 56 000,,55 000 ,47 000 , 60 000,,59 000 ,51 000 , 64 000,,63 000 ,54 000 , 69 000,,68 000 ,58 000 , 73 000,,72 000 ,61 000 , 78 000,,76 000 ,65 000 , 83 000,
China,... ,... , ...,"Estimates were not available at the time of publication.",... ,... , ...,"Estimates were not available at the time of publication.",... ,... , ...,"Estimates were not available at the time of publication.",... ,... , ...,"Estimates were not available at the time of publication.",... ,... , ...,"Estimates were not available at the time of publication.",... ,... , ...,"Estimates were not available at the time of publication.",... ,... , ...,"Estimates were not available at the time of publication.",... ,... , ...,"Estimates were not available at the time of publication.",... ,... , ...,"Estimates were not available at the time of publication.",... ,... , ...,"Estimates were not available at the time of publication.",... ,... , ...,"Estimates were not available at the time of publication.",... ,... , ...,"Estimates were not available at the time of publication.",... ,... , ...,"Estimates were not available at the time of publication.",... ,... , ...,"Estimates were not available at the time of publication.",... ,... , ...,"Estimates were not available at the time of publication.",... ,... , ...,"Estimates were not available at the time of publication.",... ,... , ...,"Estimates were not available at the time of publication.",... ,... , ...,"Estimates were not available at the time of publication.",... ,... , ...,"Estimates were not available at the time of publication.",... ,... , ...,"Estimates were not available at the time of publication.",... ,... , ...,"Estimates were not available at the time of publication.",... ,... , ...,"Estimates were not available at the time of publication.",... ,... , ...,"Estimates were not available at the time of publication.",... ,... , ...,"Estimates were not available at the time of publication.",... ,... , ...,"Estimates were not available at the time of publication.",... ,... , ...,"Estimates were not available at the time of publication.",... ,... , ...,"Estimates were not available at the time of publication.",... ,... , ...,"Estimates were not available at the time of publication.",... ,... , ...,"Estimates were not available at the time of publication.",... ,... , ...,"Estimates were not available at the time of publication.",... ,... , ...,"Estimates were not available at the time of publication.",... ,... , ...,"Estimates were not available at the time of publication.",... ,... , ...,"Estimates were not available at the time of publication.",... ,... , ...,"Estimates were not available at the time of publication.",... ,... , ...,"Estimates were not available at the time of publication."
Colombia,9000 ,6400 , 13 000,,13 000 ,9300 , 20 000,,19 000 ,13 000 , 27 000,,25 000 ,18 000 , 37 000,,33 000 ,24 000 , 47 000,,42 000 ,30 000 , 58 000,,50 000 ,37 000 , 69 000,,58 000 ,44 000 , 79 000,,66 000 ,50 000 , 88 000,,73 000 ,55 000 , 96 000,,79 000 ,60 000 , 100 000,,84 000 ,63 000 , 110 000,,88 000 ,67 000 , 120 000,,92 000 ,71 000 , 120 000,,95 000 ,75 000 , 120 000,,98 000 ,79 000 , 130 000,,100 000 ,83 000 , 130 000,,100 000 ,86 000 , 130 000,,110 000 ,87 000 , 130 000,,110 000 ,89 000 , 140 000,,110 000 ,92 000 , 140 000,,120 000 ,95 000 , 140 000,,120 000 ,99 000 , 150 000,,120 000 ,100 000 , 150 000,,130 000 ,100 000 , 160 000,,130 000 ,110 000 , 160 000,,140 000 ,110 000 , 170 000,,140 000 ,110 000 , 180 000,,150 000 ,120 000 , 190 000,,160 000 ,130 000 , 200 000,,160 000 ,130 000 , 210 000,,170 000 ,140 000 , 220 000,,180 000 ,140 000 , 230 000,,190 000 ,150 000 , 250 000,,190 000 ,150 000 , 260 000,
Comoros,<100 ,<100 , <100,"Children estimates were not available at the time of publication.",<100 ,<100 , <100,"Children estimates were not available at the time of publication.",<100 ,<100 , <100,"Children estimates were not available at the time of publication.",<100 ,<100 , <100,"Children estimates were not available at the time of publication.",<100 ,<100 , <100,"Children estimates were not available at the time of publication.",<100 ,<100 , <100,"Children estimates were not available at the time of publication.",<100 ,<100 , <100,"Children estimates were not available at the time of publication.",<100 ,<100 , <100,"Children estimates were not available at the time of publication.",<100 ,<100 , <100,"Children estimates were not available at the time of publication.",<100 ,<100 , <100,"Children estimates were not available at the time of publication.",<100 ,<100 , <100,"Children estimates were not available at the time of publication.",<100 ,<100 , <100,"Children estimates were not available at the time of publication.",<100 ,<100 , <100,"Children estimates were not available at the time of publication.",<100 ,<100 , <100,"Children estimates were not available at the time of publication.",<100 ,<100 , <100,"Children estimates were not available at the time of publication.",<100 ,<100 , <100,"Children estimates were not available at the time of publication.",<100 ,<100 , <100,"Children estimates were not available at the time of publication.",<100 ,<100 , <100,"Children estimates were not available at the time of publication.",<100 ,<100 , <100,"Children estimates were not available at the time of publication.",<100 ,<100 , <100,"Children estimates were not available at the time of publication.",<100 ,<100 , <100,"Children estimates were not available at the time of publication.",<100 ,<100 , <100,"Children estimates were not available at the time of publication.",<100 ,<100 , <100,"Children estimates were not available at the time of publication.",<100 ,<100 , <200,"Children estimates were not available at the time of publication.",<100 ,<100 , <200,"Children estimates were not available at the time of publication.",<100 ,<100 , <200,"Children estimates were not available at the time of publication.",<100 ,<100 , <200,"Children estimates were not available at the time of publication.",<100 ,<100 , <200,"Children estimates were not available at the time of publication.",<100 ,<100 , <200,"Children estimates were not available at the time of publication.",<100 ,<100 , <200,"Children estimates were not available at the time of publication.",<100 ,<100 , <200,"Children estimates were not available at the time of publication.",<100 ,<100 , <200,"Children estimates were not available at the time of publication.",<100 ,<100 , <200,"Children estimates were not available at the time of publication.",<100 ,<100 , <200,"Children estimates were not available at the time of publication.",<100 ,<100 , <200,"Children estimates were not available at the time of publication."
Congo,22 000 ,17 000 , 28 000,,24 000 ,19 000 , 29 000,,25 000 ,20 000 , 30 000,,25 000 ,21 000 , 30 000,,26 000 ,21 000 , 31 000,,26 000 ,22 000 , 31 000,,26 000 ,22 000 , 31 000,,25 000 ,22 000 , 30 000,,25 000 ,22 000 , 30 000,,25 000 ,21 000 , 29 000,,26 000 ,22 000 , 30 000,,25 000 ,22 000 , 29 000,,25 000 ,21 000 , 28 000,,25 000 ,21 000 , 29 000,,25 000 ,22 000 , 29 000,,25 000 ,22 000 , 29 000,,26 000 ,22 000 , 29 000,,26 000 ,22 000 , 30 000,,26 000 ,23 000 , 30 000,,28 000 ,24 000 , 32 000,,29 000 ,25 000 , 33 000,,29 000 ,25 000 , 33 000,,29 000 ,25 000 , 34 000,,29 000 ,25 000 , 34 000,,30 000 ,25 000 , 34 000,,30 000 ,25 000 , 35 000,,30 000 ,25 000 , 35 000,,30 000 ,25 000 , 36 000,,30 000 ,25 000 , 37 000,,31 000 ,25 000 , 38 000,,31 000 ,25 000 , 39 000,,32 000 ,25 000 , 40 000,,33 000 ,25 000 , 41 000,,34 000 ,25 000 , 43 000,,35 000 ,25 000 , 45 000,
Costa Rica,1000 ,810 , 1200,,1200 ,960 , 1400,,1400 ,1100 , 1600,,1500 ,1300 , 1800,,1600 ,1400 , 1900,,1800 ,1500 , 2000,,1900 ,1700 , 2100,,2000 ,1800 , 2300,,2200 ,1900 , 2500,,2400 ,2100 , 2600,,2600 ,2300 , 2900,,3000 ,2600 , 3300,,3300 ,2900 , 3700,,3800 ,3300 , 4100,,4200 ,3700 , 4600,,4700 ,4100 , 5100,,5200 ,4600 , 5700,,5800 ,5100 , 6300,,6400 ,5500 , 6900,,6900 ,6100 , 7600,,7600 ,6700 , 8300,,8300 ,7300 , 9100,,9000 ,7900 , 9900,,9800 ,8600 , 11 000,,10 000 ,9200 , 12 000,,11 000 ,9800 , 12 000,,12 000 ,10 000 , 13 000,,13 000 ,11 000 , 14 000,,13 000 ,12 000 , 15 000,,14 000 ,12 000 , 16 000,,15 000 ,13 000 , 17 000,,16 000 ,13 000 , 18 000,,17 000 ,14 000 , 19 000,,17 000 ,15 000 , 19 000,,18 000 ,15 000 , 20 000,
Croatia,<200 ,<200 , <200,"Children estimates were not available at the time of publication.",<200 ,<200 , <500,"Children estimates were not available at the time of publication.",<200 ,<200 , <500,"Children estimates were not available at the time of publication.",<500 ,<200 , <500,"Children estimates were not available at the time of publication.",<500 ,<200 , <500,"Children estimates were not available at the time of publication.",<500 ,<200 , <500,"Children estimates were not available at the time of publication.",<500 ,<500 , <500,"Children estimates were not available at the time of publication.",<500 ,<500 , <500,"Children estimates were not available at the time of publication.",<500 ,<500 , <500,"Children estimates were not available at the time of publication.",<500 ,<500 , <500,"Children estimates were not available at the time of publication.",<500 ,<500 , <500,"Children estimates were not available at the time of publication.",<500 ,<500 , 530,"Children estimates were not available at the time of publication.",510 ,<500 , 590,"Children estimates were not available at the time of publication.",570 ,<500 , 660,"Children estimates were not available at the time of publication.",630 ,510 , 720,"Children estimates were not available at the time of publication.",690 ,560 , 790,"Children estimates were not available at the time of publication.",750 ,610 , 860,"Children estimates were not available at the time of publication.",810 ,670 , 930,"Children estimates were not available at the time of publication.",880 ,720 , 1000,"Children estimates were not available at the time of publication.",940 ,770 , 1100,"Children estimates were not available at the time of publication.",1000 ,820 , 1100,"Children estimates were not available at the time of publication.",1100 ,870 , 1200,"Children estimates were not available at the time of publication.",1100 ,920 , 1300,"Children estimates were not available at the time of publication.",1200 ,960 , 1400,"Children estimates were not available at the time of publication.",1200 ,1000 , 1400,"Children estimates were not available at the time of publication.",1300 ,1000 , 1500,"Children estimates were not available at the time of publication.",1300 ,1100 , 1500,"Children estimates were not available at the time of publication.",1400 ,1100 , 1600,"Children estimates were not available at the time of publication.",1400 ,1200 , 1600,"Children estimates were not available at the time of publication.",1500 ,1200 , 1700,"Children estimates were not available at the time of publication.",1500 ,1200 , 1700,"Children estimates were not available at the time of publication.",1500 ,1300 , 1800,"Children estimates were not available at the time of publication.",1600 ,1300 , 1800,"Children estimates were not available at the time of publication.",1600 ,1300 , 1800,"Children estimates were not available at the time of publication.",1600 ,1300 , 1900,"Children estimates were not available at the time of publication."
Cuba,570 ,<500 , 850,,670 ,<500 , 990,,740 ,520 , 1100,,820 ,580 , 1200,,900 ,640 , 1300,,1000 ,740 , 1500,,1300 ,920 , 1700,,1600 ,1200 , 2000,,2100 ,1600 , 2600,,2800 ,2200 , 3400,,3700 ,3000 , 4400,,4700 ,3800 , 5500,,6000 ,4900 , 6900,,7300 ,6100 , 8500,,8800 ,7300 , 10 000,,10 000 ,8400 , 12 000,,12 000 ,9700 , 13 000,,13 000 ,11 000 , 15 000,,15 000 ,12 000 , 17 000,,16 000 ,14 000 , 18 000,,18 000 ,15 000 , 20 000,,19 000 ,16 000 , 22 000,,20 000 ,17 000 , 23 000,,22 000 ,18 000 , 24 000,,23 000 ,19 000 , 26 000,,24 000 ,20 000 , 27 000,,25 000 ,21 000 , 29 000,,27 000 ,22 000 , 30 000,,28 000 ,23 000 , 32 000,,29 000 ,24 000 , 33 000,,30 000 ,25 000 , 35 000,,31 000 ,26 000 , 36 000,,33 000 ,27 000 , 37 000,,33 000 ,28 000 , 38 000,,34 000 ,29 000 , 39 000,
Cyprus,... ,... , ...,"Estimates were not available at the time of publication.",... ,... , ...,"Estimates were not available at the time of publication.",... ,... , ...,"Estimates were not available at the time of publication.",... ,... , ...,"Estimates were not available at the time of publication.",... ,... , ...,"Estimates were not available at the time of publication.",... ,... , ...,"Estimates were not available at the time of publication.",... ,... , ...,"Estimates were not available at the time of publication.",... ,... , ...,"Estimates were not available at the time of publication.",... ,... , ...,"Estimates were not available at the time of publication.",... ,... , ...,"Estimates were not available at the time of publication.",... ,... , ...,"Estimates were not available at the time of publication.",... ,... , ...,"Estimates were not available at the time of publication.",... ,... , ...,"Estimates were not available at the time of publication.",... ,... , ...,"Estimates were not available at the time of publication.",... ,... , ...,"Estimates were not available at the time of publication.",... ,... , ...,"Estimates were not available at the time of publication.",... ,... , ...,"Estimates were not available at the time of publication.",... ,... , ...,"Estimates were not available at the time of publication.",... ,... , ...,"Estimates were not available at the time of publication.",... ,... , ...,"Estimates were not available at the time of publication.",... ,... , ...,"Estimates were not available at the time of publication.",... ,... , ...,"Estimates were not available at the time of publication.",... ,... , ...,"Estimates were not available at the time of publication.",... ,... , ...,"Estimates were not available at the time of publication.",... ,... , ...,"Estimates were not available at the time of publication.",... ,... , ...,"Estimates were not available at the time of publication.",... ,... , ...,"Estimates were not available at the time of publication.",... ,... , ...,"Estimates were not available at the time of publication.",... ,... , ...,"Estimates were not available at the time of publication.",... ,... , ...,"Estimates were not available at the time of publication.",... ,... , ...,"Estimates were not available at the time of publication.",... ,... , ...,"Estimates were not available at the time of publication.",... ,... , ...,"Estimates were not available at the time of publication.",... ,... , ...,"Estimates were not available at the time of publication.",... ,... , ...,"Estimates were not available at the time of publication."
Czechia,... ,... , ...,"Estimates were not available at the time of publication.",... ,... , ...,"Estimates were not available at the time of publication.",... ,... , ...,"Estimates were not available at the time of publication.",... ,... , ...,"Estimates were not available at the time of publication.",... ,... , ...,"Estimates were not available at the time of publication.",... ,... , ...,"Estimates were not available at the time of publication.",... ,... , ...,"Estimates were not available at the time of publication.",... ,... , ...,"Estimates were not available at the time of publication.",... ,... , ...,"Estimates were not available at the time of publication.",... ,... , ...,"Estimates were not available at the time of publication.",... ,... , ...,"Estimates were not available at the time of publication.",... ,... , ...,"Estimates were not available at the time of publication.",... ,... , ...,"Estimates were not available at the time of publication.",... ,... , ...,"Estimates were not available at the time of publication.",... ,... , ...,"Estimates were not available at the time of publication.",... ,... , ...,"Estimates were not available at the time of publication.",... ,... , ...,"Estimates were not available at the time of publication.",... ,... , ...,"Estimates were not available at the time of publication.",... ,... , ...,"Estimates were not available at the time of publication.",... ,... , ...,"Estimates were not available at the time of publication.",... ,... , ...,"Estimates were not available at the time of publication.",... ,... , ...,"Estimates were not available at the time of publication.",... ,... , ...,"Estimates were not available at the time of publication.",... ,... , ...,"Estimates were not available at the time of publication.",... ,... , ...,"Estimates were not available at the time of publication.",... ,... , ...,"Estimates were not available at the time of publication.",... ,... , ...,"Estimates were not available at the time of publication.",... ,... , ...,"Estimates were not available at the time of publication.",... ,... , ...,"Estimates were not available at the time of publication.",... ,... , ...,"Estimates were not available at the time of publication.",... ,... , ...,"Estimates were not available at the time of publication.",... ,... , ...,"Estimates were not available at the time of publication.",... ,... , ...,"Estimates were not available at the time of publication.",... ,... , ...,"Estimates were not available at the time of publication.",... ,... , ...,"Estimates were not available at the time of publication."
Côte d'Ivoire,140 000 ,92 000 , 210 000,,170 000 ,120 000 , 240 000,,190 000 ,140 000 , 260 000,,220 000 ,170 000 , 280 000,,240 000 ,190 000 , 300 000,,250 000 ,210 000 , 300 000,,260 000 ,220 000 , 310 000,,270 000 ,230 000 , 310 000,,270 000 ,230 000 , 310 000,,270 000 ,230 000 , 310 000,,260 000 ,230 000 , 300 000,,250 000 ,220 000 , 290 000,,240 000 ,210 000 , 270 000,,230 000 ,200 000 , 260 000,,220 000 ,190 000 , 250 000,,210 000 ,180 000 , 240 000,,200 000 ,170 000 , 220 000,,190 000 ,170 000 , 210 000,,180 000 ,160 000 , 210 000,,180 000 ,160 000 , 200 000,,180 000 ,160 000 , 200 000,,170 000 ,160 000 , 200 000,,170 000 ,150 000 , 190 000,,170 000 ,150 000 , 190 000,,160 000 ,140 000 , 180 000,,160 000 ,140 000 , 180 000,,150 000 ,140 000 , 170 000,,150 000 ,130 000 , 170 000,,140 000 ,130 000 , 160 000,,140 000 ,120 000 , 160 000,,140 000 ,120 000 , 160 000,,130 000 ,120 000 , 150 000,,130 000 ,110 000 , 150 000,,130 000 ,110 000 , 150 000,,120 000 ,110 000 , 150 000,
Democratic People's Republic of Korea,... ,... , ...,"Estimates were not available at the time of publication.",... ,... , ...,"Estimates were not available at the time of publication.",... ,... , ...,"Estimates were not available at the time of publication.",... ,... , ...,"Estimates were not available at the time of publication.",... ,... , ...,"Estimates were not available at the time of publication.",... ,... , ...,"Estimates were not available at the time of publication.",... ,... , ...,"Estimates were not available at the time of publication.",... ,... , ...,"Estimates were not available at the time of publication.",... ,... , ...,"Estimates were not available at the time of publication.",... ,... , ...,"Estimates were not available at the time of publication.",... ,... , ...,"Estimates were not available at the time of publication.",... ,... , ...,"Estimates were not available at the time of publication.",... ,... , ...,"Estimates were not available at the time of publication.",... ,... , ...,"Estimates were not available at the time of publication.",... ,... , ...,"Estimates were not available at the time of publication.",... ,... , ...,"Estimates were not available at the time of publication.",... ,... , ...,"Estimates were not available at the time of publication.",... ,... , ...,"Estimates were not available at the time of publication.",... ,... , ...,"Estimates were not available at the time of publication.",... ,... , ...,"Estimates were not available at the time of publication.",... ,... , ...,"Estimates were not available at the time of publication.",... ,... , ...,"Estimates were not available at the time of publication.",... ,... , ...,"Estimates were not available at the time of publication.",... ,... , ...,"Estimates were not available at the time of publication.",... ,... , ...,"Estimates were not available at the time of publication.",... ,... , ...,"Estimates were not available at the time of publication.",... ,... , ...,"Estimates were not available at the time of publication.",... ,... , ...,"Estimates were not available at the time of publication.",... ,... , ...,"Estimates were not available at the time of publication.",... ,... , ...,"Estimates were not available at the time of publication.",... ,... , ...,"Estimates were not available at the time of publication.",... ,... , ...,"Estimates were not available at the time of publication.",... ,... , ...,"Estimates were not available at the time of publication.",... ,... , ...,"Estimates were not available at the time of publication.",... ,... , ...,"Estimates were not available at the time of publication."
Democratic Republic of the Congo,190 000 ,150 000 , 260 000,,210 000 ,160 000 , 280 000,,230 000 ,170 000 , 300 000,,240 000 ,180 000 , 320 000,,260 000 ,200 000 , 340 000,,270 000 ,200 000 , 350 000,,270 000 ,210 000 , 340 000,,260 000 ,210 000 , 330 000,,260 000 ,210 000 , 330 000,,260 000 ,210 000 , 320 000,,260 000 ,210 000 , 320 000,,250 000 ,210 000 , 310 000,,250 000 ,200 000 , 310 000,,240 000 ,200 000 , 300 000,,240 000 ,200 000 , 290 000,,240 000 ,200 000 , 290 000,,230 000 ,190 000 , 280 000,,230 000 ,190 000 , 270 000,,220 000 ,190 000 , 270 000,,220 000 ,190 000 , 270 000,,220 000 ,180 000 , 260 000,,210 000 ,180 000 , 260 000,,210 000 ,180 000 , 250 000,,200 000 ,170 000 , 240 000,,200 000 ,170 000 , 240 000,,200 000 ,170 000 , 240 000,,190 000 ,160 000 , 240 000,,190 000 ,160 000 , 230 000,,190 000 ,160 000 , 230 000,,190 000 ,160 000 , 230 000,,190 000 ,160 000 , 230 000,,190 000 ,160 000 , 230 000,,190 000 ,160 000 , 240 000,,200 000 ,160 000 , 240 000,,200 000 ,160 000 , 250 000,
Denmark,1900 ,1600 , 2300,"Children estimates were not available at the time of publication.",2100 ,1700 , 2400,"Children estimates were not available at the time of publication.",2200 ,1800 , 2500,"Children estimates were not available at the time of publication.",2200 ,1900 , 2600,"Children estimates were not available at the time of publication.",2300 ,1900 , 2600,"Children estimates were not available at the time of publication.",2400 ,2000 , 2700,"Children estimates were not available at the time of publication.",2400 ,2000 , 2700,"Children estimates were not available at the time of publication.",2500 ,2100 , 2800,"Children estimates were not available at the time of publication.",2700 ,2200 , 3000,"Children estimates were not available at the time of publication.",2900 ,2400 , 3200,"Children estimates were not available at the time of publication.",3000 ,2500 , 3400,"Children estimates were not available at the time of publication.",3200 ,2600 , 3600,"Children estimates were not available at the time of publication.",3300 ,2700 , 3700,"Children estimates were not available at the time of publication.",3500 ,2800 , 3900,"Children estimates were not available at the time of publication.",3600 ,2900 , 4000,"Children estimates were not available at the time of publication.",3700 ,3000 , 4100,"Children estimates were not available at the time of publication.",3700 ,3100 , 4200,"Children estimates were not available at the time of publication.",3800 ,3100 , 4300,"Children estimates were not available at the time of publication.",3900 ,3200 , 4400,"Children estimates were not available at the time of publication.",4000 ,3200 , 4500,"Children estimates were not available at the time of publication.",4000 ,3300 , 4600,"Children estimates were not available at the time of publication.",4100 ,3400 , 4700,"Children estimates were not available at the time of publication.",4200 ,3400 , 4800,"Children estimates were not available at the time of publication.",4300 ,3500 , 4900,"Children estimates were not available at the time of publication.",4300 ,3500 , 5000,"Children estimates were not available at the time of publication.",4400 ,3600 , 5000,"Children estimates were not available at the time of publication.",4400 ,3700 , 5100,"Children estimates were not available at the time of publication.",4500 ,3700 , 5200,"Children estimates were not available at the time of publication.",4500 ,3700 , 5200,"Children estimates were not available at the time of publication.",4500 ,3700 , 5200,"Children estimates were not available at the time of publication.",4500 ,3700 , 5200,"Children estimates were not available at the time of publication.",4500 ,3700 , 5200,"Children estimates were not available at the time of publication.",4600 ,3700 , 5300,"Children estimates were not available at the time of publication.",4600 ,3800 , 5300,"Children estimates were not available at the time of publication.",4600 ,3700 , 5300,"Children estimates were not available at the time of publication."
Djibouti,1700 ,940 , 2800,,2400 ,1300 , 3700,,2900 ,1700 , 4300,,3600 ,2200 , 5400,,4200 ,2700 , 5900,,4900 ,3300 , 6600,,5600 ,3900 , 7400,,6400 ,4700 , 8200,,7000 ,5200 , 9000,,7600 ,5700 , 9700,,8100 ,6200 , 11 000,,8500 ,6600 , 11 000,,8700 ,6800 , 11 000,,8600 ,6800 , 11 000,,8500 ,6700 , 11 000,,8400 ,6600 , 11 000,,8300 ,6500 , 11 000,,8000 ,6100 , 10 000,,7800 ,5900 , 10 000,,7600 ,5700 , 9700,,7400 ,5600 , 9600,,7100 ,5300 , 9200,,6800 ,5000 , 8700,,6400 ,4700 , 8300,,6100 ,4500 , 7900,,5800 ,4200 , 7500,,5400 ,3900 , 7300,,5200 ,3600 , 6900,,4900 ,3400 , 6600,,4700 ,3300 , 6200,,4500 ,3200 , 6000,,4300 ,3000 , 5900,,4100 ,3000 , 5700,,4000 ,2900 , 5500,,3900 ,2900 , 5400,
Dominica,<100 ,<100 , <200,"Countries with a UNAIDS-approved estimate and population less than 250000 in 2024; not included in regional or global totals",<100 ,<100 , <200,"Countries with a UNAIDS-approved estimate and population less than 250000 in 2024; not included in regional or global totals",<200 ,<100 , <200,"Countries with a UNAIDS-approved estimate and population less than 250000 in 2024; not included in regional or global totals",<200 ,<100 , <200,"Countries with a UNAIDS-approved estimate and population less than 250000 in 2024; not included in regional or global totals",<200 ,<100 , <200,"Countries with a UNAIDS-approved estimate and population less than 250000 in 2024; not included in regional or global totals",<200 ,<100 , <200,"Countries with a UNAIDS-approved estimate and population less than 250000 in 2024; not included in regional or global totals",<200 ,<100 , <200,"Countries with a UNAIDS-approved estimate and population less than 250000 in 2024; not included in regional or global totals",<200 ,<100 , <200,"Countries with a UNAIDS-approved estimate and population less than 250000 in 2024; not included in regional or global totals",<200 ,<100 , <200,"Countries with a UNAIDS-approved estimate and population less than 250000 in 2024; not included in regional or global totals",<200 ,<100 , <200,"Countries with a UNAIDS-approved estimate and population less than 250000 in 2024; not included in regional or global totals",<200 ,<100 , <200,"Countries with a UNAIDS-approved estimate and population less than 250000 in 2024; not included in regional or global totals",<200 ,<100 , <200,"Countries with a UNAIDS-approved estimate and population less than 250000 in 2024; not included in regional or global totals",<200 ,<100 , <200,"Countries with a UNAIDS-approved estimate and population less than 250000 in 2024; not included in regional or global totals",<200 ,<100 , <200,"Countries with a UNAIDS-approved estimate and population less than 250000 in 2024; not included in regional or global totals",<200 ,<100 , <200,"Countries with a UNAIDS-approved estimate and population less than 250000 in 2024; not included in regional or global totals",<200 ,<100 , <200,"Countries with a UNAIDS-approved estimate and population less than 250000 in 2024; not included in regional or global totals",<200 ,<100 , <200,"Countries with a UNAIDS-approved estimate and population less than 250000 in 2024; not included in regional or global totals",<200 ,<100 , <200,"Countries with a UNAIDS-approved estimate and population less than 250000 in 2024; not included in regional or global totals",<200 ,<200 , <200,"Countries with a UNAIDS-approved estimate and population less than 250000 in 2024; not included in regional or global totals",<200 ,<200 , <200,"Countries with a UNAIDS-approved estimate and population less than 250000 in 2024; not included in regional or global totals",<200 ,<200 , <200,"Countries with a UNAIDS-approved estimate and population less than 250000 in 2024; not included in regional or global totals",<200 ,<200 , <200,"Countries with a UNAIDS-approved estimate and population less than 250000 in 2024; not included in regional or global totals",<200 ,<200 , <200,"Countries with a UNAIDS-approved estimate and population less than 250000 in 2024; not included in regional or global totals",<200 ,<200 , <200,"Countries with a UNAIDS-approved estimate and population less than 250000 in 2024; not included in regional or global totals",<200 ,<200 , <200,"Countries with a UNAIDS-approved estimate and population less than 250000 in 2024; not included in regional or global totals",<200 ,<200 , <200,"Countries with a UNAIDS-approved estimate and population less than 250000 in 2024; not included in regional or global totals",<200 ,<200 , <200,"Countries with a UNAIDS-approved estimate and population less than 250000 in 2024; not included in regional or global totals",<200 ,<200 , <200,"Countries with a UNAIDS-approved estimate and population less than 250000 in 2024; not included in regional or global totals",<200 ,<200 , <200,"Countries with a UNAIDS-approved estimate and population less than 250000 in 2024; not included in regional or global totals",<200 ,<200 , <200,"Countries with a UNAIDS-approved estimate and population less than 250000 in 2024; not included in regional or global totals",<200 ,<200 , <200,"Countries with a UNAIDS-approved estimate and population less than 250000 in 2024; not included in regional or global totals",<200 ,<200 , <200,"Countries with a UNAIDS-approved estimate and population less than 250000 in 2024; not included in regional or global totals",<200 ,<200 , <200,"Countries with a UNAIDS-approved estimate and population less than 250000 in 2024; not included in regional or global totals",<200 ,<200 , <200,"Countries with a UNAIDS-approved estimate and population less than 250000 in 2024; not included in regional or global totals",<200 ,<200 , <200,"Countries with a UNAIDS-approved estimate and population less than 250000 in 2024; not included in regional or global totals"
Dominican Republic,7000 ,4300 , 13 000,,10 000 ,6300 , 16 000,,14 000 ,8900 , 20 000,,17 000 ,12 000 , 24 000,,21 000 ,15 000 , 28 000,,25 000 ,18 000 , 33 000,,28 000 ,21 000 , 35 000,,30 000 ,23 000 , 38 000,,31 000 ,25 000 , 39 000,,33 000 ,27 000 , 41 000,,34 000 ,28 000 , 41 000,,35 000 ,29 000 , 42 000,,35 000 ,29 000 , 42 000,,35 000 ,29 000 , 42 000,,35 000 ,29 000 , 41 000,,35 000 ,29 000 , 41 000,,35 000 ,29 000 , 40 000,,35 000 ,29 000 , 40 000,,35 000 ,29 000 , 40 000,,35 000 ,30 000 , 40 000,,35 000 ,30 000 , 41 000,,35 000 ,30 000 , 41 000,,35 000 ,30 000 , 40 000,,35 000 ,30 000 , 41 000,,35 000 ,29 000 , 41 000,,35 000 ,29 000 , 41 000,,35 000 ,29 000 , 41 000,,35 000 ,29 000 , 42 000,,36 000 ,29 000 , 42 000,,36 000 ,29 000 , 43 000,,37 000 ,29 000 , 44 000,,38 000 ,29 000 , 45 000,,39 000 ,30 000 , 46 000,,39 000 ,30 000 , 48 000,,40 000 ,31 000 , 49 000,
Ecuador,2500 ,1400 , 4700,,3400 ,1900 , 6200,,4500 ,2500 , 7900,,5900 ,3400 , 9700,,7500 ,4600 , 12 000,,9200 ,6000 , 14 000,,11 000 ,7500 , 16 000,,13 000 ,8900 , 17 000,,14 000 ,10 000 , 18 000,,15 000 ,12 000 , 20 000,,17 000 ,13 000 , 21 000,,18 000 ,14 000 , 22 000,,18 000 ,15 000 , 22 000,,19 000 ,16 000 , 23 000,,20 000 ,17 000 , 23 000,,20 000 ,17 000 , 24 000,,21 000 ,18 000 , 24 000,,21 000 ,19 000 , 25 000,,22 000 ,19 000 , 25 000,,23 000 ,20 000 , 26 000,,23 000 ,21 000 , 27 000,,24 000 ,21 000 , 28 000,,25 000 ,22 000 , 28 000,,26 000 ,22 000 , 29 000,,26 000 ,23 000 , 30 000,,27 000 ,23 000 , 30 000,,27 000 ,24 000 , 31 000,,28 000 ,25 000 , 32 000,,29 000 ,25 000 , 33 000,,30 000 ,26 000 , 34 000,,30 000 ,27 000 , 35 000,,31 000 ,28 000 , 36 000,,32 000 ,28 000 , 36 000,,33 000 ,29 000 , 38 000,,34 000 ,29 000 , 39 000,
Egypt,3000 ,2000 , 5000,,3500 ,2300 , 5900,,4100 ,2600 , 6800,,4600 ,2900 , 7400,,5100 ,3200 , 8100,,5600 ,3500 , 8700,,6200 ,4000 , 9400,,6700 ,4500 , 10 000,,7300 ,4900 , 10 000,,7800 ,5400 , 11 000,,8400 ,5900 , 11 000,,8900 ,6400 , 12 000,,9500 ,7000 , 13 000,,10 000 ,7500 , 13 000,,11 000 ,8000 , 14 000,,11 000 ,8600 , 14 000,,12 000 ,9300 , 15 000,,13 000 ,9900 , 16 000,,14 000 ,11 000 , 18 000,,15 000 ,11 000 , 19 000,,16 000 ,12 000 , 20 000,,17 000 ,13 000 , 22 000,,18 000 ,14 000 , 24 000,,19 000 ,15 000 , 25 000,,21 000 ,16 000 , 27 000,,22 000 ,17 000 , 30 000,,24 000 ,18 000 , 32 000,,26 000 ,19 000 , 34 000,,28 000 ,21 000 , 37 000,,30 000 ,23 000 , 41 000,,33 000 ,24 000 , 44 000,,35 000 ,26 000 , 48 000,,38 000 ,28 000 , 52 000,,42 000 ,31 000 , 57 000,,45 000 ,33 000 , 63 000,
El Salvador,1200 ,930 , 1500,,1800 ,1400 , 2200,,2500 ,2000 , 3000,,3300 ,2800 , 4000,,4300 ,3600 , 5000,,5400 ,4600 , 6200,,6500 ,5600 , 7400,,7700 ,6600 , 8700,,8800 ,7700 , 9900,,9800 ,8700 , 11 000,,11 000 ,9600 , 12 000,,12 000 ,10 000 , 13 000,,12 000 ,11 000 , 14 000,,13 000 ,11 000 , 14 000,,13 000 ,12 000 , 14 000,,13 000 ,12 000 , 14 000,,13 000 ,12 000 , 14 000,,13 000 ,12 000 , 15 000,,13 000 ,12 000 , 14 000,,13 000 ,12 000 , 14 000,,13 000 ,12 000 , 14 000,,13 000 ,12 000 , 14 000,,13 000 ,11 000 , 14 000,,13 000 ,11 000 , 14 000,,12 000 ,11 000 , 14 000,,12 000 ,11 000 , 14 000,,12 000 ,11 000 , 13 000,,12 000 ,11 000 , 13 000,,12 000 ,11 000 , 13 000,,12 000 ,11 000 , 14 000,,12 000 ,11 000 , 14 000,,13 000 ,11 000 , 14 000,,13 000 ,11 000 , 14 000,,13 000 ,12 000 , 15 000,,14 000 ,12 000 , 15 000,
Equatorial Guinea,... ,... , ...,"Estimates were not available at the time of publication.",... ,... , ...,"Estimates were not available at the time of publication.",... ,... , ...,"Estimates were not available at the time of publication.",... ,... , ...,"Estimates were not available at the time of publication.",... ,... , ...,"Estimates were not available at the time of publication.",... ,... , ...,"Estimates were not available at the time of publication.",... ,... , ...,"Estimates were not available at the time of publication.",... ,... , ...,"Estimates were not available at the time of publication.",... ,... , ...,"Estimates were not available at the time of publication.",... ,... , ...,"Estimates were not available at the time of publication.",... ,... , ...,"Estimates were not available at the time of publication.",... ,... , ...,"Estimates were not available at the time of publication.",... ,... , ...,"Estimates were not available at the time of publication.",... ,... , ...,"Estimates were not available at the time of publication.",... ,... , ...,"Estimates were not available at the time of publication.",... ,... , ...,"Estimates were not available at the time of publication.",... ,... , ...,"Estimates were not available at the time of publication.",... ,... , ...,"Estimates were not available at the time of publication.",... ,... , ...,"Estimates were not available at the time of publication.",... ,... , ...,"Estimates were not available at the time of publication.",... ,... , ...,"Estimates were not available at the time of publication.",... ,... , ...,"Estimates were not available at the time of publication.",... ,... , ...,"Estimates were not available at the time of publication.",... ,... , ...,"Estimates were not available at the time of publication.",... ,... , ...,"Estimates were not available at the time of publication.",... ,... , ...,"Estimates were not available at the time of publication.",... ,... , ...,"Estimates were not available at the time of publication.",... ,... , ...,"Estimates were not available at the time of publication.",... ,... , ...,"Estimates were not available at the time of publication.",... ,... , ...,"Estimates were not available at the time of publication.",... ,... , ...,"Estimates were not available at the time of publication.",... ,... , ...,"Estimates were not available at the time of publication.",... ,... , ...,"Estimates were not available at the time of publication.",... ,... , ...,"Estimates were not available at the time of publication.",... ,... , ...,"Estimates were not available at the time of publication."
Eritrea,6700 ,3900 , 13 000,,6700 ,4000 , 12 000,,7400 ,4600 , 13 000,,8700 ,5600 , 15 000,,9200 ,6000 , 15 000,,11 000 ,7600 , 17 000,,11 000 ,7700 , 17 000,,11 000 ,7800 , 16 000,,11 000 ,7900 , 15 000,,11 000 ,7900 , 15 000,,10 000 ,7700 , 14 000,,10 000 ,7800 , 14 000,,10 000 ,7600 , 13 000,,10 000 ,7700 , 13 000,,9500 ,7300 , 12 000,,8900 ,6800 , 11 000,,8100 ,6300 , 10 000,,7700 ,6000 , 9500,,7500 ,5800 , 9300,,7100 ,5500 , 8800,,6900 ,5400 , 8400,,6500 ,5100 , 8000,,6300 ,4900 , 7700,,6000 ,4800 , 7400,,5800 ,4600 , 7000,,5500 ,4400 , 6800,,5400 ,4300 , 6500,,5200 ,4200 , 6300,,5100 ,4200 , 6200,,5000 ,4100 , 6000,,4900 ,4000 , 5800,,4800 ,3900 , 5700,,4700 ,3900 , 5600,,4700 ,3800 , 5600,,4600 ,3800 , 5600,
Estonia,<100 ,<100 , <100,"Children estimates were not available at the time of publication.",<100 ,<100 , <100,"Children estimates were not available at the time of publication.",<100 ,<100 , <100,"Children estimates were not available at the time of publication.",<100 ,<100 , <100,"Children estimates were not available at the time of publication.",<100 ,<100 , <100,"Children estimates were not available at the time of publication.",<100 ,<100 , <100,"Children estimates were not available at the time of publication.",<100 ,<100 , <100,"Children estimates were not available at the time of publication.",<100 ,<100 , <100,"Children estimates were not available at the time of publication.",<100 ,<100 , <100,"Children estimates were not available at the time of publication.",<100 ,<100 , <100,"Children estimates were not available at the time of publication.",<100 ,<100 , <500,"Children estimates were not available at the time of publication.",750 ,580 , 920,"Children estimates were not available at the time of publication.",1300 ,1000 , 1500,"Children estimates were not available at the time of publication.",1800 ,1400 , 2100,"Children estimates were not available at the time of publication.",2100 ,1700 , 2500,"Children estimates were not available at the time of publication.",2400 ,2000 , 2800,"Children estimates were not available at the time of publication.",2700 ,2200 , 3000,"Children estimates were not available at the time of publication.",2900 ,2300 , 3300,"Children estimates were not available at the time of publication.",3100 ,2500 , 3400,"Children estimates were not available at the time of publication.",3200 ,2600 , 3600,"Children estimates were not available at the time of publication.",3300 ,2700 , 3700,"Children estimates were not available at the time of publication.",3400 ,2800 , 3800,"Children estimates were not available at the time of publication.",3500 ,2900 , 3800,"Children estimates were not available at the time of publication.",3500 ,2900 , 3900,"Children estimates were not available at the time of publication.",3600 ,3000 , 3900,"Children estimates were not available at the time of publication.",3600 ,3000 , 4000,"Children estimates were not available at the time of publication.",3700 ,3100 , 4100,"Children estimates were not available at the time of publication.",3700 ,3200 , 4100,"Children estimates were not available at the time of publication.",3800 ,3200 , 4200,"Children estimates were not available at the time of publication.",3800 ,3300 , 4300,"Children estimates were not available at the time of publication.",3900 ,3300 , 4300,"Children estimates were not available at the time of publication.",3900 ,3400 , 4400,"Children estimates were not available at the time of publication.",3900 ,3400 , 4500,"Children estimates were not available at the time of publication.",3900 ,3500 , 4500,"Children estimates were not available at the time of publication.",3900 ,3500 , 4500,"Children estimates were not available at the time of publication."
Eswatini,2900 ,2400 , 3700,,5700 ,4700 , 7100,,10 000 ,8300 , 12 000,,16 000 ,13 000 , 19 000,,21 000 ,17 000 , 25 000,,28 000 ,24 000 , 33 000,,36 000 ,31 000 , 41 000,,43 000 ,37 000 , 49 000,,48 000 ,43 000 , 55 000,,53 000 ,48 000 , 61 000,,58 000 ,52 000 , 64 000,,61 000 ,55 000 , 68 000,,63 000 ,58 000 , 70 000,,65 000 ,60 000 , 72 000,,67 000 ,62 000 , 74 000,,68 000 ,63 000 , 75 000,,69 000 ,64 000 , 76 000,,71 000 ,66 000 , 77 000,,72 000 ,67 000 , 78 000,,74 000 ,69 000 , 80 000,,76 000 ,71 000 , 82 000,,78 000 ,72 000 , 84 000,,80 000 ,74 000 , 86 000,,82 000 ,76 000 , 88 000,,84 000 ,78 000 , 90 000,,85 000 ,80 000 , 92 000,,86 000 ,81 000 , 93 000,,87 000 ,81 000 , 95 000,,88 000 ,82 000 , 96 000,,89 000 ,82 000 , 97 000,,88 000 ,82 000 , 98 000,,88 000 ,82 000 , 98 000,,86 000 ,81 000 , 96 000,,85 000 ,79 000 , 94 000,,84 000 ,78 000 , 93 000,
Ethiopia,180 000 ,150 000 , 210 000,,220 000 ,180 000 , 260 000,,250 000 ,210 000 , 300 000,,280 000 ,240 000 , 340 000,,300 000 ,250 000 , 360 000,,310 000 ,260 000 , 370 000,,310 000 ,260 000 , 380 000,,310 000 ,260 000 , 370 000,,310 000 ,260 000 , 370 000,,300 000 ,250 000 , 350 000,,280 000 ,240 000 , 340 000,,270 000 ,230 000 , 320 000,,260 000 ,220 000 , 310 000,,240 000 ,200 000 , 290 000,,230 000 ,190 000 , 280 000,,220 000 ,180 000 , 260 000,,210 000 ,180 000 , 250 000,,210 000 ,170 000 , 250 000,,200 000 ,170 000 , 240 000,,200 000 ,170 000 , 240 000,,210 000 ,170 000 , 250 000,,210 000 ,170 000 , 250 000,,210 000 ,180 000 , 250 000,,210 000 ,180 000 , 250 000,,210 000 ,180 000 , 250 000,,210 000 ,180 000 , 250 000,,210 000 ,180 000 , 250 000,,210 000 ,180 000 , 250 000,,210 000 ,180 000 , 250 000,,210 000 ,170 000 , 250 000,,210 000 ,170 000 , 250 000,,210 000 ,170 000 , 250 000,,200 000 ,170 000 , 240 000,,200 000 ,170 000 , 240 000,,200 000 ,170 000 , 240 000,
Fiji,<100 ,<100 , <100,,<100 ,<100 , <100,,<100 ,<100 , <100,,<100 ,<100 , <100,,<100 ,<100 , <100,,<100 ,<100 , <100,,<100 ,<100 , <100,,<100 ,<100 , <100,,<100 ,<100 , <100,,<100 ,<100 , <100,,<100 ,<100 , <100,,<100 ,<100 , <100,,<100 ,<100 , <100,,<100 ,<100 , <100,,<100 ,<100 , <100,,<100 ,<100 , <100,,<100 ,<100 , <100,,<100 ,<100 , <100,,<100 ,<100 , <100,,<100 ,<100 , <200,,<100 ,<100 , <200,,<200 ,<100 , <200,,<200 ,<100 , <500,,<200 ,<100 , <500,,<500 ,<200 , <500,,<500 ,<200 , <500,,<500 ,<500 , 600,,590 ,<500 , 770,,760 ,550 , 980,,970 ,740 , 1200,,1200 ,960 , 1600,,1600 ,1200 , 2000,,2000 ,1500 , 2600,,2500 ,1800 , 3600,,3100 ,2200 , 4900,
Finland,... ,... , ...,"Estimates were not available at the time of publication.",... ,... , ...,"Estimates were not available at the time of publication.",... ,... , ...,"Estimates were not available at the time of publication.",... ,... , ...,"Estimates were not available at the time of publication.",... ,... , ...,"Estimates were not available at the time of publication.",... ,... , ...,"Estimates were not available at the time of publication.",... ,... , ...,"Estimates were not available at the time of publication.",... ,... , ...,"Estimates were not available at the time of publication.",... ,... , ...,"Estimates were not available at the time of publication.",... ,... , ...,"Estimates were not available at the time of publication.",... ,... , ...,"Estimates were not available at the time of publication.",... ,... , ...,"Estimates were not available at the time of publication.",... ,... , ...,"Estimates were not available at the time of publication.",... ,... , ...,"Estimates were not available at the time of publication.",... ,... , ...,"Estimates were not available at the time of publication.",... ,... , ...,"Estimates were not available at the time of publication.",... ,... , ...,"Estimates were not available at the time of publication.",... ,... , ...,"Estimates were not available at the time of publication.",... ,... , ...,"Estimates were not available at the time of publication.",... ,... , ...,"Estimates were not available at the time of publication.",... ,... , ...,"Estimates were not available at the time of publication.",... ,... , ...,"Estimates were not available at the time of publication.",... ,... , ...,"Estimates were not available at the time of publication.",... ,... , ...,"Estimates were not available at the time of publication.",... ,... , ...,"Estimates were not available at the time of publication.",... ,... , ...,"Estimates were not available at the time of publication.",... ,... , ...,"Estimates were not available at the time of publication.",... ,... , ...,"Estimates were not available at the time of publication.",... ,... , ...,"Estimates were not available at the time of publication.",... ,... , ...,"Estimates were not available at the time of publication.",... ,... , ...,"Estimates were not available at the time of publication.",... ,... , ...,"Estimates were not available at the time of publication.",... ,... , ...,"Estimates were not available at the time of publication.",... ,... , ...,"Estimates were not available at the time of publication.",... ,... , ...,"Estimates were not available at the time of publication."
France,30 000 ,24 000 , 36 000,,32 000 ,26 000 , 38 000,,34 000 ,28 000 , 41 000,,36 000 ,29 000 , 43 000,,38 000 ,31 000 , 45 000,,39 000 ,32 000 , 47 000,,40 000 ,33 000 , 47 000,,42 000 ,35 000 , 49 000,,45 000 ,38 000 , 53 000,,48 000 ,41 000 , 56 000,,52 000 ,43 000 , 60 000,,55 000 ,46 000 , 65 000,,59 000 ,49 000 , 69 000,,62 000 ,51 000 , 73 000,,66 000 ,54 000 , 77 000,,69 000 ,57 000 , 80 000,,72 000 ,59 000 , 84 000,,75 000 ,61 000 , 87 000,,78 000 ,63 000 , 90 000,,81 000 ,65 000 , 93 000,,84 000 ,68 000 , 97 000,,87 000 ,70 000 , 100 000,,90 000 ,72 000 , 100 000,,93 000 ,75 000 , 110 000,,95 000 ,77 000 , 110 000,,98 000 ,79 000 , 110 000,,100 000 ,82 000 , 110 000,,100 000 ,84 000 , 120 000,,110 000 ,87 000 , 120 000,,110 000 ,89 000 , 120 000,,110 000 ,91 000 , 130 000,,110 000 ,93 000 , 130 000,,120 000 ,96 000 , 130 000,,120 000 ,99 000 , 130 000,,... ,... , ...,
Gabon,2100 ,1100 , 3900,,2700 ,1400 , 4700,,3400 ,1900 , 5900,,4200 ,2500 , 7000,,5100 ,3100 , 8500,,6100 ,3900 , 9900,,7000 ,4600 , 11 000,,7900 ,5500 , 12 000,,8700 ,6100 , 13 000,,9300 ,6600 , 13 000,,9800 ,7000 , 14 000,,10 000 ,7300 , 14 000,,11 000 ,7600 , 14 000,,11 000 ,8100 , 14 000,,11 000 ,8300 , 14 000,,12 000 ,8800 , 14 000,,12 000 ,9200 , 15 000,,13 000 ,9900 , 15 000,,13 000 ,10 000 , 16 000,,14 000 ,11 000 , 16 000,,14 000 ,12 000 , 17 000,,15 000 ,12 000 , 17 000,,15 000 ,13 000 , 18 000,,15 000 ,13 000 , 18 000,,16 000 ,13 000 , 18 000,,16 000 ,14 000 , 18 000,,16 000 ,14 000 , 18 000,,16 000 ,14 000 , 18 000,,16 000 ,14 000 , 18 000,,15 000 ,13 000 , 18 000,,15 000 ,13 000 , 18 000,,15 000 ,13 000 , 18 000,,15 000 ,13 000 , 18 000,,15 000 ,12 000 , 18 000,,14 000 ,12 000 , 18 000,
Gambia,<500 ,<200 , 990,,660 ,<500 , 1300,,930 ,510 , 1700,,1300 ,730 , 2200,,1700 ,1000 , 2700,,2200 ,1400 , 3400,,2800 ,1800 , 4000,,3400 ,2300 , 4700,,4000 ,2800 , 5500,,4700 ,3400 , 6400,,5300 ,3900 , 7200,,5900 ,4300 , 8000,,6400 ,4800 , 8700,,6900 ,5200 , 9400,,7300 ,5500 , 9900,,7700 ,5900 , 10 000,,8100 ,6300 , 11 000,,8400 ,6600 , 11 000,,8700 ,6900 , 11 000,,9000 ,7100 , 12 000,,9300 ,7400 , 12 000,,9600 ,7600 , 12 000,,9800 ,7900 , 13 000,,10 000 ,8000 , 13 000,,10 000 ,8100 , 13 000,,10 000 ,8100 , 13 000,,10 000 ,8100 , 13 000,,10 000 ,8000 , 13 000,,10 000 ,7800 , 13 000,,9900 ,7700 , 13 000,,9800 ,7500 , 13 000,,9700 ,7400 , 12 000,,9500 ,7200 , 12 000,,9300 ,7000 , 12 000,,9200 ,6900 , 12 000,
Georgia,<100 ,<100 , <100,"Children estimates were not available at the time of publication.",<100 ,<100 , <100,"Children estimates were not available at the time of publication.",<100 ,<100 , <100,"Children estimates were not available at the time of publication.",<100 ,<100 , <100,"Children estimates were not available at the time of publication.",<100 ,<100 , <100,"Children estimates were not available at the time of publication.",<100 ,<100 , <100,"Children estimates were not available at the time of publication.",<100 ,<100 , <100,"Children estimates were not available at the time of publication.",<100 ,<100 , <100,"Children estimates were not available at the time of publication.",<100 ,<100 , <100,"Children estimates were not available at the time of publication.",<100 ,<100 , <100,"Children estimates were not available at the time of publication.",<100 ,<100 , <200,"Children estimates were not available at the time of publication.",<200 ,<200 , <200,"Children estimates were not available at the time of publication.",<500 ,<200 , <500,"Children estimates were not available at the time of publication.",<500 ,<500 , <500,"Children estimates were not available at the time of publication.",<500 ,<500 , 540,"Children estimates were not available at the time of publication.",620 ,530 , 710,"Children estimates were not available at the time of publication.",810 ,710 , 900,"Children estimates were not available at the time of publication.",1000 ,910 , 1100,"Children estimates were not available at the time of publication.",1300 ,1100 , 1400,"Children estimates were not available at the time of publication.",1500 ,1400 , 1700,"Children estimates were not available at the time of publication.",1800 ,1700 , 2000,"Children estimates were not available at the time of publication.",2200 ,2000 , 2300,"Children estimates were not available at the time of publication.",2500 ,2300 , 2700,"Children estimates were not available at the time of publication.",2900 ,2600 , 3100,"Children estimates were not available at the time of publication.",3200 ,3000 , 3500,"Children estimates were not available at the time of publication.",3600 ,3300 , 3900,"Children estimates were not available at the time of publication.",4000 ,3700 , 4200,"Children estimates were not available at the time of publication.",4300 ,4100 , 4600,"Children estimates were not available at the time of publication.",4700 ,4400 , 5000,"Children estimates were not available at the time of publication.",5100 ,4800 , 5400,"Children estimates were not available at the time of publication.",5500 ,5100 , 5800,"Children estimates were not available at the time of publication.",5800 ,5500 , 6100,"Children estimates were not available at the time of publication.",6200 ,5800 , 6500,"Children estimates were not available at the time of publication.",6500 ,6100 , 6900,"Children estimates were not available at the time of publication.",6800 ,6400 , 7200,"Children estimates were not available at the time of publication."
Germany,... ,... , ...,,... ,... , ...,,... ,... , ...,,... ,... , ...,,... ,... , ...,,... ,... , ...,,... ,... , ...,,... ,... , ...,,... ,... , ...,,... ,... , ...,,... ,... , ...,,... ,... , ...,,... ,... , ...,,... ,... , ...,,... ,... , ...,,... ,... , ...,,... ,... , ...,,... ,... , ...,,... ,... , ...,,... ,... , ...,,53 000 ,41 000 , 63 000,,54 000 ,43 000 , 65 000,,56 000 ,44 000 , 68 000,,58 000 ,45 000 , 70 000,,60 000 ,47 000 , 72 000,,62 000 ,48 000 , 74 000,,64 000 ,50 000 , 77 000,,66 000 ,51 000 , 79 000,,67 000 ,52 000 , 81 000,,69 000 ,53 000 , 83 000,,70 000 ,54 000 , 84 000,,71 000 ,55 000 , 85 000,,73 000 ,57 000 , 87 000,,75 000 ,59 000 , 89 000,,77 000 ,61 000 , 91 000,
Ghana,39 000 ,21 000 , 60 000,,48 000 ,28 000 , 70 000,,56 000 ,36 000 , 77 000,,64 000 ,45 000 , 84 000,,72 000 ,54 000 , 90 000,,78 000 ,62 000 , 97 000,,83 000 ,69 000 , 100 000,,87 000 ,74 000 , 100 000,,90 000 ,78 000 , 110 000,,92 000 ,81 000 , 110 000,,93 000 ,83 000 , 110 000,,95 000 ,84 000 , 110 000,,95 000 ,84 000 , 110 000,,95 000 ,84 000 , 110 000,,95 000 ,84 000 , 110 000,,95 000 ,83 000 , 110 000,,95 000 ,83 000 , 110 000,,95 000 ,83 000 , 110 000,,96 000 ,84 000 , 110 000,,97 000 ,85 000 , 110 000,,98 000 ,86 000 , 110 000,,99 000 ,87 000 , 120 000,,100 000 ,88 000 , 120 000,,100 000 ,89 000 , 120 000,,100 000 ,90 000 , 120 000,,100 000 ,89 000 , 120 000,,100 000 ,89 000 , 120 000,,100 000 ,88 000 , 120 000,,100 000 ,87 000 , 120 000,,99 000 ,86 000 , 120 000,,98 000 ,85 000 , 120 000,,98 000 ,84 000 , 120 000,,97 000 ,84 000 , 120 000,,97 000 ,83 000 , 120 000,,96 000 ,82 000 , 120 000,
Greece,810 ,600 , 1000,"Children estimates were not available at the time of publication.",1000 ,750 , 1300,"Children estimates were not available at the time of publication.",1300 ,940 , 1500,"Children estimates were not available at the time of publication.",1500 ,1100 , 1800,"Children estimates were not available at the time of publication.",1800 ,1400 , 2100,"Children estimates were not available at the time of publication.",2100 ,1600 , 2500,"Children estimates were not available at the time of publication.",2400 ,1900 , 2900,"Children estimates were not available at the time of publication.",2700 ,2100 , 3200,"Children estimates were not available at the time of publication.",3000 ,2400 , 3600,"Children estimates were not available at the time of publication.",3200 ,2600 , 3800,"Children estimates were not available at the time of publication.",3400 ,2800 , 4000,"Children estimates were not available at the time of publication.",3700 ,3000 , 4300,"Children estimates were not available at the time of publication.",4000 ,3200 , 4600,"Children estimates were not available at the time of publication.",4300 ,3500 , 4900,"Children estimates were not available at the time of publication.",4700 ,3800 , 5400,"Children estimates were not available at the time of publication.",5100 ,4200 , 5900,"Children estimates were not available at the time of publication.",5600 ,4600 , 6400,"Children estimates were not available at the time of publication.",6100 ,5000 , 6900,"Children estimates were not available at the time of publication.",6600 ,5400 , 7500,"Children estimates were not available at the time of publication.",7100 ,5800 , 8000,"Children estimates were not available at the time of publication.",7600 ,6200 , 8600,"Children estimates were not available at the time of publication.",8200 ,6600 , 9200,"Children estimates were not available at the time of publication.",8700 ,7000 , 9700,"Children estimates were not available at the time of publication.",9200 ,7500 , 10 000,"Children estimates were not available at the time of publication.",9700 ,7900 , 11 000,"Children estimates were not available at the time of publication.",10 000 ,8300 , 11 000,"Children estimates were not available at the time of publication.",11 000 ,8700 , 12 000,"Children estimates were not available at the time of publication.",11 000 ,9100 , 13 000,"Children estimates were not available at the time of publication.",12 000 ,9400 , 13 000,"Children estimates were not available at the time of publication.",12 000 ,9800 , 14 000,"Children estimates were not available at the time of publication.",12 000 ,10 000 , 14 000,"Children estimates were not available at the time of publication.",13 000 ,11 000 , 15 000,"Children estimates were not available at the time of publication.",13 000 ,11 000 , 15 000,"Children estimates were not available at the time of publication.",14 000 ,11 000 , 16 000,"Children estimates were not available at the time of publication.",14 000 ,12 000 , 16 000,"Children estimates were not available at the time of publication."
Guatemala,3900 ,2100 , 8400,,5100 ,3000 , 9000,,6500 ,4000 , 11 000,,7900 ,5200 , 12 000,,9300 ,6300 , 13 000,,10 000 ,7200 , 14 000,,12 000 ,8200 , 15 000,,12 000 ,9100 , 16 000,,13 000 ,9600 , 17 000,,13 000 ,10 000 , 17 000,,13 000 ,10 000 , 17 000,,13 000 ,10 000 , 17 000,,14 000 ,10 000 , 17 000,,14 000 ,10 000 , 18 000,,14 000 ,11 000 , 18 000,,14 000 ,11 000 , 18 000,,14 000 ,11 000 , 18 000,,15 000 ,11 000 , 18 000,,15 000 ,12 000 , 18 000,,15 000 ,12 000 , 19 000,,16 000 ,12 000 , 19 000,,16 000 ,13 000 , 20 000,,16 000 ,13 000 , 20 000,,16 000 ,13 000 , 20 000,,16 000 ,13 000 , 20 000,,16 000 ,13 000 , 21 000,,17 000 ,14 000 , 21 000,,17 000 ,14 000 , 21 000,,17 000 ,14 000 , 22 000,,18 000 ,15 000 , 22 000,,18 000 ,15 000 , 23 000,,19 000 ,15 000 , 24 000,,19 000 ,16 000 , 25 000,,20 000 ,16 000 , 25 000,,21 000 ,17 000 , 26 000,
Guinea,5200 ,1900 , 9100,,6700 ,2700 , 11 000,,8300 ,3700 , 13 000,,10 000 ,5000 , 16 000,,12 000 ,6600 , 18 000,,15 000 ,8500 , 21 000,,17 000 ,11 000 , 23 000,,19 000 ,13 000 , 25 000,,22 000 ,16 000 , 28 000,,24 000 ,19 000 , 31 000,,26 000 ,21 000 , 32 000,,26 000 ,22 000 , 33 000,,28 000 ,23 000 , 34 000,,29 000 ,25 000 , 36 000,,30 000 ,25 000 , 37 000,,31 000 ,26 000 , 37 000,,32 000 ,27 000 , 38 000,,33 000 ,28 000 , 40 000,,35 000 ,30 000 , 41 000,,36 000 ,31 000 , 43 000,,37 000 ,32 000 , 44 000,,39 000 ,33 000 , 45 000,,40 000 ,34 000 , 47 000,,40 000 ,35 000 , 47 000,,41 000 ,35 000 , 48 000,,41 000 ,35 000 , 48 000,,41 000 ,36 000 , 48 000,,42 000 ,36 000 , 49 000,,42 000 ,36 000 , 49 000,,42 000 ,35 000 , 49 000,,42 000 ,35 000 , 49 000,,42 000 ,35 000 , 49 000,,42 000 ,35 000 , 49 000,,42 000 ,35 000 , 49 000,,42 000 ,35 000 , 50 000,
Guinea-Bissau,<500 ,<500 , 690,,650 ,<500 , 970,,930 ,600 , 1400,,1300 ,870 , 1900,,1900 ,1300 , 2600,,2600 ,1800 , 3500,,3700 ,2500 , 4600,,4900 ,3500 , 6100,,6400 ,4800 , 7700,,7900 ,6200 , 9400,,9400 ,7600 , 11 000,,11 000 ,8900 , 12 000,,11 000 ,9800 , 13 000,,12 000 ,10 000 , 14 000,,12 000 ,11 000 , 14 000,,13 000 ,11 000 , 15 000,,13 000 ,11 000 , 15 000,,13 000 ,11 000 , 15 000,,13 000 ,11 000 , 15 000,,13 000 ,11 000 , 15 000,,13 000 ,11 000 , 15 000,,13 000 ,11 000 , 15 000,,13 000 ,11 000 , 15 000,,13 000 ,11 000 , 15 000,,13 000 ,11 000 , 15 000,,13 000 ,11 000 , 14 000,,12 000 ,11 000 , 14 000,,12 000 ,10 000 , 14 000,,12 000 ,10 000 , 14 000,,11 000 ,9600 , 13 000,,11 000 ,9400 , 13 000,,11 000 ,9200 , 13 000,,11 000 ,9100 , 13 000,,11 000 ,9000 , 12 000,,10 000 ,8800 , 12 000,
Guyana,<500 ,<200 , 940,,<500 ,<500 , 1000,,560 ,<500 , 1200,,680 ,<500 , 1300,,810 ,<500 , 1400,,930 ,540 , 1500,,1000 ,620 , 1600,,1200 ,720 , 1700,,1300 ,830 , 1900,,1400 ,940 , 2000,,1500 ,1100 , 2200,,1600 ,1200 , 2500,,1800 ,1300 , 2700,,2000 ,1500 , 3000,,2200 ,1600 , 3200,,2400 ,1800 , 3500,,2600 ,1900 , 3900,,2800 ,2100 , 4200,,3000 ,2200 , 4700,,3200 ,2400 , 5100,,3300 ,2400 , 5300,,3500 ,2500 , 5500,,3600 ,2500 , 5700,,3700 ,2600 , 5800,,3800 ,2700 , 5900,,3900 ,2700 , 6000,,4000 ,2800 , 6000,,4100 ,2900 , 6100,,4400 ,3200 , 6700,,4400 ,3200 , 6600,,4500 ,3300 , 6700,,4700 ,3500 , 6800,,4800 ,3600 , 6900,,4900 ,3700 , 6900,,5100 ,3800 , 7100,
Haiti,39 000 ,29 000 , 53 000,,43 000 ,33 000 , 57 000,,46 000 ,36 000 , 60 000,,49 000 ,38 000 , 62 000,,50 000 ,40 000 , 63 000,,51 000 ,42 000 , 63 000,,51 000 ,43 000 , 63 000,,51 000 ,43 000 , 63 000,,51 000 ,43 000 , 62 000,,50 000 ,43 000 , 61 000,,50 000 ,42 000 , 59 000,,49 000 ,42 000 , 58 000,,48 000 ,41 000 , 57 000,,47 000 ,41 000 , 56 000,,46 000 ,40 000 , 55 000,,46 000 ,40 000 , 54 000,,45 000 ,40 000 , 53 000,,45 000 ,40 000 , 52 000,,45 000 ,40 000 , 52 000,,45 000 ,40 000 , 52 000,,45 000 ,40 000 , 51 000,,45 000 ,40 000 , 51 000,,45 000 ,40 000 , 51 000,,45 000 ,40 000 , 51 000,,45 000 ,40 000 , 51 000,,45 000 ,40 000 , 52 000,,45 000 ,41 000 , 52 000,,46 000 ,41 000 , 53 000,,47 000 ,42 000 , 54 000,,48 000 ,43 000 , 55 000,,49 000 ,44 000 , 56 000,,50 000 ,45 000 , 58 000,,51 000 ,45 000 , 59 000,,52 000 ,46 000 , 60 000,,53 000 ,47 000 , 62 000,
Honduras,4900 ,3600 , 6700,,6100 ,4500 , 8100,,7300 ,5500 , 9600,,8600 ,6700 , 11 000,,9900 ,8000 , 13 000,,11 000 ,9100 , 14 000,,12 000 ,10 000 , 15 000,,13 000 ,11 000 , 16 000,,14 000 ,12 000 , 17 000,,15 000 ,13 000 , 17 000,,15 000 ,13 000 , 18 000,,15 000 ,13 000 , 17 000,,15 000 ,13 000 , 17 000,,15 000 ,13 000 , 17 000,,14 000 ,13 000 , 16 000,,14 000 ,12 000 , 16 000,,14 000 ,12 000 , 15 000,,13 000 ,12 000 , 15 000,,13 000 ,11 000 , 14 000,,12 000 ,11 000 , 13 000,,12 000 ,11 000 , 13 000,,11 000 ,10 000 , 13 000,,11 000 ,10 000 , 12 000,,11 000 ,9700 , 12 000,,11 000 ,9400 , 12 000,,10 000 ,9300 , 12 000,,10 000 ,9200 , 11 000,,10 000 ,9100 , 11 000,,10 000 ,9100 , 11 000,,10 000 ,9100 , 11 000,,10 000 ,9100 , 11 000,,10 000 ,9100 , 12 000,,10 000 ,9200 , 12 000,,10 000 ,9200 , 12 000,,11 000 ,9200 , 12 000,
Hungary,... ,... , ...,"Estimates were not available at the time of publication.",... ,... , ...,"Estimates were not available at the time of publication.",... ,... , ...,"Estimates were not available at the time of publication.",... ,... , ...,"Estimates were not available at the time of publication.",... ,... , ...,"Estimates were not available at the time of publication.",... ,... , ...,"Estimates were not available at the time of publication.",... ,... , ...,"Estimates were not available at the time of publication.",... ,... , ...,"Estimates were not available at the time of publication.",... ,... , ...,"Estimates were not available at the time of publication.",... ,... , ...,"Estimates were not available at the time of publication.",... ,... , ...,"Estimates were not available at the time of publication.",... ,... , ...,"Estimates were not available at the time of publication.",... ,... , ...,"Estimates were not available at the time of publication.",... ,... , ...,"Estimates were not available at the time of publication.",... ,... , ...,"Estimates were not available at the time of publication.",... ,... , ...,"Estimates were not available at the time of publication.",... ,... , ...,"Estimates were not available at the time of publication.",... ,... , ...,"Estimates were not available at the time of publication.",... ,... , ...,"Estimates were not available at the time of publication.",... ,... , ...,"Estimates were not available at the time of publication.",... ,... , ...,"Estimates were not available at the time of publication.",... ,... , ...,"Estimates were not available at the time of publication.",... ,... , ...,"Estimates were not available at the time of publication.",... ,... , ...,"Estimates were not available at the time of publication.",... ,... , ...,"Estimates were not available at the time of publication.",... ,... , ...,"Estimates were not available at the time of publication.",... ,... , ...,"Estimates were not available at the time of publication.",... ,... , ...,"Estimates were not available at the time of publication.",... ,... , ...,"Estimates were not available at the time of publication.",... ,... , ...,"Estimates were not available at the time of publication.",... ,... , ...,"Estimates were not available at the time of publication.",... ,... , ...,"Estimates were not available at the time of publication.",... ,... , ...,"Estimates were not available at the time of publication.",... ,... , ...,"Estimates were not available at the time of publication.",... ,... , ...,"Estimates were not available at the time of publication."
Iceland,<100 ,<100 , <100,"Children estimates were not available at the time of publication.",<100 ,<100 , <100,"Children estimates were not available at the time of publication.",<100 ,<100 , <100,"Children estimates were not available at the time of publication.",<100 ,<100 , <100,"Children estimates were not available at the time of publication.",<100 ,<100 , <100,"Children estimates were not available at the time of publication.",<100 ,<100 , <100,"Children estimates were not available at the time of publication.",<100 ,<100 , <100,"Children estimates were not available at the time of publication.",<100 ,<100 , <100,"Children estimates were not available at the time of publication.",<100 ,<100 , <100,"Children estimates were not available at the time of publication.",<100 ,<100 , <100,"Children estimates were not available at the time of publication.",<100 ,<100 , <100,"Children estimates were not available at the time of publication.",<100 ,<100 , <100,"Children estimates were not available at the time of publication.",<100 ,<100 , <200,"Children estimates were not available at the time of publication.",<100 ,<100 , <200,"Children estimates were not available at the time of publication.",<200 ,<100 , <200,"Children estimates were not available at the time of publication.",<200 ,<100 , <200,"Children estimates were not available at the time of publication.",<200 ,<100 , <200,"Children estimates were not available at the time of publication.",<200 ,<200 , <200,"Children estimates were not available at the time of publication.",<200 ,<200 , <200,"Children estimates were not available at the time of publication.",<200 ,<200 , <200,"Children estimates were not available at the time of publication.",<200 ,<200 , <200,"Children estimates were not available at the time of publication.",<200 ,<200 , <200,"Children estimates were not available at the time of publication.",<200 ,<200 , <200,"Children estimates were not available at the time of publication.",<200 ,<200 , <500,"Children estimates were not available at the time of publication.",<200 ,<200 , <500,"Children estimates were not available at the time of publication.",<200 ,<200 , <500,"Children estimates were not available at the time of publication.",<200 ,<200 , <500,"Children estimates were not available at the time of publication.",<500 ,<200 , <500,"Children estimates were not available at the time of publication.",<500 ,<200 , <500,"Children estimates were not available at the time of publication.",<500 ,<200 , <500,"Children estimates were not available at the time of publication.",<500 ,<200 , <500,"Children estimates were not available at the time of publication.",<500 ,<500 , <500,"Children estimates were not available at the time of publication.",<500 ,<500 , <500,"Children estimates were not available at the time of publication.",<500 ,<500 , <500,"Children estimates were not available at the time of publication.",<500 ,<500 , <500,"Children estimates were not available at the time of publication."
Indonesia,<500 ,<200 , <500,,<500 ,<500 , <500,,710 ,620 , 790,,1200 ,1100 , 1400,,2100 ,1800 , 2300,,3400 ,3000 , 3800,,5400 ,4700 , 6100,,8600 ,7500 , 9600,,13 000 ,12 000 , 15 000,,20 000 ,18 000 , 23 000,,33 000 ,29 000 , 37 000,,60 000 ,53 000 , 66 000,,91 000 ,82 000 , 100 000,,120 000 ,110 000 , 130 000,,150 000 ,130 000 , 160 000,,180 000 ,160 000 , 200 000,,200 000 ,180 000 , 230 000,,230 000 ,210 000 , 250 000,,250 000 ,230 000 , 270 000,,270 000 ,240 000 , 300 000,,290 000 ,260 000 , 320 000,,300 000 ,280 000 , 330 000,,320 000 ,290 000 , 350 000,,330 000 ,300 000 , 360 000,,340 000 ,310 000 , 370 000,,350 000 ,310 000 , 380 000,,350 000 ,320 000 , 380 000,,360 000 ,320 000 , 390 000,,360 000 ,330 000 , 390 000,,360 000 ,330 000 , 400 000,,360 000 ,330 000 , 400 000,,370 000 ,330 000 , 400 000,,370 000 ,330 000 , 400 000,,370 000 ,330 000 , 410 000,,370 000 ,330 000 , 410 000,
Iran (Islamic Republic of),... ,... , ...,,... ,... , ...,,... ,... , ...,,... ,... , ...,,... ,... , ...,,... ,... , ...,,... ,... , ...,,... ,... , ...,,... ,... , ...,,... ,... , ...,,... ,... , ...,,... ,... , ...,,... ,... , ...,,... ,... , ...,,... ,... , ...,,... ,... , ...,,... ,... , ...,,... ,... , ...,,... ,... , ...,,... ,... , ...,,... ,... , ...,,... ,... , ...,,... ,... , ...,,... ,... , ...,,... ,... , ...,,... ,... , ...,,... ,... , ...,,... ,... , ...,,... ,... , ...,,... ,... , ...,,... ,... , ...,,... ,... , ...,,... ,... , ...,,... ,... , ...,,30 000 ,24 000 , 40 000,
Iraq,<100 ,<100 , <100,"Children estimates were not available at the time of publication.",<100 ,<100 , <100,"Children estimates were not available at the time of publication.",<100 ,<100 , <100,"Children estimates were not available at the time of publication.",<100 ,<100 , <100,"Children estimates were not available at the time of publication.",<100 ,<100 , <200,"Children estimates were not available at the time of publication.",<100 ,<100 , <200,"Children estimates were not available at the time of publication.",<100 ,<100 , <200,"Children estimates were not available at the time of publication.",<200 ,<100 , <200,"Children estimates were not available at the time of publication.",<200 ,<100 , <500,"Children estimates were not available at the time of publication.",<200 ,<100 , <500,"Children estimates were not available at the time of publication.",<200 ,<200 , <500,"Children estimates were not available at the time of publication.",<500 ,<200 , <500,"Children estimates were not available at the time of publication.",<500 ,<200 , <500,"Children estimates were not available at the time of publication.",<500 ,<500 , <500,"Children estimates were not available at the time of publication.",<500 ,<500 , <500,"Children estimates were not available at the time of publication.",<500 ,<500 , 530,"Children estimates were not available at the time of publication.",<500 ,<500 , 550,"Children estimates were not available at the time of publication.",<500 ,<500 , 610,"Children estimates were not available at the time of publication.",520 ,<500 , 670,"Children estimates were not available at the time of publication.",560 ,<500 , 720,"Children estimates were not available at the time of publication.",600 ,<500 , 780,"Children estimates were not available at the time of publication.",630 ,<500 , 820,"Children estimates were not available at the time of publication.",670 ,520 , 870,"Children estimates were not available at the time of publication.",690 ,550 , 890,"Children estimates were not available at the time of publication.",710 ,580 , 900,"Children estimates were not available at the time of publication.",730 ,600 , 910,"Children estimates were not available at the time of publication.",760 ,630 , 950,"Children estimates were not available at the time of publication.",810 ,670 , 1000,"Children estimates were not available at the time of publication.",890 ,720 , 1100,"Children estimates were not available at the time of publication.",1000 ,790 , 1300,"Children estimates were not available at the time of publication.",1200 ,900 , 1500,"Children estimates were not available at the time of publication.",1400 ,1100 , 1900,"Children estimates were not available at the time of publication.",1800 ,1300 , 2400,"Children estimates were not available at the time of publication.",2200 ,1700 , 3000,"Children estimates were not available at the time of publication.",2800 ,2000 , 3700,"Children estimates were not available at the time of publication."
Ireland,<500 ,<500 , <500,,<500 ,<500 , <500,,<500 ,<500 , 570,,550 ,<500 , 660,,630 ,530 , 740,,720 ,600 , 830,,820 ,680 , 940,,930 ,780 , 1100,,1100 ,890 , 1200,,1200 ,1000 , 1400,,1400 ,1100 , 1500,,1500 ,1300 , 1700,,1700 ,1400 , 1900,,1800 ,1500 , 2100,,2000 ,1700 , 2300,,2200 ,1900 , 2500,,2500 ,2100 , 2700,,2700 ,2300 , 2900,,2800 ,2400 , 3100,,3000 ,2500 , 3300,,3200 ,2700 , 3500,,3300 ,2800 , 3700,,3500 ,3000 , 3900,,3700 ,3100 , 4100,,3900 ,3300 , 4300,,4100 ,3400 , 4500,,4300 ,3600 , 4800,,4500 ,3800 , 5000,,4700 ,3900 , 5200,,4800 ,4000 , 5400,,5000 ,4200 , 5600,,5100 ,4300 , 5800,,5400 ,4500 , 6200,,5800 ,4900 , 6700,,6100 ,5200 , 7000,
Israel,... ,... , ...,"Estimates were not available at the time of publication.",... ,... , ...,"Estimates were not available at the time of publication.",... ,... , ...,"Estimates were not available at the time of publication.",... ,... , ...,"Estimates were not available at the time of publication.",... ,... , ...,"Estimates were not available at the time of publication.",... ,... , ...,"Estimates were not available at the time of publication.",... ,... , ...,"Estimates were not available at the time of publication.",... ,... , ...,"Estimates were not available at the time of publication.",... ,... , ...,"Estimates were not available at the time of publication.",... ,... , ...,"Estimates were not available at the time of publication.",... ,... , ...,"Estimates were not available at the time of publication.",... ,... , ...,"Estimates were not available at the time of publication.",... ,... , ...,"Estimates were not available at the time of publication.",... ,... , ...,"Estimates were not available at the time of publication.",... ,... , ...,"Estimates were not available at the time of publication.",... ,... , ...,"Estimates were not available at the time of publication.",... ,... , ...,"Estimates were not available at the time of publication.",... ,... , ...,"Estimates were not available at the time of publication.",... ,... , ...,"Estimates were not available at the time of publication.",... ,... , ...,"Estimates were not available at the time of publication.",... ,... , ...,"Estimates were not available at the time of publication.",... ,... , ...,"Estimates were not available at the time of publication.",... ,... , ...,"Estimates were not available at the time of publication.",... ,... , ...,"Estimates were not available at the time of publication.",... ,... , ...,"Estimates were not available at the time of publication.",... ,... , ...,"Estimates were not available at the time of publication.",... ,... , ...,"Estimates were not available at the time of publication.",... ,... , ...,"Estimates were not available at the time of publication.",... ,... , ...,"Estimates were not available at the time of publication.",... ,... , ...,"Estimates were not available at the time of publication.",... ,... , ...,"Estimates were not available at the time of publication.",... ,... , ...,"Estimates were not available at the time of publication.",... ,... , ...,"Estimates were not available at the time of publication.",... ,... , ...,"Estimates were not available at the time of publication.",... ,... , ...,"Estimates were not available at the time of publication."
Italy,35 000 ,27 000 , 41 000,,36 000 ,29 000 , 42 000,,37 000 ,30 000 , 43 000,,38 000 ,31 000 , 44 000,,39 000 ,31 000 , 45 000,,39 000 ,32 000 , 45 000,,40 000 ,32 000 , 46 000,,41 000 ,33 000 , 46 000,,42 000 ,35 000 , 48 000,,44 000 ,36 000 , 50 000,,47 000 ,38 000 , 53 000,,49 000 ,41 000 , 56 000,,52 000 ,43 000 , 59 000,,56 000 ,46 000 , 63 000,,59 000 ,49 000 , 67 000,,62 000 ,51 000 , 70 000,,65 000 ,53 000 , 74 000,,68 000 ,56 000 , 77 000,,72 000 ,59 000 , 81 000,,75 000 ,61 000 , 85 000,,78 000 ,63 000 , 89 000,,81 000 ,66 000 , 93 000,,84 000 ,68 000 , 96 000,,87 000 ,71 000 , 100 000,,90 000 ,73 000 , 100 000,,92 000 ,75 000 , 110 000,,95 000 ,77 000 , 110 000,,97 000 ,78 000 , 110 000,,100 000 ,80 000 , 110 000,,100 000 ,82 000 , 120 000,,110 000 ,84 000 , 120 000,,110 000 ,86 000 , 120 000,,110 000 ,88 000 , 130 000,,110 000 ,90 000 , 130 000,,110 000 ,91 000 , 130 000,
Jamaica,3700 ,2400 , 5500,,5300 ,3600 , 7400,,7000 ,5100 , 9600,,8800 ,6600 , 12 000,,10 000 ,8300 , 13 000,,12 000 ,9600 , 15 000,,13 000 ,11 000 , 16 000,,15 000 ,12 000 , 17 000,,15 000 ,13 000 , 18 000,,16 000 ,14 000 , 19 000,,17 000 ,15 000 , 19 000,,17 000 ,15 000 , 19 000,,17 000 ,15 000 , 19 000,,17 000 ,15 000 , 19 000,,17 000 ,15 000 , 19 000,,17 000 ,15 000 , 19 000,,17 000 ,15 000 , 18 000,,16 000 ,15 000 , 18 000,,16 000 ,15 000 , 18 000,,16 000 ,15 000 , 18 000,,16 000 ,15 000 , 18 000,,16 000 ,15 000 , 18 000,,16 000 ,15 000 , 17 000,,16 000 ,15 000 , 17 000,,16 000 ,14 000 , 17 000,,15 000 ,14 000 , 17 000,,15 000 ,14 000 , 17 000,,15 000 ,14 000 , 17 000,,15 000 ,14 000 , 17 000,,15 000 ,14 000 , 16 000,,15 000 ,14 000 , 16 000,,15 000 ,13 000 , 16 000,,15 000 ,13 000 , 16 000,,14 000 ,13 000 , 16 000,,14 000 ,13 000 , 16 000,
Japan,... ,... , ...,"Estimates were not available at the time of publication.",... ,... , ...,"Estimates were not available at the time of publication.",... ,... , ...,"Estimates were not available at the time of publication.",... ,... , ...,"Estimates were not available at the time of publication.",... ,... , ...,"Estimates were not available at the time of publication.",... ,... , ...,"Estimates were not available at the time of publication.",... ,... , ...,"Estimates were not available at the time of publication.",... ,... , ...,"Estimates were not available at the time of publication.",... ,... , ...,"Estimates were not available at the time of publication.",... ,... , ...,"Estimates were not available at the time of publication.",... ,... , ...,"Estimates were not available at the time of publication.",... ,... , ...,"Estimates were not available at the time of publication.",... ,... , ...,"Estimates were not available at the time of publication.",... ,... , ...,"Estimates were not available at the time of publication.",... ,... , ...,"Estimates were not available at the time of publication.",... ,... , ...,"Estimates were not available at the time of publication.",... ,... , ...,"Estimates were not available at the time of publication.",... ,... , ...,"Estimates were not available at the time of publication.",... ,... , ...,"Estimates were not available at the time of publication.",... ,... , ...,"Estimates were not available at the time of publication.",... ,... , ...,"Estimates were not available at the time of publication.",... ,... , ...,"Estimates were not available at the time of publication.",... ,... , ...,"Estimates were not available at the time of publication.",... ,... , ...,"Estimates were not available at the time of publication.",... ,... , ...,"Estimates were not available at the time of publication.",... ,... , ...,"Estimates were not available at the time of publication.",... ,... , ...,"Estimates were not available at the time of publication.",... ,... , ...,"Estimates were not available at the time of publication.",... ,... , ...,"Estimates were not available at the time of publication.",... ,... , ...,"Estimates were not available at the time of publication.",... ,... , ...,"Estimates were not available at the time of publication.",... ,... , ...,"Estimates were not available at the time of publication.",... ,... , ...,"Estimates were not available at the time of publication.",... ,... , ...,"Estimates were not available at the time of publication.",... ,... , ...,"Estimates were not available at the time of publication."
Jordan,<100 ,<100 , <100,"Children estimates were not available at the time of publication.",<100 ,<100 , <100,"Children estimates were not available at the time of publication.",<100 ,<100 , <100,"Children estimates were not available at the time of publication.",<100 ,<100 , <100,"Children estimates were not available at the time of publication.",<100 ,<100 , <100,"Children estimates were not available at the time of publication.",<100 ,<100 , <100,"Children estimates were not available at the time of publication.",<100 ,<100 , <200,"Children estimates were not available at the time of publication.",<100 ,<100 , <200,"Children estimates were not available at the time of publication.",<100 ,<100 , <200,"Children estimates were not available at the time of publication.",<200 ,<100 , <200,"Children estimates were not available at the time of publication.",<200 ,<100 , <200,"Children estimates were not available at the time of publication.",<200 ,<100 , <200,"Children estimates were not available at the time of publication.",<200 ,<100 , <200,"Children estimates were not available at the time of publication.",<200 ,<200 , <200,"Children estimates were not available at the time of publication.",<200 ,<200 , <200,"Children estimates were not available at the time of publication.",<200 ,<200 , <200,"Children estimates were not available at the time of publication.",<200 ,<200 , <500,"Children estimates were not available at the time of publication.",<200 ,<200 , <500,"Children estimates were not available at the time of publication.",<500 ,<200 , <500,"Children estimates were not available at the time of publication.",<500 ,<200 , <500,"Children estimates were not available at the time of publication.",<500 ,<500 , <500,"Children estimates were not available at the time of publication.",<500 ,<500 , <500,"Children estimates were not available at the time of publication.",<500 ,<500 , <500,"Children estimates were not available at the time of publication.",<500 ,<500 , <500,"Children estimates were not available at the time of publication.",<500 ,<500 , <500,"Children estimates were not available at the time of publication.",<500 ,<500 , <500,"Children estimates were not available at the time of publication.",<500 ,<500 , <500,"Children estimates were not available at the time of publication.",<500 ,<500 , <500,"Children estimates were not available at the time of publication.",<500 ,<500 , <500,"Children estimates were not available at the time of publication.",<500 ,<500 , 520,"Children estimates were not available at the time of publication.",<500 ,<500 , 540,"Children estimates were not available at the time of publication.",520 ,<500 , 570,"Children estimates were not available at the time of publication.",540 ,<500 , 590,"Children estimates were not available at the time of publication.",550 ,500 , 610,"Children estimates were not available at the time of publication.",570 ,510 , 630,"Children estimates were not available at the time of publication."
Kazakhstan,<100 ,<100 , <100,,<100 ,<100 , <100,,<100 ,<100 , <100,,<200 ,<100 , <200,,<200 ,<200 , <500,,<500 ,<500 , <500,,<500 ,<500 , <500,,530 ,<500 , 610,,720 ,630 , 840,,960 ,870 , 1100,,1300 ,1200 , 1500,,1800 ,1600 , 2000,,2200 ,2000 , 2400,,2700 ,2500 , 3000,,3300 ,3100 , 3600,,3900 ,3600 , 4300,,4600 ,4200 , 5000,,5300 ,4900 , 5700,,6100 ,5700 , 6600,,6900 ,6400 , 7400,,7700 ,7200 , 8300,,8600 ,8100 , 9200,,9600 ,9000 , 10 000,,11 000 ,9900 , 11 000,,12 000 ,11 000 , 12 000,,13 000 ,12 000 , 14 000,,14 000 ,13 000 , 15 000,,15 000 ,14 000 , 16 000,,16 000 ,15 000 , 17 000,,17 000 ,16 000 , 18 000,,18 000 ,17 000 , 19 000,,19 000 ,17 000 , 20 000,,20 000 ,18 000 , 21 000,,21 000 ,19 000 , 23 000,,22 000 ,20 000 , 24 000,
Kenya,230 000 ,210 000 , 260 000,,290 000 ,260 000 , 330 000,,360 000 ,320 000 , 400 000,,410 000 ,370 000 , 460 000,,450 000 ,400 000 , 510 000,,480 000 ,430 000 , 540 000,,500 000 ,450 000 , 560 000,,510 000 ,450 000 , 570 000,,510 000 ,460 000 , 580 000,,500 000 ,450 000 , 570 000,,500 000 ,440 000 , 560 000,,480 000 ,430 000 , 550 000,,470 000 ,420 000 , 530 000,,460 000 ,410 000 , 520 000,,440 000 ,400 000 , 500 000,,430 000 ,390 000 , 490 000,,430 000 ,380 000 , 490 000,,430 000 ,380 000 , 480 000,,430 000 ,390 000 , 490 000,,430 000 ,390 000 , 490 000,,440 000 ,390 000 , 500 000,,440 000 ,400 000 , 500 000,,450 000 ,400 000 , 510 000,,450 000 ,400 000 , 510 000,,450 000 ,400 000 , 510 000,,450 000 ,400 000 , 510 000,,450 000 ,400 000 , 510 000,,440 000 ,400 000 , 500 000,,440 000 ,400 000 , 500 000,,440 000 ,390 000 , 500 000,,440 000 ,390 000 , 490 000,,430 000 ,390 000 , 490 000,,430 000 ,390 000 , 490 000,,430 000 ,390 000 , 490 000,,430 000 ,380 000 , 480 000,
Kiribati,... ,... , ...,,... ,... , ...,,... ,... , ...,,... ,... , ...,,... ,... , ...,,... ,... , ...,,... ,... , ...,,... ,... , ...,,... ,... , ...,,... ,... , ...,,... ,... , ...,,... ,... , ...,,... ,... , ...,,... ,... , ...,,... ,... , ...,,... ,... , ...,,... ,... , ...,,... ,... , ...,,... ,... , ...,,... ,... , ...,,... ,... , ...,,... ,... , ...,,... ,... , ...,,... ,... , ...,,... ,... , ...,,... ,... , ...,,... ,... , ...,,... ,... , ...,,... ,... , ...,,... ,... , ...,,... ,... , ...,,... ,... , ...,,... ,... , ...,,... ,... , ...,,... ,... , ...,
Kuwait,<100 ,<100 , <100,"Children estimates were not available at the time of publication.",<100 ,<100 , <100,"Children estimates were not available at the time of publication.",<100 ,<100 , <100,"Children estimates were not available at the time of publication.",<100 ,<100 , <100,"Children estimates were not available at the time of publication.",<100 ,<100 , <100,"Children estimates were not available at the time of publication.",<100 ,<100 , <100,"Children estimates were not available at the time of publication.",<100 ,<100 , <100,"Children estimates were not available at the time of publication.",<100 ,<100 , <100,"Children estimates were not available at the time of publication.",<100 ,<100 , <100,"Children estimates were not available at the time of publication.",<100 ,<100 , <200,"Children estimates were not available at the time of publication.",<200 ,<100 , <200,"Children estimates were not available at the time of publication.",<200 ,<100 , <200,"Children estimates were not available at the time of publication.",<200 ,<100 , <200,"Children estimates were not available at the time of publication.",<200 ,<200 , <200,"Children estimates were not available at the time of publication.",<200 ,<200 , <200,"Children estimates were not available at the time of publication.",<200 ,<200 , <500,"Children estimates were not available at the time of publication.",<500 ,<200 , <500,"Children estimates were not available at the time of publication.",<500 ,<200 , <500,"Children estimates were not available at the time of publication.",<500 ,<200 , <500,"Children estimates were not available at the time of publication.",<500 ,<500 , <500,"Children estimates were not available at the time of publication.",<500 ,<500 , <500,"Children estimates were not available at the time of publication.",<500 ,<500 , <500,"Children estimates were not available at the time of publication.",<500 ,<500 , <500,"Children estimates were not available at the time of publication.",500 ,<500 , 540,"Children estimates were not available at the time of publication.",560 ,<500 , 600,"Children estimates were not available at the time of publication.",620 ,<500 , 670,"Children estimates were not available at the time of publication.",680 ,<500 , 730,"Children estimates were not available at the time of publication.",740 ,540 , 800,"Children estimates were not available at the time of publication.",810 ,600 , 880,"Children estimates were not available at the time of publication.",840 ,620 , 910,"Children estimates were not available at the time of publication.",820 ,610 , 890,"Children estimates were not available at the time of publication.",1100 ,770 , 1200,"Children estimates were not available at the time of publication.",1200 ,880 , 1300,"Children estimates were not available at the time of publication.",1300 ,930 , 1400,"Children estimates were not available at the time of publication.",1400 ,990 , 1500,"Children estimates were not available at the time of publication."
Kyrgyzstan,<100 ,<100 , <100,,<100 ,<100 , <100,,<100 ,<100 , <100,,<100 ,<100 , <100,,<100 ,<100 , <100,,<100 ,<100 , <100,,<100 ,<100 , <100,,<100 ,<100 , <100,,<100 ,<100 , <100,,<100 ,<100 , <100,,<100 ,<100 , <200,,<500 ,<500 , 1300,,620 ,<500 , 1200,,650 ,<500 , 1000,,740 ,510 , 1100,,900 ,640 , 1200,,1100 ,880 , 1500,,1400 ,1200 , 1900,,1800 ,1500 , 2300,,2200 ,1900 , 2700,,2500 ,2200 , 3000,,2900 ,2600 , 3400,,3300 ,3000 , 3800,,3600 ,3300 , 4100,,4000 ,3700 , 4500,,4400 ,4100 , 4900,,4800 ,4400 , 5300,,5100 ,4700 , 5600,,5500 ,5100 , 6000,,5900 ,5400 , 6300,,6200 ,5800 , 6700,,6600 ,6100 , 7100,,7000 ,6500 , 7600,,7300 ,6800 , 7900,,7700 ,7100 , 8300,
Lao People's Democratic Republic,<100 ,<100 , <100,,<100 ,<100 , <100,,<100 ,<100 , <100,,<100 ,<100 , <100,,<200 ,<100 , <200,,<200 ,<200 , <500,,<500 ,<500 , <500,,<500 ,<500 , 550,,770 ,680 , 860,,1100 ,930 , 1200,,1400 ,1200 , 1500,,1800 ,1600 , 2000,,2200 ,1900 , 2400,,2500 ,2300 , 2800,,2900 ,2600 , 3200,,3300 ,2900 , 3600,,3700 ,3300 , 4000,,4100 ,3700 , 4500,,4600 ,4100 , 5000,,5000 ,4500 , 5500,,5400 ,4900 , 6000,,5800 ,5300 , 6400,,6300 ,5700 , 6900,,6700 ,6100 , 7400,,7100 ,6500 , 7800,,7600 ,6900 , 8300,,8100 ,7300 , 8900,,8600 ,7800 , 9400,,9200 ,8300 , 10 000,,9700 ,8800 , 11 000,,10 000 ,9300 , 11 000,,11 000 ,9800 , 12 000,,11 000 ,10 000 , 13 000,,12 000 ,11 000 , 13 000,,13 000 ,11 000 , 14 000,
Latvia,<500 ,<500 , 730,"Children estimates were not available at the time of publication.",540 ,<500 , 800,"Children estimates were not available at the time of publication.",600 ,<500 , 860,"Children estimates were not available at the time of publication.",660 ,<500 , 990,"Children estimates were not available at the time of publication.",730 ,<500 , 1100,"Children estimates were not available at the time of publication.",820 ,530 , 1200,"Children estimates were not available at the time of publication.",910 ,700 , 1200,"Children estimates were not available at the time of publication.",1000 ,850 , 1300,"Children estimates were not available at the time of publication.",1400 ,1100 , 1700,"Children estimates were not available at the time of publication.",1900 ,1500 , 2200,"Children estimates were not available at the time of publication.",2100 ,1800 , 2500,"Children estimates were not available at the time of publication.",2400 ,2000 , 2700,"Children estimates were not available at the time of publication.",2600 ,2300 , 2900,"Children estimates were not available at the time of publication.",2800 ,2500 , 3100,"Children estimates were not available at the time of publication.",3000 ,2700 , 3300,"Children estimates were not available at the time of publication.",3200 ,2900 , 3500,"Children estimates were not available at the time of publication.",3400 ,3000 , 3600,"Children estimates were not available at the time of publication.",3500 ,3200 , 3800,"Children estimates were not available at the time of publication.",3600 ,3300 , 3900,"Children estimates were not available at the time of publication.",3700 ,3400 , 4000,"Children estimates were not available at the time of publication.",3700 ,3400 , 4000,"Children estimates were not available at the time of publication.",3800 ,3500 , 4000,"Children estimates were not available at the time of publication.",3800 ,3600 , 4100,"Children estimates were not available at the time of publication.",3900 ,3600 , 4200,"Children estimates were not available at the time of publication.",3900 ,3700 , 4200,"Children estimates were not available at the time of publication.",3900 ,3700 , 4200,"Children estimates were not available at the time of publication.",4000 ,3700 , 4300,"Children estimates were not available at the time of publication.",4000 ,3700 , 4300,"Children estimates were not available at the time of publication.",4000 ,3800 , 4300,"Children estimates were not available at the time of publication.",4000 ,3700 , 4300,"Children estimates were not available at the time of publication.",4000 ,3700 , 4300,"Children estimates were not available at the time of publication.",4000 ,3700 , 4300,"Children estimates were not available at the time of publication.",4000 ,3600 , 4300,"Children estimates were not available at the time of publication.",3900 ,3600 , 4200,"Children estimates were not available at the time of publication.",3800 ,3500 , 4100,"Children estimates were not available at the time of publication."
Lebanon,<100 ,<100 , <200,"Children estimates were not available at the time of publication.",<200 ,<100 , <200,"Children estimates were not available at the time of publication.",<200 ,<100 , <200,"Children estimates were not available at the time of publication.",<200 ,<200 , <200,"Children estimates were not available at the time of publication.",<200 ,<200 , <200,"Children estimates were not available at the time of publication.",<200 ,<200 , <500,"Children estimates were not available at the time of publication.",<500 ,<200 , <500,"Children estimates were not available at the time of publication.",<500 ,<500 , <500,"Children estimates were not available at the time of publication.",<500 ,<500 , <500,"Children estimates were not available at the time of publication.",<500 ,<500 , <500,"Children estimates were not available at the time of publication.",<500 ,<500 , <500,"Children estimates were not available at the time of publication.",<500 ,<500 , <500,"Children estimates were not available at the time of publication.",<500 ,<500 , <500,"Children estimates were not available at the time of publication.",<500 ,<500 , 520,"Children estimates were not available at the time of publication.",520 ,<500 , 580,"Children estimates were not available at the time of publication.",580 ,510 , 640,"Children estimates were not available at the time of publication.",640 ,570 , 710,"Children estimates were not available at the time of publication.",710 ,630 , 790,"Children estimates were not available at the time of publication.",780 ,690 , 860,"Children estimates were not available at the time of publication.",850 ,760 , 940,"Children estimates were not available at the time of publication.",910 ,810 , 1000,"Children estimates were not available at the time of publication.",990 ,880 , 1100,"Children estimates were not available at the time of publication.",1100 ,960 , 1200,"Children estimates were not available at the time of publication.",1300 ,1200 , 1500,"Children estimates were not available at the time of publication.",1500 ,1300 , 1700,"Children estimates were not available at the time of publication.",1500 ,1300 , 1700,"Children estimates were not available at the time of publication.",1500 ,1300 , 1700,"Children estimates were not available at the time of publication.",1500 ,1300 , 1700,"Children estimates were not available at the time of publication.",1600 ,1400 , 1800,"Children estimates were not available at the time of publication.",1600 ,1400 , 1900,"Children estimates were not available at the time of publication.",1800 ,1500 , 2100,"Children estimates were not available at the time of publication.",2000 ,1700 , 2300,"Children estimates were not available at the time of publication.",2200 ,1900 , 2600,"Children estimates were not available at the time of publication.",2500 ,2000 , 2900,"Children estimates were not available at the time of publication.",2700 ,2200 , 3200,"Children estimates were not available at the time of publication."
Lesotho,6700 ,5000 , 9000,,11 000 ,8500 , 14 000,,17 000 ,14 000 , 21 000,,25 000 ,21 000 , 31 000,,35 000 ,29 000 , 43 000,,46 000 ,39 000 , 56 000,,56 000 ,48 000 , 68 000,,64 000 ,56 000 , 76 000,,71 000 ,63 000 , 83 000,,77 000 ,68 000 , 89 000,,81 000 ,72 000 , 94 000,,84 000 ,76 000 , 98 000,,87 000 ,79 000 , 100 000,,89 000 ,81 000 , 100 000,,91 000 ,82 000 , 110 000,,92 000 ,84 000 , 110 000,,94 000 ,86 000 , 110 000,,97 000 ,88 000 , 110 000,,100 000 ,91 000 , 120 000,,100 000 ,94 000 , 120 000,,110 000 ,97 000 , 120 000,,110 000 ,99 000 , 130 000,,110 000 ,100 000 , 130 000,,110 000 ,100 000 , 130 000,,110 000 ,100 000 , 130 000,,110 000 ,100 000 , 130 000,,110 000 ,100 000 , 130 000,,110 000 ,100 000 , 130 000,,110 000 ,99 000 , 120 000,,110 000 ,98 000 , 120 000,,100 000 ,96 000 , 120 000,,100 000 ,94 000 , 120 000,,100 000 ,92 000 , 120 000,,98 000 ,91 000 , 110 000,,96 000 ,89 000 , 110 000,
Liberia,7200 ,3100 , 14 000,,9200 ,4500 , 17 000,,11 000 ,6000 , 18 000,,12 000 ,7300 , 19 000,,12 000 ,8000 , 18 000,,13 000 ,9600 , 18 000,,13 000 ,10 000 , 18 000,,15 000 ,12 000 , 20 000,,16 000 ,13 000 , 21 000,,17 000 ,13 000 , 21 000,,17 000 ,14 000 , 20 000,,16 000 ,14 000 , 20 000,,16 000 ,13 000 , 19 000,,15 000 ,13 000 , 18 000,,15 000 ,13 000 , 17 000,,15 000 ,13 000 , 18 000,,15 000 ,13 000 , 18 000,,15 000 ,13 000 , 17 000,,15 000 ,13 000 , 17 000,,15 000 ,13 000 , 17 000,,14 000 ,13 000 , 17 000,,15 000 ,13 000 , 17 000,,14 000 ,13 000 , 17 000,,14 000 ,12 000 , 16 000,,14 000 ,12 000 , 16 000,,13 000 ,11 000 , 16 000,,13 000 ,11 000 , 15 000,,12 000 ,11 000 , 15 000,,12 000 ,10 000 , 15 000,,12 000 ,10 000 , 14 000,,12 000 ,9800 , 14 000,,11 000 ,9600 , 14 000,,11 000 ,9500 , 14 000,,11 000 ,9400 , 14 000,,11 000 ,9200 , 14 000,
Libya,<100 ,<100 , <100,,<100 ,<100 , <100,,<100 ,<100 , <100,,<100 ,<100 , <200,,<200 ,<100 , <200,,<200 ,<200 , <500,,<500 ,<200 , <500,,<500 ,<500 , <500,,<500 ,<500 , 520,,570 ,<500 , 660,,700 ,590 , 820,,840 ,700 , 970,,990 ,830 , 1100,,1100 ,970 , 1300,,1300 ,1100 , 1500,,1500 ,1300 , 1600,,1700 ,1500 , 1800,,1900 ,1700 , 2000,,2100 ,1900 , 2200,,2300 ,2100 , 2400,,2500 ,2300 , 2700,,2400 ,2200 , 2600,,2600 ,2300 , 2700,,2700 ,2500 , 2900,,2900 ,2700 , 3100,,3100 ,2800 , 3300,,3200 ,3000 , 3500,,3400 ,3100 , 3700,,3500 ,3200 , 3800,,3700 ,3400 , 4000,,3800 ,3500 , 4200,,4000 ,3600 , 4300,,4100 ,3700 , 4500,,4200 ,3800 , 4600,,4400 ,3800 , 4800,
Lithuania,<500 ,<500 , <500,"Children estimates were not available at the time of publication.",<500 ,<500 , 540,"Children estimates were not available at the time of publication.",<500 ,<500 , 590,"Children estimates were not available at the time of publication.",540 ,<500 , 620,"Children estimates were not available at the time of publication.",580 ,<500 , 670,"Children estimates were not available at the time of publication.",620 ,510 , 700,"Children estimates were not available at the time of publication.",660 ,550 , 760,"Children estimates were not available at the time of publication.",700 ,580 , 800,"Children estimates were not available at the time of publication.",740 ,630 , 850,"Children estimates were not available at the time of publication.",790 ,670 , 900,"Children estimates were not available at the time of publication.",840 ,730 , 960,"Children estimates were not available at the time of publication.",900 ,780 , 1000,"Children estimates were not available at the time of publication.",960 ,850 , 1100,"Children estimates were not available at the time of publication.",1000 ,910 , 1100,"Children estimates were not available at the time of publication.",1100 ,990 , 1200,"Children estimates were not available at the time of publication.",1200 ,1000 , 1300,"Children estimates were not available at the time of publication.",1200 ,1100 , 1400,"Children estimates were not available at the time of publication.",1300 ,1200 , 1500,"Children estimates were not available at the time of publication.",1400 ,1300 , 1600,"Children estimates were not available at the time of publication.",1500 ,1300 , 1600,"Children estimates were not available at the time of publication.",1500 ,1400 , 1600,"Children estimates were not available at the time of publication.",1500 ,1400 , 1700,"Children estimates were not available at the time of publication.",1600 ,1500 , 1800,"Children estimates were not available at the time of publication.",1700 ,1600 , 1900,"Children estimates were not available at the time of publication.",1800 ,1600 , 1900,"Children estimates were not available at the time of publication.",1800 ,1700 , 2000,"Children estimates were not available at the time of publication.",1900 ,1800 , 2100,"Children estimates were not available at the time of publication.",2000 ,1800 , 2100,"Children estimates were not available at the time of publication.",2100 ,1900 , 2300,"Children estimates were not available at the time of publication.",2200 ,2000 , 2400,"Children estimates were not available at the time of publication.",2400 ,2200 , 2600,"Children estimates were not available at the time of publication.",2500 ,2200 , 2700,"Children estimates were not available at the time of publication.",2500 ,2200 , 2800,"Children estimates were not available at the time of publication.",2600 ,2200 , 3000,"Children estimates were not available at the time of publication.",2700 ,2200 , 3200,"Children estimates were not available at the time of publication."
Luxembourg,<200 ,<200 , <200,"Children estimates were not available at the time of publication.",<200 ,<200 , <200,"Children estimates were not available at the time of publication.",<200 ,<200 , <500,"Children estimates were not available at the time of publication.",<200 ,<200 , <500,"Children estimates were not available at the time of publication.",<500 ,<200 , <500,"Children estimates were not available at the time of publication.",<500 ,<200 , <500,"Children estimates were not available at the time of publication.",<500 ,<200 , <500,"Children estimates were not available at the time of publication.",<500 ,<500 , <500,"Children estimates were not available at the time of publication.",<500 ,<500 , <500,"Children estimates were not available at the time of publication.",<500 ,<500 , <500,"Children estimates were not available at the time of publication.",<500 ,<500 , <500,"Children estimates were not available at the time of publication.",<500 ,<500 , <500,"Children estimates were not available at the time of publication.",<500 ,<500 , <500,"Children estimates were not available at the time of publication.",<500 ,<500 , <500,"Children estimates were not available at the time of publication.",<500 ,<500 , <500,"Children estimates were not available at the time of publication.",<500 ,<500 , <500,"Children estimates were not available at the time of publication.",<500 ,<500 , <500,"Children estimates were not available at the time of publication.",<500 ,<500 , 530,"Children estimates were not available at the time of publication.",<500 ,<500 , 560,"Children estimates were not available at the time of publication.",520 ,<500 , 590,"Children estimates were not available at the time of publication.",550 ,<500 , 630,"Children estimates were not available at the time of publication.",600 ,500 , 680,"Children estimates were not available at the time of publication.",640 ,540 , 730,"Children estimates were not available at the time of publication.",680 ,570 , 780,"Children estimates were not available at the time of publication.",710 ,600 , 810,"Children estimates were not available at the time of publication.",760 ,640 , 860,"Children estimates were not available at the time of publication.",800 ,680 , 910,"Children estimates were not available at the time of publication.",850 ,720 , 960,"Children estimates were not available at the time of publication.",890 ,750 , 1000,"Children estimates were not available at the time of publication.",930 ,780 , 1100,"Children estimates were not available at the time of publication.",960 ,810 , 1100,"Children estimates were not available at the time of publication.",990 ,840 , 1200,"Children estimates were not available at the time of publication.",1000 ,860 , 1200,"Children estimates were not available at the time of publication.",1100 ,940 , 1300,"Children estimates were not available at the time of publication.",1200 ,1000 , 1400,"Children estimates were not available at the time of publication."
Madagascar,<500 ,<100 , 710,,<500 ,<200 , 890,,510 ,<200 , 1100,,630 ,<200 , 1300,,770 ,<500 , 1500,,920 ,<500 , 1900,,1100 ,<500 , 2300,,1300 ,530 , 2700,,1600 ,690 , 3100,,1900 ,890 , 3700,,2300 ,1200 , 4600,,2800 ,1600 , 5300,,3500 ,2000 , 6200,,4300 ,2600 , 7200,,5200 ,3200 , 8300,,6200 ,4000 , 9500,,7400 ,4900 , 11 000,,8700 ,6000 , 12 000,,10 000 ,7100 , 13 000,,11 000 ,8400 , 15 000,,13 000 ,9600 , 16 000,,14 000 ,11 000 , 18 000,,15 000 ,12 000 , 19 000,,16 000 ,13 000 , 21 000,,18 000 ,14 000 , 22 000,,19 000 ,15 000 , 24 000,,20 000 ,16 000 , 26 000,,22 000 ,17 000 , 28 000,,24 000 ,19 000 , 31 000,,26 000 ,21 000 , 34 000,,28 000 ,22 000 , 37 000,,31 000 ,24 000 , 41 000,,33 000 ,25 000 , 45 000,,39 000 ,29 000 , 52 000,,45 000 ,34 000 , 60 000,
Malawi,180 000 ,170 000 , 200 000,,220 000 ,210 000 , 240 000,,260 000 ,240 000 , 280 000,,280 000 ,260 000 , 310 000,,290 000 ,280 000 , 320 000,,320 000 ,300 000 , 340 000,,330 000 ,310 000 , 360 000,,340 000 ,320 000 , 370 000,,350 000 ,330 000 , 380 000,,350 000 ,330 000 , 380 000,,350 000 ,330 000 , 380 000,,340 000 ,320 000 , 370 000,,330 000 ,310 000 , 360 000,,320 000 ,300 000 , 350 000,,310 000 ,290 000 , 340 000,,300 000 ,280 000 , 330 000,,290 000 ,280 000 , 320 000,,290 000 ,270 000 , 320 000,,290 000 ,270 000 , 320 000,,290 000 ,280 000 , 320 000,,300 000 ,280 000 , 320 000,,300 000 ,290 000 , 330 000,,310 000 ,290 000 , 330 000,,320 000 ,300 000 , 340 000,,320 000 ,300 000 , 340 000,,330 000 ,310 000 , 350 000,,330 000 ,310 000 , 360 000,,330 000 ,320 000 , 360 000,,340 000 ,320 000 , 360 000,,340 000 ,320 000 , 360 000,,340 000 ,320 000 , 360 000,,340 000 ,320 000 , 360 000,,340 000 ,320 000 , 360 000,,330 000 ,310 000 , 360 000,,330 000 ,310 000 , 360 000,
Malaysia,23 000 ,18 000 , 26 000,,28 000 ,22 000 , 32 000,,31 000 ,26 000 , 36 000,,34 000 ,28 000 , 39 000,,36 000 ,30 000 , 42 000,,38 000 ,32 000 , 44 000,,40 000 ,34 000 , 46 000,,42 000 ,35 000 , 48 000,,43 000 ,37 000 , 50 000,,45 000 ,38 000 , 51 000,,46 000 ,39 000 , 53 000,,47 000 ,40 000 , 54 000,,49 000 ,42 000 , 55 000,,50 000 ,43 000 , 57 000,,51 000 ,45 000 , 58 000,,53 000 ,46 000 , 60 000,,54 000 ,48 000 , 61 000,,56 000 ,49 000 , 62 000,,57 000 ,51 000 , 64 000,,59 000 ,52 000 , 65 000,,60 000 ,54 000 , 66 000,,61 000 ,55 000 , 67 000,,62 000 ,56 000 , 67 000,,63 000 ,57 000 , 68 000,,63 000 ,57 000 , 68 000,,64 000 ,58 000 , 69 000,,65 000 ,59 000 , 70 000,,65 000 ,59 000 , 71 000,,66 000 ,60 000 , 72 000,,66 000 ,61 000 , 73 000,,67 000 ,61 000 , 73 000,,67 000 ,61 000 , 74 000,,67 000 ,61 000 , 74 000,,67 000 ,60 000 , 75 000,,68 000 ,60 000 , 75 000,
Maldives,<100 ,<100 , <100,"Children estimates were not available at the time of publication.",<100 ,<100 , <100,"Children estimates were not available at the time of publication.",<100 ,<100 , <100,"Children estimates were not available at the time of publication.",<100 ,<100 , <100,"Children estimates were not available at the time of publication.",<100 ,<100 , <100,"Children estimates were not available at the time of publication.",<100 ,<100 , <100,"Children estimates were not available at the time of publication.",<100 ,<100 , <100,"Children estimates were not available at the time of publication.",<100 ,<100 , <100,"Children estimates were not available at the time of publication.",<100 ,<100 , <100,"Children estimates were not available at the time of publication.",<100 ,<100 , <100,"Children estimates were not available at the time of publication.",<100 ,<100 , <100,"Children estimates were not available at the time of publication.",<100 ,<100 , <100,"Children estimates were not available at the time of publication.",<100 ,<100 , <100,"Children estimates were not available at the time of publication.",<100 ,<100 , <100,"Children estimates were not available at the time of publication.",<100 ,<100 , <100,"Children estimates were not available at the time of publication.",<100 ,<100 , <100,"Children estimates were not available at the time of publication.",<100 ,<100 , <100,"Children estimates were not available at the time of publication.",<100 ,<100 , <100,"Children estimates were not available at the time of publication.",<100 ,<100 , <100,"Children estimates were not available at the time of publication.",<100 ,<100 , <100,"Children estimates were not available at the time of publication.",<100 ,<100 , <100,"Children estimates were not available at the time of publication.",<100 ,<100 , <100,"Children estimates were not available at the time of publication.",<100 ,<100 , <100,"Children estimates were not available at the time of publication.",<100 ,<100 , <100,"Children estimates were not available at the time of publication.",<100 ,<100 , <100,"Children estimates were not available at the time of publication.",<100 ,<100 , <100,"Children estimates were not available at the time of publication.",<100 ,<100 , <100,"Children estimates were not available at the time of publication.",<100 ,<100 , <100,"Children estimates were not available at the time of publication.",<100 ,<100 , <100,"Children estimates were not available at the time of publication.",<100 ,<100 , <100,"Children estimates were not available at the time of publication.",<100 ,<100 , <100,"Children estimates were not available at the time of publication.",<100 ,<100 , <100,"Children estimates were not available at the time of publication.",<100 ,<100 , <100,"Children estimates were not available at the time of publication.",<100 ,<100 , <100,"Children estimates were not available at the time of publication.",<100 ,<100 , <100,"Children estimates were not available at the time of publication."
Mali,20 000 ,9100 , 37 000,,23 000 ,12 000 , 41 000,,27 000 ,15 000 , 43 000,,30 000 ,19 000 , 46 000,,33 000 ,22 000 , 47 000,,35 000 ,24 000 , 49 000,,37 000 ,26 000 , 50 000,,38 000 ,29 000 , 50 000,,39 000 ,30 000 , 49 000,,39 000 ,31 000 , 49 000,,40 000 ,32 000 , 48 000,,40 000 ,33 000 , 48 000,,39 000 ,33 000 , 47 000,,39 000 ,33 000 , 46 000,,39 000 ,33 000 , 46 000,,39 000 ,33 000 , 46 000,,39 000 ,33 000 , 46 000,,40 000 ,34 000 , 47 000,,40 000 ,35 000 , 48 000,,41 000 ,36 000 , 49 000,,42 000 ,36 000 , 49 000,,42 000 ,37 000 , 50 000,,41 000 ,36 000 , 50 000,,41 000 ,36 000 , 49 000,,41 000 ,35 000 , 49 000,,40 000 ,35 000 , 48 000,,40 000 ,34 000 , 48 000,,40 000 ,34 000 , 48 000,,39 000 ,34 000 , 48 000,,39 000 ,33 000 , 47 000,,38 000 ,33 000 , 47 000,,38 000 ,33 000 , 46 000,,38 000 ,32 000 , 46 000,,38 000 ,32 000 , 46 000,,37 000 ,32 000 , 46 000,
Malta,<100 ,<100 , <100,"Children estimates were not available at the time of publication.",<100 ,<100 , <100,"Children estimates were not available at the time of publication.",<100 ,<100 , <100,"Children estimates were not available at the time of publication.",<100 ,<100 , <100,"Children estimates were not available at the time of publication.",<100 ,<100 , <100,"Children estimates were not available at the time of publication.",<100 ,<100 , <100,"Children estimates were not available at the time of publication.",<100 ,<100 , <100,"Children estimates were not available at the time of publication.",<100 ,<100 , <100,"Children estimates were not available at the time of publication.",<100 ,<100 , <100,"Children estimates were not available at the time of publication.",<100 ,<100 , <100,"Children estimates were not available at the time of publication.",<100 ,<100 , <200,"Children estimates were not available at the time of publication.",<200 ,<100 , <200,"Children estimates were not available at the time of publication.",<200 ,<100 , <200,"Children estimates were not available at the time of publication.",<200 ,<200 , <200,"Children estimates were not available at the time of publication.",<200 ,<200 , <200,"Children estimates were not available at the time of publication.",<200 ,<200 , <500,"Children estimates were not available at the time of publication.",<200 ,<200 , <500,"Children estimates were not available at the time of publication.",<500 ,<200 , <500,"Children estimates were not available at the time of publication.",<500 ,<200 , <500,"Children estimates were not available at the time of publication.",<500 ,<500 , <500,"Children estimates were not available at the time of publication.",<500 ,<500 , <500,"Children estimates were not available at the time of publication.",<500 ,<500 , <500,"Children estimates were not available at the time of publication.",<500 ,<500 , <500,"Children estimates were not available at the time of publication.",<500 ,<500 , <500,"Children estimates were not available at the time of publication.",<500 ,<500 , <500,"Children estimates were not available at the time of publication.",<500 ,<500 , 540,"Children estimates were not available at the time of publication.",<500 ,<500 , 580,"Children estimates were not available at the time of publication.",520 ,<500 , 620,"Children estimates were not available at the time of publication.",560 ,<500 , 670,"Children estimates were not available at the time of publication.",600 ,<500 , 720,"Children estimates were not available at the time of publication.",640 ,520 , 770,"Children estimates were not available at the time of publication.",680 ,550 , 820,"Children estimates were not available at the time of publication.",720 ,580 , 870,"Children estimates were not available at the time of publication.",770 ,620 , 930,"Children estimates were not available at the time of publication.",820 ,660 , 980,"Children estimates were not available at the time of publication."
Marshall Islands,... ,... , ...,,... ,... , ...,,... ,... , ...,,... ,... , ...,,... ,... , ...,,... ,... , ...,,... ,... , ...,,... ,... , ...,,... ,... , ...,,... ,... , ...,,... ,... , ...,,... ,... , ...,,... ,... , ...,,... ,... , ...,,... ,... , ...,,... ,... , ...,,... ,... , ...,,... ,... , ...,,... ,... , ...,,... ,... , ...,,... ,... , ...,,... ,... , ...,,... ,... , ...,,... ,... , ...,,... ,... , ...,,... ,... , ...,,... ,... , ...,,... ,... , ...,,... ,... , ...,,... ,... , ...,,... ,... , ...,,... ,... , ...,,... ,... , ...,,... ,... , ...,,... ,... , ...,
Mauritania,850 ,520 , 2000,,1100 ,680 , 2200,,1300 ,910 , 2500,,1600 ,1200 , 2800,,2000 ,1500 , 3100,,2300 ,1700 , 3300,,2700 ,2100 , 3700,,3100 ,2500 , 4200,,3600 ,2900 , 4600,,4000 ,3200 , 5000,,4400 ,3600 , 5400,,4700 ,3900 , 5700,,4900 ,4100 , 5900,,5100 ,4300 , 5900,,5100 ,4400 , 6000,,5100 ,4400 , 6000,,5100 ,4400 , 5900,,5000 ,4200 , 5800,,4800 ,4100 , 5800,,4600 ,4000 , 5600,,4400 ,3700 , 5400,,4200 ,3500 , 5100,,3900 ,3300 , 4800,,3700 ,3100 , 4500,,3500 ,2900 , 4200,,3200 ,2700 , 3900,,3000 ,2600 , 3600,,2900 ,2500 , 3400,,2700 ,2300 , 3200,,2600 ,2300 , 3100,,2500 ,2200 , 2900,,2400 ,2100 , 2800,,2400 ,2100 , 2800,,2400 ,2100 , 2800,,2300 ,2100 , 2700,
Mauritius,... ,... , ...,"Estimates were not available at the time of publication.",... ,... , ...,"Estimates were not available at the time of publication.",... ,... , ...,"Estimates were not available at the time of publication.",... ,... , ...,"Estimates were not available at the time of publication.",... ,... , ...,"Estimates were not available at the time of publication.",... ,... , ...,"Estimates were not available at the time of publication.",... ,... , ...,"Estimates were not available at the time of publication.",... ,... , ...,"Estimates were not available at the time of publication.",... ,... , ...,"Estimates were not available at the time of publication.",... ,... , ...,"Estimates were not available at the time of publication.",... ,... , ...,"Estimates were not available at the time of publication.",... ,... , ...,"Estimates were not available at the time of publication.",... ,... , ...,"Estimates were not available at the time of publication.",... ,... , ...,"Estimates were not available at the time of publication.",... ,... , ...,"Estimates were not available at the time of publication.",... ,... , ...,"Estimates were not available at the time of publication.",... ,... , ...,"Estimates were not available at the time of publication.",... ,... , ...,"Estimates were not available at the time of publication.",... ,... , ...,"Estimates were not available at the time of publication.",... ,... , ...,"Estimates were not available at the time of publication.",... ,... , ...,"Estimates were not available at the time of publication.",... ,... , ...,"Estimates were not available at the time of publication.",... ,... , ...,"Estimates were not available at the time of publication.",... ,... , ...,"Estimates were not available at the time of publication.",... ,... , ...,"Estimates were not available at the time of publication.",... ,... , ...,"Estimates were not available at the time of publication.",... ,... , ...,"Estimates were not available at the time of publication.",... ,... , ...,"Estimates were not available at the time of publication.",... ,... , ...,"Estimates were not available at the time of publication.",... ,... , ...,"Estimates were not available at the time of publication.",... ,... , ...,"Estimates were not available at the time of publication.",... ,... , ...,"Estimates were not available at the time of publication.",... ,... , ...,"Estimates were not available at the time of publication.",... ,... , ...,"Estimates were not available at the time of publication.",... ,... , ...,"Estimates were not available at the time of publication."
Mexico,24 000 ,18 000 , 29 000,,31 000 ,26 000 , 37 000,,38 000 ,33 000 , 44 000,,45 000 ,39 000 , 51 000,,52 000 ,46 000 , 58 000,,59 000 ,52 000 , 65 000,,66 000 ,58 000 , 72 000,,73 000 ,64 000 , 79 000,,79 000 ,70 000 , 86 000,,85 000 ,76 000 , 92 000,,91 000 ,81 000 , 98 000,,97 000 ,87 000 , 100 000,,100 000 ,93 000 , 110 000,,110 000 ,99 000 , 120 000,,120 000 ,110 000 , 130 000,,130 000 ,110 000 , 130 000,,130 000 ,120 000 , 140 000,,140 000 ,130 000 , 150 000,,150 000 ,140 000 , 160 000,,160 000 ,140 000 , 170 000,,170 000 ,150 000 , 190 000,,180 000 ,160 000 , 200 000,,190 000 ,170 000 , 210 000,,200 000 ,180 000 , 220 000,,210 000 ,190 000 , 230 000,,220 000 ,200 000 , 240 000,,230 000 ,210 000 , 250 000,,240 000 ,220 000 , 260 000,,250 000 ,230 000 , 280 000,,270 000 ,240 000 , 290 000,,280 000 ,250 000 , 300 000,,290 000 ,260 000 , 320 000,,300 000 ,270 000 , 330 000,,310 000 ,280 000 , 350 000,,320 000 ,290 000 , 360 000,
Mongolia,<100 ,<100 , <100,"Children estimates were not available at the time of publication.",<100 ,<100 , <100,"Children estimates were not available at the time of publication.",<100 ,<100 , <100,"Children estimates were not available at the time of publication.",<100 ,<100 , <100,"Children estimates were not available at the time of publication.",<100 ,<100 , <100,"Children estimates were not available at the time of publication.",<100 ,<100 , <100,"Children estimates were not available at the time of publication.",<100 ,<100 , <100,"Children estimates were not available at the time of publication.",<100 ,<100 , <100,"Children estimates were not available at the time of publication.",<100 ,<100 , <100,"Children estimates were not available at the time of publication.",<100 ,<100 , <100,"Children estimates were not available at the time of publication.",<100 ,<100 , <100,"Children estimates were not available at the time of publication.",<100 ,<100 , <100,"Children estimates were not available at the time of publication.",<200 ,<200 , <200,"Children estimates were not available at the time of publication.",<200 ,<200 , <200,"Children estimates were not available at the time of publication.",<200 ,<200 , <500,"Children estimates were not available at the time of publication.",<500 ,<500 , <500,"Children estimates were not available at the time of publication.",<500 ,<500 , <500,"Children estimates were not available at the time of publication.",<500 ,<500 , <500,"Children estimates were not available at the time of publication.",<500 ,<500 , <500,"Children estimates were not available at the time of publication.",<500 ,<500 , <500,"Children estimates were not available at the time of publication.",<500 ,<500 , <500,"Children estimates were not available at the time of publication.",<500 ,<500 , <500,"Children estimates were not available at the time of publication.",<500 ,<500 , <500,"Children estimates were not available at the time of publication.",<500 ,<500 , <500,"Children estimates were not available at the time of publication.",<500 ,<500 , <500,"Children estimates were not available at the time of publication.",<500 ,<500 , <500,"Children estimates were not available at the time of publication.",<500 ,<500 , <500,"Children estimates were not available at the time of publication.",<500 ,<500 , 520,"Children estimates were not available at the time of publication.",<500 ,<500 , 530,"Children estimates were not available at the time of publication.",<500 ,<500 , 550,"Children estimates were not available at the time of publication.",520 ,<500 , 570,"Children estimates were not available at the time of publication.",530 ,<500 , 590,"Children estimates were not available at the time of publication.",540 ,<500 , 600,"Children estimates were not available at the time of publication.",550 ,<500 , 620,"Children estimates were not available at the time of publication.",570 ,510 , 640,"Children estimates were not available at the time of publication."
Montenegro,<100 ,<100 , <100,"Children estimates were not available at the time of publication.",<100 ,<100 , <100,"Children estimates were not available at the time of publication.",<100 ,<100 , <100,"Children estimates were not available at the time of publication.",<100 ,<100 , <100,"Children estimates were not available at the time of publication.",<100 ,<100 , <100,"Children estimates were not available at the time of publication.",<100 ,<100 , <100,"Children estimates were not available at the time of publication.",<100 ,<100 , <100,"Children estimates were not available at the time of publication.",<100 ,<100 , <100,"Children estimates were not available at the time of publication.",<100 ,<100 , <100,"Children estimates were not available at the time of publication.",<100 ,<100 , <100,"Children estimates were not available at the time of publication.",<100 ,<100 , <100,"Children estimates were not available at the time of publication.",<100 ,<100 , <100,"Children estimates were not available at the time of publication.",<100 ,<100 , <100,"Children estimates were not available at the time of publication.",<100 ,<100 , <100,"Children estimates were not available at the time of publication.",<100 ,<100 , <100,"Children estimates were not available at the time of publication.",<100 ,<100 , <100,"Children estimates were not available at the time of publication.",<100 ,<100 , <200,"Children estimates were not available at the time of publication.",<100 ,<100 , <200,"Children estimates were not available at the time of publication.",<200 ,<100 , <200,"Children estimates were not available at the time of publication.",<200 ,<200 , <200,"Children estimates were not available at the time of publication.",<200 ,<200 , <200,"Children estimates were not available at the time of publication.",<200 ,<200 , <200,"Children estimates were not available at the time of publication.",<200 ,<200 , <500,"Children estimates were not available at the time of publication.",<200 ,<200 , <500,"Children estimates were not available at the time of publication.",<500 ,<200 , <500,"Children estimates were not available at the time of publication.",<500 ,<200 , <500,"Children estimates were not available at the time of publication.",<500 ,<500 , <500,"Children estimates were not available at the time of publication.",<500 ,<500 , <500,"Children estimates were not available at the time of publication.",<500 ,<500 , <500,"Children estimates were not available at the time of publication.",<500 ,<500 , <500,"Children estimates were not available at the time of publication.",<500 ,<500 , <500,"Children estimates were not available at the time of publication.",<500 ,<500 , <500,"Children estimates were not available at the time of publication.",<500 ,<500 , <500,"Children estimates were not available at the time of publication.",<500 ,<500 , 520,"Children estimates were not available at the time of publication.",<500 ,<500 , 550,"Children estimates were not available at the time of publication."
Morocco,1100 ,700 , 2000,,1400 ,930 , 2300,,1800 ,1200 , 2800,,2200 ,1500 , 3300,,2600 ,1800 , 3700,,3100 ,2200 , 4100,,3500 ,2600 , 4500,,3900 ,3000 , 5000,,4400 ,3400 , 5400,,4900 ,3800 , 5800,,5300 ,4300 , 6300,,5800 ,4800 , 6800,,6200 ,5200 , 7300,,6700 ,5600 , 7700,,7200 ,6100 , 8200,,7600 ,6600 , 8800,,8000 ,7000 , 9200,,8400 ,7400 , 9600,,8800 ,7700 , 10 000,,9100 ,8100 , 10 000,,9500 ,8400 , 11 000,,9800 ,8700 , 11 000,,10 000 ,9000 , 11 000,,10 000 ,9200 , 12 000,,11 000 ,9500 , 12 000,,11 000 ,9600 , 12 000,,11 000 ,9800 , 12 000,,11 000 ,10 000 , 13 000,,12 000 ,10 000 , 13 000,,12 000 ,11 000 , 13 000,,12 000 ,11 000 , 14 000,,13 000 ,11 000 , 14 000,,13 000 ,12 000 , 15 000,,13 000 ,12 000 , 15 000,,14 000 ,12 000 , 16 000,
Mozambique,49 000 ,34 000 , 67 000,,63 000 ,46 000 , 83 000,,79 000 ,61 000 , 100 000,,100 000 ,81 000 , 130 000,,130 000 ,110 000 , 160 000,,160 000 ,130 000 , 200 000,,190 000 ,160 000 , 230 000,,220 000 ,190 000 , 270 000,,250 000 ,220 000 , 300 000,,280 000 ,250 000 , 330 000,,310 000 ,280 000 , 370 000,,340 000 ,310 000 , 400 000,,370 000 ,330 000 , 430 000,,390 000 ,350 000 , 450 000,,410 000 ,370 000 , 470 000,,430 000 ,390 000 , 490 000,,450 000 ,410 000 , 510 000,,470 000 ,430 000 , 530 000,,490 000 ,450 000 , 560 000,,510 000 ,470 000 , 570 000,,540 000 ,500 000 , 600 000,,560 000 ,520 000 , 620 000,,590 000 ,550 000 , 640 000,,610 000 ,570 000 , 670 000,,640 000 ,590 000 , 700 000,,660 000 ,620 000 , 720 000,,680 000 ,640 000 , 740 000,,700 000 ,660 000 , 760 000,,720 000 ,680 000 , 780 000,,740 000 ,690 000 , 800 000,,750 000 ,700 000 , 820 000,,770 000 ,710 000 , 830 000,,780 000 ,720 000 , 840 000,,790 000 ,730 000 , 860 000,,800 000 ,730 000 , 880 000,
Myanmar,15 000 ,13 000 , 17 000,,31 000 ,26 000 , 35 000,,45 000 ,38 000 , 52 000,,55 000 ,47 000 , 63 000,,63 000 ,54 000 , 72 000,,71 000 ,61 000 , 80 000,,78 000 ,68 000 , 89 000,,86 000 ,75 000 , 98 000,,96 000 ,83 000 , 110 000,,110 000 ,93 000 , 120 000,,120 000 ,100 000 , 130 000,,120 000 ,110 000 , 140 000,,130 000 ,120 000 , 140 000,,130 000 ,120 000 , 150 000,,140 000 ,120 000 , 150 000,,140 000 ,130 000 , 160 000,,140 000 ,130 000 , 160 000,,140 000 ,130 000 , 160 000,,140 000 ,130 000 , 160 000,,140 000 ,130 000 , 160 000,,140 000 ,130 000 , 160 000,,140 000 ,130 000 , 160 000,,150 000 ,130 000 , 160 000,,150 000 ,130 000 , 160 000,,150 000 ,130 000 , 170 000,,150 000 ,130 000 , 170 000,,150 000 ,130 000 , 170 000,,150 000 ,130 000 , 180 000,,150 000 ,130 000 , 190 000,,160 000 ,130 000 , 190 000,,160 000 ,120 000 , 200 000,,160 000 ,120 000 , 200 000,,160 000 ,120 000 , 210 000,,160 000 ,110 000 , 220 000,,170 000 ,110 000 , 230 000,
Namibia,6500 ,5500 , 7700,,9200 ,7800 , 11 000,,13 000 ,11 000 , 15 000,,17 000 ,15 000 , 20 000,,22 000 ,20 000 , 25 000,,28 000 ,25 000 , 32 000,,34 000 ,31 000 , 38 000,,40 000 ,36 000 , 44 000,,44 000 ,40 000 , 50 000,,49 000 ,44 000 , 54 000,,52 000 ,48 000 , 58 000,,54 000 ,50 000 , 60 000,,56 000 ,51 000 , 62 000,,57 000 ,52 000 , 63 000,,58 000 ,53 000 , 63 000,,59 000 ,54 000 , 64 000,,59 000 ,55 000 , 65 000,,61 000 ,56 000 , 67 000,,62 000 ,57 000 , 69 000,,64 000 ,59 000 , 70 000,,65 000 ,60 000 , 72 000,,67 000 ,61 000 , 74 000,,69 000 ,63 000 , 76 000,,70 000 ,64 000 , 78 000,,71 000 ,66 000 , 79 000,,73 000 ,67 000 , 81 000,,74 000 ,68 000 , 82 000,,74 000 ,68 000 , 83 000,,75 000 ,69 000 , 84 000,,75 000 ,69 000 , 84 000,,75 000 ,69 000 , 84 000,,75 000 ,69 000 , 84 000,,75 000 ,69 000 , 84 000,,75 000 ,69 000 , 85 000,,75 000 ,69 000 , 85 000,
Nepal,<100 ,<100 , <100,,<100 ,<100 , <100,,<200 ,<200 , <200,,<500 ,<500 , <500,,790 ,680 , 880,,1600 ,1400 , 1800,,3100 ,2800 , 3500,,5900 ,5200 , 6700,,9800 ,8600 , 11 000,,14 000 ,12 000 , 16 000,,18 000 ,16 000 , 21 000,,21 000 ,19 000 , 24 000,,24 000 ,21 000 , 27 000,,26 000 ,23 000 , 29 000,,28 000 ,24 000 , 31 000,,29 000 ,25 000 , 32 000,,29 000 ,26 000 , 32 000,,29 000 ,26 000 , 32 000,,29 000 ,26 000 , 32 000,,28 000 ,25 000 , 31 000,,27 000 ,25 000 , 30 000,,27 000 ,24 000 , 29 000,,26 000 ,23 000 , 28 000,,25 000 ,22 000 , 27 000,,24 000 ,22 000 , 26 000,,23 000 ,21 000 , 25 000,,22 000 ,20 000 , 24 000,,22 000 ,20 000 , 24 000,,21 000 ,19 000 , 23 000,,21 000 ,19 000 , 22 000,,20 000 ,18 000 , 22 000,,20 000 ,18 000 , 22 000,,20 000 ,18 000 , 22 000,,19 000 ,17 000 , 21 000,,19 000 ,17 000 , 21 000,
Netherlands,5900 ,4900 , 6900,,5900 ,4900 , 6900,,5900 ,4800 , 6900,,5900 ,4900 , 6900,,5900 ,4900 , 6900,,6000 ,5000 , 6900,,6200 ,5400 , 7100,,6800 ,5900 , 7600,,7400 ,6400 , 8300,,8000 ,7000 , 9000,,8600 ,7600 , 9700,,9300 ,8100 , 10 000,,9900 ,8700 , 11 000,,11 000 ,9400 , 12 000,,11 000 ,10 000 , 13 000,,12 000 ,11 000 , 13 000,,13 000 ,11 000 , 14 000,,14 000 ,12 000 , 15 000,,14 000 ,13 000 , 16 000,,15 000 ,14 000 , 17 000,,16 000 ,14 000 , 17 000,,16 000 ,15 000 , 18 000,,17 000 ,15 000 , 19 000,,17 000 ,16 000 , 19 000,,18 000 ,16 000 , 20 000,,18 000 ,16 000 , 20 000,,18 000 ,17 000 , 20 000,,19 000 ,17 000 , 21 000,,19 000 ,17 000 , 21 000,,19 000 ,17 000 , 22 000,,20 000 ,17 000 , 22 000,,20 000 ,18 000 , 22 000,,20 000 ,18 000 , 23 000,,21 000 ,18 000 , 23 000,,... ,... , ...,
New Zealand,710 ,580 , 860,"Children estimates were not available at the time of publication.",760 ,620 , 890,"Children estimates were not available at the time of publication.",780 ,640 , 900,"Children estimates were not available at the time of publication.",790 ,660 , 910,"Children estimates were not available at the time of publication.",800 ,670 , 930,"Children estimates were not available at the time of publication.",830 ,710 , 960,"Children estimates were not available at the time of publication.",890 ,760 , 1000,"Children estimates were not available at the time of publication.",940 ,800 , 1100,"Children estimates were not available at the time of publication.",990 ,850 , 1100,"Children estimates were not available at the time of publication.",1000 ,890 , 1200,"Children estimates were not available at the time of publication.",1100 ,930 , 1200,"Children estimates were not available at the time of publication.",1200 ,990 , 1300,"Children estimates were not available at the time of publication.",1200 ,1100 , 1400,"Children estimates were not available at the time of publication.",1300 ,1100 , 1500,"Children estimates were not available at the time of publication.",1400 ,1200 , 1600,"Children estimates were not available at the time of publication.",1500 ,1300 , 1800,"Children estimates were not available at the time of publication.",1600 ,1400 , 1900,"Children estimates were not available at the time of publication.",1800 ,1400 , 2000,"Children estimates were not available at the time of publication.",1900 ,1500 , 2200,"Children estimates were not available at the time of publication.",2000 ,1600 , 2300,"Children estimates were not available at the time of publication.",2100 ,1700 , 2400,"Children estimates were not available at the time of publication.",2200 ,1700 , 2500,"Children estimates were not available at the time of publication.",2300 ,1800 , 2600,"Children estimates were not available at the time of publication.",2400 ,1900 , 2700,"Children estimates were not available at the time of publication.",2500 ,2000 , 2800,"Children estimates were not available at the time of publication.",2600 ,2100 , 3000,"Children estimates were not available at the time of publication.",2800 ,2300 , 3200,"Children estimates were not available at the time of publication.",2900 ,2400 , 3300,"Children estimates were not available at the time of publication.",3000 ,2400 , 3400,"Children estimates were not available at the time of publication.",3100 ,2500 , 3500,"Children estimates were not available at the time of publication.",3200 ,2600 , 3600,"Children estimates were not available at the time of publication.",3200 ,2600 , 3700,"Children estimates were not available at the time of publication.",3200 ,2600 , 3800,"Children estimates were not available at the time of publication.",3300 ,2700 , 3800,"Children estimates were not available at the time of publication.",3400 ,2800 , 4000,"Children estimates were not available at the time of publication."
Nicaragua,... ,... , ...,"Estimates were not available at the time of publication.",... ,... , ...,"Estimates were not available at the time of publication.",... ,... , ...,"Estimates were not available at the time of publication.",... ,... , ...,"Estimates were not available at the time of publication.",... ,... , ...,"Estimates were not available at the time of publication.",... ,... , ...,"Estimates were not available at the time of publication.",... ,... , ...,"Estimates were not available at the time of publication.",... ,... , ...,"Estimates were not available at the time of publication.",... ,... , ...,"Estimates were not available at the time of publication.",... ,... , ...,"Estimates were not available at the time of publication.",... ,... , ...,"Estimates were not available at the time of publication.",... ,... , ...,"Estimates were not available at the time of publication.",... ,... , ...,"Estimates were not available at the time of publication.",... ,... , ...,"Estimates were not available at the time of publication.",... ,... , ...,"Estimates were not available at the time of publication.",... ,... , ...,"Estimates were not available at the time of publication.",... ,... , ...,"Estimates were not available at the time of publication.",... ,... , ...,"Estimates were not available at the time of publication.",... ,... , ...,"Estimates were not available at the time of publication.",... ,... , ...,"Estimates were not available at the time of publication.",... ,... , ...,"Estimates were not available at the time of publication.",... ,... , ...,"Estimates were not available at the time of publication.",... ,... , ...,"Estimates were not available at the time of publication.",... ,... , ...,"Estimates were not available at the time of publication.",... ,... , ...,"Estimates were not available at the time of publication.",... ,... , ...,"Estimates were not available at the time of publication.",... ,... , ...,"Estimates were not available at the time of publication.",... ,... , ...,"Estimates were not available at the time of publication.",... ,... , ...,"Estimates were not available at the time of publication.",... ,... , ...,"Estimates were not available at the time of publication.",... ,... , ...,"Estimates were not available at the time of publication.",... ,... , ...,"Estimates were not available at the time of publication.",... ,... , ...,"Estimates were not available at the time of publication.",... ,... , ...,"Estimates were not available at the time of publication.",... ,... , ...,"Estimates were not available at the time of publication."
Niger,5700 ,4000 , 7800,,8000 ,5900 , 11 000,,10 000 ,7800 , 13 000,,13 000 ,9700 , 16 000,,15 000 ,12 000 , 18 000,,17 000 ,14 000 , 20 000,,19 000 ,15 000 , 22 000,,20 000 ,16 000 , 23 000,,21 000 ,17 000 , 24 000,,21 000 ,18 000 , 24 000,,21 000 ,18 000 , 24 000,,21 000 ,18 000 , 24 000,,21 000 ,18 000 , 24 000,,20 000 ,17 000 , 23 000,,20 000 ,17 000 , 23 000,,19 000 ,17 000 , 22 000,,19 000 ,16 000 , 21 000,,18 000 ,16 000 , 20 000,,17 000 ,15 000 , 20 000,,17 000 ,15 000 , 19 000,,16 000 ,14 000 , 19 000,,16 000 ,14 000 , 18 000,,16 000 ,14 000 , 18 000,,15 000 ,14 000 , 17 000,,15 000 ,13 000 , 17 000,,14 000 ,13 000 , 16 000,,14 000 ,12 000 , 15 000,,13 000 ,12 000 , 15 000,,13 000 ,12 000 , 15 000,,13 000 ,12 000 , 15 000,,13 000 ,11 000 , 14 000,,13 000 ,11 000 , 14 000,,13 000 ,11 000 , 14 000,,12 000 ,11 000 , 14 000,,12 000 ,11 000 , 14 000,
Nigeria,210 000 ,170 000 , 260 000,,260 000 ,210 000 , 310 000,,300 000 ,250 000 , 370 000,,350 000 ,300 000 , 430 000,,400 000 ,350 000 , 480 000,,450 000 ,390 000 , 540 000,,500 000 ,430 000 , 590 000,,540 000 ,470 000 , 630 000,,570 000 ,500 000 , 670 000,,600 000 ,530 000 , 690 000,,620 000 ,550 000 , 710 000,,640 000 ,570 000 , 730 000,,650 000 ,580 000 , 740 000,,660 000 ,590 000 , 750 000,,660 000 ,600 000 , 750 000,,670 000 ,610 000 , 760 000,,680 000 ,620 000 , 760 000,,680 000 ,630 000 , 770 000,,690 000 ,640 000 , 780 000,,710 000 ,650 000 , 790 000,,710 000 ,660 000 , 800 000,,720 000 ,660 000 , 810 000,,720 000 ,660 000 , 800 000,,720 000 ,660 000 , 800 000,,710 000 ,660 000 , 800 000,,710 000 ,650 000 , 790 000,,710 000 ,650 000 , 790 000,,700 000 ,650 000 , 780 000,,690 000 ,640 000 , 770 000,,680 000 ,630 000 , 760 000,,670 000 ,620 000 , 750 000,,670 000 ,610 000 , 740 000,,660 000 ,610 000 , 730 000,,660 000 ,600 000 , 730 000,,650 000 ,590 000 , 720 000,
North Macedonia,<100 ,<100 , <100,"Children estimates were not available at the time of publication.",<100 ,<100 , <100,"Children estimates were not available at the time of publication.",<100 ,<100 , <100,"Children estimates were not available at the time of publication.",<100 ,<100 , <100,"Children estimates were not available at the time of publication.",<100 ,<100 , <100,"Children estimates were not available at the time of publication.",<100 ,<100 , <100,"Children estimates were not available at the time of publication.",<100 ,<100 , <100,"Children estimates were not available at the time of publication.",<100 ,<100 , <100,"Children estimates were not available at the time of publication.",<100 ,<100 , <200,"Children estimates were not available at the time of publication.",<100 ,<100 , <200,"Children estimates were not available at the time of publication.",<100 ,<100 , <200,"Children estimates were not available at the time of publication.",<100 ,<100 , <100,"Children estimates were not available at the time of publication.",<100 ,<100 , <100,"Children estimates were not available at the time of publication.",<100 ,<100 , <100,"Children estimates were not available at the time of publication.",<100 ,<100 , <100,"Children estimates were not available at the time of publication.",<100 ,<100 , <100,"Children estimates were not available at the time of publication.",<100 ,<100 , <100,"Children estimates were not available at the time of publication.",<100 ,<100 , <200,"Children estimates were not available at the time of publication.",<200 ,<100 , <200,"Children estimates were not available at the time of publication.",<200 ,<100 , <200,"Children estimates were not available at the time of publication.",<200 ,<200 , <200,"Children estimates were not available at the time of publication.",<200 ,<200 , <500,"Children estimates were not available at the time of publication.",<500 ,<200 , <500,"Children estimates were not available at the time of publication.",<500 ,<500 , <500,"Children estimates were not available at the time of publication.",<500 ,<500 , <500,"Children estimates were not available at the time of publication.",<500 ,<500 , <500,"Children estimates were not available at the time of publication.",<500 ,<500 , <500,"Children estimates were not available at the time of publication.",<500 ,<500 , <500,"Children estimates were not available at the time of publication.",<500 ,<500 , 510,"Children estimates were not available at the time of publication.",<500 ,<500 , 560,"Children estimates were not available at the time of publication.",510 ,<500 , 610,"Children estimates were not available at the time of publication.",550 ,<500 , 670,"Children estimates were not available at the time of publication.",600 ,<500 , 730,"Children estimates were not available at the time of publication.",640 ,520 , 780,"Children estimates were not available at the time of publication.",680 ,540 , 830,"Children estimates were not available at the time of publication."
Norway,660 ,540 , 800,"Children estimates were not available at the time of publication.",700 ,570 , 830,"Children estimates were not available at the time of publication.",730 ,590 , 870,"Children estimates were not available at the time of publication.",750 ,610 , 880,"Children estimates were not available at the time of publication.",760 ,610 , 890,"Children estimates were not available at the time of publication.",760 ,610 , 900,"Children estimates were not available at the time of publication.",780 ,630 , 920,"Children estimates were not available at the time of publication.",830 ,670 , 960,"Children estimates were not available at the time of publication.",890 ,720 , 1000,"Children estimates were not available at the time of publication.",970 ,800 , 1100,"Children estimates were not available at the time of publication.",1100 ,880 , 1200,"Children estimates were not available at the time of publication.",1200 ,960 , 1400,"Children estimates were not available at the time of publication.",1300 ,1100 , 1500,"Children estimates were not available at the time of publication.",1400 ,1200 , 1700,"Children estimates were not available at the time of publication.",1600 ,1300 , 1900,"Children estimates were not available at the time of publication.",1700 ,1400 , 2100,"Children estimates were not available at the time of publication.",1800 ,1500 , 2300,"Children estimates were not available at the time of publication.",2000 ,1600 , 2400,"Children estimates were not available at the time of publication.",2100 ,1700 , 2600,"Children estimates were not available at the time of publication.",2300 ,1800 , 2800,"Children estimates were not available at the time of publication.",2400 ,1900 , 3000,"Children estimates were not available at the time of publication.",2600 ,2000 , 3100,"Children estimates were not available at the time of publication.",2700 ,2100 , 3300,"Children estimates were not available at the time of publication.",2800 ,2200 , 3400,"Children estimates were not available at the time of publication.",2900 ,2300 , 3500,"Children estimates were not available at the time of publication.",3000 ,2400 , 3700,"Children estimates were not available at the time of publication.",3100 ,2500 , 3800,"Children estimates were not available at the time of publication.",3200 ,2500 , 3800,"Children estimates were not available at the time of publication.",3300 ,2600 , 3900,"Children estimates were not available at the time of publication.",3300 ,2600 , 4000,"Children estimates were not available at the time of publication.",3400 ,2700 , 4000,"Children estimates were not available at the time of publication.",3400 ,2700 , 4000,"Children estimates were not available at the time of publication.",3500 ,2700 , 4100,"Children estimates were not available at the time of publication.",3500 ,2800 , 4100,"Children estimates were not available at the time of publication.",3500 ,2800 , 4200,"Children estimates were not available at the time of publication."
Oman,<100 ,<100 , <200,"Children estimates were not available at the time of publication.",<500 ,<200 , <500,"Children estimates were not available at the time of publication.",<500 ,<500 , <500,"Children estimates were not available at the time of publication.",510 ,<500 , 600,"Children estimates were not available at the time of publication.",580 ,530 , 640,"Children estimates were not available at the time of publication.",630 ,570 , 690,"Children estimates were not available at the time of publication.",660 ,600 , 720,"Children estimates were not available at the time of publication.",680 ,620 , 750,"Children estimates were not available at the time of publication.",700 ,630 , 760,"Children estimates were not available at the time of publication.",710 ,640 , 780,"Children estimates were not available at the time of publication.",730 ,660 , 800,"Children estimates were not available at the time of publication.",760 ,690 , 830,"Children estimates were not available at the time of publication.",780 ,720 , 860,"Children estimates were not available at the time of publication.",810 ,740 , 880,"Children estimates were not available at the time of publication.",830 ,770 , 910,"Children estimates were not available at the time of publication.",860 ,790 , 940,"Children estimates were not available at the time of publication.",890 ,820 , 970,"Children estimates were not available at the time of publication.",920 ,850 , 1000,"Children estimates were not available at the time of publication.",950 ,880 , 1000,"Children estimates were not available at the time of publication.",990 ,920 , 1100,"Children estimates were not available at the time of publication.",1100 ,980 , 1200,"Children estimates were not available at the time of publication.",1500 ,1400 , 1600,"Children estimates were not available at the time of publication.",1800 ,1700 , 1900,"Children estimates were not available at the time of publication.",1900 ,1700 , 2000,"Children estimates were not available at the time of publication.",1900 ,1800 , 2100,"Children estimates were not available at the time of publication.",2000 ,1900 , 2200,"Children estimates were not available at the time of publication.",2200 ,2000 , 2300,"Children estimates were not available at the time of publication.",2200 ,2000 , 2400,"Children estimates were not available at the time of publication.",2200 ,2000 , 2400,"Children estimates were not available at the time of publication.",2100 ,1900 , 2200,"Children estimates were not available at the time of publication.",1900 ,1800 , 2100,"Children estimates were not available at the time of publication.",1900 ,1800 , 2100,"Children estimates were not available at the time of publication.",2200 ,2000 , 2400,"Children estimates were not available at the time of publication.",2300 ,2100 , 2500,"Children estimates were not available at the time of publication.",2500 ,2200 , 2700,"Children estimates were not available at the time of publication."
Pakistan,<100 ,<100 , <100,,<100 ,<100 , <100,,<100 ,<100 , <100,,<100 ,<100 , <100,,<100 ,<100 , <200,,<200 ,<200 , <200,,<200 ,<200 , <500,,<500 ,<500 , <500,,<500 ,<500 , <500,,<500 ,<500 , <500,,500 ,<500 , 560,,640 ,570 , 720,,860 ,760 , 970,,1700 ,1500 , 1900,,7300 ,6300 , 8200,,17 000 ,14 000 , 19 000,,26 000 ,22 000 , 30 000,,37 000 ,31 000 , 43 000,,49 000 ,42 000 , 56 000,,61 000 ,52 000 , 68 000,,71 000 ,61 000 , 80 000,,80 000 ,69 000 , 90 000,,90 000 ,78 000 , 100 000,,100 000 ,88 000 , 110 000,,110 000 ,97 000 , 120 000,,120 000 ,110 000 , 130 000,,130 000 ,120 000 , 140 000,,140 000 ,130 000 , 160 000,,160 000 ,140 000 , 170 000,,170 000 ,150 000 , 190 000,,190 000 ,170 000 , 200 000,,210 000 ,190 000 , 220 000,,230 000 ,210 000 , 240 000,,250 000 ,230 000 , 270 000,,280 000 ,250 000 , 300 000,
Panama,3000 ,2500 , 3400,,3800 ,3200 , 4300,,4500 ,3900 , 5100,,5200 ,4500 , 5800,,5800 ,5100 , 6600,,6400 ,5600 , 7200,,6900 ,6000 , 7800,,7300 ,6400 , 8300,,7700 ,6800 , 8700,,8100 ,7200 , 9200,,8600 ,7600 , 9600,,9000 ,8000 , 10 000,,9500 ,8400 , 10 000,,9900 ,8800 , 11 000,,10 000 ,9300 , 11 000,,11 000 ,9700 , 12 000,,11 000 ,10 000 , 12 000,,12 000 ,10 000 , 13 000,,12 000 ,11 000 , 13 000,,13 000 ,11 000 , 14 000,,13 000 ,12 000 , 14 000,,14 000 ,12 000 , 15 000,,14 000 ,13 000 , 15 000,,15 000 ,13 000 , 16 000,,15 000 ,14 000 , 17 000,,16 000 ,14 000 , 17 000,,17 000 ,15 000 , 18 000,,17 000 ,15 000 , 19 000,,18 000 ,16 000 , 20 000,,19 000 ,17 000 , 21 000,,19 000 ,17 000 , 21 000,,20 000 ,18 000 , 22 000,,21 000 ,18 000 , 23 000,,21 000 ,19 000 , 24 000,,22 000 ,20 000 , 25 000,
Papua New Guinea,3100 ,1800 , 5000,,3800 ,2400 , 5700,,4400 ,2900 , 6600,,5100 ,3500 , 7300,,5800 ,4100 , 8000,,6400 ,4600 , 8700,,7000 ,5200 , 9500,,7700 ,5800 , 10 000,,8400 ,6600 , 11 000,,9200 ,7300 , 12 000,,10 000 ,8100 , 13 000,,11 000 ,8900 , 14 000,,12 000 ,9800 , 15 000,,13 000 ,11 000 , 16 000,,13 000 ,11 000 , 17 000,,14 000 ,12 000 , 18 000,,15 000 ,13 000 , 19 000,,16 000 ,14 000 , 20 000,,17 000 ,15 000 , 21 000,,19 000 ,16 000 , 22 000,,20 000 ,17 000 , 24 000,,21 000 ,18 000 , 25 000,,22 000 ,19 000 , 26 000,,23 000 ,20 000 , 27 000,,24 000 ,21 000 , 28 000,,25 000 ,22 000 , 29 000,,26 000 ,23 000 , 31 000,,28 000 ,24 000 , 32 000,,29 000 ,26 000 , 34 000,,31 000 ,27 000 , 35 000,,32 000 ,29 000 , 37 000,,34 000 ,30 000 , 38 000,,35 000 ,32 000 , 41 000,,37 000 ,33 000 , 43 000,,39 000 ,35 000 , 46 000,
Paraguay,<200 ,<100 , <200,,<200 ,<200 , <500,,<500 ,<200 , <500,,<500 ,<500 , <500,,550 ,<500 , 690,,820 ,640 , 990,,1200 ,950 , 1400,,1600 ,1300 , 1800,,2000 ,1700 , 2200,,2400 ,2100 , 2700,,2800 ,2400 , 3200,,3200 ,2800 , 3600,,3600 ,3200 , 4100,,4000 ,3500 , 4500,,4400 ,3900 , 4900,,4800 ,4300 , 5400,,5300 ,4800 , 5800,,5800 ,5200 , 6400,,6400 ,5700 , 6900,,7000 ,6200 , 7500,,7600 ,6800 , 8200,,8200 ,7300 , 8900,,8800 ,7900 , 9500,,9300 ,8400 , 10 000,,9900 ,8900 , 11 000,,10 000 ,9400 , 11 000,,11 000 ,9900 , 12 000,,12 000 ,10 000 , 13 000,,12 000 ,11 000 , 13 000,,13 000 ,11 000 , 14 000,,13 000 ,12 000 , 14 000,,14 000 ,12 000 , 15 000,,14 000 ,13 000 , 15 000,,15 000 ,13 000 , 16 000,,15 000 ,14 000 , 16 000,
Peru,40 000 ,31 000 , 52 000,,43 000 ,34 000 , 55 000,,46 000 ,37 000 , 57 000,,48 000 ,39 000 , 59 000,,50 000 ,41 000 , 60 000,,51 000 ,43 000 , 61 000,,52 000 ,44 000 , 63 000,,53 000 ,45 000 , 63 000,,53 000 ,46 000 , 64 000,,53 000 ,46 000 , 65 000,,53 000 ,46 000 , 64 000,,53 000 ,46 000 , 63 000,,52 000 ,45 000 , 63 000,,52 000 ,45 000 , 62 000,,51 000 ,44 000 , 61 000,,51 000 ,44 000 , 60 000,,51 000 ,44 000 , 59 000,,51 000 ,44 000 , 59 000,,51 000 ,44 000 , 59 000,,51 000 ,44 000 , 59 000,,52 000 ,45 000 , 60 000,,53 000 ,46 000 , 61 000,,54 000 ,47 000 , 63 000,,56 000 ,49 000 , 65 000,,58 000 ,51 000 , 68 000,,60 000 ,53 000 , 70 000,,63 000 ,56 000 , 73 000,,67 000 ,59 000 , 77 000,,71 000 ,63 000 , 82 000,,76 000 ,67 000 , 87 000,,79 000 ,70 000 , 92 000,,83 000 ,73 000 , 97 000,,88 000 ,77 000 , 100 000,,92 000 ,80 000 , 110 000,,96 000 ,83 000 , 110 000,
Philippines,<100 ,<100 , <100,,<200 ,<100 , <200,,<200 ,<200 , <200,,<200 ,<200 , <200,,<500 ,<200 , <500,,<500 ,<500 , <500,,<500 ,<500 , <500,,<500 ,<500 , 510,,600 ,530 , 660,,770 ,680 , 860,,1000 ,880 , 1100,,1300 ,1100 , 1500,,1800 ,1500 , 2000,,2300 ,2000 , 2700,,3100 ,2600 , 3500,,4100 ,3400 , 4700,,5400 ,4500 , 6200,,7300 ,6100 , 8400,,10 000 ,8500 , 12 000,,14 000 ,11 000 , 16 000,,18 000 ,15 000 , 20 000,,22 000 ,19 000 , 26 000,,28 000 ,24 000 , 32 000,,35 000 ,29 000 , 40 000,,43 000 ,36 000 , 49 000,,51 000 ,43 000 , 60 000,,62 000 ,51 000 , 72 000,,73 000 ,61 000 , 85 000,,86 000 ,71 000 , 100 000,,100 000 ,83 000 , 120 000,,120 000 ,96 000 , 130 000,,130 000 ,110 000 , 150 000,,150 000 ,130 000 , 180 000,,180 000 ,150 000 , 200 000,,200 000 ,170 000 , 230 000,
Poland,... ,... , ...,"Estimates were not available at the time of publication.",... ,... , ...,"Estimates were not available at the time of publication.",... ,... , ...,"Estimates were not available at the time of publication.",... ,... , ...,"Estimates were not available at the time of publication.",... ,... , ...,"Estimates were not available at the time of publication.",... ,... , ...,"Estimates were not available at the time of publication.",... ,... , ...,"Estimates were not available at the time of publication.",... ,... , ...,"Estimates were not available at the time of publication.",... ,... , ...,"Estimates were not available at the time of publication.",... ,... , ...,"Estimates were not available at the time of publication.",... ,... , ...,"Estimates were not available at the time of publication.",... ,... , ...,"Estimates were not available at the time of publication.",... ,... , ...,"Estimates were not available at the time of publication.",... ,... , ...,"Estimates were not available at the time of publication.",... ,... , ...,"Estimates were not available at the time of publication.",... ,... , ...,"Estimates were not available at the time of publication.",... ,... , ...,"Estimates were not available at the time of publication.",... ,... , ...,"Estimates were not available at the time of publication.",... ,... , ...,"Estimates were not available at the time of publication.",... ,... , ...,"Estimates were not available at the time of publication.",... ,... , ...,"Estimates were not available at the time of publication.",... ,... , ...,"Estimates were not available at the time of publication.",... ,... , ...,"Estimates were not available at the time of publication.",... ,... , ...,"Estimates were not available at the time of publication.",... ,... , ...,"Estimates were not available at the time of publication.",... ,... , ...,"Estimates were not available at the time of publication.",... ,... , ...,"Estimates were not available at the time of publication.",... ,... , ...,"Estimates were not available at the time of publication.",... ,... , ...,"Estimates were not available at the time of publication.",... ,... , ...,"Estimates were not available at the time of publication.",... ,... , ...,"Estimates were not available at the time of publication.",... ,... , ...,"Estimates were not available at the time of publication.",... ,... , ...,"Estimates were not available at the time of publication.",... ,... , ...,"Estimates were not available at the time of publication.",... ,... , ...,"Estimates were not available at the time of publication."
Portugal,9600 ,7600 , 11 000,,12 000 ,9200 , 13 000,,14 000 ,11 000 , 15 000,,15 000 ,12 000 , 17 000,,17 000 ,13 000 , 19 000,,18 000 ,14 000 , 20 000,,19 000 ,15 000 , 22 000,,20 000 ,16 000 , 23 000,,21 000 ,17 000 , 24 000,,22 000 ,18 000 , 25 000,,23 000 ,19 000 , 25 000,,24 000 ,20 000 , 26 000,,25 000 ,21 000 , 27 000,,26 000 ,21 000 , 28 000,,26 000 ,22 000 , 29 000,,27 000 ,23 000 , 29 000,,27 000 ,23 000 , 30 000,,28 000 ,24 000 , 30 000,,28 000 ,24 000 , 31 000,,28 000 ,24 000 , 31 000,,29 000 ,25 000 , 32 000,,29 000 ,25 000 , 32 000,,29 000 ,25 000 , 33 000,,30 000 ,26 000 , 33 000,,30 000 ,26 000 , 33 000,,30 000 ,26 000 , 34 000,,31 000 ,27 000 , 34 000,,31 000 ,27 000 , 35 000,,32 000 ,27 000 , 35 000,,32 000 ,27 000 , 36 000,,33 000 ,28 000 , 37 000,,33 000 ,28 000 , 38 000,,34 000 ,29 000 , 38 000,,35 000 ,30 000 , 39 000,,35 000 ,30 000 , 40 000,
Qatar,<100 ,<100 , <100,"Children estimates were not available at the time of publication.",<100 ,<100 , <100,"Children estimates were not available at the time of publication.",<100 ,<100 , <100,"Children estimates were not available at the time of publication.",<100 ,<100 , <200,"Children estimates were not available at the time of publication.",<100 ,<100 , <200,"Children estimates were not available at the time of publication.",<100 ,<100 , <200,"Children estimates were not available at the time of publication.",<100 ,<100 , <200,"Children estimates were not available at the time of publication.",<100 ,<100 , <200,"Children estimates were not available at the time of publication.",<100 ,<100 , <200,"Children estimates were not available at the time of publication.",<100 ,<100 , <200,"Children estimates were not available at the time of publication.",<100 ,<100 , <200,"Children estimates were not available at the time of publication.",<100 ,<100 , <100,"Children estimates were not available at the time of publication.",<100 ,<100 , <100,"Children estimates were not available at the time of publication.",<100 ,<100 , <100,"Children estimates were not available at the time of publication.",<100 ,<100 , <100,"Children estimates were not available at the time of publication.",<100 ,<100 , <100,"Children estimates were not available at the time of publication.",<100 ,<100 , <100,"Children estimates were not available at the time of publication.",<100 ,<100 , <100,"Children estimates were not available at the time of publication.",<100 ,<100 , <100,"Children estimates were not available at the time of publication.",<100 ,<100 , <100,"Children estimates were not available at the time of publication.",<100 ,<100 , <100,"Children estimates were not available at the time of publication.",<100 ,<100 , <200,"Children estimates were not available at the time of publication.",<100 ,<100 , <200,"Children estimates were not available at the time of publication.",<100 ,<100 , <200,"Children estimates were not available at the time of publication.",<200 ,<100 , <200,"Children estimates were not available at the time of publication.",<200 ,<200 , <200,"Children estimates were not available at the time of publication.",<200 ,<200 , <500,"Children estimates were not available at the time of publication.",<500 ,<200 , <500,"Children estimates were not available at the time of publication.",<500 ,<500 , <500,"Children estimates were not available at the time of publication.",<500 ,<500 , <500,"Children estimates were not available at the time of publication.",<500 ,<500 , <500,"Children estimates were not available at the time of publication.",<500 ,<500 , 540,"Children estimates were not available at the time of publication.",560 ,<500 , 660,"Children estimates were not available at the time of publication.",670 ,530 , 790,"Children estimates were not available at the time of publication.",790 ,620 , 940,"Children estimates were not available at the time of publication."
Republic of Korea,... ,... , ...,"Estimates were not available at the time of publication.",... ,... , ...,"Estimates were not available at the time of publication.",... ,... , ...,"Estimates were not available at the time of publication.",... ,... , ...,"Estimates were not available at the time of publication.",... ,... , ...,"Estimates were not available at the time of publication.",... ,... , ...,"Estimates were not available at the time of publication.",... ,... , ...,"Estimates were not available at the time of publication.",... ,... , ...,"Estimates were not available at the time of publication.",... ,... , ...,"Estimates were not available at the time of publication.",... ,... , ...,"Estimates were not available at the time of publication.",... ,... , ...,"Estimates were not available at the time of publication.",... ,... , ...,"Estimates were not available at the time of publication.",... ,... , ...,"Estimates were not available at the time of publication.",... ,... , ...,"Estimates were not available at the time of publication.",... ,... , ...,"Estimates were not available at the time of publication.",... ,... , ...,"Estimates were not available at the time of publication.",... ,... , ...,"Estimates were not available at the time of publication.",... ,... , ...,"Estimates were not available at the time of publication.",... ,... , ...,"Estimates were not available at the time of publication.",... ,... , ...,"Estimates were not available at the time of publication.",... ,... , ...,"Estimates were not available at the time of publication.",... ,... , ...,"Estimates were not available at the time of publication.",... ,... , ...,"Estimates were not available at the time of publication.",... ,... , ...,"Estimates were not available at the time of publication.",... ,... , ...,"Estimates were not available at the time of publication.",... ,... , ...,"Estimates were not available at the time of publication.",... ,... , ...,"Estimates were not available at the time of publication.",... ,... , ...,"Estimates were not available at the time of publication.",... ,... , ...,"Estimates were not available at the time of publication.",... ,... , ...,"Estimates were not available at the time of publication.",... ,... , ...,"Estimates were not available at the time of publication.",... ,... , ...,"Estimates were not available at the time of publication.",... ,... , ...,"Estimates were not available at the time of publication.",... ,... , ...,"Estimates were not available at the time of publication.",... ,... , ...,"Estimates were not available at the time of publication."
Republic of Moldova,<500 ,<500 , <500,,<500 ,<500 , <500,,590 ,<500 , 690,,900 ,760 , 1100,,1400 ,1100 , 1600,,2000 ,1700 , 2400,,2800 ,2400 , 3400,,3800 ,3200 , 4600,,5000 ,4200 , 5900,,6200 ,5100 , 7300,,7300 ,6100 , 8700,,8400 ,7000 , 9900,,9300 ,7700 , 11 000,,10 000 ,8400 , 12 000,,11 000 ,8900 , 13 000,,11 000 ,9400 , 13 000,,12 000 ,9700 , 14 000,,12 000 ,10 000 , 14 000,,12 000 ,10 000 , 14 000,,12 000 ,10 000 , 14 000,,12 000 ,10 000 , 15 000,,12 000 ,10 000 , 14 000,,12 000 ,10 000 , 14 000,,12 000 ,10 000 , 14 000,,12 000 ,10 000 , 14 000,,12 000 ,9900 , 14 000,,12 000 ,9800 , 14 000,,11 000 ,9600 , 14 000,,11 000 ,9400 , 13 000,,11 000 ,9300 , 13 000,,11 000 ,9100 , 13 000,,11 000 ,8900 , 13 000,,10 000 ,8800 , 12 000,,10 000 ,8600 , 12 000,,10 000 ,8500 , 12 000,
Romania,600 ,<200 , 1400,,950 ,<500 , 1800,,1400 ,720 , 2200,,1800 ,1100 , 2500,,2200 ,1600 , 2900,,2500 ,1900 , 3200,,2800 ,2200 , 3400,,3000 ,2400 , 3600,,3200 ,2600 , 3800,,3300 ,2800 , 4000,,3600 ,3000 , 4300,,4000 ,3300 , 4700,,4500 ,3800 , 5200,,5100 ,4300 , 5800,,5800 ,5000 , 6500,,6400 ,5600 , 7200,,7000 ,6100 , 7800,,7400 ,6500 , 8200,,7800 ,6800 , 8500,,8000 ,7100 , 8800,,8300 ,7200 , 9100,,8500 ,7400 , 9400,,8700 ,7700 , 9600,,9000 ,7900 , 10 000,,9300 ,8100 , 10 000,,9600 ,8400 , 11 000,,9900 ,8600 , 11 000,,10 000 ,8800 , 11 000,,10 000 ,9000 , 12 000,,11 000 ,9200 , 12 000,,11 000 ,9300 , 12 000,,11 000 ,9500 , 12 000,,11 000 ,9700 , 13 000,,11 000 ,9800 , 13 000,,11 000 ,9800 , 13 000,
Russian Federation,... ,... , ...,"Estimates were not available at the time of publication.",... ,... , ...,"Estimates were not available at the time of publication.",... ,... , ...,"Estimates were not available at the time of publication.",... ,... , ...,"Estimates were not available at the time of publication.",... ,... , ...,"Estimates were not available at the time of publication.",... ,... , ...,"Estimates were not available at the time of publication.",... ,... , ...,"Estimates were not available at the time of publication.",... ,... , ...,"Estimates were not available at the time of publication.",... ,... , ...,"Estimates were not available at the time of publication.",... ,... , ...,"Estimates were not available at the time of publication.",... ,... , ...,"Estimates were not available at the time of publication.",... ,... , ...,"Estimates were not available at the time of publication.",... ,... , ...,"Estimates were not available at the time of publication.",... ,... , ...,"Estimates were not available at the time of publication.",... ,... , ...,"Estimates were not available at the time of publication.",... ,... , ...,"Estimates were not available at the time of publication.",... ,... , ...,"Estimates were not available at the time of publication.",... ,... , ...,"Estimates were not available at the time of publication.",... ,... , ...,"Estimates were not available at the time of publication.",... ,... , ...,"Estimates were not available at the time of publication.",... ,... , ...,"Estimates were not available at the time of publication.",... ,... , ...,"Estimates were not available at the time of publication.",... ,... , ...,"Estimates were not available at the time of publication.",... ,... , ...,"Estimates were not available at the time of publication.",... ,... , ...,"Estimates were not available at the time of publication.",... ,... , ...,"Estimates were not available at the time of publication.",... ,... , ...,"Estimates were not available at the time of publication.",... ,... , ...,"Estimates were not available at the time of publication.",... ,... , ...,"Estimates were not available at the time of publication.",... ,... , ...,"Estimates were not available at the time of publication.",... ,... , ...,"Estimates were not available at the time of publication.",... ,... , ...,"Estimates were not available at the time of publication.",... ,... , ...,"Estimates were not available at the time of publication.",... ,... , ...,"Estimates were not available at the time of publication.",... ,... , ...,"Estimates were not available at the time of publication."
Rwanda,42 000 ,31 000 , 71 000,,51 000 ,37 000 , 81 000,,61 000 ,44 000 , 88 000,,71 000 ,55 000 , 96 000,,41 000 ,32 000 , 51 000,,49 000 ,40 000 , 58 000,,64 000 ,54 000 , 75 000,,71 000 ,61 000 , 81 000,,75 000 ,65 000 , 85 000,,77 000 ,68 000 , 87 000,,79 000 ,70 000 , 88 000,,80 000 ,72 000 , 89 000,,80 000 ,72 000 , 88 000,,78 000 ,71 000 , 87 000,,77 000 ,71 000 , 85 000,,77 000 ,71 000 , 86 000,,78 000 ,72 000 , 86 000,,78 000 ,72 000 , 87 000,,79 000 ,74 000 , 89 000,,80 000 ,75 000 , 91 000,,82 000 ,76 000 , 91 000,,83 000 ,77 000 , 93 000,,84 000 ,78 000 , 95 000,,85 000 ,79 000 , 96 000,,86 000 ,80 000 , 97 000,,87 000 ,81 000 , 98 000,,87 000 ,81 000 , 99 000,,88 000 ,81 000 , 99 000,,88 000 ,81 000 , 99 000,,87 000 ,81 000 , 99 000,,87 000 ,81 000 , 99 000,,87 000 ,80 000 , 99 000,,86 000 ,79 000 , 98 000,,85 000 ,79 000 , 97 000,,84 000 ,77 000 , 96 000,
Saint Kitts and Nevis,<100 ,<100 , <100,"Countries with a UNAIDS-approved estimate and population less than 250000 in 2024; not included in regional or global totals",<100 ,<100 , <100,"Countries with a UNAIDS-approved estimate and population less than 250000 in 2024; not included in regional or global totals",<100 ,<100 , <100,"Countries with a UNAIDS-approved estimate and population less than 250000 in 2024; not included in regional or global totals",<100 ,<100 , <100,"Countries with a UNAIDS-approved estimate and population less than 250000 in 2024; not included in regional or global totals",<100 ,<100 , <100,"Countries with a UNAIDS-approved estimate and population less than 250000 in 2024; not included in regional or global totals",<100 ,<100 , <100,"Countries with a UNAIDS-approved estimate and population less than 250000 in 2024; not included in regional or global totals",<100 ,<100 , <100,"Countries with a UNAIDS-approved estimate and population less than 250000 in 2024; not included in regional or global totals",<100 ,<100 , <100,"Countries with a UNAIDS-approved estimate and population less than 250000 in 2024; not included in regional or global totals",<100 ,<100 , <100,"Countries with a UNAIDS-approved estimate and population less than 250000 in 2024; not included in regional or global totals",<100 ,<100 , <100,"Countries with a UNAIDS-approved estimate and population less than 250000 in 2024; not included in regional or global totals",<100 ,<100 , <100,"Countries with a UNAIDS-approved estimate and population less than 250000 in 2024; not included in regional or global totals",<100 ,<100 , <100,"Countries with a UNAIDS-approved estimate and population less than 250000 in 2024; not included in regional or global totals",<100 ,<100 , <100,"Countries with a UNAIDS-approved estimate and population less than 250000 in 2024; not included in regional or global totals",<100 ,<100 , <100,"Countries with a UNAIDS-approved estimate and population less than 250000 in 2024; not included in regional or global totals",<100 ,<100 , <100,"Countries with a UNAIDS-approved estimate and population less than 250000 in 2024; not included in regional or global totals",<100 ,<100 , <100,"Countries with a UNAIDS-approved estimate and population less than 250000 in 2024; not included in regional or global totals",<100 ,<100 , <100,"Countries with a UNAIDS-approved estimate and population less than 250000 in 2024; not included in regional or global totals",<100 ,<100 , <200,"Countries with a UNAIDS-approved estimate and population less than 250000 in 2024; not included in regional or global totals",<100 ,<100 , <200,"Countries with a UNAIDS-approved estimate and population less than 250000 in 2024; not included in regional or global totals",<200 ,<100 , <200,"Countries with a UNAIDS-approved estimate and population less than 250000 in 2024; not included in regional or global totals",<200 ,<100 , <200,"Countries with a UNAIDS-approved estimate and population less than 250000 in 2024; not included in regional or global totals",<200 ,<100 , <200,"Countries with a UNAIDS-approved estimate and population less than 250000 in 2024; not included in regional or global totals",<200 ,<200 , <200,"Countries with a UNAIDS-approved estimate and population less than 250000 in 2024; not included in regional or global totals",<200 ,<200 , <200,"Countries with a UNAIDS-approved estimate and population less than 250000 in 2024; not included in regional or global totals",<200 ,<200 , <200,"Countries with a UNAIDS-approved estimate and population less than 250000 in 2024; not included in regional or global totals",<200 ,<200 , <200,"Countries with a UNAIDS-approved estimate and population less than 250000 in 2024; not included in regional or global totals",<200 ,<200 , <200,"Countries with a UNAIDS-approved estimate and population less than 250000 in 2024; not included in regional or global totals",<200 ,<200 , <200,"Countries with a UNAIDS-approved estimate and population less than 250000 in 2024; not included in regional or global totals",<200 ,<200 , <200,"Countries with a UNAIDS-approved estimate and population less than 250000 in 2024; not included in regional or global totals",<200 ,<200 , <200,"Countries with a UNAIDS-approved estimate and population less than 250000 in 2024; not included in regional or global totals",<200 ,<200 , <200,"Countries with a UNAIDS-approved estimate and population less than 250000 in 2024; not included in regional or global totals",<200 ,<200 , <200,"Countries with a UNAIDS-approved estimate and population less than 250000 in 2024; not included in regional or global totals",<200 ,<200 , <200,"Countries with a UNAIDS-approved estimate and population less than 250000 in 2024; not included in regional or global totals",<200 ,<200 , <200,"Countries with a UNAIDS-approved estimate and population less than 250000 in 2024; not included in regional or global totals",<200 ,<200 , <500,"Countries with a UNAIDS-approved estimate and population less than 250000 in 2024; not included in regional or global totals"
Saint Lucia,<100 ,<100 , <100,"Countries with a UNAIDS-approved estimate and population less than 250000 in 2024; not included in regional or global totals",<100 ,<100 , <100,"Countries with a UNAIDS-approved estimate and population less than 250000 in 2024; not included in regional or global totals",<100 ,<100 , <100,"Countries with a UNAIDS-approved estimate and population less than 250000 in 2024; not included in regional or global totals",<100 ,<100 , <100,"Countries with a UNAIDS-approved estimate and population less than 250000 in 2024; not included in regional or global totals",<100 ,<100 , <100,"Countries with a UNAIDS-approved estimate and population less than 250000 in 2024; not included in regional or global totals",<100 ,<100 , <100,"Countries with a UNAIDS-approved estimate and population less than 250000 in 2024; not included in regional or global totals",<100 ,<100 , <200,"Countries with a UNAIDS-approved estimate and population less than 250000 in 2024; not included in regional or global totals",<100 ,<100 , <200,"Countries with a UNAIDS-approved estimate and population less than 250000 in 2024; not included in regional or global totals",<100 ,<100 , <200,"Countries with a UNAIDS-approved estimate and population less than 250000 in 2024; not included in regional or global totals",<200 ,<100 , <200,"Countries with a UNAIDS-approved estimate and population less than 250000 in 2024; not included in regional or global totals",<200 ,<100 , <200,"Countries with a UNAIDS-approved estimate and population less than 250000 in 2024; not included in regional or global totals",<200 ,<200 , <200,"Countries with a UNAIDS-approved estimate and population less than 250000 in 2024; not included in regional or global totals",<200 ,<200 , <200,"Countries with a UNAIDS-approved estimate and population less than 250000 in 2024; not included in regional or global totals",<200 ,<200 , <200,"Countries with a UNAIDS-approved estimate and population less than 250000 in 2024; not included in regional or global totals",<200 ,<200 , <200,"Countries with a UNAIDS-approved estimate and population less than 250000 in 2024; not included in regional or global totals",<200 ,<200 , <200,"Countries with a UNAIDS-approved estimate and population less than 250000 in 2024; not included in regional or global totals",<200 ,<200 , <200,"Countries with a UNAIDS-approved estimate and population less than 250000 in 2024; not included in regional or global totals",<200 ,<200 , <500,"Countries with a UNAIDS-approved estimate and population less than 250000 in 2024; not included in regional or global totals",<200 ,<200 , <500,"Countries with a UNAIDS-approved estimate and population less than 250000 in 2024; not included in regional or global totals",<500 ,<200 , <500,"Countries with a UNAIDS-approved estimate and population less than 250000 in 2024; not included in regional or global totals",<500 ,<200 , <500,"Countries with a UNAIDS-approved estimate and population less than 250000 in 2024; not included in regional or global totals",<500 ,<500 , <500,"Countries with a UNAIDS-approved estimate and population less than 250000 in 2024; not included in regional or global totals",<500 ,<500 , <500,"Countries with a UNAIDS-approved estimate and population less than 250000 in 2024; not included in regional or global totals",<500 ,<500 , <500,"Countries with a UNAIDS-approved estimate and population less than 250000 in 2024; not included in regional or global totals",<500 ,<500 , <500,"Countries with a UNAIDS-approved estimate and population less than 250000 in 2024; not included in regional or global totals",<500 ,<500 , <500,"Countries with a UNAIDS-approved estimate and population less than 250000 in 2024; not included in regional or global totals",<500 ,<500 , <500,"Countries with a UNAIDS-approved estimate and population less than 250000 in 2024; not included in regional or global totals",<500 ,<500 , <500,"Countries with a UNAIDS-approved estimate and population less than 250000 in 2024; not included in regional or global totals",<500 ,<500 , <500,"Countries with a UNAIDS-approved estimate and population less than 250000 in 2024; not included in regional or global totals",<500 ,<500 , <500,"Countries with a UNAIDS-approved estimate and population less than 250000 in 2024; not included in regional or global totals",<500 ,<500 , <500,"Countries with a UNAIDS-approved estimate and population less than 250000 in 2024; not included in regional or global totals",<500 ,<500 , <500,"Countries with a UNAIDS-approved estimate and population less than 250000 in 2024; not included in regional or global totals",<500 ,<500 , <500,"Countries with a UNAIDS-approved estimate and population less than 250000 in 2024; not included in regional or global totals",<500 ,<500 , <500,"Countries with a UNAIDS-approved estimate and population less than 250000 in 2024; not included in regional or global totals",<500 ,<500 , <500,"Countries with a UNAIDS-approved estimate and population less than 250000 in 2024; not included in regional or global totals"
Saint Vincent and the Grenadines,<200 ,<200 , <200,"Countries with a UNAIDS-approved estimate and population less than 250000 in 2024; not included in regional or global totals",<200 ,<200 , <500,"Countries with a UNAIDS-approved estimate and population less than 250000 in 2024; not included in regional or global totals",<200 ,<200 , <500,"Countries with a UNAIDS-approved estimate and population less than 250000 in 2024; not included in regional or global totals",<500 ,<200 , <500,"Countries with a UNAIDS-approved estimate and population less than 250000 in 2024; not included in regional or global totals",<500 ,<500 , <500,"Countries with a UNAIDS-approved estimate and population less than 250000 in 2024; not included in regional or global totals",<500 ,<500 , <500,"Countries with a UNAIDS-approved estimate and population less than 250000 in 2024; not included in regional or global totals",<500 ,<500 , <500,"Countries with a UNAIDS-approved estimate and population less than 250000 in 2024; not included in regional or global totals",<500 ,<500 , <500,"Countries with a UNAIDS-approved estimate and population less than 250000 in 2024; not included in regional or global totals",<500 ,<500 , <500,"Countries with a UNAIDS-approved estimate and population less than 250000 in 2024; not included in regional or global totals",<500 ,<500 , <500,"Countries with a UNAIDS-approved estimate and population less than 250000 in 2024; not included in regional or global totals",<500 ,<500 , <500,"Countries with a UNAIDS-approved estimate and population less than 250000 in 2024; not included in regional or global totals",<500 ,<500 , <500,"Countries with a UNAIDS-approved estimate and population less than 250000 in 2024; not included in regional or global totals",<500 ,<500 , <500,"Countries with a UNAIDS-approved estimate and population less than 250000 in 2024; not included in regional or global totals",<500 ,<500 , <500,"Countries with a UNAIDS-approved estimate and population less than 250000 in 2024; not included in regional or global totals",<500 ,<500 , <500,"Countries with a UNAIDS-approved estimate and population less than 250000 in 2024; not included in regional or global totals",<500 ,<500 , <500,"Countries with a UNAIDS-approved estimate and population less than 250000 in 2024; not included in regional or global totals",<500 ,<500 , <500,"Countries with a UNAIDS-approved estimate and population less than 250000 in 2024; not included in regional or global totals",<500 ,<500 , <500,"Countries with a UNAIDS-approved estimate and population less than 250000 in 2024; not included in regional or global totals",<500 ,<500 , <500,"Countries with a UNAIDS-approved estimate and population less than 250000 in 2024; not included in regional or global totals",<500 ,<500 , <500,"Countries with a UNAIDS-approved estimate and population less than 250000 in 2024; not included in regional or global totals",<500 ,<500 , <500,"Countries with a UNAIDS-approved estimate and population less than 250000 in 2024; not included in regional or global totals",<500 ,<500 , <500,"Countries with a UNAIDS-approved estimate and population less than 250000 in 2024; not included in regional or global totals",<500 ,<500 , <500,"Countries with a UNAIDS-approved estimate and population less than 250000 in 2024; not included in regional or global totals",<500 ,<500 , <500,"Countries with a UNAIDS-approved estimate and population less than 250000 in 2024; not included in regional or global totals",<500 ,<500 , <500,"Countries with a UNAIDS-approved estimate and population less than 250000 in 2024; not included in regional or global totals",<500 ,<500 , <500,"Countries with a UNAIDS-approved estimate and population less than 250000 in 2024; not included in regional or global totals",<500 ,<500 , <500,"Countries with a UNAIDS-approved estimate and population less than 250000 in 2024; not included in regional or global totals",<500 ,<500 , <500,"Countries with a UNAIDS-approved estimate and population less than 250000 in 2024; not included in regional or global totals",<500 ,<500 , <500,"Countries with a UNAIDS-approved estimate and population less than 250000 in 2024; not included in regional or global totals",<500 ,<500 , <500,"Countries with a UNAIDS-approved estimate and population less than 250000 in 2024; not included in regional or global totals",<500 ,<500 , <500,"Countries with a UNAIDS-approved estimate and population less than 250000 in 2024; not included in regional or global totals",<500 ,<500 , <500,"Countries with a UNAIDS-approved estimate and population less than 250000 in 2024; not included in regional or global totals",<500 ,<500 , <500,"Countries with a UNAIDS-approved estimate and population less than 250000 in 2024; not included in regional or global totals",<500 ,<500 , <500,"Countries with a UNAIDS-approved estimate and population less than 250000 in 2024; not included in regional or global totals",<500 ,<500 , <500,"Countries with a UNAIDS-approved estimate and population less than 250000 in 2024; not included in regional or global totals"
Sao Tome and Principe,... ,... , ...,"Estimates were not available at the time of publication.",... ,... , ...,"Estimates were not available at the time of publication.",... ,... , ...,"Estimates were not available at the time of publication.",... ,... , ...,"Estimates were not available at the time of publication.",... ,... , ...,"Estimates were not available at the time of publication.",... ,... , ...,"Estimates were not available at the time of publication.",... ,... , ...,"Estimates were not available at the time of publication.",... ,... , ...,"Estimates were not available at the time of publication.",... ,... , ...,"Estimates were not available at the time of publication.",... ,... , ...,"Estimates were not available at the time of publication.",... ,... , ...,"Estimates were not available at the time of publication.",... ,... , ...,"Estimates were not available at the time of publication.",... ,... , ...,"Estimates were not available at the time of publication.",... ,... , ...,"Estimates were not available at the time of publication.",... ,... , ...,"Estimates were not available at the time of publication.",... ,... , ...,"Estimates were not available at the time of publication.",... ,... , ...,"Estimates were not available at the time of publication.",... ,... , ...,"Estimates were not available at the time of publication.",... ,... , ...,"Estimates were not available at the time of publication.",... ,... , ...,"Estimates were not available at the time of publication.",... ,... , ...,"Estimates were not available at the time of publication.",... ,... , ...,"Estimates were not available at the time of publication.",... ,... , ...,"Estimates were not available at the time of publication.",... ,... , ...,"Estimates were not available at the time of publication.",... ,... , ...,"Estimates were not available at the time of publication.",... ,... , ...,"Estimates were not available at the time of publication.",... ,... , ...,"Estimates were not available at the time of publication.",... ,... , ...,"Estimates were not available at the time of publication.",... ,... , ...,"Estimates were not available at the time of publication.",... ,... , ...,"Estimates were not available at the time of publication.",... ,... , ...,"Estimates were not available at the time of publication.",... ,... , ...,"Estimates were not available at the time of publication.",... ,... , ...,"Estimates were not available at the time of publication.",... ,... , ...,"Estimates were not available at the time of publication.",... ,... , ...,"Estimates were not available at the time of publication."
Saudi Arabia,1200 ,820 , 1700,"Children estimates were not available at the time of publication.",1500 ,1100 , 2000,"Children estimates were not available at the time of publication.",1800 ,1400 , 2400,"Children estimates were not available at the time of publication.",2200 ,1700 , 2900,"Children estimates were not available at the time of publication.",2600 ,2100 , 3300,"Children estimates were not available at the time of publication.",3100 ,2500 , 3800,"Children estimates were not available at the time of publication.",3600 ,3000 , 4300,"Children estimates were not available at the time of publication.",4100 ,3500 , 4800,"Children estimates were not available at the time of publication.",4600 ,4000 , 5200,"Children estimates were not available at the time of publication.",5000 ,4500 , 5600,"Children estimates were not available at the time of publication.",5400 ,5000 , 6000,"Children estimates were not available at the time of publication.",5700 ,5300 , 6300,"Children estimates were not available at the time of publication.",5900 ,5400 , 6400,"Children estimates were not available at the time of publication.",6100 ,5400 , 6500,"Children estimates were not available at the time of publication.",6100 ,5400 , 6600,"Children estimates were not available at the time of publication.",6200 ,5400 , 6700,"Children estimates were not available at the time of publication.",6100 ,5400 , 6700,"Children estimates were not available at the time of publication.",6100 ,5400 , 6700,"Children estimates were not available at the time of publication.",6100 ,5400 , 6700,"Children estimates were not available at the time of publication.",6000 ,5300 , 6700,"Children estimates were not available at the time of publication.",6000 ,5200 , 6600,"Children estimates were not available at the time of publication.",5900 ,5200 , 6500,"Children estimates were not available at the time of publication.",5800 ,5200 , 6400,"Children estimates were not available at the time of publication.",5700 ,5200 , 6300,"Children estimates were not available at the time of publication.",5700 ,5200 , 6300,"Children estimates were not available at the time of publication.",5900 ,5300 , 6400,"Children estimates were not available at the time of publication.",5900 ,5400 , 6400,"Children estimates were not available at the time of publication.",6200 ,5600 , 6700,"Children estimates were not available at the time of publication.",6500 ,6000 , 7000,"Children estimates were not available at the time of publication.",6900 ,6400 , 7400,"Children estimates were not available at the time of publication.",7400 ,6900 , 8000,"Children estimates were not available at the time of publication.",8100 ,7600 , 8700,"Children estimates were not available at the time of publication.",8900 ,8400 , 9800,"Children estimates were not available at the time of publication.",10 000 ,9400 , 11 000,"Children estimates were not available at the time of publication.",11 000 ,10 000 , 13 000,"Children estimates were not available at the time of publication."
Senegal,3100 ,2700 , 3400,,3800 ,3400 , 4200,,4800 ,4300 , 5300,,6000 ,5400 , 6600,,7300 ,6600 , 8000,,8800 ,7900 , 9700,,10 000 ,9400 , 11 000,,12 000 ,11 000 , 14 000,,14 000 ,13 000 , 16 000,,16 000 ,15 000 , 18 000,,18 000 ,17 000 , 20 000,,19 000 ,18 000 , 21 000,,20 000 ,19 000 , 22 000,,21 000 ,19 000 , 23 000,,20 000 ,19 000 , 22 000,,20 000 ,19 000 , 22 000,,20 000 ,18 000 , 21 000,,19 000 ,18 000 , 21 000,,19 000 ,18 000 , 20 000,,19 000 ,17 000 , 20 000,,18 000 ,17 000 , 20 000,,18 000 ,17 000 , 19 000,,17 000 ,16 000 , 19 000,,17 000 ,16 000 , 18 000,,17 000 ,16 000 , 18 000,,16 000 ,16 000 , 18 000,,16 000 ,15 000 , 17 000,,16 000 ,15 000 , 17 000,,16 000 ,15 000 , 17 000,,17 000 ,16 000 , 18 000,,17 000 ,16 000 , 18 000,,17 000 ,16 000 , 19 000,,18 000 ,17 000 , 20 000,,19 000 ,18 000 , 21 000,,20 000 ,19 000 , 22 000,
Serbia,<500 ,<500 , 590,"Children estimates were not available at the time of publication.",<500 ,<500 , 650,"Children estimates were not available at the time of publication.",550 ,<500 , 710,"Children estimates were not available at the time of publication.",590 ,<500 , 750,"Children estimates were not available at the time of publication.",630 ,<500 , 790,"Children estimates were not available at the time of publication.",660 ,<500 , 830,"Children estimates were not available at the time of publication.",690 ,520 , 850,"Children estimates were not available at the time of publication.",710 ,540 , 870,"Children estimates were not available at the time of publication.",730 ,580 , 900,"Children estimates were not available at the time of publication.",750 ,590 , 910,"Children estimates were not available at the time of publication.",770 ,600 , 930,"Children estimates were not available at the time of publication.",790 ,620 , 960,"Children estimates were not available at the time of publication.",820 ,650 , 990,"Children estimates were not available at the time of publication.",890 ,700 , 1100,"Children estimates were not available at the time of publication.",970 ,780 , 1200,"Children estimates were not available at the time of publication.",1100 ,860 , 1300,"Children estimates were not available at the time of publication.",1200 ,940 , 1400,"Children estimates were not available at the time of publication.",1300 ,1000 , 1600,"Children estimates were not available at the time of publication.",1400 ,1100 , 1700,"Children estimates were not available at the time of publication.",1600 ,1200 , 1800,"Children estimates were not available at the time of publication.",1700 ,1300 , 2000,"Children estimates were not available at the time of publication.",1800 ,1400 , 2100,"Children estimates were not available at the time of publication.",2000 ,1500 , 2300,"Children estimates were not available at the time of publication.",2100 ,1600 , 2400,"Children estimates were not available at the time of publication.",2200 ,1800 , 2600,"Children estimates were not available at the time of publication.",2400 ,1900 , 2700,"Children estimates were not available at the time of publication.",2500 ,2000 , 2900,"Children estimates were not available at the time of publication.",2600 ,2100 , 3000,"Children estimates were not available at the time of publication.",2800 ,2200 , 3200,"Children estimates were not available at the time of publication.",2900 ,2300 , 3400,"Children estimates were not available at the time of publication.",3100 ,2500 , 3500,"Children estimates were not available at the time of publication.",3200 ,2600 , 3700,"Children estimates were not available at the time of publication.",3300 ,2700 , 3900,"Children estimates were not available at the time of publication.",3500 ,2800 , 4100,"Children estimates were not available at the time of publication.",3600 ,3000 , 4200,"Children estimates were not available at the time of publication."
Sierra Leone,6400 ,3200 , 10 000,,7400 ,3900 , 11 000,,8500 ,4600 , 13 000,,9700 ,5600 , 14 000,,11 000 ,6800 , 16 000,,12 000 ,7800 , 16 000,,13 000 ,9000 , 17 000,,14 000 ,10 000 , 18 000,,15 000 ,11 000 , 19 000,,15 000 ,12 000 , 20 000,,16 000 ,13 000 , 21 000,,18 000 ,15 000 , 22 000,,19 000 ,15 000 , 23 000,,19 000 ,16 000 , 24 000,,20 000 ,17 000 , 24 000,,20 000 ,17 000 , 24 000,,21 000 ,17 000 , 24 000,,21 000 ,18 000 , 25 000,,21 000 ,18 000 , 25 000,,22 000 ,19 000 , 26 000,,23 000 ,20 000 , 26 000,,23 000 ,20 000 , 27 000,,24 000 ,21 000 , 27 000,,24 000 ,21 000 , 28 000,,24 000 ,21 000 , 28 000,,25 000 ,21 000 , 28 000,,25 000 ,22 000 , 29 000,,25 000 ,22 000 , 29 000,,26 000 ,22 000 , 30 000,,26 000 ,22 000 , 30 000,,26 000 ,22 000 , 30 000,,26 000 ,22 000 , 31 000,,26 000 ,22 000 , 31 000,,26 000 ,22 000 , 31 000,,26 000 ,22 000 , 31 000,
Singapore,<200 ,<200 , <200,"Children estimates were not available at the time of publication.",<200 ,<200 , <500,"Children estimates were not available at the time of publication.",<500 ,<200 , <500,"Children estimates were not available at the time of publication.",<500 ,<500 , <500,"Children estimates were not available at the time of publication.",<500 ,<500 , <500,"Children estimates were not available at the time of publication.",<500 ,<500 , <500,"Children estimates were not available at the time of publication.",<500 ,<500 , 560,"Children estimates were not available at the time of publication.",600 ,520 , 680,"Children estimates were not available at the time of publication.",720 ,630 , 810,"Children estimates were not available at the time of publication.",850 ,750 , 960,"Children estimates were not available at the time of publication.",1000 ,880 , 1100,"Children estimates were not available at the time of publication.",1200 ,1000 , 1300,"Children estimates were not available at the time of publication.",1400 ,1200 , 1500,"Children estimates were not available at the time of publication.",1600 ,1400 , 1700,"Children estimates were not available at the time of publication.",1800 ,1500 , 2000,"Children estimates were not available at the time of publication.",2000 ,1700 , 2200,"Children estimates were not available at the time of publication.",2300 ,2000 , 2500,"Children estimates were not available at the time of publication.",2500 ,2200 , 2800,"Children estimates were not available at the time of publication.",2900 ,2500 , 3200,"Children estimates were not available at the time of publication.",3200 ,2700 , 3600,"Children estimates were not available at the time of publication.",3600 ,3000 , 4000,"Children estimates were not available at the time of publication.",4000 ,3400 , 4500,"Children estimates were not available at the time of publication.",4400 ,3700 , 4900,"Children estimates were not available at the time of publication.",4800 ,4000 , 5400,"Children estimates were not available at the time of publication.",5100 ,4300 , 5900,"Children estimates were not available at the time of publication.",5500 ,4500 , 6400,"Children estimates were not available at the time of publication.",5800 ,4800 , 6800,"Children estimates were not available at the time of publication.",6100 ,5000 , 7200,"Children estimates were not available at the time of publication.",6400 ,5200 , 7500,"Children estimates were not available at the time of publication.",6600 ,5400 , 7700,"Children estimates were not available at the time of publication.",6800 ,5600 , 8000,"Children estimates were not available at the time of publication.",7000 ,5700 , 8200,"Children estimates were not available at the time of publication.",7100 ,5700 , 8300,"Children estimates were not available at the time of publication.",7200 ,5800 , 8400,"Children estimates were not available at the time of publication.",7200 ,5800 , 8500,"Children estimates were not available at the time of publication."
Slovakia,<100 ,<100 , <100,"Children estimates were not available at the time of publication.",<100 ,<100 , <100,"Children estimates were not available at the time of publication.",<100 ,<100 , <100,"Children estimates were not available at the time of publication.",<100 ,<100 , <100,"Children estimates were not available at the time of publication.",<100 ,<100 , <100,"Children estimates were not available at the time of publication.",<100 ,<100 , <100,"Children estimates were not available at the time of publication.",<100 ,<100 , <100,"Children estimates were not available at the time of publication.",<100 ,<100 , <200,"Children estimates were not available at the time of publication.",<100 ,<100 , <200,"Children estimates were not available at the time of publication.",<200 ,<100 , <200,"Children estimates were not available at the time of publication.",<200 ,<100 , <200,"Children estimates were not available at the time of publication.",<200 ,<200 , <200,"Children estimates were not available at the time of publication.",<200 ,<200 , <200,"Children estimates were not available at the time of publication.",<200 ,<200 , <500,"Children estimates were not available at the time of publication.",<200 ,<200 , <500,"Children estimates were not available at the time of publication.",<500 ,<200 , <500,"Children estimates were not available at the time of publication.",<500 ,<200 , <500,"Children estimates were not available at the time of publication.",<500 ,<500 , <500,"Children estimates were not available at the time of publication.",<500 ,<500 , <500,"Children estimates were not available at the time of publication.",<500 ,<500 , <500,"Children estimates were not available at the time of publication.",<500 ,<500 , <500,"Children estimates were not available at the time of publication.",<500 ,<500 , <500,"Children estimates were not available at the time of publication.",<500 ,<500 , 520,"Children estimates were not available at the time of publication.",<500 ,<500 , 590,"Children estimates were not available at the time of publication.",550 ,<500 , 670,"Children estimates were not available at the time of publication.",620 ,<500 , 750,"Children estimates were not available at the time of publication.",690 ,550 , 820,"Children estimates were not available at the time of publication.",780 ,610 , 920,"Children estimates were not available at the time of publication.",860 ,680 , 1000,"Children estimates were not available at the time of publication.",950 ,750 , 1100,"Children estimates were not available at the time of publication.",1000 ,820 , 1200,"Children estimates were not available at the time of publication.",1100 ,900 , 1300,"Children estimates were not available at the time of publication.",1300 ,1100 , 1500,"Children estimates were not available at the time of publication.",1400 ,1200 , 1600,"Children estimates were not available at the time of publication.",1500 ,1200 , 1800,"Children estimates were not available at the time of publication."
Slovenia,<100 ,<100 , <200,"Children estimates were not available at the time of publication.",<100 ,<100 , <200,"Children estimates were not available at the time of publication.",<100 ,<100 , <200,"Children estimates were not available at the time of publication.",<100 ,<100 , <200,"Children estimates were not available at the time of publication.",<100 ,<100 , <200,"Children estimates were not available at the time of publication.",<200 ,<100 , <200,"Children estimates were not available at the time of publication.",<200 ,<100 , <200,"Children estimates were not available at the time of publication.",<200 ,<100 , <200,"Children estimates were not available at the time of publication.",<200 ,<100 , <200,"Children estimates were not available at the time of publication.",<200 ,<100 , <200,"Children estimates were not available at the time of publication.",<200 ,<200 , <200,"Children estimates were not available at the time of publication.",<200 ,<200 , <500,"Children estimates were not available at the time of publication.",<200 ,<200 , <500,"Children estimates were not available at the time of publication.",<200 ,<200 , <500,"Children estimates were not available at the time of publication.",<200 ,<200 , <500,"Children estimates were not available at the time of publication.",<500 ,<200 , <500,"Children estimates were not available at the time of publication.",<500 ,<200 , <500,"Children estimates were not available at the time of publication.",<500 ,<500 , <500,"Children estimates were not available at the time of publication.",<500 ,<500 , <500,"Children estimates were not available at the time of publication.",<500 ,<500 , <500,"Children estimates were not available at the time of publication.",<500 ,<500 , <500,"Children estimates were not available at the time of publication.",<500 ,<500 , 510,"Children estimates were not available at the time of publication.",<500 ,<500 , 550,"Children estimates were not available at the time of publication.",<500 ,<500 , 600,"Children estimates were not available at the time of publication.",530 ,<500 , 640,"Children estimates were not available at the time of publication.",560 ,<500 , 680,"Children estimates were not available at the time of publication.",600 ,<500 , 720,"Children estimates were not available at the time of publication.",640 ,<500 , 770,"Children estimates were not available at the time of publication.",680 ,520 , 810,"Children estimates were not available at the time of publication.",710 ,550 , 850,"Children estimates were not available at the time of publication.",740 ,570 , 880,"Children estimates were not available at the time of publication.",770 ,590 , 920,"Children estimates were not available at the time of publication.",800 ,620 , 960,"Children estimates were not available at the time of publication.",830 ,640 , 990,"Children estimates were not available at the time of publication.",850 ,660 , 1000,"Children estimates were not available at the time of publication."
Solomon Islands,... ,... , ...,"Estimates were not available at the time of publication.",... ,... , ...,"Estimates were not available at the time of publication.",... ,... , ...,"Estimates were not available at the time of publication.",... ,... , ...,"Estimates were not available at the time of publication.",... ,... , ...,"Estimates were not available at the time of publication.",... ,... , ...,"Estimates were not available at the time of publication.",... ,... , ...,"Estimates were not available at the time of publication.",... ,... , ...,"Estimates were not available at the time of publication.",... ,... , ...,"Estimates were not available at the time of publication.",... ,... , ...,"Estimates were not available at the time of publication.",... ,... , ...,"Estimates were not available at the time of publication.",... ,... , ...,"Estimates were not available at the time of publication.",... ,... , ...,"Estimates were not available at the time of publication.",... ,... , ...,"Estimates were not available at the time of publication.",... ,... , ...,"Estimates were not available at the time of publication.",... ,... , ...,"Estimates were not available at the time of publication.",... ,... , ...,"Estimates were not available at the time of publication.",... ,... , ...,"Estimates were not available at the time of publication.",... ,... , ...,"Estimates were not available at the time of publication.",... ,... , ...,"Estimates were not available at the time of publication.",... ,... , ...,"Estimates were not available at the time of publication.",... ,... , ...,"Estimates were not available at the time of publication.",... ,... , ...,"Estimates were not available at the time of publication.",... ,... , ...,"Estimates were not available at the time of publication.",... ,... , ...,"Estimates were not available at the time of publication.",... ,... , ...,"Estimates were not available at the time of publication.",... ,... , ...,"Estimates were not available at the time of publication.",... ,... , ...,"Estimates were not available at the time of publication.",... ,... , ...,"Estimates were not available at the time of publication.",... ,... , ...,"Estimates were not available at the time of publication.",... ,... , ...,"Estimates were not available at the time of publication.",... ,... , ...,"Estimates were not available at the time of publication.",... ,... , ...,"Estimates were not available at the time of publication.",... ,... , ...,"Estimates were not available at the time of publication.",... ,... , ...,"Estimates were not available at the time of publication."
Somalia,3500 ,1700 , 6500,,3700 ,1900 , 6800,,4000 ,2100 , 7100,,4500 ,2500 , 7800,,4800 ,2800 , 7900,,5100 ,3000 , 8000,,5300 ,3300 , 8200,,5400 ,3500 , 8200,,5500 ,3600 , 8200,,5600 ,3800 , 8200,,5600 ,3900 , 8000,,5500 ,4000 , 7800,,5500 ,4100 , 7500,,5400 ,4100 , 7300,,5200 ,4000 , 7000,,5100 ,4000 , 6600,,4900 ,3900 , 6300,,4700 ,3800 , 6000,,4600 ,3700 , 5700,,4400 ,3700 , 5400,,4300 ,3600 , 5200,,4000 ,3400 , 4800,,3900 ,3300 , 4600,,3800 ,3300 , 4400,,3700 ,3200 , 4300,,3600 ,3200 , 4200,,3600 ,3100 , 4100,,3500 ,3100 , 4000,,3500 ,3000 , 3900,,3400 ,3000 , 3900,,3400 ,3000 , 3800,,3400 ,2900 , 3800,,3300 ,2900 , 3700,,3300 ,2900 , 3700,,3300 ,2900 , 3700,
South Africa,130 000 ,120 000 , 160 000,,200 000 ,180 000 , 240 000,,300 000 ,260 000 , 350 000,,420 000 ,370 000 , 480 000,,550 000 ,490 000 , 650 000,,700 000 ,620 000 , 810 000,,850 000 ,760 000 , 980 000,,990 000 ,890 000 , 1 100 000,,1 100 000 ,1 000 000 , 1 300 000,,1 200 000 ,1 100 000 , 1 400 000,,1 300 000 ,1 200 000 , 1 500 000,,1 400 000 ,1 300 000 , 1 600 000,,1 500 000 ,1 300 000 , 1 700 000,,1 500 000 ,1 400 000 , 1 700 000,,1 600 000 ,1 400 000 , 1 800 000,,1 600 000 ,1 500 000 , 1 800 000,,1 700 000 ,1 500 000 , 1 900 000,,1 700 000 ,1 600 000 , 1 900 000,,1 800 000 ,1 600 000 , 2 000 000,,1 800 000 ,1 700 000 , 2 000 000,,1 900 000 ,1 700 000 , 2 100 000,,2 000 000 ,1 800 000 , 2 200 000,,2 000 000 ,1 900 000 , 2 300 000,,2 100 000 ,1 900 000 , 2 300 000,,2 200 000 ,2 000 000 , 2 400 000,,2 200 000 ,2 000 000 , 2 500 000,,2 300 000 ,2 100 000 , 2 500 000,,2 300 000 ,2 100 000 , 2 600 000,,2 400 000 ,2 200 000 , 2 600 000,,2 400 000 ,2 200 000 , 2 700 000,,2 500 000 ,2 300 000 , 2 700 000,,2 500 000 ,2 300 000 , 2 800 000,,2 500 000 ,2 300 000 , 2 800 000,,2 600 000 ,2 300 000 , 2 800 000,,2 600 000 ,2 300 000 , 2 800 000,
South Sudan,11 000 ,4500 , 20 000,,13 000 ,6100 , 23 000,,16 000 ,7500 , 25 000,,19 000 ,9300 , 27 000,,22 000 ,12 000 , 32 000,,25 000 ,14 000 , 36 000,,28 000 ,16 000 , 39 000,,31 000 ,18 000 , 42 000,,33 000 ,20 000 , 46 000,,35 000 ,22 000 , 48 000,,38 000 ,24 000 , 52 000,,40 000 ,26 000 , 54 000,,42 000 ,28 000 , 56 000,,44 000 ,31 000 , 58 000,,46 000 ,33 000 , 61 000,,48 000 ,35 000 , 64 000,,50 000 ,37 000 , 66 000,,52 000 ,39 000 , 69 000,,53 000 ,40 000 , 70 000,,55 000 ,42 000 , 72 000,,57 000 ,45 000 , 75 000,,59 000 ,46 000 , 76 000,,60 000 ,48 000 , 77 000,,61 000 ,49 000 , 77 000,,57 000 ,45 000 , 72 000,,56 000 ,45 000 , 69 000,,51 000 ,42 000 , 63 000,,46 000 ,38 000 , 57 000,,47 000 ,39 000 , 58 000,,48 000 ,40 000 , 58 000,,48 000 ,41 000 , 58 000,,47 000 ,40 000 , 57 000,,48 000 ,40 000 , 58 000,,50 000 ,42 000 , 60 000,,50 000 ,42 000 , 60 000,
Spain,58 000 ,46 000 , 68 000,,67 000 ,53 000 , 77 000,,74 000 ,59 000 , 85 000,,79 000 ,64 000 , 90 000,,82 000 ,67 000 , 93 000,,84 000 ,68 000 , 94 000,,85 000 ,69 000 , 95 000,,86 000 ,71 000 , 95 000,,87 000 ,73 000 , 97 000,,89 000 ,75 000 , 98 000,,90 000 ,77 000 , 99 000,,91 000 ,78 000 , 100 000,,94 000 ,81 000 , 100 000,,96 000 ,84 000 , 110 000,,99 000 ,87 000 , 110 000,,100 000 ,89 000 , 110 000,,100 000 ,91 000 , 110 000,,110 000 ,93 000 , 120 000,,110 000 ,95 000 , 120 000,,110 000 ,96 000 , 120 000,,110 000 ,97 000 , 120 000,,110 000 ,99 000 , 130 000,,110 000 ,99 000 , 130 000,,110 000 ,99 000 , 130 000,,120 000 ,99 000 , 130 000,,120 000 ,100 000 , 130 000,,120 000 ,100 000 , 130 000,,120 000 ,100 000 , 140 000,,120 000 ,100 000 , 140 000,,120 000 ,100 000 , 140 000,,130 000 ,110 000 , 140 000,,130 000 ,110 000 , 150 000,,130 000 ,110 000 , 150 000,,130 000 ,110 000 , 150 000,,130 000 ,110 000 , 150 000,
Sri Lanka,<100 ,<100 , <100,"Children estimates were not available at the time of publication.",<100 ,<100 , <100,"Children estimates were not available at the time of publication.",<200 ,<200 , <200,"Children estimates were not available at the time of publication.",<500 ,<500 , <500,"Children estimates were not available at the time of publication.",<500 ,<500 , <500,"Children estimates were not available at the time of publication.",560 ,<500 , 630,"Children estimates were not available at the time of publication.",780 ,660 , 900,"Children estimates were not available at the time of publication.",1100 ,890 , 1200,"Children estimates were not available at the time of publication.",1300 ,1100 , 1500,"Children estimates were not available at the time of publication.",1600 ,1400 , 1900,"Children estimates were not available at the time of publication.",1900 ,1600 , 2200,"Children estimates were not available at the time of publication.",2200 ,1900 , 2500,"Children estimates were not available at the time of publication.",2400 ,2000 , 2700,"Children estimates were not available at the time of publication.",2600 ,2200 , 2900,"Children estimates were not available at the time of publication.",2700 ,2300 , 3100,"Children estimates were not available at the time of publication.",2800 ,2400 , 3200,"Children estimates were not available at the time of publication.",2800 ,2400 , 3200,"Children estimates were not available at the time of publication.",2800 ,2400 , 3200,"Children estimates were not available at the time of publication.",2800 ,2400 , 3200,"Children estimates were not available at the time of publication.",2700 ,2400 , 3100,"Children estimates were not available at the time of publication.",2700 ,2300 , 3000,"Children estimates were not available at the time of publication.",2600 ,2200 , 2900,"Children estimates were not available at the time of publication.",2500 ,2200 , 2900,"Children estimates were not available at the time of publication.",2500 ,2200 , 2900,"Children estimates were not available at the time of publication.",2500 ,2200 , 2900,"Children estimates were not available at the time of publication.",2600 ,2300 , 3000,"Children estimates were not available at the time of publication.",2700 ,2400 , 3100,"Children estimates were not available at the time of publication.",2800 ,2500 , 3200,"Children estimates were not available at the time of publication.",3000 ,2700 , 3400,"Children estimates were not available at the time of publication.",3200 ,2800 , 3600,"Children estimates were not available at the time of publication.",3400 ,3000 , 3900,"Children estimates were not available at the time of publication.",3700 ,3200 , 4200,"Children estimates were not available at the time of publication.",4000 ,3400 , 4500,"Children estimates were not available at the time of publication.",4200 ,3700 , 4900,"Children estimates were not available at the time of publication.",4500 ,3900 , 5200,"Children estimates were not available at the time of publication."
Sudan,2600 ,1600 , 4800,,3100 ,1900 , 5500,,3600 ,2300 , 6300,,4200 ,2800 , 6900,,4800 ,3200 , 7600,,5300 ,3600 , 8100,,5700 ,4100 , 8700,,6200 ,4500 , 9100,,6700 ,4900 , 9700,,7200 ,5300 , 10 000,,7700 ,5800 , 11 000,,8100 ,6100 , 11 000,,8500 ,6400 , 12 000,,8900 ,6800 , 12 000,,9200 ,7100 , 12 000,,9500 ,7400 , 13 000,,9900 ,7600 , 13 000,,10 000 ,7900 , 14 000,,11 000 ,8200 , 14 000,,11 000 ,8700 , 14 000,,12 000 ,9000 , 15 000,,12 000 ,9300 , 15 000,,12 000 ,9700 , 16 000,,13 000 ,10 000 , 17 000,,14 000 ,11 000 , 18 000,,14 000 ,11 000 , 19 000,,15 000 ,12 000 , 20 000,,16 000 ,13 000 , 22 000,,17 000 ,13 000 , 23 000,,18 000 ,14 000 , 25 000,,20 000 ,15 000 , 28 000,,21 000 ,16 000 , 31 000,,23 000 ,17 000 , 34 000,,25 000 ,19 000 , 37 000,,27 000 ,20 000 , 41 000,
Suriname,<500 ,<200 , <500,,<500 ,<500 , <500,,<500 ,<500 , 630,,580 ,<500 , 770,,720 ,540 , 970,,910 ,700 , 1200,,1100 ,890 , 1400,,1300 ,1100 , 1700,,1600 ,1300 , 1900,,1800 ,1500 , 2200,,2100 ,1800 , 2400,,2300 ,2000 , 2600,,2500 ,2200 , 2800,,2700 ,2300 , 3000,,2800 ,2400 , 3200,,2900 ,2600 , 3300,,3000 ,2700 , 3400,,3100 ,2800 , 3500,,3200 ,2800 , 3600,,3300 ,2900 , 3700,,3400 ,3000 , 3700,,3500 ,3100 , 3900,,3500 ,3100 , 4000,,3600 ,3200 , 4000,,3700 ,3200 , 4100,,3700 ,3300 , 4200,,3800 ,3300 , 4200,,3900 ,3400 , 4300,,4000 ,3500 , 4400,,4100 ,3500 , 4500,,4200 ,3600 , 4700,,4300 ,3700 , 4800,,4300 ,3800 , 4900,,4400 ,3800 , 5000,,4500 ,3900 , 5100,
Sweden,960 ,780 , 1100,"Numbers are estimated by UNAIDS using the Spectrum model, based on the official national estimates. Any differences are within uncertainty margins of both sets of estimates, reflecting methodologies and assumptions. (https://pubmed.ncbi.nlm.nih.gov/39421951/).",1100 ,860 , 1200,"Numbers are estimated by UNAIDS using the Spectrum model, based on the official national estimates. Any differences are within uncertainty margins of both sets of estimates, reflecting methodologies and assumptions. (https://pubmed.ncbi.nlm.nih.gov/39421951/).",1100 ,920 , 1300,"Numbers are estimated by UNAIDS using the Spectrum model, based on the official national estimates. Any differences are within uncertainty margins of both sets of estimates, reflecting methodologies and assumptions. (https://pubmed.ncbi.nlm.nih.gov/39421951/).",1200 ,990 , 1400,"Numbers are estimated by UNAIDS using the Spectrum model, based on the official national estimates. Any differences are within uncertainty margins of both sets of estimates, reflecting methodologies and assumptions. (https://pubmed.ncbi.nlm.nih.gov/39421951/).",1300 ,1000 , 1400,"Numbers are estimated by UNAIDS using the Spectrum model, based on the official national estimates. Any differences are within uncertainty margins of both sets of estimates, reflecting methodologies and assumptions. (https://pubmed.ncbi.nlm.nih.gov/39421951/).",1300 ,1100 , 1500,"Numbers are estimated by UNAIDS using the Spectrum model, based on the official national estimates. Any differences are within uncertainty margins of both sets of estimates, reflecting methodologies and assumptions. (https://pubmed.ncbi.nlm.nih.gov/39421951/).",1400 ,1100 , 1600,"Numbers are estimated by UNAIDS using the Spectrum model, based on the official national estimates. Any differences are within uncertainty margins of both sets of estimates, reflecting methodologies and assumptions. (https://pubmed.ncbi.nlm.nih.gov/39421951/).",1500 ,1200 , 1700,"Numbers are estimated by UNAIDS using the Spectrum model, based on the official national estimates. Any differences are within uncertainty margins of both sets of estimates, reflecting methodologies and assumptions. (https://pubmed.ncbi.nlm.nih.gov/39421951/).",1600 ,1300 , 1800,"Numbers are estimated by UNAIDS using the Spectrum model, based on the official national estimates. Any differences are within uncertainty margins of both sets of estimates, reflecting methodologies and assumptions. (https://pubmed.ncbi.nlm.nih.gov/39421951/).",1800 ,1400 , 2000,"Numbers are estimated by UNAIDS using the Spectrum model, based on the official national estimates. Any differences are within uncertainty margins of both sets of estimates, reflecting methodologies and assumptions. (https://pubmed.ncbi.nlm.nih.gov/39421951/).",1900 ,1600 , 2100,"Numbers are estimated by UNAIDS using the Spectrum model, based on the official national estimates. Any differences are within uncertainty margins of both sets of estimates, reflecting methodologies and assumptions. (https://pubmed.ncbi.nlm.nih.gov/39421951/).",2100 ,1700 , 2300,"Numbers are estimated by UNAIDS using the Spectrum model, based on the official national estimates. Any differences are within uncertainty margins of both sets of estimates, reflecting methodologies and assumptions. (https://pubmed.ncbi.nlm.nih.gov/39421951/).",2200 ,1800 , 2500,"Numbers are estimated by UNAIDS using the Spectrum model, based on the official national estimates. Any differences are within uncertainty margins of both sets of estimates, reflecting methodologies and assumptions. (https://pubmed.ncbi.nlm.nih.gov/39421951/).",2400 ,1900 , 2700,"Numbers are estimated by UNAIDS using the Spectrum model, based on the official national estimates. Any differences are within uncertainty margins of both sets of estimates, reflecting methodologies and assumptions. (https://pubmed.ncbi.nlm.nih.gov/39421951/).",2500 ,2100 , 2900,"Numbers are estimated by UNAIDS using the Spectrum model, based on the official national estimates. Any differences are within uncertainty margins of both sets of estimates, reflecting methodologies and assumptions. (https://pubmed.ncbi.nlm.nih.gov/39421951/).",2700 ,2200 , 3000,"Numbers are estimated by UNAIDS using the Spectrum model, based on the official national estimates. Any differences are within uncertainty margins of both sets of estimates, reflecting methodologies and assumptions. (https://pubmed.ncbi.nlm.nih.gov/39421951/).",2900 ,2300 , 3200,"Numbers are estimated by UNAIDS using the Spectrum model, based on the official national estimates. Any differences are within uncertainty margins of both sets of estimates, reflecting methodologies and assumptions. (https://pubmed.ncbi.nlm.nih.gov/39421951/).",3000 ,2400 , 3400,"Numbers are estimated by UNAIDS using the Spectrum model, based on the official national estimates. Any differences are within uncertainty margins of both sets of estimates, reflecting methodologies and assumptions. (https://pubmed.ncbi.nlm.nih.gov/39421951/).",3200 ,2600 , 3600,"Numbers are estimated by UNAIDS using the Spectrum model, based on the official national estimates. Any differences are within uncertainty margins of both sets of estimates, reflecting methodologies and assumptions. (https://pubmed.ncbi.nlm.nih.gov/39421951/).",3300 ,2700 , 3800,"Numbers are estimated by UNAIDS using the Spectrum model, based on the official national estimates. Any differences are within uncertainty margins of both sets of estimates, reflecting methodologies and assumptions. (https://pubmed.ncbi.nlm.nih.gov/39421951/).",3500 ,2800 , 4000,"Numbers are estimated by UNAIDS using the Spectrum model, based on the official national estimates. Any differences are within uncertainty margins of both sets of estimates, reflecting methodologies and assumptions. (https://pubmed.ncbi.nlm.nih.gov/39421951/).",3600 ,3000 , 4100,"Numbers are estimated by UNAIDS using the Spectrum model, based on the official national estimates. Any differences are within uncertainty margins of both sets of estimates, reflecting methodologies and assumptions. (https://pubmed.ncbi.nlm.nih.gov/39421951/).",3800 ,3100 , 4300,"Numbers are estimated by UNAIDS using the Spectrum model, based on the official national estimates. Any differences are within uncertainty margins of both sets of estimates, reflecting methodologies and assumptions. (https://pubmed.ncbi.nlm.nih.gov/39421951/).",3900 ,3200 , 4500,"Numbers are estimated by UNAIDS using the Spectrum model, based on the official national estimates. Any differences are within uncertainty margins of both sets of estimates, reflecting methodologies and assumptions. (https://pubmed.ncbi.nlm.nih.gov/39421951/).",4100 ,3400 , 4600,"Numbers are estimated by UNAIDS using the Spectrum model, based on the official national estimates. Any differences are within uncertainty margins of both sets of estimates, reflecting methodologies and assumptions. (https://pubmed.ncbi.nlm.nih.gov/39421951/).",4200 ,3500 , 4800,"Numbers are estimated by UNAIDS using the Spectrum model, based on the official national estimates. Any differences are within uncertainty margins of both sets of estimates, reflecting methodologies and assumptions. (https://pubmed.ncbi.nlm.nih.gov/39421951/).",4400 ,3600 , 5000,"Numbers are estimated by UNAIDS using the Spectrum model, based on the official national estimates. Any differences are within uncertainty margins of both sets of estimates, reflecting methodologies and assumptions. (https://pubmed.ncbi.nlm.nih.gov/39421951/).",4500 ,3700 , 5200,"Numbers are estimated by UNAIDS using the Spectrum model, based on the official national estimates. Any differences are within uncertainty margins of both sets of estimates, reflecting methodologies and assumptions. (https://pubmed.ncbi.nlm.nih.gov/39421951/).",4700 ,3900 , 5400,"Numbers are estimated by UNAIDS using the Spectrum model, based on the official national estimates. Any differences are within uncertainty margins of both sets of estimates, reflecting methodologies and assumptions. (https://pubmed.ncbi.nlm.nih.gov/39421951/).",4800 ,4000 , 5600,"Numbers are estimated by UNAIDS using the Spectrum model, based on the official national estimates. Any differences are within uncertainty margins of both sets of estimates, reflecting methodologies and assumptions. (https://pubmed.ncbi.nlm.nih.gov/39421951/).",5000 ,4100 , 5700,"Numbers are estimated by UNAIDS using the Spectrum model, based on the official national estimates. Any differences are within uncertainty margins of both sets of estimates, reflecting methodologies and assumptions. (https://pubmed.ncbi.nlm.nih.gov/39421951/).",5100 ,4300 , 5900,"Numbers are estimated by UNAIDS using the Spectrum model, based on the official national estimates. Any differences are within uncertainty margins of both sets of estimates, reflecting methodologies and assumptions. (https://pubmed.ncbi.nlm.nih.gov/39421951/).",5200 ,4400 , 6100,"Numbers are estimated by UNAIDS using the Spectrum model, based on the official national estimates. Any differences are within uncertainty margins of both sets of estimates, reflecting methodologies and assumptions. (https://pubmed.ncbi.nlm.nih.gov/39421951/).",... ,... , ...,"Numbers are estimated by UNAIDS using the Spectrum model, based on the official national estimates. Any differences are within uncertainty margins of both sets of estimates, reflecting methodologies and assumptions. (https://pubmed.ncbi.nlm.nih.gov/39421951/).",... ,... , ...,"Numbers are estimated by UNAIDS using the Spectrum model, based on the official national estimates. Any differences are within uncertainty margins of both sets of estimates, reflecting methodologies and assumptions. (https://pubmed.ncbi.nlm.nih.gov/39421951/)."
Switzerland,4000 ,3300 , 4500,"Children estimates were not available at the time of publication.",4500 ,3700 , 5100,"Children estimates were not available at the time of publication.",4900 ,4100 , 5600,"Children estimates were not available at the time of publication.",5400 ,4400 , 6000,"Children estimates were not available at the time of publication.",5700 ,4700 , 6300,"Children estimates were not available at the time of publication.",5900 ,4900 , 6600,"Children estimates were not available at the time of publication.",6200 ,5200 , 6900,"Children estimates were not available at the time of publication.",6500 ,5400 , 7200,"Children estimates were not available at the time of publication.",6800 ,5700 , 7500,"Children estimates were not available at the time of publication.",7100 ,6000 , 7800,"Children estimates were not available at the time of publication.",7400 ,6200 , 8100,"Children estimates were not available at the time of publication.",7700 ,6600 , 8500,"Children estimates were not available at the time of publication.",8000 ,6800 , 8700,"Children estimates were not available at the time of publication.",8200 ,7000 , 9000,"Children estimates were not available at the time of publication.",8400 ,7200 , 9300,"Children estimates were not available at the time of publication.",8600 ,7400 , 9500,"Children estimates were not available at the time of publication.",8900 ,7500 , 9800,"Children estimates were not available at the time of publication.",9100 ,7700 , 10 000,"Children estimates were not available at the time of publication.",9400 ,8000 , 11 000,"Children estimates were not available at the time of publication.",9700 ,8200 , 11 000,"Children estimates were not available at the time of publication.",10 000 ,8500 , 11 000,"Children estimates were not available at the time of publication.",10 000 ,8700 , 12 000,"Children estimates were not available at the time of publication.",11 000 ,8900 , 12 000,"Children estimates were not available at the time of publication.",11 000 ,9100 , 12 000,"Children estimates were not available at the time of publication.",11 000 ,9300 , 13 000,"Children estimates were not available at the time of publication.",11 000 ,9500 , 13 000,"Children estimates were not available at the time of publication.",12 000 ,9700 , 14 000,"Children estimates were not available at the time of publication.",12 000 ,9900 , 14 000,"Children estimates were not available at the time of publication.",12 000 ,10 000 , 14 000,"Children estimates were not available at the time of publication.",12 000 ,10 000 , 14 000,"Children estimates were not available at the time of publication.",13 000 ,10 000 , 15 000,"Children estimates were not available at the time of publication.",13 000 ,10 000 , 15 000,"Children estimates were not available at the time of publication.",13 000 ,11 000 , 15 000,"Children estimates were not available at the time of publication.",13 000 ,11 000 , 15 000,"Children estimates were not available at the time of publication.",13 000 ,11 000 , 15 000,"Children estimates were not available at the time of publication."
Syrian Arab Republic,<100 ,<100 , <100,"Children estimates were not available at the time of publication.",<100 ,<100 , <100,"Children estimates were not available at the time of publication.",<100 ,<100 , <100,"Children estimates were not available at the time of publication.",<100 ,<100 , <100,"Children estimates were not available at the time of publication.",<100 ,<100 , <100,"Children estimates were not available at the time of publication.",<100 ,<100 , <200,"Children estimates were not available at the time of publication.",<100 ,<100 , <200,"Children estimates were not available at the time of publication.",<100 ,<100 , <200,"Children estimates were not available at the time of publication.",<200 ,<100 , <200,"Children estimates were not available at the time of publication.",<200 ,<100 , <200,"Children estimates were not available at the time of publication.",<200 ,<200 , <200,"Children estimates were not available at the time of publication.",<200 ,<200 , <500,"Children estimates were not available at the time of publication.",<200 ,<200 , <500,"Children estimates were not available at the time of publication.",<200 ,<200 , <500,"Children estimates were not available at the time of publication.",<500 ,<200 , <500,"Children estimates were not available at the time of publication.",<500 ,<200 , <500,"Children estimates were not available at the time of publication.",<500 ,<500 , <500,"Children estimates were not available at the time of publication.",<500 ,<500 , <500,"Children estimates were not available at the time of publication.",<500 ,<500 , <500,"Children estimates were not available at the time of publication.",<500 ,<500 , <500,"Children estimates were not available at the time of publication.",<500 ,<500 , <500,"Children estimates were not available at the time of publication.",<500 ,<500 , <500,"Children estimates were not available at the time of publication.",<500 ,<500 , <500,"Children estimates were not available at the time of publication.",<500 ,<500 , <500,"Children estimates were not available at the time of publication.",<500 ,<500 , <500,"Children estimates were not available at the time of publication.",<500 ,<500 , <500,"Children estimates were not available at the time of publication.",<500 ,<500 , <500,"Children estimates were not available at the time of publication.",<500 ,<500 , <500,"Children estimates were not available at the time of publication.",<500 ,<500 , <500,"Children estimates were not available at the time of publication.",<500 ,<500 , 520,"Children estimates were not available at the time of publication.",<500 ,<500 , 560,"Children estimates were not available at the time of publication.",<500 ,<500 , 600,"Children estimates were not available at the time of publication.",540 ,<500 , 670,"Children estimates were not available at the time of publication.",590 ,<500 , 750,"Children estimates were not available at the time of publication.",640 ,500 , 820,"Children estimates were not available at the time of publication."
Tajikistan,<100 ,<100 , <100,,<100 ,<100 , <100,,<100 ,<100 , <100,,<100 ,<100 , <100,,<500 ,<100 , <500,,<500 ,<100 , <500,,<500 ,<100 , <500,,620 ,<500 , 650,,850 ,530 , 880,,1100 ,1000 , 1200,,1500 ,1400 , 1500,,1900 ,1800 , 1900,,2300 ,2200 , 2300,,2700 ,2600 , 2800,,3100 ,3000 , 3200,,3500 ,3400 , 3600,,3900 ,3700 , 4000,,4200 ,4100 , 4300,,4600 ,4500 , 4700,,5000 ,4800 , 5100,,5400 ,5200 , 5500,,5700 ,5500 , 5800,,6000 ,5800 , 6100,,6300 ,6100 , 6400,,6600 ,6400 , 6700,,6900 ,6600 , 7000,,7200 ,6900 , 7300,,7400 ,7100 , 7600,,7700 ,7400 , 7900,,8000 ,7700 , 8200,,8100 ,7800 , 8300,,8200 ,7900 , 8400,,8300 ,8000 , 8500,,8300 ,8000 , 8600,,8400 ,8100 , 8700,
Thailand,250 000 ,220 000 , 280 000,,380 000 ,330 000 , 430 000,,480 000 ,420 000 , 540 000,,540 000 ,480 000 , 620 000,,590 000 ,520 000 , 660 000,,610 000 ,540 000 , 690 000,,610 000 ,540 000 , 700 000,,610 000 ,540 000 , 690 000,,600 000 ,530 000 , 680 000,,580 000 ,510 000 , 660 000,,550 000 ,490 000 , 630 000,,530 000 ,460 000 , 600 000,,500 000 ,440 000 , 570 000,,470 000 ,410 000 , 530 000,,440 000 ,390 000 , 500 000,,420 000 ,370 000 , 480 000,,410 000 ,360 000 , 460 000,,390 000 ,340 000 , 440 000,,380 000 ,330 000 , 420 000,,370 000 ,320 000 , 410 000,,360 000 ,310 000 , 410 000,,360 000 ,310 000 , 400 000,,350 000 ,310 000 , 400 000,,350 000 ,300 000 , 400 000,,350 000 ,300 000 , 400 000,,350 000 ,300 000 , 400 000,,340 000 ,300 000 , 390 000,,340 000 ,300 000 , 390 000,,340 000 ,300 000 , 390 000,,340 000 ,300 000 , 390 000,,340 000 ,300 000 , 390 000,,340 000 ,290 000 , 390 000,,340 000 ,290 000 , 390 000,,340 000 ,290 000 , 390 000,,340 000 ,280 000 , 390 000,
Timor-Leste,<200 ,<100 , <200,"Children estimates were not available at the time of publication.",<200 ,<100 , <500,"Children estimates were not available at the time of publication.",<200 ,<200 , <500,"Children estimates were not available at the time of publication.",<500 ,<200 , <500,"Children estimates were not available at the time of publication.",<500 ,<200 , <500,"Children estimates were not available at the time of publication.",<500 ,<200 , <500,"Children estimates were not available at the time of publication.",<500 ,<500 , <500,"Children estimates were not available at the time of publication.",<500 ,<500 , <500,"Children estimates were not available at the time of publication.",<500 ,<500 , 500,"Children estimates were not available at the time of publication.",<500 ,<500 , <500,"Children estimates were not available at the time of publication.",<500 ,<500 , <500,"Children estimates were not available at the time of publication.",<500 ,<500 , <500,"Children estimates were not available at the time of publication.",<500 ,<500 , 560,"Children estimates were not available at the time of publication.",<500 ,<500 , 580,"Children estimates were not available at the time of publication.",<500 ,<500 , 590,"Children estimates were not available at the time of publication.",<500 ,<500 , 610,"Children estimates were not available at the time of publication.",<500 ,<500 , 640,"Children estimates were not available at the time of publication.",520 ,<500 , 660,"Children estimates were not available at the time of publication.",540 ,<500 , 680,"Children estimates were not available at the time of publication.",560 ,<500 , 710,"Children estimates were not available at the time of publication.",590 ,<500 , 730,"Children estimates were not available at the time of publication.",620 ,510 , 760,"Children estimates were not available at the time of publication.",650 ,540 , 790,"Children estimates were not available at the time of publication.",680 ,580 , 820,"Children estimates were not available at the time of publication.",730 ,610 , 860,"Children estimates were not available at the time of publication.",770 ,660 , 920,"Children estimates were not available at the time of publication.",820 ,700 , 960,"Children estimates were not available at the time of publication.",870 ,750 , 1000,"Children estimates were not available at the time of publication.",930 ,800 , 1100,"Children estimates were not available at the time of publication.",990 ,850 , 1200,"Children estimates were not available at the time of publication.",1100 ,910 , 1200,"Children estimates were not available at the time of publication.",1100 ,970 , 1300,"Children estimates were not available at the time of publication.",1200 ,1000 , 1400,"Children estimates were not available at the time of publication.",1300 ,1100 , 1500,"Children estimates were not available at the time of publication.",1300 ,1100 , 1600,"Children estimates were not available at the time of publication."
Togo,5500 ,3900 , 7800,,7400 ,5200 , 10 000,,9700 ,7100 , 13 000,,11 000 ,8600 , 15 000,,15 000 ,11 000 , 19 000,,18 000 ,14 000 , 23 000,,22 000 ,17 000 , 28 000,,25 000 ,20 000 , 31 000,,28 000 ,23 000 , 36 000,,31 000 ,25 000 , 39 000,,32 000 ,26 000 , 41 000,,33 000 ,27 000 , 42 000,,33 000 ,27 000 , 42 000,,34 000 ,28 000 , 42 000,,34 000 ,28 000 , 42 000,,34 000 ,28 000 , 41 000,,34 000 ,28 000 , 41 000,,34 000 ,28 000 , 41 000,,34 000 ,29 000 , 40 000,,34 000 ,29 000 , 40 000,,34 000 ,29 000 , 40 000,,34 000 ,29 000 , 40 000,,35 000 ,29 000 , 40 000,,34 000 ,29 000 , 40 000,,34 000 ,29 000 , 40 000,,33 000 ,28 000 , 39 000,,33 000 ,28 000 , 39 000,,33 000 ,28 000 , 38 000,,32 000 ,28 000 , 38 000,,32 000 ,28 000 , 38 000,,32 000 ,27 000 , 38 000,,32 000 ,27 000 , 38 000,,32 000 ,27 000 , 38 000,,32 000 ,27 000 , 39 000,,33 000 ,27 000 , 39 000,
Tonga,... ,... , ...,,... ,... , ...,,... ,... , ...,,... ,... , ...,,... ,... , ...,,... ,... , ...,,... ,... , ...,,... ,... , ...,,... ,... , ...,,... ,... , ...,,... ,... , ...,,... ,... , ...,,... ,... , ...,,... ,... , ...,,... ,... , ...,,... ,... , ...,,... ,... , ...,,... ,... , ...,,... ,... , ...,,... ,... , ...,,... ,... , ...,,... ,... , ...,,... ,... , ...,,... ,... , ...,,... ,... , ...,,... ,... , ...,,... ,... , ...,,... ,... , ...,,... ,... , ...,,... ,... , ...,,... ,... , ...,,... ,... , ...,,... ,... , ...,,... ,... , ...,,... ,... , ...,
Trinidad and Tobago,... ,... , ...,"Estimates were not available at the time of publication.",... ,... , ...,"Estimates were not available at the time of publication.",... ,... , ...,"Estimates were not available at the time of publication.",... ,... , ...,"Estimates were not available at the time of publication.",... ,... , ...,"Estimates were not available at the time of publication.",... ,... , ...,"Estimates were not available at the time of publication.",... ,... , ...,"Estimates were not available at the time of publication.",... ,... , ...,"Estimates were not available at the time of publication.",... ,... , ...,"Estimates were not available at the time of publication.",... ,... , ...,"Estimates were not available at the time of publication.",... ,... , ...,"Estimates were not available at the time of publication.",... ,... , ...,"Estimates were not available at the time of publication.",... ,... , ...,"Estimates were not available at the time of publication.",... ,... , ...,"Estimates were not available at the time of publication.",... ,... , ...,"Estimates were not available at the time of publication.",... ,... , ...,"Estimates were not available at the time of publication.",... ,... , ...,"Estimates were not available at the time of publication.",... ,... , ...,"Estimates were not available at the time of publication.",... ,... , ...,"Estimates were not available at the time of publication.",... ,... , ...,"Estimates were not available at the time of publication.",... ,... , ...,"Estimates were not available at the time of publication.",... ,... , ...,"Estimates were not available at the time of publication.",... ,... , ...,"Estimates were not available at the time of publication.",... ,... , ...,"Estimates were not available at the time of publication.",... ,... , ...,"Estimates were not available at the time of publication.",... ,... , ...,"Estimates were not available at the time of publication.",... ,... , ...,"Estimates were not available at the time of publication.",... ,... , ...,"Estimates were not available at the time of publication.",... ,... , ...,"Estimates were not available at the time of publication.",... ,... , ...,"Estimates were not available at the time of publication.",... ,... , ...,"Estimates were not available at the time of publication.",... ,... , ...,"Estimates were not available at the time of publication.",... ,... , ...,"Estimates were not available at the time of publication.",... ,... , ...,"Estimates were not available at the time of publication.",... ,... , ...,"Estimates were not available at the time of publication."
Tunisia,<200 ,<100 , 510,,<200 ,<100 , 720,,<200 ,<100 , 930,,<500 ,<200 , 1100,,<500 ,<200 , 1300,,<500 ,<500 , 1400,,<500 ,<500 , 1600,,550 ,<500 , 1800,,660 ,<500 , 1900,,790 ,<500 , 2000,,950 ,550 , 2100,,1100 ,660 , 2300,,1300 ,780 , 2600,,1600 ,910 , 2800,,1800 ,1100 , 3000,,2100 ,1200 , 3300,,2300 ,1400 , 3600,,2600 ,1600 , 3900,,2800 ,1900 , 4200,,3100 ,2000 , 4500,,3300 ,2300 , 4800,,3500 ,2400 , 5000,,3600 ,2500 , 5300,,3800 ,2600 , 5500,,3900 ,2600 , 5800,,4100 ,2700 , 6200,,4200 ,2800 , 6300,,4300 ,2900 , 6700,,4400 ,3000 , 6900,,4600 ,3100 , 7300,,4700 ,3100 , 7700,,4900 ,3200 , 8200,,5100 ,3300 , 8600,,5300 ,3400 , 8900,,5500 ,3600 , 9500,
Turkmenistan,... ,... , ...,"Estimates were not available at the time of publication.",... ,... , ...,"Estimates were not available at the time of publication.",... ,... , ...,"Estimates were not available at the time of publication.",... ,... , ...,"Estimates were not available at the time of publication.",... ,... , ...,"Estimates were not available at the time of publication.",... ,... , ...,"Estimates were not available at the time of publication.",... ,... , ...,"Estimates were not available at the time of publication.",... ,... , ...,"Estimates were not available at the time of publication.",... ,... , ...,"Estimates were not available at the time of publication.",... ,... , ...,"Estimates were not available at the time of publication.",... ,... , ...,"Estimates were not available at the time of publication.",... ,... , ...,"Estimates were not available at the time of publication.",... ,... , ...,"Estimates were not available at the time of publication.",... ,... , ...,"Estimates were not available at the time of publication.",... ,... , ...,"Estimates were not available at the time of publication.",... ,... , ...,"Estimates were not available at the time of publication.",... ,... , ...,"Estimates were not available at the time of publication.",... ,... , ...,"Estimates were not available at the time of publication.",... ,... , ...,"Estimates were not available at the time of publication.",... ,... , ...,"Estimates were not available at the time of publication.",... ,... , ...,"Estimates were not available at the time of publication.",... ,... , ...,"Estimates were not available at the time of publication.",... ,... , ...,"Estimates were not available at the time of publication.",... ,... , ...,"Estimates were not available at the time of publication.",... ,... , ...,"Estimates were not available at the time of publication.",... ,... , ...,"Estimates were not available at the time of publication.",... ,... , ...,"Estimates were not available at the time of publication.",... ,... , ...,"Estimates were not available at the time of publication.",... ,... , ...,"Estimates were not available at the time of publication.",... ,... , ...,"Estimates were not available at the time of publication.",... ,... , ...,"Estimates were not available at the time of publication.",... ,... , ...,"Estimates were not available at the time of publication.",... ,... , ...,"Estimates were not available at the time of publication.",... ,... , ...,"Estimates were not available at the time of publication.",... ,... , ...,"Estimates were not available at the time of publication."
Tuvalu,... ,... , ...,"Estimates were not available at the time of publication.",... ,... , ...,"Estimates were not available at the time of publication.",... ,... , ...,"Estimates were not available at the time of publication.",... ,... , ...,"Estimates were not available at the time of publication.",... ,... , ...,"Estimates were not available at the time of publication.",... ,... , ...,"Estimates were not available at the time of publication.",... ,... , ...,"Estimates were not available at the time of publication.",... ,... , ...,"Estimates were not available at the time of publication.",... ,... , ...,"Estimates were not available at the time of publication.",... ,... , ...,"Estimates were not available at the time of publication.",... ,... , ...,"Estimates were not available at the time of publication.",... ,... , ...,"Estimates were not available at the time of publication.",... ,... , ...,"Estimates were not available at the time of publication.",... ,... , ...,"Estimates were not available at the time of publication.",... ,... , ...,"Estimates were not available at the time of publication.",... ,... , ...,"Estimates were not available at the time of publication.",... ,... , ...,"Estimates were not available at the time of publication.",... ,... , ...,"Estimates were not available at the time of publication.",... ,... , ...,"Estimates were not available at the time of publication.",... ,... , ...,"Estimates were not available at the time of publication.",... ,... , ...,"Estimates were not available at the time of publication.",... ,... , ...,"Estimates were not available at the time of publication.",... ,... , ...,"Estimates were not available at the time of publication.",... ,... , ...,"Estimates were not available at the time of publication.",... ,... , ...,"Estimates were not available at the time of publication.",... ,... , ...,"Estimates were not available at the time of publication.",... ,... , ...,"Estimates were not available at the time of publication.",... ,... , ...,"Estimates were not available at the time of publication.",... ,... , ...,"Estimates were not available at the time of publication.",... ,... , ...,"Estimates were not available at the time of publication.",... ,... , ...,"Estimates were not available at the time of publication.",... ,... , ...,"Estimates were not available at the time of publication.",... ,... , ...,"Estimates were not available at the time of publication.",... ,... , ...,"Estimates were not available at the time of publication.",... ,... , ...,"Estimates were not available at the time of publication."
Türkiye,... ,... , ...,"Estimates were not available at the time of publication.",... ,... , ...,"Estimates were not available at the time of publication.",... ,... , ...,"Estimates were not available at the time of publication.",... ,... , ...,"Estimates were not available at the time of publication.",... ,... , ...,"Estimates were not available at the time of publication.",... ,... , ...,"Estimates were not available at the time of publication.",... ,... , ...,"Estimates were not available at the time of publication.",... ,... , ...,"Estimates were not available at the time of publication.",... ,... , ...,"Estimates were not available at the time of publication.",... ,... , ...,"Estimates were not available at the time of publication.",... ,... , ...,"Estimates were not available at the time of publication.",... ,... , ...,"Estimates were not available at the time of publication.",... ,... , ...,"Estimates were not available at the time of publication.",... ,... , ...,"Estimates were not available at the time of publication.",... ,... , ...,"Estimates were not available at the time of publication.",... ,... , ...,"Estimates were not available at the time of publication.",... ,... , ...,"Estimates were not available at the time of publication.",... ,... , ...,"Estimates were not available at the time of publication.",... ,... , ...,"Estimates were not available at the time of publication.",... ,... , ...,"Estimates were not available at the time of publication.",... ,... , ...,"Estimates were not available at the time of publication.",... ,... , ...,"Estimates were not available at the time of publication.",... ,... , ...,"Estimates were not available at the time of publication.",... ,... , ...,"Estimates were not available at the time of publication.",... ,... , ...,"Estimates were not available at the time of publication.",... ,... , ...,"Estimates were not available at the time of publication.",... ,... , ...,"Estimates were not available at the time of publication.",... ,... , ...,"Estimates were not available at the time of publication.",... ,... , ...,"Estimates were not available at the time of publication.",... ,... , ...,"Estimates were not available at the time of publication.",... ,... , ...,"Estimates were not available at the time of publication.",... ,... , ...,"Estimates were not available at the time of publication.",... ,... , ...,"Estimates were not available at the time of publication.",... ,... , ...,"Estimates were not available at the time of publication.",... ,... , ...,"Estimates were not available at the time of publication."
Uganda,360 000 ,320 000 , 410 000,,370 000 ,330 000 , 420 000,,380 000 ,330 000 , 420 000,,380 000 ,340 000 , 420 000,,380 000 ,340 000 , 420 000,,380 000 ,340 000 , 410 000,,370 000 ,340 000 , 410 000,,370 000 ,340 000 , 400 000,,370 000 ,330 000 , 400 000,,370 000 ,330 000 , 390 000,,360 000 ,330 000 , 390 000,,360 000 ,330 000 , 390 000,,360 000 ,340 000 , 390 000,,370 000 ,340 000 , 390 000,,370 000 ,350 000 , 400 000,,380 000 ,350 000 , 410 000,,390 000 ,360 000 , 410 000,,390 000 ,370 000 , 420 000,,400 000 ,380 000 , 440 000,,410 000 ,390 000 , 450 000,,430 000 ,400 000 , 460 000,,440 000 ,410 000 , 480 000,,450 000 ,430 000 , 490 000,,460 000 ,430 000 , 500 000,,470 000 ,440 000 , 510 000,,480 000 ,450 000 , 520 000,,490 000 ,460 000 , 530 000,,500 000 ,470 000 , 540 000,,510 000 ,480 000 , 550 000,,520 000 ,490 000 , 560 000,,520 000 ,490 000 , 570 000,,530 000 ,490 000 , 570 000,,530 000 ,490 000 , 580 000,,530 000 ,490 000 , 580 000,,530 000 ,490 000 , 580 000,
Ukraine,... ,... , ...,"Estimates were not available at the time of publication.",... ,... , ...,"Estimates were not available at the time of publication.",... ,... , ...,"Estimates were not available at the time of publication.",... ,... , ...,"Estimates were not available at the time of publication.",... ,... , ...,"Estimates were not available at the time of publication.",... ,... , ...,"Estimates were not available at the time of publication.",... ,... , ...,"Estimates were not available at the time of publication.",... ,... , ...,"Estimates were not available at the time of publication.",... ,... , ...,"Estimates were not available at the time of publication.",... ,... , ...,"Estimates were not available at the time of publication.",... ,... , ...,"Estimates were not available at the time of publication.",... ,... , ...,"Estimates were not available at the time of publication.",... ,... , ...,"Estimates were not available at the time of publication.",... ,... , ...,"Estimates were not available at the time of publication.",... ,... , ...,"Estimates were not available at the time of publication.",... ,... , ...,"Estimates were not available at the time of publication.",... ,... , ...,"Estimates were not available at the time of publication.",... ,... , ...,"Estimates were not available at the time of publication.",... ,... , ...,"Estimates were not available at the time of publication.",... ,... , ...,"Estimates were not available at the time of publication.",... ,... , ...,"Estimates were not available at the time of publication.",... ,... , ...,"Estimates were not available at the time of publication.",... ,... , ...,"Estimates were not available at the time of publication.",... ,... , ...,"Estimates were not available at the time of publication.",... ,... , ...,"Estimates were not available at the time of publication.",... ,... , ...,"Estimates were not available at the time of publication.",... ,... , ...,"Estimates were not available at the time of publication.",... ,... , ...,"Estimates were not available at the time of publication.",... ,... , ...,"Estimates were not available at the time of publication.",... ,... , ...,"Estimates were not available at the time of publication.",... ,... , ...,"Estimates were not available at the time of publication.",... ,... , ...,"Estimates were not available at the time of publication.",... ,... , ...,"Estimates were not available at the time of publication.",... ,... , ...,"Estimates were not available at the time of publication.",... ,... , ...,"Estimates were not available at the time of publication."
United Arab Emirates,<100 ,<100 , <100,"Children estimates were not available at the time of publication.",<100 ,<100 , <100,"Children estimates were not available at the time of publication.",<100 ,<100 , <100,"Children estimates were not available at the time of publication.",<100 ,<100 , <100,"Children estimates were not available at the time of publication.",<100 ,<100 , <100,"Children estimates were not available at the time of publication.",<100 ,<100 , <100,"Children estimates were not available at the time of publication.",<100 ,<100 , <100,"Children estimates were not available at the time of publication.",<100 ,<100 , <100,"Children estimates were not available at the time of publication.",<100 ,<100 , <100,"Children estimates were not available at the time of publication.",<100 ,<100 , <100,"Children estimates were not available at the time of publication.",<100 ,<100 , <100,"Children estimates were not available at the time of publication.",<100 ,<100 , <100,"Children estimates were not available at the time of publication.",<200 ,<100 , <200,"Children estimates were not available at the time of publication.",<200 ,<200 , <500,"Children estimates were not available at the time of publication.",<500 ,<200 , <500,"Children estimates were not available at the time of publication.",<500 ,<500 , <500,"Children estimates were not available at the time of publication.",<500 ,<500 , <500,"Children estimates were not available at the time of publication.",<500 ,<500 , 530,"Children estimates were not available at the time of publication.",520 ,<500 , 590,"Children estimates were not available at the time of publication.",540 ,<500 , 610,"Children estimates were not available at the time of publication.",560 ,<500 , 630,"Children estimates were not available at the time of publication.",570 ,<500 , 650,"Children estimates were not available at the time of publication.",580 ,<500 , 670,"Children estimates were not available at the time of publication.",580 ,<500 , 680,"Children estimates were not available at the time of publication.",590 ,<500 , 700,"Children estimates were not available at the time of publication.",600 ,500 , 700,"Children estimates were not available at the time of publication.",590 ,500 , 680,"Children estimates were not available at the time of publication.",580 ,510 , 660,"Children estimates were not available at the time of publication.",580 ,510 , 660,"Children estimates were not available at the time of publication.",590 ,510 , 660,"Children estimates were not available at the time of publication.",630 ,540 , 710,"Children estimates were not available at the time of publication.",690 ,590 , 790,"Children estimates were not available at the time of publication.",790 ,670 , 910,"Children estimates were not available at the time of publication.",920 ,770 , 1100,"Children estimates were not available at the time of publication.",1100 ,890 , 1300,"Children estimates were not available at the time of publication."
United Kingdom,... ,... , ...,"Numbers are estimated by UNAIDS using the Spectrum model, based on the official national estimates (accessed May 2025). Any differences are within uncertainty margins of both sets of estimates, reflecting methodologies and assumptions. (https://www.gov.uk/government/statistics/hiv-annual-data-tables).",... ,... , ...,"Numbers are estimated by UNAIDS using the Spectrum model, based on the official national estimates (accessed May 2025). Any differences are within uncertainty margins of both sets of estimates, reflecting methodologies and assumptions. (https://www.gov.uk/government/statistics/hiv-annual-data-tables).",... ,... , ...,"Numbers are estimated by UNAIDS using the Spectrum model, based on the official national estimates (accessed May 2025). Any differences are within uncertainty margins of both sets of estimates, reflecting methodologies and assumptions. (https://www.gov.uk/government/statistics/hiv-annual-data-tables).",... ,... , ...,"Numbers are estimated by UNAIDS using the Spectrum model, based on the official national estimates (accessed May 2025). Any differences are within uncertainty margins of both sets of estimates, reflecting methodologies and assumptions. (https://www.gov.uk/government/statistics/hiv-annual-data-tables).",... ,... , ...,"Numbers are estimated by UNAIDS using the Spectrum model, based on the official national estimates (accessed May 2025). Any differences are within uncertainty margins of both sets of estimates, reflecting methodologies and assumptions. (https://www.gov.uk/government/statistics/hiv-annual-data-tables).",... ,... , ...,"Numbers are estimated by UNAIDS using the Spectrum model, based on the official national estimates (accessed May 2025). Any differences are within uncertainty margins of both sets of estimates, reflecting methodologies and assumptions. (https://www.gov.uk/government/statistics/hiv-annual-data-tables).",... ,... , ...,"Numbers are estimated by UNAIDS using the Spectrum model, based on the official national estimates (accessed May 2025). Any differences are within uncertainty margins of both sets of estimates, reflecting methodologies and assumptions. (https://www.gov.uk/government/statistics/hiv-annual-data-tables).",... ,... , ...,"Numbers are estimated by UNAIDS using the Spectrum model, based on the official national estimates (accessed May 2025). Any differences are within uncertainty margins of both sets of estimates, reflecting methodologies and assumptions. (https://www.gov.uk/government/statistics/hiv-annual-data-tables).",... ,... , ...,"Numbers are estimated by UNAIDS using the Spectrum model, based on the official national estimates (accessed May 2025). Any differences are within uncertainty margins of both sets of estimates, reflecting methodologies and assumptions. (https://www.gov.uk/government/statistics/hiv-annual-data-tables).",... ,... , ...,"Numbers are estimated by UNAIDS using the Spectrum model, based on the official national estimates (accessed May 2025). Any differences are within uncertainty margins of both sets of estimates, reflecting methodologies and assumptions. (https://www.gov.uk/government/statistics/hiv-annual-data-tables).",... ,... , ...,"Numbers are estimated by UNAIDS using the Spectrum model, based on the official national estimates (accessed May 2025). Any differences are within uncertainty margins of both sets of estimates, reflecting methodologies and assumptions. (https://www.gov.uk/government/statistics/hiv-annual-data-tables).",... ,... , ...,"Numbers are estimated by UNAIDS using the Spectrum model, based on the official national estimates (accessed May 2025). Any differences are within uncertainty margins of both sets of estimates, reflecting methodologies and assumptions. (https://www.gov.uk/government/statistics/hiv-annual-data-tables).",... ,... , ...,"Numbers are estimated by UNAIDS using the Spectrum model, based on the official national estimates (accessed May 2025). Any differences are within uncertainty margins of both sets of estimates, reflecting methodologies and assumptions. (https://www.gov.uk/government/statistics/hiv-annual-data-tables).",... ,... , ...,"Numbers are estimated by UNAIDS using the Spectrum model, based on the official national estimates (accessed May 2025). Any differences are within uncertainty margins of both sets of estimates, reflecting methodologies and assumptions. (https://www.gov.uk/government/statistics/hiv-annual-data-tables).",... ,... , ...,"Numbers are estimated by UNAIDS using the Spectrum model, based on the official national estimates (accessed May 2025). Any differences are within uncertainty margins of both sets of estimates, reflecting methodologies and assumptions. (https://www.gov.uk/government/statistics/hiv-annual-data-tables).",... ,... , ...,"Numbers are estimated by UNAIDS using the Spectrum model, based on the official national estimates (accessed May 2025). Any differences are within uncertainty margins of both sets of estimates, reflecting methodologies and assumptions. (https://www.gov.uk/government/statistics/hiv-annual-data-tables).",... ,... , ...,"Numbers are estimated by UNAIDS using the Spectrum model, based on the official national estimates (accessed May 2025). Any differences are within uncertainty margins of both sets of estimates, reflecting methodologies and assumptions. (https://www.gov.uk/government/statistics/hiv-annual-data-tables).",... ,... , ...,"Numbers are estimated by UNAIDS using the Spectrum model, based on the official national estimates (accessed May 2025). Any differences are within uncertainty margins of both sets of estimates, reflecting methodologies and assumptions. (https://www.gov.uk/government/statistics/hiv-annual-data-tables).",... ,... , ...,"Numbers are estimated by UNAIDS using the Spectrum model, based on the official national estimates (accessed May 2025). Any differences are within uncertainty margins of both sets of estimates, reflecting methodologies and assumptions. (https://www.gov.uk/government/statistics/hiv-annual-data-tables).",... ,... , ...,"Numbers are estimated by UNAIDS using the Spectrum model, based on the official national estimates (accessed May 2025). Any differences are within uncertainty margins of both sets of estimates, reflecting methodologies and assumptions. (https://www.gov.uk/government/statistics/hiv-annual-data-tables).",... ,... , ...,"Numbers are estimated by UNAIDS using the Spectrum model, based on the official national estimates (accessed May 2025). Any differences are within uncertainty margins of both sets of estimates, reflecting methodologies and assumptions. (https://www.gov.uk/government/statistics/hiv-annual-data-tables).",... ,... , ...,"Numbers are estimated by UNAIDS using the Spectrum model, based on the official national estimates (accessed May 2025). Any differences are within uncertainty margins of both sets of estimates, reflecting methodologies and assumptions. (https://www.gov.uk/government/statistics/hiv-annual-data-tables).",... ,... , ...,"Numbers are estimated by UNAIDS using the Spectrum model, based on the official national estimates (accessed May 2025). Any differences are within uncertainty margins of both sets of estimates, reflecting methodologies and assumptions. (https://www.gov.uk/government/statistics/hiv-annual-data-tables).",... ,... , ...,"Numbers are estimated by UNAIDS using the Spectrum model, based on the official national estimates (accessed May 2025). Any differences are within uncertainty margins of both sets of estimates, reflecting methodologies and assumptions. (https://www.gov.uk/government/statistics/hiv-annual-data-tables).",... ,... , ...,"Numbers are estimated by UNAIDS using the Spectrum model, based on the official national estimates (accessed May 2025). Any differences are within uncertainty margins of both sets of estimates, reflecting methodologies and assumptions. (https://www.gov.uk/government/statistics/hiv-annual-data-tables).",... ,... , ...,"Numbers are estimated by UNAIDS using the Spectrum model, based on the official national estimates (accessed May 2025). Any differences are within uncertainty margins of both sets of estimates, reflecting methodologies and assumptions. (https://www.gov.uk/government/statistics/hiv-annual-data-tables).",67 000 ,54 000 , 79 000,"Numbers are estimated by UNAIDS using the Spectrum model, based on the official national estimates (accessed May 2025). Any differences are within uncertainty margins of both sets of estimates, reflecting methodologies and assumptions. (https://www.gov.uk/government/statistics/hiv-annual-data-tables).",69 000 ,56 000 , 81 000,"Numbers are estimated by UNAIDS using the Spectrum model, based on the official national estimates (accessed May 2025). Any differences are within uncertainty margins of both sets of estimates, reflecting methodologies and assumptions. (https://www.gov.uk/government/statistics/hiv-annual-data-tables).",70 000 ,57 000 , 82 000,"Numbers are estimated by UNAIDS using the Spectrum model, based on the official national estimates (accessed May 2025). Any differences are within uncertainty margins of both sets of estimates, reflecting methodologies and assumptions. (https://www.gov.uk/government/statistics/hiv-annual-data-tables).",71 000 ,58 000 , 84 000,"Numbers are estimated by UNAIDS using the Spectrum model, based on the official national estimates (accessed May 2025). Any differences are within uncertainty margins of both sets of estimates, reflecting methodologies and assumptions. (https://www.gov.uk/government/statistics/hiv-annual-data-tables).",72 000 ,59 000 , 85 000,"Numbers are estimated by UNAIDS using the Spectrum model, based on the official national estimates (accessed May 2025). Any differences are within uncertainty margins of both sets of estimates, reflecting methodologies and assumptions. (https://www.gov.uk/government/statistics/hiv-annual-data-tables).",73 000 ,60 000 , 86 000,"Numbers are estimated by UNAIDS using the Spectrum model, based on the official national estimates (accessed May 2025). Any differences are within uncertainty margins of both sets of estimates, reflecting methodologies and assumptions. (https://www.gov.uk/government/statistics/hiv-annual-data-tables).",74 000 ,61 000 , 88 000,"Numbers are estimated by UNAIDS using the Spectrum model, based on the official national estimates (accessed May 2025). Any differences are within uncertainty margins of both sets of estimates, reflecting methodologies and assumptions. (https://www.gov.uk/government/statistics/hiv-annual-data-tables).",75 000 ,62 000 , 89 000,"Numbers are estimated by UNAIDS using the Spectrum model, based on the official national estimates (accessed May 2025). Any differences are within uncertainty margins of both sets of estimates, reflecting methodologies and assumptions. (https://www.gov.uk/government/statistics/hiv-annual-data-tables).",... ,... , ...,"Numbers are estimated by UNAIDS using the Spectrum model, based on the official national estimates (accessed May 2025). Any differences are within uncertainty margins of both sets of estimates, reflecting methodologies and assumptions. (https://www.gov.uk/government/statistics/hiv-annual-data-tables)."
United Republic of Tanzania,270 000 ,230 000 , 320 000,,310 000 ,260 000 , 350 000,,340 000 ,290 000 , 390 000,,380 000 ,330 000 , 430 000,,420 000 ,370 000 , 470 000,,430 000 ,380 000 , 490 000,,420 000 ,380 000 , 480 000,,430 000 ,390 000 , 490 000,,430 000 ,390 000 , 490 000,,440 000 ,390 000 , 490 000,,440 000 ,390 000 , 490 000,,430 000 ,390 000 , 480 000,,420 000 ,380 000 , 470 000,,420 000 ,380 000 , 460 000,,410 000 ,370 000 , 460 000,,400 000 ,370 000 , 450 000,,400 000 ,360 000 , 440 000,,400 000 ,370 000 , 440 000,,410 000 ,370 000 , 450 000,,410 000 ,380 000 , 460 000,,430 000 ,390 000 , 470 000,,440 000 ,410 000 , 480 000,,460 000 ,420 000 , 500 000,,470 000 ,440 000 , 520 000,,490 000 ,460 000 , 530 000,,510 000 ,470 000 , 550 000,,520 000 ,490 000 , 570 000,,540 000 ,500 000 , 580 000,,550 000 ,510 000 , 600 000,,550 000 ,520 000 , 610 000,,560 000 ,530 000 , 620 000,,570 000 ,530 000 , 620 000,,570 000 ,540 000 , 630 000,,570 000 ,540 000 , 640 000,,570 000 ,530 000 , 640 000,
United States,... ,... , ...,"Estimates were not available at the time of publication.",... ,... , ...,"Estimates were not available at the time of publication.",... ,... , ...,"Estimates were not available at the time of publication.",... ,... , ...,"Estimates were not available at the time of publication.",... ,... , ...,"Estimates were not available at the time of publication.",... ,... , ...,"Estimates were not available at the time of publication.",... ,... , ...,"Estimates were not available at the time of publication.",... ,... , ...,"Estimates were not available at the time of publication.",... ,... , ...,"Estimates were not available at the time of publication.",... ,... , ...,"Estimates were not available at the time of publication.",... ,... , ...,"Estimates were not available at the time of publication.",... ,... , ...,"Estimates were not available at the time of publication.",... ,... , ...,"Estimates were not available at the time of publication.",... ,... , ...,"Estimates were not available at the time of publication.",... ,... , ...,"Estimates were not available at the time of publication.",... ,... , ...,"Estimates were not available at the time of publication.",... ,... , ...,"Estimates were not available at the time of publication.",... ,... , ...,"Estimates were not available at the time of publication.",... ,... , ...,"Estimates were not available at the time of publication.",... ,... , ...,"Estimates were not available at the time of publication.",... ,... , ...,"Estimates were not available at the time of publication.",... ,... , ...,"Estimates were not available at the time of publication.",... ,... , ...,"Estimates were not available at the time of publication.",... ,... , ...,"Estimates were not available at the time of publication.",... ,... , ...,"Estimates were not available at the time of publication.",... ,... , ...,"Estimates were not available at the time of publication.",... ,... , ...,"Estimates were not available at the time of publication.",... ,... , ...,"Estimates were not available at the time of publication.",... ,... , ...,"Estimates were not available at the time of publication.",... ,... , ...,"Estimates were not available at the time of publication.",... ,... , ...,"Estimates were not available at the time of publication.",... ,... , ...,"Estimates were not available at the time of publication.",... ,... , ...,"Estimates were not available at the time of publication.",... ,... , ...,"Estimates were not available at the time of publication.",... ,... , ...,"Estimates were not available at the time of publication."
Uruguay,... ,... , ...,"Estimates were not available at the time of publication.",... ,... , ...,"Estimates were not available at the time of publication.",... ,... , ...,"Estimates were not available at the time of publication.",... ,... , ...,"Estimates were not available at the time of publication.",... ,... , ...,"Estimates were not available at the time of publication.",... ,... , ...,"Estimates were not available at the time of publication.",... ,... , ...,"Estimates were not available at the time of publication.",... ,... , ...,"Estimates were not available at the time of publication.",... ,... , ...,"Estimates were not available at the time of publication.",... ,... , ...,"Estimates were not available at the time of publication.",... ,... , ...,"Estimates were not available at the time of publication.",... ,... , ...,"Estimates were not available at the time of publication.",... ,... , ...,"Estimates were not available at the time of publication.",... ,... , ...,"Estimates were not available at the time of publication.",... ,... , ...,"Estimates were not available at the time of publication.",... ,... , ...,"Estimates were not available at the time of publication.",... ,... , ...,"Estimates were not available at the time of publication.",... ,... , ...,"Estimates were not available at the time of publication.",... ,... , ...,"Estimates were not available at the time of publication.",... ,... , ...,"Estimates were not available at the time of publication.",... ,... , ...,"Estimates were not available at the time of publication.",... ,... , ...,"Estimates were not available at the time of publication.",... ,... , ...,"Estimates were not available at the time of publication.",... ,... , ...,"Estimates were not available at the time of publication.",... ,... , ...,"Estimates were not available at the time of publication.",... ,... , ...,"Estimates were not available at the time of publication.",... ,... , ...,"Estimates were not available at the time of publication.",... ,... , ...,"Estimates were not available at the time of publication.",... ,... , ...,"Estimates were not available at the time of publication.",... ,... , ...,"Estimates were not available at the time of publication.",... ,... , ...,"Estimates were not available at the time of publication.",... ,... , ...,"Estimates were not available at the time of publication.",... ,... , ...,"Estimates were not available at the time of publication.",... ,... , ...,"Estimates were not available at the time of publication.",... ,... , ...,"Estimates were not available at the time of publication."
Uzbekistan,... ,... , ...,"Estimates were not available at the time of publication.",... ,... , ...,"Estimates were not available at the time of publication.",... ,... , ...,"Estimates were not available at the time of publication.",... ,... , ...,"Estimates were not available at the time of publication.",... ,... , ...,"Estimates were not available at the time of publication.",... ,... , ...,"Estimates were not available at the time of publication.",... ,... , ...,"Estimates were not available at the time of publication.",... ,... , ...,"Estimates were not available at the time of publication.",... ,... , ...,"Estimates were not available at the time of publication.",... ,... , ...,"Estimates were not available at the time of publication.",... ,... , ...,"Estimates were not available at the time of publication.",... ,... , ...,"Estimates were not available at the time of publication.",... ,... , ...,"Estimates were not available at the time of publication.",... ,... , ...,"Estimates were not available at the time of publication.",... ,... , ...,"Estimates were not available at the time of publication.",... ,... , ...,"Estimates were not available at the time of publication.",... ,... , ...,"Estimates were not available at the time of publication.",... ,... , ...,"Estimates were not available at the time of publication.",... ,... , ...,"Estimates were not available at the time of publication.",... ,... , ...,"Estimates were not available at the time of publication.",... ,... , ...,"Estimates were not available at the time of publication.",... ,... , ...,"Estimates were not available at the time of publication.",... ,... , ...,"Estimates were not available at the time of publication.",... ,... , ...,"Estimates were not available at the time of publication.",... ,... , ...,"Estimates were not available at the time of publication.",... ,... , ...,"Estimates were not available at the time of publication.",... ,... , ...,"Estimates were not available at the time of publication.",... ,... , ...,"Estimates were not available at the time of publication.",... ,... , ...,"Estimates were not available at the time of publication.",... ,... , ...,"Estimates were not available at the time of publication.",... ,... , ...,"Estimates were not available at the time of publication.",... ,... , ...,"Estimates were not available at the time of publication.",... ,... , ...,"Estimates were not available at the time of publication.",... ,... , ...,"Estimates were not available at the time of publication.",... ,... , ...,"Estimates were not available at the time of publication."
Vanuatu,... ,... , ...,"Estimates were not available at the time of publication.",... ,... , ...,"Estimates were not available at the time of publication.",... ,... , ...,"Estimates were not available at the time of publication.",... ,... , ...,"Estimates were not available at the time of publication.",... ,... , ...,"Estimates were not available at the time of publication.",... ,... , ...,"Estimates were not available at the time of publication.",... ,... , ...,"Estimates were not available at the time of publication.",... ,... , ...,"Estimates were not available at the time of publication.",... ,... , ...,"Estimates were not available at the time of publication.",... ,... , ...,"Estimates were not available at the time of publication.",... ,... , ...,"Estimates were not available at the time of publication.",... ,... , ...,"Estimates were not available at the time of publication.",... ,... , ...,"Estimates were not available at the time of publication.",... ,... , ...,"Estimates were not available at the time of publication.",... ,... , ...,"Estimates were not available at the time of publication.",... ,... , ...,"Estimates were not available at the time of publication.",... ,... , ...,"Estimates were not available at the time of publication.",... ,... , ...,"Estimates were not available at the time of publication.",... ,... , ...,"Estimates were not available at the time of publication.",... ,... , ...,"Estimates were not available at the time of publication.",... ,... , ...,"Estimates were not available at the time of publication.",... ,... , ...,"Estimates were not available at the time of publication.",... ,... , ...,"Estimates were not available at the time of publication.",... ,... , ...,"Estimates were not available at the time of publication.",... ,... , ...,"Estimates were not available at the time of publication.",... ,... , ...,"Estimates were not available at the time of publication.",... ,... , ...,"Estimates were not available at the time of publication.",... ,... , ...,"Estimates were not available at the time of publication.",... ,... , ...,"Estimates were not available at the time of publication.",... ,... , ...,"Estimates were not available at the time of publication.",... ,... , ...,"Estimates were not available at the time of publication.",... ,... , ...,"Estimates were not available at the time of publication.",... ,... , ...,"Estimates were not available at the time of publication.",... ,... , ...,"Estimates were not available at the time of publication.",... ,... , ...,"Estimates were not available at the time of publication."
Venezuela (Bolivarian Republic of),4700 ,3700 , 6000,,5800 ,4700 , 7300,,7100 ,5800 , 8700,,8700 ,7200 , 10 000,,11 000 ,8900 , 13 000,,13 000 ,11 000 , 15 000,,16 000 ,13 000 , 18 000,,19 000 ,16 000 , 22 000,,23 000 ,19 000 , 26 000,,27 000 ,23 000 , 31 000,,33 000 ,28 000 , 37 000,,39 000 ,33 000 , 44 000,,47 000 ,40 000 , 53 000,,56 000 ,48 000 , 63 000,,64 000 ,56 000 , 73 000,,70 000 ,59 000 , 79 000,,71 000 ,60 000 , 78 000,,71 000 ,61 000 , 78 000,,70 000 ,62 000 , 77 000,,70 000 ,62 000 , 77 000,,69 000 ,62 000 , 76 000,,69 000 ,61 000 , 76 000,,69 000 ,62 000 , 76 000,,69 000 ,62 000 , 76 000,,69 000 ,62 000 , 76 000,,70 000 ,62 000 , 77 000,,71 000 ,62 000 , 78 000,,69 000 ,60 000 , 77 000,,65 000 ,56 000 , 73 000,,63 000 ,53 000 , 72 000,,64 000 ,53 000 , 74 000,,66 000 ,54 000 , 76 000,,69 000 ,56 000 , 81 000,,72 000 ,59 000 , 85 000,,76 000 ,61 000 , 90 000,
Viet Nam,1600 ,1400 , 1800,,3300 ,2800 , 3800,,6600 ,5500 , 7600,,12 000 ,10 000 , 14 000,,20 000 ,17 000 , 23 000,,30 000 ,26 000 , 35 000,,42 000 ,35 000 , 48 000,,53 000 ,45 000 , 61 000,,65 000 ,55 000 , 74 000,,75 000 ,65 000 , 86 000,,85 000 ,74 000 , 97 000,,94 000 ,82 000 , 110 000,,100 000 ,89 000 , 120 000,,110 000 ,96 000 , 120 000,,120 000 ,100 000 , 130 000,,120 000 ,110 000 , 140 000,,130 000 ,110 000 , 140 000,,130 000 ,110 000 , 140 000,,130 000 ,120 000 , 150 000,,140 000 ,120 000 , 150 000,,140 000 ,130 000 , 160 000,,150 000 ,130 000 , 170 000,,150 000 ,130 000 , 170 000,,160 000 ,140 000 , 170 000,,160 000 ,140 000 , 180 000,,160 000 ,140 000 , 180 000,,170 000 ,150 000 , 180 000,,170 000 ,150 000 , 190 000,,170 000 ,150 000 , 190 000,,180 000 ,160 000 , 200 000,,180 000 ,160 000 , 200 000,,180 000 ,160 000 , 210 000,,190 000 ,160 000 , 210 000,,190 000 ,160 000 , 210 000,,190 000 ,160 000 , 210 000,
Yemen,<500 ,<200 , <500,,<500 ,<500 , <500,,<500 ,<500 , <500,,<500 ,<500 , <500,,<500 ,<500 , <500,,<500 ,<500 , 550,,580 ,520 , 640,,680 ,610 , 740,,800 ,720 , 860,,940 ,850 , 1000,,1100 ,1000 , 1200,,1300 ,1200 , 1400,,1500 ,1400 , 1600,,1800 ,1600 , 1900,,2100 ,1900 , 2300,,2500 ,2200 , 2700,,2900 ,2600 , 3200,,3400 ,3000 , 3700,,3900 ,3500 , 4200,,4400 ,4000 , 4800,,4800 ,4400 , 5100,,5000 ,4600 , 5400,,5200 ,4800 , 5600,,5500 ,5100 , 5800,,5800 ,5400 , 6100,,6100 ,5700 , 6400,,6500 ,6000 , 6900,,6900 ,6400 , 7400,,7400 ,6800 , 7900,,7800 ,7200 , 8500,,8300 ,7500 , 9100,,8800 ,7900 , 9800,,9300 ,8400 , 11 000,,9800 ,8800 , 11 000,,10 000 ,9300 , 12 000,
Zambia,140 000 ,120 000 , 170 000,,160 000 ,140 000 , 190 000,,180 000 ,160 000 , 210 000,,200 000 ,180 000 , 230 000,,210 000 ,190 000 , 240 000,,220 000 ,200 000 , 250 000,,230 000 ,210 000 , 250 000,,230 000 ,210 000 , 260 000,,240 000 ,220 000 , 260 000,,240 000 ,220 000 , 260 000,,240 000 ,220 000 , 270 000,,250 000 ,230 000 , 270 000,,250 000 ,230 000 , 270 000,,260 000 ,240 000 , 280 000,,260 000 ,240 000 , 280 000,,270 000 ,250 000 , 290 000,,270 000 ,260 000 , 300 000,,290 000 ,270 000 , 310 000,,300 000 ,280 000 , 320 000,,310 000 ,290 000 , 340 000,,330 000 ,310 000 , 350 000,,340 000 ,320 000 , 370 000,,360 000 ,340 000 , 390 000,,380 000 ,350 000 , 410 000,,390 000 ,370 000 , 430 000,,410 000 ,390 000 , 450 000,,430 000 ,410 000 , 460 000,,450 000 ,430 000 , 490 000,,460 000 ,440 000 , 510 000,,480 000 ,450 000 , 520 000,,480 000 ,450 000 , 520 000,,480 000 ,460 000 , 530 000,,490 000 ,460 000 , 530 000,,490 000 ,460 000 , 530 000,,490 000 ,450 000 , 530 000,
Zimbabwe,470 000 ,410 000 , 540 000,,560 000 ,490 000 , 640 000,,630 000 ,570 000 , 730 000,,690 000 ,630 000 , 800 000,,730 000 ,670 000 , 850 000,,760 000 ,700 000 , 890 000,,770 000 ,710 000 , 900 000,,770 000 ,710 000 , 900 000,,760 000 ,700 000 , 890 000,,740 000 ,680 000 , 860 000,,710 000 ,660 000 , 830 000,,680 000 ,630 000 , 790 000,,650 000 ,600 000 , 760 000,,620 000 ,570 000 , 720 000,,590 000 ,540 000 , 700 000,,560 000 ,520 000 , 670 000,,540 000 ,500 000 , 650 000,,520 000 ,480 000 , 630 000,,510 000 ,480 000 , 610 000,,510 000 ,470 000 , 610 000,,500 000 ,470 000 , 600 000,,500 000 ,470 000 , 600 000,,510 000 ,470 000 , 600 000,,510 000 ,480 000 , 600 000,,510 000 ,480 000 , 610 000,,510 000 ,480 000 , 610 000,,520 000 ,480 000 , 610 000,,510 000 ,480 000 , 600 000,,510 000 ,480 000 , 600 000,,510 000 ,470 000 , 590 000,,500 000 ,470 000 , 590 000,,500 000 ,470 000 , 590 000,,500 000 ,470 000 , 580 000,,490 000 ,460 000 , 580 000,,490 000 ,460 000 , 570 000,
Global,5 000 000 ,4 500 000,5 700 000,,6 100 000 ,5 400 000,6 800 000,,7 000 000 ,6 300 000,7 900 000,,7 900 000 ,7 100 000,8 900 000,,8 800 000 ,7 900 000,9 900 000,,9 700 000 ,8 700 000,10 900 000,,10 500 000 ,9 400 000,11 800 000,,11 200 000 ,10 000 000,12 500 000,,11 700 000 ,10 500 000,13 100 000,,12 100 000 ,10 800 000,13 600 000,,12 400 000 ,11 100 000,13 900 000,,12 600 000 ,11 300 000,14 100 000,,12 800 000 ,11 400 000,14 300 000,,12 900 000 ,11 500 000,14 400 000,,12 900 000 ,11 600 000,14 500 000,,13 000 000 ,11 700 000,14 700 000,,13 200 000 ,11 800 000,14 800 000,,13 400 000 ,12 000 000,15 000 000,,13 600 000 ,12 200 000,15 300 000,,13 900 000 ,12 400 000,15 600 000,,14 200 000 ,12 700 000,16 000 000,,14 600 000 ,13 000 000,16 300 000,,14 900 000 ,13 300 000,16 700 000,,15 200 000 ,13 600 000,17 100 000,,15 600 000 ,13 900 000,17 500 000,,15 900 000 ,14 200 000,17 800 000,,16 200 000 ,14 500 000,18 200 000,,16 500 000 ,14 800 000,18 600 000,,16 800 000 ,15 100 000,18 900 000,,17 100 000 ,15 300 000,19 200 000,,17 400 000 ,15 600 000,19 600 000,,17 700 000 ,15 800 000,19 900 000,,17 900 000 ,16 100 000,20 200 000,,18 200 000 ,16 300 000,20 500 000,,18 500 000 ,16 500 000,20 700 000,