IndicatorId,IndicatorName,IndicatorShortName,Source,SourceYear,Author,LocationId,Location,Iso2,Iso3,TimeId,Time,VariantId,Variant,SexId,Sex,AgeId,AgeStart,AgeEnd,Age,CategoryId,Category,EstimateTypeId,EstimateType,EstimateMethodId,EstimateMethod,Value
70,Population by age and sex - broad age groups,Population by age and sex - broad age groups,World Population Prospects,2024,United Nations Population Division,24,Angola,AO,AGO,41,1990,4,Median,1,Male,26,15,null,15+,0,Not applicable,1,Model-based Estimates,2,Interpolation,3111580
70,Population by age and sex - broad age groups,Population by age and sex - broad age groups,World Population Prospects,2024,United Nations Population Division,24,Angola,AO,AGO,41,1990,4,Median,2,Female,26,15,null,15+,0,Not applicable,1,Model-based Estimates,2,Interpolation,3261789
70,Population by age and sex - broad age groups,Population by age and sex - broad age groups,World Population Prospects,2024,United Nations Population Division,24,Angola,AO,AGO,42,1991,4,Median,1,Male,26,15,null,15+,0,Not applicable,1,Model-based Estimates,2,Interpolation,3201187
70,Population by age and sex - broad age groups,Population by age and sex - broad age groups,World Population Prospects,2024,United Nations Population Division,24,Angola,AO,AGO,42,1991,4,Median,2,Female,26,15,null,15+,0,Not applicable,1,Model-based Estimates,2,Interpolation,3368501
70,Population by age and sex - broad age groups,Population by age and sex - broad age groups,World Population Prospects,2024,United Nations Population Division,24,Angola,AO,AGO,43,1992,4,Median,1,Male,26,15,null,15+,0,Not applicable,1,Model-based Estimates,2,Interpolation,3292270
70,Population by age and sex - broad age groups,Population by age and sex - broad age groups,World Population Prospects,2024,United Nations Population Division,24,Angola,AO,AGO,43,1992,4,Median,2,Female,26,15,null,15+,0,Not applicable,1,Model-based Estimates,2,Interpolation,3475569.5
70,Population by age and sex - broad age groups,Population by age and sex - broad age groups,World Population Prospects,2024,United Nations Population Division,24,Angola,AO,AGO,44,1993,4,Median,1,Male,26,15,null,15+,0,Not applicable,1,Model-based Estimates,2,Interpolation,3381424
70,Population by age and sex - broad age groups,Population by age and sex - broad age groups,World Population Prospects,2024,United Nations Population Division,24,Angola,AO,AGO,44,1993,4,Median,2,Female,26,15,null,15+,0,Not applicable,1,Model-based Estimates,2,Interpolation,3587019
70,Population by age and sex - broad age groups,Population by age and sex - broad age groups,World Population Prospects,2024,United Nations Population Division,24,Angola,AO,AGO,45,1994,4,Median,1,Male,26,15,null,15+,0,Not applicable,1,Model-based Estimates,2,Interpolation,3475048.5
70,Population by age and sex - broad age groups,Population by age and sex - broad age groups,World Population Prospects,2024,United Nations Population Division,24,Angola,AO,AGO,45,1994,4,Median,2,Female,26,15,null,15+,0,Not applicable,1,Model-based Estimates,2,Interpolation,3705785.5
70,Population by age and sex - broad age groups,Population by age and sex - broad age groups,World Population Prospects,2024,United Nations Population Division,24,Angola,AO,AGO,46,1995,4,Median,1,Male,26,15,null,15+,0,Not applicable,1,Model-based Estimates,2,Interpolation,3585594
70,Population by age and sex - broad age groups,Population by age and sex - broad age groups,World Population Prospects,2024,United Nations Population Division,24,Angola,AO,AGO,46,1995,4,Median,2,Female,26,15,null,15+,0,Not applicable,1,Model-based Estimates,2,Interpolation,3830608
70,Population by age and sex - broad age groups,Population by age and sex - broad age groups,World Population Prospects,2024,United Nations Population Division,24,Angola,AO,AGO,47,1996,4,Median,1,Male,26,15,null,15+,0,Not applicable,1,Model-based Estimates,2,Interpolation,3710340.5
70,Population by age and sex - broad age groups,Population by age and sex - broad age groups,World Population Prospects,2024,United Nations Population Division,24,Angola,AO,AGO,47,1996,4,Median,2,Female,26,15,null,15+,0,Not applicable,1,Model-based Estimates,2,Interpolation,3960501
70,Population by age and sex - broad age groups,Population by age and sex - broad age groups,World Population Prospects,2024,United Nations Population Division,24,Angola,AO,AGO,48,1997,4,Median,1,Male,26,15,null,15+,0,Not applicable,1,Model-based Estimates,2,Interpolation,3842998
70,Population by age and sex - broad age groups,Population by age and sex - broad age groups,World Population Prospects,2024,United Nations Population Division,24,Angola,AO,AGO,48,1997,4,Median,2,Female,26,15,null,15+,0,Not applicable,1,Model-based Estimates,2,Interpolation,4098055
70,Population by age and sex - broad age groups,Population by age and sex - broad age groups,World Population Prospects,2024,United Nations Population Division,24,Angola,AO,AGO,49,1998,4,Median,1,Male,26,15,null,15+,0,Not applicable,1,Model-based Estimates,2,Interpolation,3979085.5
70,Population by age and sex - broad age groups,Population by age and sex - broad age groups,World Population Prospects,2024,United Nations Population Division,24,Angola,AO,AGO,49,1998,4,Median,2,Female,26,15,null,15+,0,Not applicable,1,Model-based Estimates,2,Interpolation,4241795
70,Population by age and sex - broad age groups,Population by age and sex - broad age groups,World Population Prospects,2024,United Nations Population Division,24,Angola,AO,AGO,50,1999,4,Median,1,Male,26,15,null,15+,0,Not applicable,1,Model-based Estimates,2,Interpolation,4115696
70,Population by age and sex - broad age groups,Population by age and sex - broad age groups,World Population Prospects,2024,United Nations Population Division,24,Angola,AO,AGO,50,1999,4,Median,2,Female,26,15,null,15+,0,Not applicable,1,Model-based Estimates,2,Interpolation,4391407.5
70,Population by age and sex - broad age groups,Population by age and sex - broad age groups,World Population Prospects,2024,United Nations Population Division,24,Angola,AO,AGO,51,2000,4,Median,1,Male,26,15,null,15+,0,Not applicable,1,Model-based Estimates,2,Interpolation,4259102
70,Population by age and sex - broad age groups,Population by age and sex - broad age groups,World Population Prospects,2024,United Nations Population Division,24,Angola,AO,AGO,51,2000,4,Median,2,Female,26,15,null,15+,0,Not applicable,1,Model-based Estimates,2,Interpolation,4547909.5
70,Population by age and sex - broad age groups,Population by age and sex - broad age groups,World Population Prospects,2024,United Nations Population Division,24,Angola,AO,AGO,52,2001,4,Median,1,Male,26,15,null,15+,0,Not applicable,1,Model-based Estimates,2,Interpolation,4410929
70,Population by age and sex - broad age groups,Population by age and sex - broad age groups,World Population Prospects,2024,United Nations Population Division,24,Angola,AO,AGO,52,2001,4,Median,2,Female,26,15,null,15+,0,Not applicable,1,Model-based Estimates,2,Interpolation,4712070.5
70,Population by age and sex - broad age groups,Population by age and sex - broad age groups,World Population Prospects,2024,United Nations Population Division,24,Angola,AO,AGO,53,2002,4,Median,1,Male,26,15,null,15+,0,Not applicable,1,Model-based Estimates,2,Interpolation,4571302.5
70,Population by age and sex - broad age groups,Population by age and sex - broad age groups,World Population Prospects,2024,United Nations Population Division,24,Angola,AO,AGO,53,2002,4,Median,2,Female,26,15,null,15+,0,Not applicable,1,Model-based Estimates,2,Interpolation,4884187.5
70,Population by age and sex - broad age groups,Population by age and sex - broad age groups,World Population Prospects,2024,United Nations Population Division,24,Angola,AO,AGO,54,2003,4,Median,1,Male,26,15,null,15+,0,Not applicable,1,Model-based Estimates,2,Interpolation,4744407
70,Population by age and sex - broad age groups,Population by age and sex - broad age groups,World Population Prospects,2024,United Nations Population Division,24,Angola,AO,AGO,54,2003,4,Median,2,Female,26,15,null,15+,0,Not applicable,1,Model-based Estimates,2,Interpolation,5064084.5
70,Population by age and sex - broad age groups,Population by age and sex - broad age groups,World Population Prospects,2024,United Nations Population Division,24,Angola,AO,AGO,55,2004,4,Median,1,Male,26,15,null,15+,0,Not applicable,1,Model-based Estimates,2,Interpolation,4929790.5
70,Population by age and sex - broad age groups,Population by age and sex - broad age groups,World Population Prospects,2024,United Nations Population Division,24,Angola,AO,AGO,55,2004,4,Median,2,Female,26,15,null,15+,0,Not applicable,1,Model-based Estimates,2,Interpolation,5253552.5
70,Population by age and sex - broad age groups,Population by age and sex - broad age groups,World Population Prospects,2024,United Nations Population Division,24,Angola,AO,AGO,56,2005,4,Median,1,Male,26,15,null,15+,0,Not applicable,1,Model-based Estimates,2,Interpolation,5123288
70,Population by age and sex - broad age groups,Population by age and sex - broad age groups,World Population Prospects,2024,United Nations Population Division,24,Angola,AO,AGO,56,2005,4,Median,2,Female,26,15,null,15+,0,Not applicable,1,Model-based Estimates,2,Interpolation,5450926.5
70,Population by age and sex - broad age groups,Population by age and sex - broad age groups,World Population Prospects,2024,United Nations Population Division,24,Angola,AO,AGO,57,2006,4,Median,1,Male,26,15,null,15+,0,Not applicable,1,Model-based Estimates,2,Interpolation,5324589
70,Population by age and sex - broad age groups,Population by age and sex - broad age groups,World Population Prospects,2024,United Nations Population Division,24,Angola,AO,AGO,57,2006,4,Median,2,Female,26,15,null,15+,0,Not applicable,1,Model-based Estimates,2,Interpolation,5655669
70,Population by age and sex - broad age groups,Population by age and sex - broad age groups,World Population Prospects,2024,United Nations Population Division,24,Angola,AO,AGO,58,2007,4,Median,1,Male,26,15,null,15+,0,Not applicable,1,Model-based Estimates,2,Interpolation,5535335
70,Population by age and sex - broad age groups,Population by age and sex - broad age groups,World Population Prospects,2024,United Nations Population Division,24,Angola,AO,AGO,58,2007,4,Median,2,Female,26,15,null,15+,0,Not applicable,1,Model-based Estimates,2,Interpolation,5869549
70,Population by age and sex - broad age groups,Population by age and sex - broad age groups,World Population Prospects,2024,United Nations Population Division,24,Angola,AO,AGO,59,2008,4,Median,1,Male,26,15,null,15+,0,Not applicable,1,Model-based Estimates,2,Interpolation,5753643
70,Population by age and sex - broad age groups,Population by age and sex - broad age groups,World Population Prospects,2024,United Nations Population Division,24,Angola,AO,AGO,59,2008,4,Median,2,Female,26,15,null,15+,0,Not applicable,1,Model-based Estimates,2,Interpolation,6091158.5
70,Population by age and sex - broad age groups,Population by age and sex - broad age groups,World Population Prospects,2024,United Nations Population Division,24,Angola,AO,AGO,60,2009,4,Median,1,Male,26,15,null,15+,0,Not applicable,1,Model-based Estimates,2,Interpolation,5979542.5
70,Population by age and sex - broad age groups,Population by age and sex - broad age groups,World Population Prospects,2024,United Nations Population Division,24,Angola,AO,AGO,60,2009,4,Median,2,Female,26,15,null,15+,0,Not applicable,1,Model-based Estimates,2,Interpolation,6320678
70,Population by age and sex - broad age groups,Population by age and sex - broad age groups,World Population Prospects,2024,United Nations Population Division,24,Angola,AO,AGO,61,2010,4,Median,1,Male,26,15,null,15+,0,Not applicable,1,Model-based Estimates,2,Interpolation,6217144.5
70,Population by age and sex - broad age groups,Population by age and sex - broad age groups,World Population Prospects,2024,United Nations Population Division,24,Angola,AO,AGO,61,2010,4,Median,2,Female,26,15,null,15+,0,Not applicable,1,Model-based Estimates,2,Interpolation,6562357
70,Population by age and sex - broad age groups,Population by age and sex - broad age groups,World Population Prospects,2024,United Nations Population Division,24,Angola,AO,AGO,62,2011,4,Median,1,Male,26,15,null,15+,0,Not applicable,1,Model-based Estimates,2,Interpolation,6466706.5
70,Population by age and sex - broad age groups,Population by age and sex - broad age groups,World Population Prospects,2024,United Nations Population Division,24,Angola,AO,AGO,62,2011,4,Median,2,Female,26,15,null,15+,0,Not applicable,1,Model-based Estimates,2,Interpolation,6817166
70,Population by age and sex - broad age groups,Population by age and sex - broad age groups,World Population Prospects,2024,United Nations Population Division,24,Angola,AO,AGO,63,2012,4,Median,1,Male,26,15,null,15+,0,Not applicable,1,Model-based Estimates,2,Interpolation,6724561
70,Population by age and sex - broad age groups,Population by age and sex - broad age groups,World Population Prospects,2024,United Nations Population Division,24,Angola,AO,AGO,63,2012,4,Median,2,Female,26,15,null,15+,0,Not applicable,1,Model-based Estimates,2,Interpolation,7081944
70,Population by age and sex - broad age groups,Population by age and sex - broad age groups,World Population Prospects,2024,United Nations Population Division,24,Angola,AO,AGO,64,2013,4,Median,1,Male,26,15,null,15+,0,Not applicable,1,Model-based Estimates,2,Interpolation,6988688.5
70,Population by age and sex - broad age groups,Population by age and sex - broad age groups,World Population Prospects,2024,United Nations Population Division,24,Angola,AO,AGO,64,2013,4,Median,2,Female,26,15,null,15+,0,Not applicable,1,Model-based Estimates,2,Interpolation,7354261.5
70,Population by age and sex - broad age groups,Population by age and sex - broad age groups,World Population Prospects,2024,United Nations Population Division,24,Angola,AO,AGO,65,2014,4,Median,1,Male,26,15,null,15+,0,Not applicable,1,Model-based Estimates,2,Interpolation,7251312
70,Population by age and sex - broad age groups,Population by age and sex - broad age groups,World Population Prospects,2024,United Nations Population Division,24,Angola,AO,AGO,65,2014,4,Median,2,Female,26,15,null,15+,0,Not applicable,1,Model-based Estimates,2,Interpolation,7625759
70,Population by age and sex - broad age groups,Population by age and sex - broad age groups,World Population Prospects,2024,United Nations Population Division,24,Angola,AO,AGO,66,2015,4,Median,1,Male,26,15,null,15+,0,Not applicable,1,Model-based Estimates,3,Projection,7512854
70,Population by age and sex - broad age groups,Population by age and sex - broad age groups,World Population Prospects,2024,United Nations Population Division,24,Angola,AO,AGO,66,2015,4,Median,2,Female,26,15,null,15+,0,Not applicable,1,Model-based Estimates,3,Projection,7896697
70,Population by age and sex - broad age groups,Population by age and sex - broad age groups,World Population Prospects,2024,United Nations Population Division,24,Angola,AO,AGO,67,2016,4,Median,1,Male,26,15,null,15+,0,Not applicable,1,Model-based Estimates,3,Projection,7787321
70,Population by age and sex - broad age groups,Population by age and sex - broad age groups,World Population Prospects,2024,United Nations Population Division,24,Angola,AO,AGO,67,2016,4,Median,2,Female,26,15,null,15+,0,Not applicable,1,Model-based Estimates,3,Projection,8180895.5
70,Population by age and sex - broad age groups,Population by age and sex - broad age groups,World Population Prospects,2024,United Nations Population Division,24,Angola,AO,AGO,68,2017,4,Median,1,Male,26,15,null,15+,0,Not applicable,1,Model-based Estimates,3,Projection,8074898
70,Population by age and sex - broad age groups,Population by age and sex - broad age groups,World Population Prospects,2024,United Nations Population Division,24,Angola,AO,AGO,68,2017,4,Median,2,Female,26,15,null,15+,0,Not applicable,1,Model-based Estimates,3,Projection,8478426.5
70,Population by age and sex - broad age groups,Population by age and sex - broad age groups,World Population Prospects,2024,United Nations Population Division,24,Angola,AO,AGO,69,2018,4,Median,1,Male,26,15,null,15+,0,Not applicable,1,Model-based Estimates,3,Projection,8368982.5
70,Population by age and sex - broad age groups,Population by age and sex - broad age groups,World Population Prospects,2024,United Nations Population Division,24,Angola,AO,AGO,69,2018,4,Median,2,Female,26,15,null,15+,0,Not applicable,1,Model-based Estimates,3,Projection,8782722
70,Population by age and sex - broad age groups,Population by age and sex - broad age groups,World Population Prospects,2024,United Nations Population Division,24,Angola,AO,AGO,70,2019,4,Median,1,Male,26,15,null,15+,0,Not applicable,1,Model-based Estimates,3,Projection,8672974
70,Population by age and sex - broad age groups,Population by age and sex - broad age groups,World Population Prospects,2024,United Nations Population Division,24,Angola,AO,AGO,70,2019,4,Median,2,Female,26,15,null,15+,0,Not applicable,1,Model-based Estimates,3,Projection,9097115
70,Population by age and sex - broad age groups,Population by age and sex - broad age groups,World Population Prospects,2024,United Nations Population Division,24,Angola,AO,AGO,71,2020,4,Median,1,Male,26,15,null,15+,0,Not applicable,1,Model-based Estimates,3,Projection,8977806
70,Population by age and sex - broad age groups,Population by age and sex - broad age groups,World Population Prospects,2024,United Nations Population Division,24,Angola,AO,AGO,71,2020,4,Median,2,Female,26,15,null,15+,0,Not applicable,1,Model-based Estimates,3,Projection,9413777
70,Population by age and sex - broad age groups,Population by age and sex - broad age groups,World Population Prospects,2024,United Nations Population Division,24,Angola,AO,AGO,72,2021,4,Median,1,Male,26,15,null,15+,0,Not applicable,1,Model-based Estimates,3,Projection,9287989.5
70,Population by age and sex - broad age groups,Population by age and sex - broad age groups,World Population Prospects,2024,United Nations Population Division,24,Angola,AO,AGO,72,2021,4,Median,2,Female,26,15,null,15+,0,Not applicable,1,Model-based Estimates,3,Projection,9736184.5
70,Population by age and sex - broad age groups,Population by age and sex - broad age groups,World Population Prospects,2024,United Nations Population Division,24,Angola,AO,AGO,73,2022,4,Median,1,Male,26,15,null,15+,0,Not applicable,1,Model-based Estimates,3,Projection,9612988
70,Population by age and sex - broad age groups,Population by age and sex - broad age groups,World Population Prospects,2024,United Nations Population Division,24,Angola,AO,AGO,73,2022,4,Median,2,Female,26,15,null,15+,0,Not applicable,1,Model-based Estimates,3,Projection,10072558.5
70,Population by age and sex - broad age groups,Population by age and sex - broad age groups,World Population Prospects,2024,United Nations Population Division,24,Angola,AO,AGO,74,2023,4,Median,1,Male,26,15,null,15+,0,Not applicable,1,Model-based Estimates,3,Projection,9949238
70,Population by age and sex - broad age groups,Population by age and sex - broad age groups,World Population Prospects,2024,United Nations Population Division,24,Angola,AO,AGO,74,2023,4,Median,2,Female,26,15,null,15+,0,Not applicable,1,Model-based Estimates,3,Projection,10420402.5
70,Population by age and sex - broad age groups,Population by age and sex - broad age groups,World Population Prospects,2024,United Nations Population Division,72,Botswana,BW,BWA,41,1990,4,Median,1,Male,26,15,null,15+,0,Not applicable,1,Model-based Estimates,2,Interpolation,340899.5
70,Population by age and sex - broad age groups,Population by age and sex - broad age groups,World Population Prospects,2024,United Nations Population Division,72,Botswana,BW,BWA,41,1990,4,Median,2,Female,26,15,null,15+,0,Not applicable,1,Model-based Estimates,2,Interpolation,375415
70,Population by age and sex - broad age groups,Population by age and sex - broad age groups,World Population Prospects,2024,United Nations Population Division,72,Botswana,BW,BWA,42,1991,4,Median,1,Male,26,15,null,15+,0,Not applicable,1,Model-based Estimates,2,Interpolation,352829
70,Population by age and sex - broad age groups,Population by age and sex - broad age groups,World Population Prospects,2024,United Nations Population Division,72,Botswana,BW,BWA,42,1991,4,Median,2,Female,26,15,null,15+,0,Not applicable,1,Model-based Estimates,2,Interpolation,388920
70,Population by age and sex - broad age groups,Population by age and sex - broad age groups,World Population Prospects,2024,United Nations Population Division,72,Botswana,BW,BWA,43,1992,4,Median,1,Male,26,15,null,15+,0,Not applicable,1,Model-based Estimates,2,Interpolation,366222
70,Population by age and sex - broad age groups,Population by age and sex - broad age groups,World Population Prospects,2024,United Nations Population Division,72,Botswana,BW,BWA,43,1992,4,Median,2,Female,26,15,null,15+,0,Not applicable,1,Model-based Estimates,2,Interpolation,403410.5
70,Population by age and sex - broad age groups,Population by age and sex - broad age groups,World Population Prospects,2024,United Nations Population Division,72,Botswana,BW,BWA,44,1993,4,Median,1,Male,26,15,null,15+,0,Not applicable,1,Model-based Estimates,2,Interpolation,381334
70,Population by age and sex - broad age groups,Population by age and sex - broad age groups,World Population Prospects,2024,United Nations Population Division,72,Botswana,BW,BWA,44,1993,4,Median,2,Female,26,15,null,15+,0,Not applicable,1,Model-based Estimates,2,Interpolation,418849
70,Population by age and sex - broad age groups,Population by age and sex - broad age groups,World Population Prospects,2024,United Nations Population Division,72,Botswana,BW,BWA,45,1994,4,Median,1,Male,26,15,null,15+,0,Not applicable,1,Model-based Estimates,2,Interpolation,397395
70,Population by age and sex - broad age groups,Population by age and sex - broad age groups,World Population Prospects,2024,United Nations Population Division,72,Botswana,BW,BWA,45,1994,4,Median,2,Female,26,15,null,15+,0,Not applicable,1,Model-based Estimates,2,Interpolation,435142.5
70,Population by age and sex - broad age groups,Population by age and sex - broad age groups,World Population Prospects,2024,United Nations Population Division,72,Botswana,BW,BWA,46,1995,4,Median,1,Male,26,15,null,15+,0,Not applicable,1,Model-based Estimates,2,Interpolation,413897
70,Population by age and sex - broad age groups,Population by age and sex - broad age groups,World Population Prospects,2024,United Nations Population Division,72,Botswana,BW,BWA,46,1995,4,Median,2,Female,26,15,null,15+,0,Not applicable,1,Model-based Estimates,2,Interpolation,452012.5
70,Population by age and sex - broad age groups,Population by age and sex - broad age groups,World Population Prospects,2024,United Nations Population Division,72,Botswana,BW,BWA,47,1996,4,Median,1,Male,26,15,null,15+,0,Not applicable,1,Model-based Estimates,2,Interpolation,430541.5
70,Population by age and sex - broad age groups,Population by age and sex - broad age groups,World Population Prospects,2024,United Nations Population Division,72,Botswana,BW,BWA,47,1996,4,Median,2,Female,26,15,null,15+,0,Not applicable,1,Model-based Estimates,2,Interpolation,468937.5
70,Population by age and sex - broad age groups,Population by age and sex - broad age groups,World Population Prospects,2024,United Nations Population Division,72,Botswana,BW,BWA,48,1997,4,Median,1,Male,26,15,null,15+,0,Not applicable,1,Model-based Estimates,2,Interpolation,447370
70,Population by age and sex - broad age groups,Population by age and sex - broad age groups,World Population Prospects,2024,United Nations Population Division,72,Botswana,BW,BWA,48,1997,4,Median,2,Female,26,15,null,15+,0,Not applicable,1,Model-based Estimates,2,Interpolation,485774.5
70,Population by age and sex - broad age groups,Population by age and sex - broad age groups,World Population Prospects,2024,United Nations Population Division,72,Botswana,BW,BWA,49,1998,4,Median,1,Male,26,15,null,15+,0,Not applicable,1,Model-based Estimates,2,Interpolation,464204.5
70,Population by age and sex - broad age groups,Population by age and sex - broad age groups,World Population Prospects,2024,United Nations Population Division,72,Botswana,BW,BWA,49,1998,4,Median,2,Female,26,15,null,15+,0,Not applicable,1,Model-based Estimates,2,Interpolation,502460
70,Population by age and sex - broad age groups,Population by age and sex - broad age groups,World Population Prospects,2024,United Nations Population Division,72,Botswana,BW,BWA,50,1999,4,Median,1,Male,26,15,null,15+,0,Not applicable,1,Model-based Estimates,2,Interpolation,481050.5
70,Population by age and sex - broad age groups,Population by age and sex - broad age groups,World Population Prospects,2024,United Nations Population Division,72,Botswana,BW,BWA,50,1999,4,Median,2,Female,26,15,null,15+,0,Not applicable,1,Model-based Estimates,2,Interpolation,519018.5
70,Population by age and sex - broad age groups,Population by age and sex - broad age groups,World Population Prospects,2024,United Nations Population Division,72,Botswana,BW,BWA,51,2000,4,Median,1,Male,26,15,null,15+,0,Not applicable,1,Model-based Estimates,2,Interpolation,497986.5
70,Population by age and sex - broad age groups,Population by age and sex - broad age groups,World Population Prospects,2024,United Nations Population Division,72,Botswana,BW,BWA,51,2000,4,Median,2,Female,26,15,null,15+,0,Not applicable,1,Model-based Estimates,2,Interpolation,535567
70,Population by age and sex - broad age groups,Population by age and sex - broad age groups,World Population Prospects,2024,United Nations Population Division,72,Botswana,BW,BWA,52,2001,4,Median,1,Male,26,15,null,15+,0,Not applicable,1,Model-based Estimates,2,Interpolation,514650.5
70,Population by age and sex - broad age groups,Population by age and sex - broad age groups,World Population Prospects,2024,United Nations Population Division,72,Botswana,BW,BWA,52,2001,4,Median,2,Female,26,15,null,15+,0,Not applicable,1,Model-based Estimates,2,Interpolation,551867
70,Population by age and sex - broad age groups,Population by age and sex - broad age groups,World Population Prospects,2024,United Nations Population Division,72,Botswana,BW,BWA,53,2002,4,Median,1,Male,26,15,null,15+,0,Not applicable,1,Model-based Estimates,2,Interpolation,530595.5
70,Population by age and sex - broad age groups,Population by age and sex - broad age groups,World Population Prospects,2024,United Nations Population Division,72,Botswana,BW,BWA,53,2002,4,Median,2,Female,26,15,null,15+,0,Not applicable,1,Model-based Estimates,2,Interpolation,567417
70,Population by age and sex - broad age groups,Population by age and sex - broad age groups,World Population Prospects,2024,United Nations Population Division,72,Botswana,BW,BWA,54,2003,4,Median,1,Male,26,15,null,15+,0,Not applicable,1,Model-based Estimates,2,Interpolation,545949
70,Population by age and sex - broad age groups,Population by age and sex - broad age groups,World Population Prospects,2024,United Nations Population Division,72,Botswana,BW,BWA,54,2003,4,Median,2,Female,26,15,null,15+,0,Not applicable,1,Model-based Estimates,2,Interpolation,582284.5
70,Population by age and sex - broad age groups,Population by age and sex - broad age groups,World Population Prospects,2024,United Nations Population Division,72,Botswana,BW,BWA,55,2004,4,Median,1,Male,26,15,null,15+,0,Not applicable,1,Model-based Estimates,2,Interpolation,561003
70,Population by age and sex - broad age groups,Population by age and sex - broad age groups,World Population Prospects,2024,United Nations Population Division,72,Botswana,BW,BWA,55,2004,4,Median,2,Female,26,15,null,15+,0,Not applicable,1,Model-based Estimates,2,Interpolation,596814.5
70,Population by age and sex - broad age groups,Population by age and sex - broad age groups,World Population Prospects,2024,United Nations Population Division,72,Botswana,BW,BWA,56,2005,4,Median,1,Male,26,15,null,15+,0,Not applicable,1,Model-based Estimates,2,Interpolation,575949.5
70,Population by age and sex - broad age groups,Population by age and sex - broad age groups,World Population Prospects,2024,United Nations Population Division,72,Botswana,BW,BWA,56,2005,4,Median,2,Female,26,15,null,15+,0,Not applicable,1,Model-based Estimates,2,Interpolation,611210.5
70,Population by age and sex - broad age groups,Population by age and sex - broad age groups,World Population Prospects,2024,United Nations Population Division,72,Botswana,BW,BWA,57,2006,4,Median,1,Male,26,15,null,15+,0,Not applicable,1,Model-based Estimates,2,Interpolation,591054.5
70,Population by age and sex - broad age groups,Population by age and sex - broad age groups,World Population Prospects,2024,United Nations Population Division,72,Botswana,BW,BWA,57,2006,4,Median,2,Female,26,15,null,15+,0,Not applicable,1,Model-based Estimates,2,Interpolation,625589
70,Population by age and sex - broad age groups,Population by age and sex - broad age groups,World Population Prospects,2024,United Nations Population Division,72,Botswana,BW,BWA,58,2007,4,Median,1,Male,26,15,null,15+,0,Not applicable,1,Model-based Estimates,2,Interpolation,606513.5
70,Population by age and sex - broad age groups,Population by age and sex - broad age groups,World Population Prospects,2024,United Nations Population Division,72,Botswana,BW,BWA,58,2007,4,Median,2,Female,26,15,null,15+,0,Not applicable,1,Model-based Estimates,2,Interpolation,640152
70,Population by age and sex - broad age groups,Population by age and sex - broad age groups,World Population Prospects,2024,United Nations Population Division,72,Botswana,BW,BWA,59,2008,4,Median,1,Male,26,15,null,15+,0,Not applicable,1,Model-based Estimates,2,Interpolation,622398
70,Population by age and sex - broad age groups,Population by age and sex - broad age groups,World Population Prospects,2024,United Nations Population Division,72,Botswana,BW,BWA,59,2008,4,Median,2,Female,26,15,null,15+,0,Not applicable,1,Model-based Estimates,2,Interpolation,655120.5
70,Population by age and sex - broad age groups,Population by age and sex - broad age groups,World Population Prospects,2024,United Nations Population Division,72,Botswana,BW,BWA,60,2009,4,Median,1,Male,26,15,null,15+,0,Not applicable,1,Model-based Estimates,2,Interpolation,638533.5
70,Population by age and sex - broad age groups,Population by age and sex - broad age groups,World Population Prospects,2024,United Nations Population Division,72,Botswana,BW,BWA,60,2009,4,Median,2,Female,26,15,null,15+,0,Not applicable,1,Model-based Estimates,2,Interpolation,670471
70,Population by age and sex - broad age groups,Population by age and sex - broad age groups,World Population Prospects,2024,United Nations Population Division,72,Botswana,BW,BWA,61,2010,4,Median,1,Male,26,15,null,15+,0,Not applicable,1,Model-based Estimates,2,Interpolation,654472.5
70,Population by age and sex - broad age groups,Population by age and sex - broad age groups,World Population Prospects,2024,United Nations Population Division,72,Botswana,BW,BWA,61,2010,4,Median,2,Female,26,15,null,15+,0,Not applicable,1,Model-based Estimates,2,Interpolation,685851
70,Population by age and sex - broad age groups,Population by age and sex - broad age groups,World Population Prospects,2024,United Nations Population Division,72,Botswana,BW,BWA,62,2011,4,Median,1,Male,26,15,null,15+,0,Not applicable,1,Model-based Estimates,2,Interpolation,668279
70,Population by age and sex - broad age groups,Population by age and sex - broad age groups,World Population Prospects,2024,United Nations Population Division,72,Botswana,BW,BWA,62,2011,4,Median,2,Female,26,15,null,15+,0,Not applicable,1,Model-based Estimates,2,Interpolation,699723
70,Population by age and sex - broad age groups,Population by age and sex - broad age groups,World Population Prospects,2024,United Nations Population Division,72,Botswana,BW,BWA,63,2012,4,Median,1,Male,26,15,null,15+,0,Not applicable,1,Model-based Estimates,2,Interpolation,678964.5
70,Population by age and sex - broad age groups,Population by age and sex - broad age groups,World Population Prospects,2024,United Nations Population Division,72,Botswana,BW,BWA,63,2012,4,Median,2,Female,26,15,null,15+,0,Not applicable,1,Model-based Estimates,2,Interpolation,709240.5
70,Population by age and sex - broad age groups,Population by age and sex - broad age groups,World Population Prospects,2024,United Nations Population Division,72,Botswana,BW,BWA,64,2013,4,Median,1,Male,26,15,null,15+,0,Not applicable,1,Model-based Estimates,2,Interpolation,688985
70,Population by age and sex - broad age groups,Population by age and sex - broad age groups,World Population Prospects,2024,United Nations Population Division,72,Botswana,BW,BWA,64,2013,4,Median,2,Female,26,15,null,15+,0,Not applicable,1,Model-based Estimates,2,Interpolation,716283
70,Population by age and sex - broad age groups,Population by age and sex - broad age groups,World Population Prospects,2024,United Nations Population Division,72,Botswana,BW,BWA,65,2014,4,Median,1,Male,26,15,null,15+,0,Not applicable,1,Model-based Estimates,2,Interpolation,700132
70,Population by age and sex - broad age groups,Population by age and sex - broad age groups,World Population Prospects,2024,United Nations Population Division,72,Botswana,BW,BWA,65,2014,4,Median,2,Female,26,15,null,15+,0,Not applicable,1,Model-based Estimates,2,Interpolation,724469.5
70,Population by age and sex - broad age groups,Population by age and sex - broad age groups,World Population Prospects,2024,United Nations Population Division,72,Botswana,BW,BWA,66,2015,4,Median,1,Male,26,15,null,15+,0,Not applicable,1,Model-based Estimates,2,Interpolation,712506.5
70,Population by age and sex - broad age groups,Population by age and sex - broad age groups,World Population Prospects,2024,United Nations Population Division,72,Botswana,BW,BWA,66,2015,4,Median,2,Female,26,15,null,15+,0,Not applicable,1,Model-based Estimates,2,Interpolation,733937
70,Population by age and sex - broad age groups,Population by age and sex - broad age groups,World Population Prospects,2024,United Nations Population Division,72,Botswana,BW,BWA,67,2016,4,Median,1,Male,26,15,null,15+,0,Not applicable,1,Model-based Estimates,2,Interpolation,726086
70,Population by age and sex - broad age groups,Population by age and sex - broad age groups,World Population Prospects,2024,United Nations Population Division,72,Botswana,BW,BWA,67,2016,4,Median,2,Female,26,15,null,15+,0,Not applicable,1,Model-based Estimates,2,Interpolation,744722.5
70,Population by age and sex - broad age groups,Population by age and sex - broad age groups,World Population Prospects,2024,United Nations Population Division,72,Botswana,BW,BWA,68,2017,4,Median,1,Male,26,15,null,15+,0,Not applicable,1,Model-based Estimates,2,Interpolation,740684
70,Population by age and sex - broad age groups,Population by age and sex - broad age groups,World Population Prospects,2024,United Nations Population Division,72,Botswana,BW,BWA,68,2017,4,Median,2,Female,26,15,null,15+,0,Not applicable,1,Model-based Estimates,2,Interpolation,756770
70,Population by age and sex - broad age groups,Population by age and sex - broad age groups,World Population Prospects,2024,United Nations Population Division,72,Botswana,BW,BWA,69,2018,4,Median,1,Male,26,15,null,15+,0,Not applicable,1,Model-based Estimates,2,Interpolation,756054
70,Population by age and sex - broad age groups,Population by age and sex - broad age groups,World Population Prospects,2024,United Nations Population Division,72,Botswana,BW,BWA,69,2018,4,Median,2,Female,26,15,null,15+,0,Not applicable,1,Model-based Estimates,2,Interpolation,769891
70,Population by age and sex - broad age groups,Population by age and sex - broad age groups,World Population Prospects,2024,United Nations Population Division,72,Botswana,BW,BWA,70,2019,4,Median,1,Male,26,15,null,15+,0,Not applicable,1,Model-based Estimates,2,Interpolation,772195
70,Population by age and sex - broad age groups,Population by age and sex - broad age groups,World Population Prospects,2024,United Nations Population Division,72,Botswana,BW,BWA,70,2019,4,Median,2,Female,26,15,null,15+,0,Not applicable,1,Model-based Estimates,2,Interpolation,784009.5
70,Population by age and sex - broad age groups,Population by age and sex - broad age groups,World Population Prospects,2024,United Nations Population Division,72,Botswana,BW,BWA,71,2020,4,Median,1,Male,26,15,null,15+,0,Not applicable,1,Model-based Estimates,2,Interpolation,789046
70,Population by age and sex - broad age groups,Population by age and sex - broad age groups,World Population Prospects,2024,United Nations Population Division,72,Botswana,BW,BWA,71,2020,4,Median,2,Female,26,15,null,15+,0,Not applicable,1,Model-based Estimates,2,Interpolation,799078
70,Population by age and sex - broad age groups,Population by age and sex - broad age groups,World Population Prospects,2024,United Nations Population Division,72,Botswana,BW,BWA,72,2021,4,Median,1,Male,26,15,null,15+,0,Not applicable,1,Model-based Estimates,2,Interpolation,805261.5
70,Population by age and sex - broad age groups,Population by age and sex - broad age groups,World Population Prospects,2024,United Nations Population Division,72,Botswana,BW,BWA,72,2021,4,Median,2,Female,26,15,null,15+,0,Not applicable,1,Model-based Estimates,2,Interpolation,813659
70,Population by age and sex - broad age groups,Population by age and sex - broad age groups,World Population Prospects,2024,United Nations Population Division,72,Botswana,BW,BWA,73,2022,4,Median,1,Male,26,15,null,15+,0,Not applicable,1,Model-based Estimates,2,Interpolation,819885.5
70,Population by age and sex - broad age groups,Population by age and sex - broad age groups,World Population Prospects,2024,United Nations Population Division,72,Botswana,BW,BWA,73,2022,4,Median,2,Female,26,15,null,15+,0,Not applicable,1,Model-based Estimates,2,Interpolation,828914.5
70,Population by age and sex - broad age groups,Population by age and sex - broad age groups,World Population Prospects,2024,United Nations Population Division,72,Botswana,BW,BWA,74,2023,4,Median,1,Male,26,15,null,15+,0,Not applicable,1,Model-based Estimates,3,Projection,833861
70,Population by age and sex - broad age groups,Population by age and sex - broad age groups,World Population Prospects,2024,United Nations Population Division,72,Botswana,BW,BWA,74,2023,4,Median,2,Female,26,15,null,15+,0,Not applicable,1,Model-based Estimates,3,Projection,845729.5
70,Population by age and sex - broad age groups,Population by age and sex - broad age groups,World Population Prospects,2024,United Nations Population Division,108,Burundi,BI,BDI,41,1990,4,Median,1,Male,26,15,null,15+,0,Not applicable,1,Model-based Estimates,2,Interpolation,1386903
70,Population by age and sex - broad age groups,Population by age and sex - broad age groups,World Population Prospects,2024,United Nations Population Division,108,Burundi,BI,BDI,41,1990,4,Median,2,Female,26,15,null,15+,0,Not applicable,1,Model-based Estimates,2,Interpolation,1478921
70,Population by age and sex - broad age groups,Population by age and sex - broad age groups,World Population Prospects,2024,United Nations Population Division,108,Burundi,BI,BDI,42,1991,4,Median,1,Male,26,15,null,15+,0,Not applicable,1,Model-based Estimates,2,Interpolation,1409765
70,Population by age and sex - broad age groups,Population by age and sex - broad age groups,World Population Prospects,2024,United Nations Population Division,108,Burundi,BI,BDI,42,1991,4,Median,2,Female,26,15,null,15+,0,Not applicable,1,Model-based Estimates,2,Interpolation,1502328.5
70,Population by age and sex - broad age groups,Population by age and sex - broad age groups,World Population Prospects,2024,United Nations Population Division,108,Burundi,BI,BDI,43,1992,4,Median,1,Male,26,15,null,15+,0,Not applicable,1,Model-based Estimates,2,Interpolation,1450775
70,Population by age and sex - broad age groups,Population by age and sex - broad age groups,World Population Prospects,2024,United Nations Population Division,108,Burundi,BI,BDI,43,1992,4,Median,2,Female,26,15,null,15+,0,Not applicable,1,Model-based Estimates,2,Interpolation,1543798.5
70,Population by age and sex - broad age groups,Population by age and sex - broad age groups,World Population Prospects,2024,United Nations Population Division,108,Burundi,BI,BDI,44,1993,4,Median,1,Male,26,15,null,15+,0,Not applicable,1,Model-based Estimates,2,Interpolation,1344481
70,Population by age and sex - broad age groups,Population by age and sex - broad age groups,World Population Prospects,2024,United Nations Population Division,108,Burundi,BI,BDI,44,1993,4,Median,2,Female,26,15,null,15+,0,Not applicable,1,Model-based Estimates,2,Interpolation,1439655
70,Population by age and sex - broad age groups,Population by age and sex - broad age groups,World Population Prospects,2024,United Nations Population Division,108,Burundi,BI,BDI,45,1994,4,Median,1,Male,26,15,null,15+,0,Not applicable,1,Model-based Estimates,2,Interpolation,1348925
70,Population by age and sex - broad age groups,Population by age and sex - broad age groups,World Population Prospects,2024,United Nations Population Division,108,Burundi,BI,BDI,45,1994,4,Median,2,Female,26,15,null,15+,0,Not applicable,1,Model-based Estimates,2,Interpolation,1445337.5
70,Population by age and sex - broad age groups,Population by age and sex - broad age groups,World Population Prospects,2024,United Nations Population Division,108,Burundi,BI,BDI,46,1995,4,Median,1,Male,26,15,null,15+,0,Not applicable,1,Model-based Estimates,2,Interpolation,1495304
70,Population by age and sex - broad age groups,Population by age and sex - broad age groups,World Population Prospects,2024,United Nations Population Division,108,Burundi,BI,BDI,46,1995,4,Median,2,Female,26,15,null,15+,0,Not applicable,1,Model-based Estimates,2,Interpolation,1591632.5
70,Population by age and sex - broad age groups,Population by age and sex - broad age groups,World Population Prospects,2024,United Nations Population Division,108,Burundi,BI,BDI,47,1996,4,Median,1,Male,26,15,null,15+,0,Not applicable,1,Model-based Estimates,2,Interpolation,1480044.5
70,Population by age and sex - broad age groups,Population by age and sex - broad age groups,World Population Prospects,2024,United Nations Population Division,108,Burundi,BI,BDI,47,1996,4,Median,2,Female,26,15,null,15+,0,Not applicable,1,Model-based Estimates,2,Interpolation,1577903
70,Population by age and sex - broad age groups,Population by age and sex - broad age groups,World Population Prospects,2024,United Nations Population Division,108,Burundi,BI,BDI,48,1997,4,Median,1,Male,26,15,null,15+,0,Not applicable,1,Model-based Estimates,2,Interpolation,1469515.5
70,Population by age and sex - broad age groups,Population by age and sex - broad age groups,World Population Prospects,2024,United Nations Population Division,108,Burundi,BI,BDI,48,1997,4,Median,2,Female,26,15,null,15+,0,Not applicable,1,Model-based Estimates,2,Interpolation,1568630.5
70,Population by age and sex - broad age groups,Population by age and sex - broad age groups,World Population Prospects,2024,United Nations Population Division,108,Burundi,BI,BDI,49,1998,4,Median,1,Male,26,15,null,15+,0,Not applicable,1,Model-based Estimates,2,Interpolation,1515113
70,Population by age and sex - broad age groups,Population by age and sex - broad age groups,World Population Prospects,2024,United Nations Population Division,108,Burundi,BI,BDI,49,1998,4,Median,2,Female,26,15,null,15+,0,Not applicable,1,Model-based Estimates,2,Interpolation,1615028
70,Population by age and sex - broad age groups,Population by age and sex - broad age groups,World Population Prospects,2024,United Nations Population Division,108,Burundi,BI,BDI,50,1999,4,Median,1,Male,26,15,null,15+,0,Not applicable,1,Model-based Estimates,2,Interpolation,1574447
70,Population by age and sex - broad age groups,Population by age and sex - broad age groups,World Population Prospects,2024,United Nations Population Division,108,Burundi,BI,BDI,50,1999,4,Median,2,Female,26,15,null,15+,0,Not applicable,1,Model-based Estimates,2,Interpolation,1674989
70,Population by age and sex - broad age groups,Population by age and sex - broad age groups,World Population Prospects,2024,United Nations Population Division,108,Burundi,BI,BDI,51,2000,4,Median,1,Male,26,15,null,15+,0,Not applicable,1,Model-based Estimates,2,Interpolation,1622850
70,Population by age and sex - broad age groups,Population by age and sex - broad age groups,World Population Prospects,2024,United Nations Population Division,108,Burundi,BI,BDI,51,2000,4,Median,2,Female,26,15,null,15+,0,Not applicable,1,Model-based Estimates,2,Interpolation,1724673.5
70,Population by age and sex - broad age groups,Population by age and sex - broad age groups,World Population Prospects,2024,United Nations Population Division,108,Burundi,BI,BDI,52,2001,4,Median,1,Male,26,15,null,15+,0,Not applicable,1,Model-based Estimates,2,Interpolation,1681689
70,Population by age and sex - broad age groups,Population by age and sex - broad age groups,World Population Prospects,2024,United Nations Population Division,108,Burundi,BI,BDI,52,2001,4,Median,2,Female,26,15,null,15+,0,Not applicable,1,Model-based Estimates,2,Interpolation,1785646.5
70,Population by age and sex - broad age groups,Population by age and sex - broad age groups,World Population Prospects,2024,United Nations Population Division,108,Burundi,BI,BDI,53,2002,4,Median,1,Male,26,15,null,15+,0,Not applicable,1,Model-based Estimates,2,Interpolation,1747868
70,Population by age and sex - broad age groups,Population by age and sex - broad age groups,World Population Prospects,2024,United Nations Population Division,108,Burundi,BI,BDI,53,2002,4,Median,2,Female,26,15,null,15+,0,Not applicable,1,Model-based Estimates,2,Interpolation,1853321.5
70,Population by age and sex - broad age groups,Population by age and sex - broad age groups,World Population Prospects,2024,United Nations Population Division,108,Burundi,BI,BDI,54,2003,4,Median,1,Male,26,15,null,15+,0,Not applicable,1,Model-based Estimates,2,Interpolation,1823105.5
70,Population by age and sex - broad age groups,Population by age and sex - broad age groups,World Population Prospects,2024,United Nations Population Division,108,Burundi,BI,BDI,54,2003,4,Median,2,Female,26,15,null,15+,0,Not applicable,1,Model-based Estimates,2,Interpolation,1929076.5
70,Population by age and sex - broad age groups,Population by age and sex - broad age groups,World Population Prospects,2024,United Nations Population Division,108,Burundi,BI,BDI,55,2004,4,Median,1,Male,26,15,null,15+,0,Not applicable,1,Model-based Estimates,2,Interpolation,1915103
70,Population by age and sex - broad age groups,Population by age and sex - broad age groups,World Population Prospects,2024,United Nations Population Division,108,Burundi,BI,BDI,55,2004,4,Median,2,Female,26,15,null,15+,0,Not applicable,1,Model-based Estimates,2,Interpolation,2021057.5
70,Population by age and sex - broad age groups,Population by age and sex - broad age groups,World Population Prospects,2024,United Nations Population Division,108,Burundi,BI,BDI,56,2005,4,Median,1,Male,26,15,null,15+,0,Not applicable,1,Model-based Estimates,2,Interpolation,2004570
70,Population by age and sex - broad age groups,Population by age and sex - broad age groups,World Population Prospects,2024,United Nations Population Division,108,Burundi,BI,BDI,56,2005,4,Median,2,Female,26,15,null,15+,0,Not applicable,1,Model-based Estimates,2,Interpolation,2110293.5
70,Population by age and sex - broad age groups,Population by age and sex - broad age groups,World Population Prospects,2024,United Nations Population Division,108,Burundi,BI,BDI,57,2006,4,Median,1,Male,26,15,null,15+,0,Not applicable,1,Model-based Estimates,2,Interpolation,2088159.5
70,Population by age and sex - broad age groups,Population by age and sex - broad age groups,World Population Prospects,2024,United Nations Population Division,108,Burundi,BI,BDI,57,2006,4,Median,2,Female,26,15,null,15+,0,Not applicable,1,Model-based Estimates,2,Interpolation,2193687
70,Population by age and sex - broad age groups,Population by age and sex - broad age groups,World Population Prospects,2024,United Nations Population Division,108,Burundi,BI,BDI,58,2007,4,Median,1,Male,26,15,null,15+,0,Not applicable,1,Model-based Estimates,2,Interpolation,2173896.5
70,Population by age and sex - broad age groups,Population by age and sex - broad age groups,World Population Prospects,2024,United Nations Population Division,108,Burundi,BI,BDI,58,2007,4,Median,2,Female,26,15,null,15+,0,Not applicable,1,Model-based Estimates,2,Interpolation,2279126.5
70,Population by age and sex - broad age groups,Population by age and sex - broad age groups,World Population Prospects,2024,United Nations Population Division,108,Burundi,BI,BDI,59,2008,4,Median,1,Male,26,15,null,15+,0,Not applicable,1,Model-based Estimates,2,Interpolation,2276122.5
70,Population by age and sex - broad age groups,Population by age and sex - broad age groups,World Population Prospects,2024,United Nations Population Division,108,Burundi,BI,BDI,59,2008,4,Median,2,Female,26,15,null,15+,0,Not applicable,1,Model-based Estimates,2,Interpolation,2381176
70,Population by age and sex - broad age groups,Population by age and sex - broad age groups,World Population Prospects,2024,United Nations Population Division,108,Burundi,BI,BDI,60,2009,4,Median,1,Male,26,15,null,15+,0,Not applicable,1,Model-based Estimates,3,Projection,2406350
70,Population by age and sex - broad age groups,Population by age and sex - broad age groups,World Population Prospects,2024,United Nations Population Division,108,Burundi,BI,BDI,60,2009,4,Median,2,Female,26,15,null,15+,0,Not applicable,1,Model-based Estimates,3,Projection,2511386
70,Population by age and sex - broad age groups,Population by age and sex - broad age groups,World Population Prospects,2024,United Nations Population Division,108,Burundi,BI,BDI,61,2010,4,Median,1,Male,26,15,null,15+,0,Not applicable,1,Model-based Estimates,3,Projection,2521380.5
70,Population by age and sex - broad age groups,Population by age and sex - broad age groups,World Population Prospects,2024,United Nations Population Division,108,Burundi,BI,BDI,61,2010,4,Median,2,Female,26,15,null,15+,0,Not applicable,1,Model-based Estimates,3,Projection,2626567.5
70,Population by age and sex - broad age groups,Population by age and sex - broad age groups,World Population Prospects,2024,United Nations Population Division,108,Burundi,BI,BDI,62,2011,4,Median,1,Male,26,15,null,15+,0,Not applicable,1,Model-based Estimates,3,Projection,2600680
70,Population by age and sex - broad age groups,Population by age and sex - broad age groups,World Population Prospects,2024,United Nations Population Division,108,Burundi,BI,BDI,62,2011,4,Median,2,Female,26,15,null,15+,0,Not applicable,1,Model-based Estimates,3,Projection,2706315
70,Population by age and sex - broad age groups,Population by age and sex - broad age groups,World Population Prospects,2024,United Nations Population Division,108,Burundi,BI,BDI,63,2012,4,Median,1,Male,26,15,null,15+,0,Not applicable,1,Model-based Estimates,3,Projection,2680317.5
70,Population by age and sex - broad age groups,Population by age and sex - broad age groups,World Population Prospects,2024,United Nations Population Division,108,Burundi,BI,BDI,63,2012,4,Median,2,Female,26,15,null,15+,0,Not applicable,1,Model-based Estimates,3,Projection,2786422
70,Population by age and sex - broad age groups,Population by age and sex - broad age groups,World Population Prospects,2024,United Nations Population Division,108,Burundi,BI,BDI,64,2013,4,Median,1,Male,26,15,null,15+,0,Not applicable,1,Model-based Estimates,3,Projection,2762136
70,Population by age and sex - broad age groups,Population by age and sex - broad age groups,World Population Prospects,2024,United Nations Population Division,108,Burundi,BI,BDI,64,2013,4,Median,2,Female,26,15,null,15+,0,Not applicable,1,Model-based Estimates,3,Projection,2868793
70,Population by age and sex - broad age groups,Population by age and sex - broad age groups,World Population Prospects,2024,United Nations Population Division,108,Burundi,BI,BDI,65,2014,4,Median,1,Male,26,15,null,15+,0,Not applicable,1,Model-based Estimates,3,Projection,2840305
70,Population by age and sex - broad age groups,Population by age and sex - broad age groups,World Population Prospects,2024,United Nations Population Division,108,Burundi,BI,BDI,65,2014,4,Median,2,Female,26,15,null,15+,0,Not applicable,1,Model-based Estimates,3,Projection,2947726.5
70,Population by age and sex - broad age groups,Population by age and sex - broad age groups,World Population Prospects,2024,United Nations Population Division,108,Burundi,BI,BDI,66,2015,4,Median,1,Male,26,15,null,15+,0,Not applicable,1,Model-based Estimates,3,Projection,2870764
70,Population by age and sex - broad age groups,Population by age and sex - broad age groups,World Population Prospects,2024,United Nations Population Division,108,Burundi,BI,BDI,66,2015,4,Median,2,Female,26,15,null,15+,0,Not applicable,1,Model-based Estimates,3,Projection,2979604.5
70,Population by age and sex - broad age groups,Population by age and sex - broad age groups,World Population Prospects,2024,United Nations Population Division,108,Burundi,BI,BDI,67,2016,4,Median,1,Male,26,15,null,15+,0,Not applicable,1,Model-based Estimates,3,Projection,2882993.5
70,Population by age and sex - broad age groups,Population by age and sex - broad age groups,World Population Prospects,2024,United Nations Population Division,108,Burundi,BI,BDI,67,2016,4,Median,2,Female,26,15,null,15+,0,Not applicable,1,Model-based Estimates,3,Projection,2993390
70,Population by age and sex - broad age groups,Population by age and sex - broad age groups,World Population Prospects,2024,United Nations Population Division,108,Burundi,BI,BDI,68,2017,4,Median,1,Male,26,15,null,15+,0,Not applicable,1,Model-based Estimates,3,Projection,2938881.5
70,Population by age and sex - broad age groups,Population by age and sex - broad age groups,World Population Prospects,2024,United Nations Population Division,108,Burundi,BI,BDI,68,2017,4,Median,2,Female,26,15,null,15+,0,Not applicable,1,Model-based Estimates,3,Projection,3050455.5
70,Population by age and sex - broad age groups,Population by age and sex - broad age groups,World Population Prospects,2024,United Nations Population Division,108,Burundi,BI,BDI,69,2018,4,Median,1,Male,26,15,null,15+,0,Not applicable,1,Model-based Estimates,3,Projection,3041204
70,Population by age and sex - broad age groups,Population by age and sex - broad age groups,World Population Prospects,2024,United Nations Population Division,108,Burundi,BI,BDI,69,2018,4,Median,2,Female,26,15,null,15+,0,Not applicable,1,Model-based Estimates,3,Projection,3154007.5
70,Population by age and sex - broad age groups,Population by age and sex - broad age groups,World Population Prospects,2024,United Nations Population Division,108,Burundi,BI,BDI,70,2019,4,Median,1,Male,26,15,null,15+,0,Not applicable,1,Model-based Estimates,3,Projection,3169222.5
70,Population by age and sex - broad age groups,Population by age and sex - broad age groups,World Population Prospects,2024,United Nations Population Division,108,Burundi,BI,BDI,70,2019,4,Median,2,Female,26,15,null,15+,0,Not applicable,1,Model-based Estimates,3,Projection,3283528.5
70,Population by age and sex - broad age groups,Population by age and sex - broad age groups,World Population Prospects,2024,United Nations Population Division,108,Burundi,BI,BDI,71,2020,4,Median,1,Male,26,15,null,15+,0,Not applicable,1,Model-based Estimates,3,Projection,3288020.5
70,Population by age and sex - broad age groups,Population by age and sex - broad age groups,World Population Prospects,2024,United Nations Population Division,108,Burundi,BI,BDI,71,2020,4,Median,2,Female,26,15,null,15+,0,Not applicable,1,Model-based Estimates,3,Projection,3404466
70,Population by age and sex - broad age groups,Population by age and sex - broad age groups,World Population Prospects,2024,United Nations Population Division,108,Burundi,BI,BDI,72,2021,4,Median,1,Male,26,15,null,15+,0,Not applicable,1,Model-based Estimates,3,Projection,3407534.5
70,Population by age and sex - broad age groups,Population by age and sex - broad age groups,World Population Prospects,2024,United Nations Population Division,108,Burundi,BI,BDI,72,2021,4,Median,2,Female,26,15,null,15+,0,Not applicable,1,Model-based Estimates,3,Projection,3526518
70,Population by age and sex - broad age groups,Population by age and sex - broad age groups,World Population Prospects,2024,United Nations Population Division,108,Burundi,BI,BDI,73,2022,4,Median,1,Male,26,15,null,15+,0,Not applicable,1,Model-based Estimates,3,Projection,3536640.5
70,Population by age and sex - broad age groups,Population by age and sex - broad age groups,World Population Prospects,2024,United Nations Population Division,108,Burundi,BI,BDI,73,2022,4,Median,2,Female,26,15,null,15+,0,Not applicable,1,Model-based Estimates,3,Projection,3658232
70,Population by age and sex - broad age groups,Population by age and sex - broad age groups,World Population Prospects,2024,United Nations Population Division,108,Burundi,BI,BDI,74,2023,4,Median,1,Male,26,15,null,15+,0,Not applicable,1,Model-based Estimates,3,Projection,3677484
70,Population by age and sex - broad age groups,Population by age and sex - broad age groups,World Population Prospects,2024,United Nations Population Division,108,Burundi,BI,BDI,74,2023,4,Median,2,Female,26,15,null,15+,0,Not applicable,1,Model-based Estimates,3,Projection,3801782
70,Population by age and sex - broad age groups,Population by age and sex - broad age groups,World Population Prospects,2024,United Nations Population Division,120,Cameroon,CM,CMR,41,1990,4,Median,1,Male,26,15,null,15+,0,Not applicable,1,Model-based Estimates,2,Interpolation,2982083.5
70,Population by age and sex - broad age groups,Population by age and sex - broad age groups,World Population Prospects,2024,United Nations Population Division,120,Cameroon,CM,CMR,41,1990,4,Median,2,Female,26,15,null,15+,0,Not applicable,1,Model-based Estimates,2,Interpolation,3117568
70,Population by age and sex - broad age groups,Population by age and sex - broad age groups,World Population Prospects,2024,United Nations Population Division,120,Cameroon,CM,CMR,42,1991,4,Median,1,Male,26,15,null,15+,0,Not applicable,1,Model-based Estimates,2,Interpolation,3071594
70,Population by age and sex - broad age groups,Population by age and sex - broad age groups,World Population Prospects,2024,United Nations Population Division,120,Cameroon,CM,CMR,42,1991,4,Median,2,Female,26,15,null,15+,0,Not applicable,1,Model-based Estimates,2,Interpolation,3206863.5
70,Population by age and sex - broad age groups,Population by age and sex - broad age groups,World Population Prospects,2024,United Nations Population Division,120,Cameroon,CM,CMR,43,1992,4,Median,1,Male,26,15,null,15+,0,Not applicable,1,Model-based Estimates,2,Interpolation,3163573.5
70,Population by age and sex - broad age groups,Population by age and sex - broad age groups,World Population Prospects,2024,United Nations Population Division,120,Cameroon,CM,CMR,43,1992,4,Median,2,Female,26,15,null,15+,0,Not applicable,1,Model-based Estimates,2,Interpolation,3298744
70,Population by age and sex - broad age groups,Population by age and sex - broad age groups,World Population Prospects,2024,United Nations Population Division,120,Cameroon,CM,CMR,44,1993,4,Median,1,Male,26,15,null,15+,0,Not applicable,1,Model-based Estimates,2,Interpolation,3260276
70,Population by age and sex - broad age groups,Population by age and sex - broad age groups,World Population Prospects,2024,United Nations Population Division,120,Cameroon,CM,CMR,44,1993,4,Median,2,Female,26,15,null,15+,0,Not applicable,1,Model-based Estimates,2,Interpolation,3395500
70,Population by age and sex - broad age groups,Population by age and sex - broad age groups,World Population Prospects,2024,United Nations Population Division,120,Cameroon,CM,CMR,45,1994,4,Median,1,Male,26,15,null,15+,0,Not applicable,1,Model-based Estimates,2,Interpolation,3361013.5
70,Population by age and sex - broad age groups,Population by age and sex - broad age groups,World Population Prospects,2024,United Nations Population Division,120,Cameroon,CM,CMR,45,1994,4,Median,2,Female,26,15,null,15+,0,Not applicable,1,Model-based Estimates,2,Interpolation,3496254.5
70,Population by age and sex - broad age groups,Population by age and sex - broad age groups,World Population Prospects,2024,United Nations Population Division,120,Cameroon,CM,CMR,46,1995,4,Median,1,Male,26,15,null,15+,0,Not applicable,1,Model-based Estimates,2,Interpolation,3464998
70,Population by age and sex - broad age groups,Population by age and sex - broad age groups,World Population Prospects,2024,United Nations Population Division,120,Cameroon,CM,CMR,46,1995,4,Median,2,Female,26,15,null,15+,0,Not applicable,1,Model-based Estimates,2,Interpolation,3600100
70,Population by age and sex - broad age groups,Population by age and sex - broad age groups,World Population Prospects,2024,United Nations Population Division,120,Cameroon,CM,CMR,47,1996,4,Median,1,Male,26,15,null,15+,0,Not applicable,1,Model-based Estimates,2,Interpolation,3573871.5
70,Population by age and sex - broad age groups,Population by age and sex - broad age groups,World Population Prospects,2024,United Nations Population Division,120,Cameroon,CM,CMR,47,1996,4,Median,2,Female,26,15,null,15+,0,Not applicable,1,Model-based Estimates,2,Interpolation,3708630.5
70,Population by age and sex - broad age groups,Population by age and sex - broad age groups,World Population Prospects,2024,United Nations Population Division,120,Cameroon,CM,CMR,48,1997,4,Median,1,Male,26,15,null,15+,0,Not applicable,1,Model-based Estimates,2,Interpolation,3687880
70,Population by age and sex - broad age groups,Population by age and sex - broad age groups,World Population Prospects,2024,United Nations Population Division,120,Cameroon,CM,CMR,48,1997,4,Median,2,Female,26,15,null,15+,0,Not applicable,1,Model-based Estimates,2,Interpolation,3822281.5
70,Population by age and sex - broad age groups,Population by age and sex - broad age groups,World Population Prospects,2024,United Nations Population Division,120,Cameroon,CM,CMR,49,1998,4,Median,1,Male,26,15,null,15+,0,Not applicable,1,Model-based Estimates,2,Interpolation,3804575.5
70,Population by age and sex - broad age groups,Population by age and sex - broad age groups,World Population Prospects,2024,United Nations Population Division,120,Cameroon,CM,CMR,49,1998,4,Median,2,Female,26,15,null,15+,0,Not applicable,1,Model-based Estimates,2,Interpolation,3938342
70,Population by age and sex - broad age groups,Population by age and sex - broad age groups,World Population Prospects,2024,United Nations Population Division,120,Cameroon,CM,CMR,50,1999,4,Median,1,Male,26,15,null,15+,0,Not applicable,1,Model-based Estimates,2,Interpolation,3922594.5
70,Population by age and sex - broad age groups,Population by age and sex - broad age groups,World Population Prospects,2024,United Nations Population Division,120,Cameroon,CM,CMR,50,1999,4,Median,2,Female,26,15,null,15+,0,Not applicable,1,Model-based Estimates,2,Interpolation,4054881.5
70,Population by age and sex - broad age groups,Population by age and sex - broad age groups,World Population Prospects,2024,United Nations Population Division,120,Cameroon,CM,CMR,51,2000,4,Median,1,Male,26,15,null,15+,0,Not applicable,1,Model-based Estimates,2,Interpolation,4043073
70,Population by age and sex - broad age groups,Population by age and sex - broad age groups,World Population Prospects,2024,United Nations Population Division,120,Cameroon,CM,CMR,51,2000,4,Median,2,Female,26,15,null,15+,0,Not applicable,1,Model-based Estimates,2,Interpolation,4172948
70,Population by age and sex - broad age groups,Population by age and sex - broad age groups,World Population Prospects,2024,United Nations Population Division,120,Cameroon,CM,CMR,52,2001,4,Median,1,Male,26,15,null,15+,0,Not applicable,1,Model-based Estimates,2,Interpolation,4168700.5
70,Population by age and sex - broad age groups,Population by age and sex - broad age groups,World Population Prospects,2024,United Nations Population Division,120,Cameroon,CM,CMR,52,2001,4,Median,2,Female,26,15,null,15+,0,Not applicable,1,Model-based Estimates,2,Interpolation,4295428
70,Population by age and sex - broad age groups,Population by age and sex - broad age groups,World Population Prospects,2024,United Nations Population Division,120,Cameroon,CM,CMR,53,2002,4,Median,1,Male,26,15,null,15+,0,Not applicable,1,Model-based Estimates,2,Interpolation,4301817.5
70,Population by age and sex - broad age groups,Population by age and sex - broad age groups,World Population Prospects,2024,United Nations Population Division,120,Cameroon,CM,CMR,53,2002,4,Median,2,Female,26,15,null,15+,0,Not applicable,1,Model-based Estimates,2,Interpolation,4425198
70,Population by age and sex - broad age groups,Population by age and sex - broad age groups,World Population Prospects,2024,United Nations Population Division,120,Cameroon,CM,CMR,54,2003,4,Median,1,Male,26,15,null,15+,0,Not applicable,1,Model-based Estimates,2,Interpolation,4438976.5
70,Population by age and sex - broad age groups,Population by age and sex - broad age groups,World Population Prospects,2024,United Nations Population Division,120,Cameroon,CM,CMR,54,2003,4,Median,2,Female,26,15,null,15+,0,Not applicable,1,Model-based Estimates,2,Interpolation,4559197
70,Population by age and sex - broad age groups,Population by age and sex - broad age groups,World Population Prospects,2024,United Nations Population Division,120,Cameroon,CM,CMR,55,2004,4,Median,1,Male,26,15,null,15+,0,Not applicable,1,Model-based Estimates,2,Interpolation,4577360.5
70,Population by age and sex - broad age groups,Population by age and sex - broad age groups,World Population Prospects,2024,United Nations Population Division,120,Cameroon,CM,CMR,55,2004,4,Median,2,Female,26,15,null,15+,0,Not applicable,1,Model-based Estimates,2,Interpolation,4694708.5
70,Population by age and sex - broad age groups,Population by age and sex - broad age groups,World Population Prospects,2024,United Nations Population Division,120,Cameroon,CM,CMR,56,2005,4,Median,1,Male,26,15,null,15+,0,Not applicable,1,Model-based Estimates,2,Interpolation,4717067
70,Population by age and sex - broad age groups,Population by age and sex - broad age groups,World Population Prospects,2024,United Nations Population Division,120,Cameroon,CM,CMR,56,2005,4,Median,2,Female,26,15,null,15+,0,Not applicable,1,Model-based Estimates,2,Interpolation,4831698.5
70,Population by age and sex - broad age groups,Population by age and sex - broad age groups,World Population Prospects,2024,United Nations Population Division,120,Cameroon,CM,CMR,57,2006,4,Median,1,Male,26,15,null,15+,0,Not applicable,1,Model-based Estimates,3,Projection,4858619
70,Population by age and sex - broad age groups,Population by age and sex - broad age groups,World Population Prospects,2024,United Nations Population Division,120,Cameroon,CM,CMR,57,2006,4,Median,2,Female,26,15,null,15+,0,Not applicable,1,Model-based Estimates,3,Projection,4970818
70,Population by age and sex - broad age groups,Population by age and sex - broad age groups,World Population Prospects,2024,United Nations Population Division,120,Cameroon,CM,CMR,58,2007,4,Median,1,Male,26,15,null,15+,0,Not applicable,1,Model-based Estimates,3,Projection,5007403
70,Population by age and sex - broad age groups,Population by age and sex - broad age groups,World Population Prospects,2024,United Nations Population Division,120,Cameroon,CM,CMR,58,2007,4,Median,2,Female,26,15,null,15+,0,Not applicable,1,Model-based Estimates,3,Projection,5117585.5
70,Population by age and sex - broad age groups,Population by age and sex - broad age groups,World Population Prospects,2024,United Nations Population Division,120,Cameroon,CM,CMR,59,2008,4,Median,1,Male,26,15,null,15+,0,Not applicable,1,Model-based Estimates,3,Projection,5163109
70,Population by age and sex - broad age groups,Population by age and sex - broad age groups,World Population Prospects,2024,United Nations Population Division,120,Cameroon,CM,CMR,59,2008,4,Median,2,Female,26,15,null,15+,0,Not applicable,1,Model-based Estimates,3,Projection,5271599
70,Population by age and sex - broad age groups,Population by age and sex - broad age groups,World Population Prospects,2024,United Nations Population Division,120,Cameroon,CM,CMR,60,2009,4,Median,1,Male,26,15,null,15+,0,Not applicable,1,Model-based Estimates,3,Projection,5321548.5
70,Population by age and sex - broad age groups,Population by age and sex - broad age groups,World Population Prospects,2024,United Nations Population Division,120,Cameroon,CM,CMR,60,2009,4,Median,2,Female,26,15,null,15+,0,Not applicable,1,Model-based Estimates,3,Projection,5429052
70,Population by age and sex - broad age groups,Population by age and sex - broad age groups,World Population Prospects,2024,United Nations Population Division,120,Cameroon,CM,CMR,61,2010,4,Median,1,Male,26,15,null,15+,0,Not applicable,1,Model-based Estimates,3,Projection,5482675
70,Population by age and sex - broad age groups,Population by age and sex - broad age groups,World Population Prospects,2024,United Nations Population Division,120,Cameroon,CM,CMR,61,2010,4,Median,2,Female,26,15,null,15+,0,Not applicable,1,Model-based Estimates,3,Projection,5590104.5
70,Population by age and sex - broad age groups,Population by age and sex - broad age groups,World Population Prospects,2024,United Nations Population Division,120,Cameroon,CM,CMR,62,2011,4,Median,1,Male,26,15,null,15+,0,Not applicable,1,Model-based Estimates,3,Projection,5645764.5
70,Population by age and sex - broad age groups,Population by age and sex - broad age groups,World Population Prospects,2024,United Nations Population Division,120,Cameroon,CM,CMR,62,2011,4,Median,2,Female,26,15,null,15+,0,Not applicable,1,Model-based Estimates,3,Projection,5753752
70,Population by age and sex - broad age groups,Population by age and sex - broad age groups,World Population Prospects,2024,United Nations Population Division,120,Cameroon,CM,CMR,63,2012,4,Median,1,Male,26,15,null,15+,0,Not applicable,1,Model-based Estimates,3,Projection,5812763
70,Population by age and sex - broad age groups,Population by age and sex - broad age groups,World Population Prospects,2024,United Nations Population Division,120,Cameroon,CM,CMR,63,2012,4,Median,2,Female,26,15,null,15+,0,Not applicable,1,Model-based Estimates,3,Projection,5922191
70,Population by age and sex - broad age groups,Population by age and sex - broad age groups,World Population Prospects,2024,United Nations Population Division,120,Cameroon,CM,CMR,64,2013,4,Median,1,Male,26,15,null,15+,0,Not applicable,1,Model-based Estimates,3,Projection,5986459.5
70,Population by age and sex - broad age groups,Population by age and sex - broad age groups,World Population Prospects,2024,United Nations Population Division,120,Cameroon,CM,CMR,64,2013,4,Median,2,Female,26,15,null,15+,0,Not applicable,1,Model-based Estimates,3,Projection,6098372
70,Population by age and sex - broad age groups,Population by age and sex - broad age groups,World Population Prospects,2024,United Nations Population Division,120,Cameroon,CM,CMR,65,2014,4,Median,1,Male,26,15,null,15+,0,Not applicable,1,Model-based Estimates,3,Projection,6189515.5
70,Population by age and sex - broad age groups,Population by age and sex - broad age groups,World Population Prospects,2024,United Nations Population Division,120,Cameroon,CM,CMR,65,2014,4,Median,2,Female,26,15,null,15+,0,Not applicable,1,Model-based Estimates,3,Projection,6305072
70,Population by age and sex - broad age groups,Population by age and sex - broad age groups,World Population Prospects,2024,United Nations Population Division,120,Cameroon,CM,CMR,66,2015,4,Median,1,Male,26,15,null,15+,0,Not applicable,1,Model-based Estimates,3,Projection,6409279
70,Population by age and sex - broad age groups,Population by age and sex - broad age groups,World Population Prospects,2024,United Nations Population Division,120,Cameroon,CM,CMR,66,2015,4,Median,2,Female,26,15,null,15+,0,Not applicable,1,Model-based Estimates,3,Projection,6529552.5
70,Population by age and sex - broad age groups,Population by age and sex - broad age groups,World Population Prospects,2024,United Nations Population Division,120,Cameroon,CM,CMR,67,2016,4,Median,1,Male,26,15,null,15+,0,Not applicable,1,Model-based Estimates,3,Projection,6616473
70,Population by age and sex - broad age groups,Population by age and sex - broad age groups,World Population Prospects,2024,United Nations Population Division,120,Cameroon,CM,CMR,67,2016,4,Median,2,Female,26,15,null,15+,0,Not applicable,1,Model-based Estimates,3,Projection,6741941.5
70,Population by age and sex - broad age groups,Population by age and sex - broad age groups,World Population Prospects,2024,United Nations Population Division,120,Cameroon,CM,CMR,68,2017,4,Median,1,Male,26,15,null,15+,0,Not applicable,1,Model-based Estimates,3,Projection,6813238
70,Population by age and sex - broad age groups,Population by age and sex - broad age groups,World Population Prospects,2024,United Nations Population Division,120,Cameroon,CM,CMR,68,2017,4,Median,2,Female,26,15,null,15+,0,Not applicable,1,Model-based Estimates,3,Projection,6944418.5
70,Population by age and sex - broad age groups,Population by age and sex - broad age groups,World Population Prospects,2024,United Nations Population Division,120,Cameroon,CM,CMR,69,2018,4,Median,1,Male,26,15,null,15+,0,Not applicable,1,Model-based Estimates,3,Projection,7013690.5
70,Population by age and sex - broad age groups,Population by age and sex - broad age groups,World Population Prospects,2024,United Nations Population Division,120,Cameroon,CM,CMR,69,2018,4,Median,2,Female,26,15,null,15+,0,Not applicable,1,Model-based Estimates,3,Projection,7151443.5
70,Population by age and sex - broad age groups,Population by age and sex - broad age groups,World Population Prospects,2024,United Nations Population Division,120,Cameroon,CM,CMR,70,2019,4,Median,1,Male,26,15,null,15+,0,Not applicable,1,Model-based Estimates,3,Projection,7229509
70,Population by age and sex - broad age groups,Population by age and sex - broad age groups,World Population Prospects,2024,United Nations Population Division,120,Cameroon,CM,CMR,70,2019,4,Median,2,Female,26,15,null,15+,0,Not applicable,1,Model-based Estimates,3,Projection,7374330.5
70,Population by age and sex - broad age groups,Population by age and sex - broad age groups,World Population Prospects,2024,United Nations Population Division,120,Cameroon,CM,CMR,71,2020,4,Median,1,Male,26,15,null,15+,0,Not applicable,1,Model-based Estimates,3,Projection,7453276.5
70,Population by age and sex - broad age groups,Population by age and sex - broad age groups,World Population Prospects,2024,United Nations Population Division,120,Cameroon,CM,CMR,71,2020,4,Median,2,Female,26,15,null,15+,0,Not applicable,1,Model-based Estimates,3,Projection,7606322
70,Population by age and sex - broad age groups,Population by age and sex - broad age groups,World Population Prospects,2024,United Nations Population Division,120,Cameroon,CM,CMR,72,2021,4,Median,1,Male,26,15,null,15+,0,Not applicable,1,Model-based Estimates,3,Projection,7682096
70,Population by age and sex - broad age groups,Population by age and sex - broad age groups,World Population Prospects,2024,United Nations Population Division,120,Cameroon,CM,CMR,72,2021,4,Median,2,Female,26,15,null,15+,0,Not applicable,1,Model-based Estimates,3,Projection,7844041.5
70,Population by age and sex - broad age groups,Population by age and sex - broad age groups,World Population Prospects,2024,United Nations Population Division,120,Cameroon,CM,CMR,73,2022,4,Median,1,Male,26,15,null,15+,0,Not applicable,1,Model-based Estimates,3,Projection,7920216
70,Population by age and sex - broad age groups,Population by age and sex - broad age groups,World Population Prospects,2024,United Nations Population Division,120,Cameroon,CM,CMR,73,2022,4,Median,2,Female,26,15,null,15+,0,Not applicable,1,Model-based Estimates,3,Projection,8090709
70,Population by age and sex - broad age groups,Population by age and sex - broad age groups,World Population Prospects,2024,United Nations Population Division,120,Cameroon,CM,CMR,74,2023,4,Median,1,Male,26,15,null,15+,0,Not applicable,1,Model-based Estimates,3,Projection,8172415.5
70,Population by age and sex - broad age groups,Population by age and sex - broad age groups,World Population Prospects,2024,United Nations Population Division,120,Cameroon,CM,CMR,74,2023,4,Median,2,Female,26,15,null,15+,0,Not applicable,1,Model-based Estimates,3,Projection,8351680
70,Population by age and sex - broad age groups,Population by age and sex - broad age groups,World Population Prospects,2024,United Nations Population Division,132,Cabo Verde,CV,CPV,41,1990,4,Median,1,Male,26,15,null,15+,0,Not applicable,1,Model-based Estimates,2,Interpolation,92648
70,Population by age and sex - broad age groups,Population by age and sex - broad age groups,World Population Prospects,2024,United Nations Population Division,132,Cabo Verde,CV,CPV,41,1990,4,Median,2,Female,26,15,null,15+,0,Not applicable,1,Model-based Estimates,2,Interpolation,111085
70,Population by age and sex - broad age groups,Population by age and sex - broad age groups,World Population Prospects,2024,United Nations Population Division,132,Cabo Verde,CV,CPV,42,1991,4,Median,1,Male,26,15,null,15+,0,Not applicable,1,Model-based Estimates,2,Interpolation,95600
70,Population by age and sex - broad age groups,Population by age and sex - broad age groups,World Population Prospects,2024,United Nations Population Division,132,Cabo Verde,CV,CPV,42,1991,4,Median,2,Female,26,15,null,15+,0,Not applicable,1,Model-based Estimates,2,Interpolation,113535.5
70,Population by age and sex - broad age groups,Population by age and sex - broad age groups,World Population Prospects,2024,United Nations Population Division,132,Cabo Verde,CV,CPV,43,1992,4,Median,1,Male,26,15,null,15+,0,Not applicable,1,Model-based Estimates,2,Interpolation,98573.5
70,Population by age and sex - broad age groups,Population by age and sex - broad age groups,World Population Prospects,2024,United Nations Population Division,132,Cabo Verde,CV,CPV,43,1992,4,Median,2,Female,26,15,null,15+,0,Not applicable,1,Model-based Estimates,2,Interpolation,116012.5
70,Population by age and sex - broad age groups,Population by age and sex - broad age groups,World Population Prospects,2024,United Nations Population Division,132,Cabo Verde,CV,CPV,44,1993,4,Median,1,Male,26,15,null,15+,0,Not applicable,1,Model-based Estimates,2,Interpolation,101602
70,Population by age and sex - broad age groups,Population by age and sex - broad age groups,World Population Prospects,2024,United Nations Population Division,132,Cabo Verde,CV,CPV,44,1993,4,Median,2,Female,26,15,null,15+,0,Not applicable,1,Model-based Estimates,2,Interpolation,118546
70,Population by age and sex - broad age groups,Population by age and sex - broad age groups,World Population Prospects,2024,United Nations Population Division,132,Cabo Verde,CV,CPV,45,1994,4,Median,1,Male,26,15,null,15+,0,Not applicable,1,Model-based Estimates,2,Interpolation,104695.5
70,Population by age and sex - broad age groups,Population by age and sex - broad age groups,World Population Prospects,2024,United Nations Population Division,132,Cabo Verde,CV,CPV,45,1994,4,Median,2,Female,26,15,null,15+,0,Not applicable,1,Model-based Estimates,2,Interpolation,121140
70,Population by age and sex - broad age groups,Population by age and sex - broad age groups,World Population Prospects,2024,United Nations Population Division,132,Cabo Verde,CV,CPV,46,1995,4,Median,1,Male,26,15,null,15+,0,Not applicable,1,Model-based Estimates,2,Interpolation,107844.5
70,Population by age and sex - broad age groups,Population by age and sex - broad age groups,World Population Prospects,2024,United Nations Population Division,132,Cabo Verde,CV,CPV,46,1995,4,Median,2,Female,26,15,null,15+,0,Not applicable,1,Model-based Estimates,2,Interpolation,123778
70,Population by age and sex - broad age groups,Population by age and sex - broad age groups,World Population Prospects,2024,United Nations Population Division,132,Cabo Verde,CV,CPV,47,1996,4,Median,1,Male,26,15,null,15+,0,Not applicable,1,Model-based Estimates,2,Interpolation,111050.5
70,Population by age and sex - broad age groups,Population by age and sex - broad age groups,World Population Prospects,2024,United Nations Population Division,132,Cabo Verde,CV,CPV,47,1996,4,Median,2,Female,26,15,null,15+,0,Not applicable,1,Model-based Estimates,2,Interpolation,126473.5
70,Population by age and sex - broad age groups,Population by age and sex - broad age groups,World Population Prospects,2024,United Nations Population Division,132,Cabo Verde,CV,CPV,48,1997,4,Median,1,Male,26,15,null,15+,0,Not applicable,1,Model-based Estimates,2,Interpolation,114353.5
70,Population by age and sex - broad age groups,Population by age and sex - broad age groups,World Population Prospects,2024,United Nations Population Division,132,Cabo Verde,CV,CPV,48,1997,4,Median,2,Female,26,15,null,15+,0,Not applicable,1,Model-based Estimates,2,Interpolation,129265
70,Population by age and sex - broad age groups,Population by age and sex - broad age groups,World Population Prospects,2024,United Nations Population Division,132,Cabo Verde,CV,CPV,49,1998,4,Median,1,Male,26,15,null,15+,0,Not applicable,1,Model-based Estimates,2,Interpolation,117789.5
70,Population by age and sex - broad age groups,Population by age and sex - broad age groups,World Population Prospects,2024,United Nations Population Division,132,Cabo Verde,CV,CPV,49,1998,4,Median,2,Female,26,15,null,15+,0,Not applicable,1,Model-based Estimates,2,Interpolation,132164
70,Population by age and sex - broad age groups,Population by age and sex - broad age groups,World Population Prospects,2024,United Nations Population Division,132,Cabo Verde,CV,CPV,50,1999,4,Median,1,Male,26,15,null,15+,0,Not applicable,1,Model-based Estimates,2,Interpolation,121395.5
70,Population by age and sex - broad age groups,Population by age and sex - broad age groups,World Population Prospects,2024,United Nations Population Division,132,Cabo Verde,CV,CPV,50,1999,4,Median,2,Female,26,15,null,15+,0,Not applicable,1,Model-based Estimates,2,Interpolation,135200
70,Population by age and sex - broad age groups,Population by age and sex - broad age groups,World Population Prospects,2024,United Nations Population Division,132,Cabo Verde,CV,CPV,51,2000,4,Median,1,Male,26,15,null,15+,0,Not applicable,1,Model-based Estimates,2,Interpolation,125424.5
70,Population by age and sex - broad age groups,Population by age and sex - broad age groups,World Population Prospects,2024,United Nations Population Division,132,Cabo Verde,CV,CPV,51,2000,4,Median,2,Female,26,15,null,15+,0,Not applicable,1,Model-based Estimates,2,Interpolation,138488
70,Population by age and sex - broad age groups,Population by age and sex - broad age groups,World Population Prospects,2024,United Nations Population Division,132,Cabo Verde,CV,CPV,52,2001,4,Median,1,Male,26,15,null,15+,0,Not applicable,1,Model-based Estimates,2,Interpolation,130028
70,Population by age and sex - broad age groups,Population by age and sex - broad age groups,World Population Prospects,2024,United Nations Population Division,132,Cabo Verde,CV,CPV,52,2001,4,Median,2,Female,26,15,null,15+,0,Not applicable,1,Model-based Estimates,2,Interpolation,142032.5
70,Population by age and sex - broad age groups,Population by age and sex - broad age groups,World Population Prospects,2024,United Nations Population Division,132,Cabo Verde,CV,CPV,53,2002,4,Median,1,Male,26,15,null,15+,0,Not applicable,1,Model-based Estimates,2,Interpolation,134923.5
70,Population by age and sex - broad age groups,Population by age and sex - broad age groups,World Population Prospects,2024,United Nations Population Division,132,Cabo Verde,CV,CPV,53,2002,4,Median,2,Female,26,15,null,15+,0,Not applicable,1,Model-based Estimates,2,Interpolation,145643.5
70,Population by age and sex - broad age groups,Population by age and sex - broad age groups,World Population Prospects,2024,United Nations Population Division,132,Cabo Verde,CV,CPV,54,2003,4,Median,1,Male,26,15,null,15+,0,Not applicable,1,Model-based Estimates,2,Interpolation,139875
70,Population by age and sex - broad age groups,Population by age and sex - broad age groups,World Population Prospects,2024,United Nations Population Division,132,Cabo Verde,CV,CPV,54,2003,4,Median,2,Female,26,15,null,15+,0,Not applicable,1,Model-based Estimates,2,Interpolation,149208.5
70,Population by age and sex - broad age groups,Population by age and sex - broad age groups,World Population Prospects,2024,United Nations Population Division,132,Cabo Verde,CV,CPV,55,2004,4,Median,1,Male,26,15,null,15+,0,Not applicable,1,Model-based Estimates,2,Interpolation,144838.5
70,Population by age and sex - broad age groups,Population by age and sex - broad age groups,World Population Prospects,2024,United Nations Population Division,132,Cabo Verde,CV,CPV,55,2004,4,Median,2,Female,26,15,null,15+,0,Not applicable,1,Model-based Estimates,2,Interpolation,152718
70,Population by age and sex - broad age groups,Population by age and sex - broad age groups,World Population Prospects,2024,United Nations Population Division,132,Cabo Verde,CV,CPV,56,2005,4,Median,1,Male,26,15,null,15+,0,Not applicable,1,Model-based Estimates,2,Interpolation,149780.5
70,Population by age and sex - broad age groups,Population by age and sex - broad age groups,World Population Prospects,2024,United Nations Population Division,132,Cabo Verde,CV,CPV,56,2005,4,Median,2,Female,26,15,null,15+,0,Not applicable,1,Model-based Estimates,2,Interpolation,156166
70,Population by age and sex - broad age groups,Population by age and sex - broad age groups,World Population Prospects,2024,United Nations Population Division,132,Cabo Verde,CV,CPV,57,2006,4,Median,1,Male,26,15,null,15+,0,Not applicable,1,Model-based Estimates,2,Interpolation,154682.5
70,Population by age and sex - broad age groups,Population by age and sex - broad age groups,World Population Prospects,2024,United Nations Population Division,132,Cabo Verde,CV,CPV,57,2006,4,Median,2,Female,26,15,null,15+,0,Not applicable,1,Model-based Estimates,2,Interpolation,159560
70,Population by age and sex - broad age groups,Population by age and sex - broad age groups,World Population Prospects,2024,United Nations Population Division,132,Cabo Verde,CV,CPV,58,2007,4,Median,1,Male,26,15,null,15+,0,Not applicable,1,Model-based Estimates,2,Interpolation,159530.5
70,Population by age and sex - broad age groups,Population by age and sex - broad age groups,World Population Prospects,2024,United Nations Population Division,132,Cabo Verde,CV,CPV,58,2007,4,Median,2,Female,26,15,null,15+,0,Not applicable,1,Model-based Estimates,2,Interpolation,162922.5
70,Population by age and sex - broad age groups,Population by age and sex - broad age groups,World Population Prospects,2024,United Nations Population Division,132,Cabo Verde,CV,CPV,59,2008,4,Median,1,Male,26,15,null,15+,0,Not applicable,1,Model-based Estimates,2,Interpolation,164289
70,Population by age and sex - broad age groups,Population by age and sex - broad age groups,World Population Prospects,2024,United Nations Population Division,132,Cabo Verde,CV,CPV,59,2008,4,Median,2,Female,26,15,null,15+,0,Not applicable,1,Model-based Estimates,2,Interpolation,166249
70,Population by age and sex - broad age groups,Population by age and sex - broad age groups,World Population Prospects,2024,United Nations Population Division,132,Cabo Verde,CV,CPV,60,2009,4,Median,1,Male,26,15,null,15+,0,Not applicable,1,Model-based Estimates,2,Interpolation,168925.5
70,Population by age and sex - broad age groups,Population by age and sex - broad age groups,World Population Prospects,2024,United Nations Population Division,132,Cabo Verde,CV,CPV,60,2009,4,Median,2,Female,26,15,null,15+,0,Not applicable,1,Model-based Estimates,2,Interpolation,169524
70,Population by age and sex - broad age groups,Population by age and sex - broad age groups,World Population Prospects,2024,United Nations Population Division,132,Cabo Verde,CV,CPV,61,2010,4,Median,1,Male,26,15,null,15+,0,Not applicable,1,Model-based Estimates,2,Interpolation,173038.5
70,Population by age and sex - broad age groups,Population by age and sex - broad age groups,World Population Prospects,2024,United Nations Population Division,132,Cabo Verde,CV,CPV,61,2010,4,Median,2,Female,26,15,null,15+,0,Not applicable,1,Model-based Estimates,2,Interpolation,172655
70,Population by age and sex - broad age groups,Population by age and sex - broad age groups,World Population Prospects,2024,United Nations Population Division,132,Cabo Verde,CV,CPV,62,2011,4,Median,1,Male,26,15,null,15+,0,Not applicable,1,Model-based Estimates,2,Interpolation,176142.5
70,Population by age and sex - broad age groups,Population by age and sex - broad age groups,World Population Prospects,2024,United Nations Population Division,132,Cabo Verde,CV,CPV,62,2011,4,Median,2,Female,26,15,null,15+,0,Not applicable,1,Model-based Estimates,2,Interpolation,175383
70,Population by age and sex - broad age groups,Population by age and sex - broad age groups,World Population Prospects,2024,United Nations Population Division,132,Cabo Verde,CV,CPV,63,2012,4,Median,1,Male,26,15,null,15+,0,Not applicable,1,Model-based Estimates,2,Interpolation,178512
70,Population by age and sex - broad age groups,Population by age and sex - broad age groups,World Population Prospects,2024,United Nations Population Division,132,Cabo Verde,CV,CPV,63,2012,4,Median,2,Female,26,15,null,15+,0,Not applicable,1,Model-based Estimates,2,Interpolation,177571
70,Population by age and sex - broad age groups,Population by age and sex - broad age groups,World Population Prospects,2024,United Nations Population Division,132,Cabo Verde,CV,CPV,64,2013,4,Median,1,Male,26,15,null,15+,0,Not applicable,1,Model-based Estimates,2,Interpolation,180513
70,Population by age and sex - broad age groups,Population by age and sex - broad age groups,World Population Prospects,2024,United Nations Population Division,132,Cabo Verde,CV,CPV,64,2013,4,Median,2,Female,26,15,null,15+,0,Not applicable,1,Model-based Estimates,2,Interpolation,179291
70,Population by age and sex - broad age groups,Population by age and sex - broad age groups,World Population Prospects,2024,United Nations Population Division,132,Cabo Verde,CV,CPV,65,2014,4,Median,1,Male,26,15,null,15+,0,Not applicable,1,Model-based Estimates,2,Interpolation,182160
70,Population by age and sex - broad age groups,Population by age and sex - broad age groups,World Population Prospects,2024,United Nations Population Division,132,Cabo Verde,CV,CPV,65,2014,4,Median,2,Female,26,15,null,15+,0,Not applicable,1,Model-based Estimates,2,Interpolation,180610
70,Population by age and sex - broad age groups,Population by age and sex - broad age groups,World Population Prospects,2024,United Nations Population Division,132,Cabo Verde,CV,CPV,66,2015,4,Median,1,Male,26,15,null,15+,0,Not applicable,1,Model-based Estimates,2,Interpolation,183459.5
70,Population by age and sex - broad age groups,Population by age and sex - broad age groups,World Population Prospects,2024,United Nations Population Division,132,Cabo Verde,CV,CPV,66,2015,4,Median,2,Female,26,15,null,15+,0,Not applicable,1,Model-based Estimates,2,Interpolation,181515.5
70,Population by age and sex - broad age groups,Population by age and sex - broad age groups,World Population Prospects,2024,United Nations Population Division,132,Cabo Verde,CV,CPV,67,2016,4,Median,1,Male,26,15,null,15+,0,Not applicable,1,Model-based Estimates,2,Interpolation,184399
70,Population by age and sex - broad age groups,Population by age and sex - broad age groups,World Population Prospects,2024,United Nations Population Division,132,Cabo Verde,CV,CPV,67,2016,4,Median,2,Female,26,15,null,15+,0,Not applicable,1,Model-based Estimates,2,Interpolation,181975.5
70,Population by age and sex - broad age groups,Population by age and sex - broad age groups,World Population Prospects,2024,United Nations Population Division,132,Cabo Verde,CV,CPV,68,2017,4,Median,1,Male,26,15,null,15+,0,Not applicable,1,Model-based Estimates,2,Interpolation,185061
70,Population by age and sex - broad age groups,Population by age and sex - broad age groups,World Population Prospects,2024,United Nations Population Division,132,Cabo Verde,CV,CPV,68,2017,4,Median,2,Female,26,15,null,15+,0,Not applicable,1,Model-based Estimates,2,Interpolation,182123
70,Population by age and sex - broad age groups,Population by age and sex - broad age groups,World Population Prospects,2024,United Nations Population Division,132,Cabo Verde,CV,CPV,69,2018,4,Median,1,Male,26,15,null,15+,0,Not applicable,1,Model-based Estimates,2,Interpolation,185587.5
70,Population by age and sex - broad age groups,Population by age and sex - broad age groups,World Population Prospects,2024,United Nations Population Division,132,Cabo Verde,CV,CPV,69,2018,4,Median,2,Female,26,15,null,15+,0,Not applicable,1,Model-based Estimates,2,Interpolation,182149
70,Population by age and sex - broad age groups,Population by age and sex - broad age groups,World Population Prospects,2024,United Nations Population Division,132,Cabo Verde,CV,CPV,70,2019,4,Median,1,Male,26,15,null,15+,0,Not applicable,1,Model-based Estimates,2,Interpolation,186085.5
70,Population by age and sex - broad age groups,Population by age and sex - broad age groups,World Population Prospects,2024,United Nations Population Division,132,Cabo Verde,CV,CPV,70,2019,4,Median,2,Female,26,15,null,15+,0,Not applicable,1,Model-based Estimates,2,Interpolation,182139.5
70,Population by age and sex - broad age groups,Population by age and sex - broad age groups,World Population Prospects,2024,United Nations Population Division,132,Cabo Verde,CV,CPV,71,2020,4,Median,1,Male,26,15,null,15+,0,Not applicable,1,Model-based Estimates,2,Interpolation,186466.5
70,Population by age and sex - broad age groups,Population by age and sex - broad age groups,World Population Prospects,2024,United Nations Population Division,132,Cabo Verde,CV,CPV,71,2020,4,Median,2,Female,26,15,null,15+,0,Not applicable,1,Model-based Estimates,2,Interpolation,182067
70,Population by age and sex - broad age groups,Population by age and sex - broad age groups,World Population Prospects,2024,United Nations Population Division,132,Cabo Verde,CV,CPV,72,2021,4,Median,1,Male,26,15,null,15+,0,Not applicable,1,Model-based Estimates,2,Interpolation,188365
70,Population by age and sex - broad age groups,Population by age and sex - broad age groups,World Population Prospects,2024,United Nations Population Division,132,Cabo Verde,CV,CPV,72,2021,4,Median,2,Female,26,15,null,15+,0,Not applicable,1,Model-based Estimates,2,Interpolation,183663.5
70,Population by age and sex - broad age groups,Population by age and sex - broad age groups,World Population Prospects,2024,United Nations Population Division,132,Cabo Verde,CV,CPV,73,2022,4,Median,1,Male,26,15,null,15+,0,Not applicable,1,Model-based Estimates,3,Projection,191719.5
70,Population by age and sex - broad age groups,Population by age and sex - broad age groups,World Population Prospects,2024,United Nations Population Division,132,Cabo Verde,CV,CPV,73,2022,4,Median,2,Female,26,15,null,15+,0,Not applicable,1,Model-based Estimates,3,Projection,186784
70,Population by age and sex - broad age groups,Population by age and sex - broad age groups,World Population Prospects,2024,United Nations Population Division,132,Cabo Verde,CV,CPV,74,2023,4,Median,1,Male,26,15,null,15+,0,Not applicable,1,Model-based Estimates,3,Projection,194879.5
70,Population by age and sex - broad age groups,Population by age and sex - broad age groups,World Population Prospects,2024,United Nations Population Division,132,Cabo Verde,CV,CPV,74,2023,4,Median,2,Female,26,15,null,15+,0,Not applicable,1,Model-based Estimates,3,Projection,189708
70,Population by age and sex - broad age groups,Population by age and sex - broad age groups,World Population Prospects,2024,United Nations Population Division,140,Central African Republic,CF,CAF,41,1990,4,Median,1,Male,26,15,null,15+,0,Not applicable,1,Model-based Estimates,2,Interpolation,806863
70,Population by age and sex - broad age groups,Population by age and sex - broad age groups,World Population Prospects,2024,United Nations Population Division,140,Central African Republic,CF,CAF,41,1990,4,Median,2,Female,26,15,null,15+,0,Not applicable,1,Model-based Estimates,2,Interpolation,786068
70,Population by age and sex - broad age groups,Population by age and sex - broad age groups,World Population Prospects,2024,United Nations Population Division,140,Central African Republic,CF,CAF,42,1991,4,Median,1,Male,26,15,null,15+,0,Not applicable,1,Model-based Estimates,2,Interpolation,825883.5
70,Population by age and sex - broad age groups,Population by age and sex - broad age groups,World Population Prospects,2024,United Nations Population Division,140,Central African Republic,CF,CAF,42,1991,4,Median,2,Female,26,15,null,15+,0,Not applicable,1,Model-based Estimates,2,Interpolation,806275.5
70,Population by age and sex - broad age groups,Population by age and sex - broad age groups,World Population Prospects,2024,United Nations Population Division,140,Central African Republic,CF,CAF,43,1992,4,Median,1,Male,26,15,null,15+,0,Not applicable,1,Model-based Estimates,2,Interpolation,847581.5
70,Population by age and sex - broad age groups,Population by age and sex - broad age groups,World Population Prospects,2024,United Nations Population Division,140,Central African Republic,CF,CAF,43,1992,4,Median,2,Female,26,15,null,15+,0,Not applicable,1,Model-based Estimates,2,Interpolation,828771
70,Population by age and sex - broad age groups,Population by age and sex - broad age groups,World Population Prospects,2024,United Nations Population Division,140,Central African Republic,CF,CAF,44,1993,4,Median,1,Male,26,15,null,15+,0,Not applicable,1,Model-based Estimates,2,Interpolation,871666.5
70,Population by age and sex - broad age groups,Population by age and sex - broad age groups,World Population Prospects,2024,United Nations Population Division,140,Central African Republic,CF,CAF,44,1993,4,Median,2,Female,26,15,null,15+,0,Not applicable,1,Model-based Estimates,2,Interpolation,853459
70,Population by age and sex - broad age groups,Population by age and sex - broad age groups,World Population Prospects,2024,United Nations Population Division,140,Central African Republic,CF,CAF,45,1994,4,Median,1,Male,26,15,null,15+,0,Not applicable,1,Model-based Estimates,2,Interpolation,897046
70,Population by age and sex - broad age groups,Population by age and sex - broad age groups,World Population Prospects,2024,United Nations Population Division,140,Central African Republic,CF,CAF,45,1994,4,Median,2,Female,26,15,null,15+,0,Not applicable,1,Model-based Estimates,2,Interpolation,879540
70,Population by age and sex - broad age groups,Population by age and sex - broad age groups,World Population Prospects,2024,United Nations Population Division,140,Central African Republic,CF,CAF,46,1995,4,Median,1,Male,26,15,null,15+,0,Not applicable,1,Model-based Estimates,2,Interpolation,918607.5
70,Population by age and sex - broad age groups,Population by age and sex - broad age groups,World Population Prospects,2024,United Nations Population Division,140,Central African Republic,CF,CAF,46,1995,4,Median,2,Female,26,15,null,15+,0,Not applicable,1,Model-based Estimates,2,Interpolation,902806.5
70,Population by age and sex - broad age groups,Population by age and sex - broad age groups,World Population Prospects,2024,United Nations Population Division,140,Central African Republic,CF,CAF,47,1996,4,Median,1,Male,26,15,null,15+,0,Not applicable,1,Model-based Estimates,2,Interpolation,939681.5
70,Population by age and sex - broad age groups,Population by age and sex - broad age groups,World Population Prospects,2024,United Nations Population Division,140,Central African Republic,CF,CAF,47,1996,4,Median,2,Female,26,15,null,15+,0,Not applicable,1,Model-based Estimates,2,Interpolation,925877
70,Population by age and sex - broad age groups,Population by age and sex - broad age groups,World Population Prospects,2024,United Nations Population Division,140,Central African Republic,CF,CAF,48,1997,4,Median,1,Male,26,15,null,15+,0,Not applicable,1,Model-based Estimates,2,Interpolation,964838
70,Population by age and sex - broad age groups,Population by age and sex - broad age groups,World Population Prospects,2024,United Nations Population Division,140,Central African Republic,CF,CAF,48,1997,4,Median,2,Female,26,15,null,15+,0,Not applicable,1,Model-based Estimates,2,Interpolation,952452
70,Population by age and sex - broad age groups,Population by age and sex - broad age groups,World Population Prospects,2024,United Nations Population Division,140,Central African Republic,CF,CAF,49,1998,4,Median,1,Male,26,15,null,15+,0,Not applicable,1,Model-based Estimates,2,Interpolation,991294.5
70,Population by age and sex - broad age groups,Population by age and sex - broad age groups,World Population Prospects,2024,United Nations Population Division,140,Central African Republic,CF,CAF,49,1998,4,Median,2,Female,26,15,null,15+,0,Not applicable,1,Model-based Estimates,2,Interpolation,980227.5
70,Population by age and sex - broad age groups,Population by age and sex - broad age groups,World Population Prospects,2024,United Nations Population Division,140,Central African Republic,CF,CAF,50,1999,4,Median,1,Male,26,15,null,15+,0,Not applicable,1,Model-based Estimates,2,Interpolation,1019759.5
70,Population by age and sex - broad age groups,Population by age and sex - broad age groups,World Population Prospects,2024,United Nations Population Division,140,Central African Republic,CF,CAF,50,1999,4,Median,2,Female,26,15,null,15+,0,Not applicable,1,Model-based Estimates,2,Interpolation,1009781
70,Population by age and sex - broad age groups,Population by age and sex - broad age groups,World Population Prospects,2024,United Nations Population Division,140,Central African Republic,CF,CAF,51,2000,4,Median,1,Male,26,15,null,15+,0,Not applicable,1,Model-based Estimates,2,Interpolation,1050076.5
70,Population by age and sex - broad age groups,Population by age and sex - broad age groups,World Population Prospects,2024,United Nations Population Division,140,Central African Republic,CF,CAF,51,2000,4,Median,2,Female,26,15,null,15+,0,Not applicable,1,Model-based Estimates,2,Interpolation,1040947.5
70,Population by age and sex - broad age groups,Population by age and sex - broad age groups,World Population Prospects,2024,United Nations Population Division,140,Central African Republic,CF,CAF,52,2001,4,Median,1,Male,26,15,null,15+,0,Not applicable,1,Model-based Estimates,2,Interpolation,1073154
70,Population by age and sex - broad age groups,Population by age and sex - broad age groups,World Population Prospects,2024,United Nations Population Division,140,Central African Republic,CF,CAF,52,2001,4,Median,2,Female,26,15,null,15+,0,Not applicable,1,Model-based Estimates,2,Interpolation,1066319
70,Population by age and sex - broad age groups,Population by age and sex - broad age groups,World Population Prospects,2024,United Nations Population Division,140,Central African Republic,CF,CAF,53,2002,4,Median,1,Male,26,15,null,15+,0,Not applicable,1,Model-based Estimates,2,Interpolation,1097443.5
70,Population by age and sex - broad age groups,Population by age and sex - broad age groups,World Population Prospects,2024,United Nations Population Division,140,Central African Republic,CF,CAF,53,2002,4,Median,2,Female,26,15,null,15+,0,Not applicable,1,Model-based Estimates,2,Interpolation,1092850.5
70,Population by age and sex - broad age groups,Population by age and sex - broad age groups,World Population Prospects,2024,United Nations Population Division,140,Central African Republic,CF,CAF,54,2003,4,Median,1,Male,26,15,null,15+,0,Not applicable,1,Model-based Estimates,2,Interpolation,1126768
70,Population by age and sex - broad age groups,Population by age and sex - broad age groups,World Population Prospects,2024,United Nations Population Division,140,Central African Republic,CF,CAF,54,2003,4,Median,2,Female,26,15,null,15+,0,Not applicable,1,Model-based Estimates,2,Interpolation,1122704
70,Population by age and sex - broad age groups,Population by age and sex - broad age groups,World Population Prospects,2024,United Nations Population Division,140,Central African Republic,CF,CAF,55,2004,4,Median,1,Male,26,15,null,15+,0,Not applicable,1,Model-based Estimates,3,Projection,1152435
70,Population by age and sex - broad age groups,Population by age and sex - broad age groups,World Population Prospects,2024,United Nations Population Division,140,Central African Republic,CF,CAF,55,2004,4,Median,2,Female,26,15,null,15+,0,Not applicable,1,Model-based Estimates,3,Projection,1148803.5
70,Population by age and sex - broad age groups,Population by age and sex - broad age groups,World Population Prospects,2024,United Nations Population Division,140,Central African Republic,CF,CAF,56,2005,4,Median,1,Male,26,15,null,15+,0,Not applicable,1,Model-based Estimates,3,Projection,1179891
70,Population by age and sex - broad age groups,Population by age and sex - broad age groups,World Population Prospects,2024,United Nations Population Division,140,Central African Republic,CF,CAF,56,2005,4,Median,2,Female,26,15,null,15+,0,Not applicable,1,Model-based Estimates,3,Projection,1176665
70,Population by age and sex - broad age groups,Population by age and sex - broad age groups,World Population Prospects,2024,United Nations Population Division,140,Central African Republic,CF,CAF,57,2006,4,Median,1,Male,26,15,null,15+,0,Not applicable,1,Model-based Estimates,3,Projection,1202604.5
70,Population by age and sex - broad age groups,Population by age and sex - broad age groups,World Population Prospects,2024,United Nations Population Division,140,Central African Republic,CF,CAF,57,2006,4,Median,2,Female,26,15,null,15+,0,Not applicable,1,Model-based Estimates,3,Projection,1199965.5
70,Population by age and sex - broad age groups,Population by age and sex - broad age groups,World Population Prospects,2024,United Nations Population Division,140,Central African Republic,CF,CAF,58,2007,4,Median,1,Male,26,15,null,15+,0,Not applicable,1,Model-based Estimates,3,Projection,1222445
70,Population by age and sex - broad age groups,Population by age and sex - broad age groups,World Population Prospects,2024,United Nations Population Division,140,Central African Republic,CF,CAF,58,2007,4,Median,2,Female,26,15,null,15+,0,Not applicable,1,Model-based Estimates,3,Projection,1220500.5
70,Population by age and sex - broad age groups,Population by age and sex - broad age groups,World Population Prospects,2024,United Nations Population Division,140,Central African Republic,CF,CAF,59,2008,4,Median,1,Male,26,15,null,15+,0,Not applicable,1,Model-based Estimates,3,Projection,1246383
70,Population by age and sex - broad age groups,Population by age and sex - broad age groups,World Population Prospects,2024,United Nations Population Division,140,Central African Republic,CF,CAF,59,2008,4,Median,2,Female,26,15,null,15+,0,Not applicable,1,Model-based Estimates,3,Projection,1244954
70,Population by age and sex - broad age groups,Population by age and sex - broad age groups,World Population Prospects,2024,United Nations Population Division,140,Central African Republic,CF,CAF,60,2009,4,Median,1,Male,26,15,null,15+,0,Not applicable,1,Model-based Estimates,3,Projection,1209535.5
70,Population by age and sex - broad age groups,Population by age and sex - broad age groups,World Population Prospects,2024,United Nations Population Division,140,Central African Republic,CF,CAF,60,2009,4,Median,2,Female,26,15,null,15+,0,Not applicable,1,Model-based Estimates,3,Projection,1253643
70,Population by age and sex - broad age groups,Population by age and sex - broad age groups,World Population Prospects,2024,United Nations Population Division,140,Central African Republic,CF,CAF,61,2010,4,Median,1,Male,26,15,null,15+,0,Not applicable,1,Model-based Estimates,3,Projection,1168499.5
70,Population by age and sex - broad age groups,Population by age and sex - broad age groups,World Population Prospects,2024,United Nations Population Division,140,Central African Republic,CF,CAF,61,2010,4,Median,2,Female,26,15,null,15+,0,Not applicable,1,Model-based Estimates,3,Projection,1260083.5
70,Population by age and sex - broad age groups,Population by age and sex - broad age groups,World Population Prospects,2024,United Nations Population Division,140,Central African Republic,CF,CAF,62,2011,4,Median,1,Male,26,15,null,15+,0,Not applicable,1,Model-based Estimates,3,Projection,1178112.5
70,Population by age and sex - broad age groups,Population by age and sex - broad age groups,World Population Prospects,2024,United Nations Population Division,140,Central African Republic,CF,CAF,62,2011,4,Median,2,Female,26,15,null,15+,0,Not applicable,1,Model-based Estimates,3,Projection,1272605.5
70,Population by age and sex - broad age groups,Population by age and sex - broad age groups,World Population Prospects,2024,United Nations Population Division,140,Central African Republic,CF,CAF,63,2012,4,Median,1,Male,26,15,null,15+,0,Not applicable,1,Model-based Estimates,3,Projection,1175890.5
70,Population by age and sex - broad age groups,Population by age and sex - broad age groups,World Population Prospects,2024,United Nations Population Division,140,Central African Republic,CF,CAF,63,2012,4,Median,2,Female,26,15,null,15+,0,Not applicable,1,Model-based Estimates,3,Projection,1271541
70,Population by age and sex - broad age groups,Population by age and sex - broad age groups,World Population Prospects,2024,United Nations Population Division,140,Central African Republic,CF,CAF,64,2013,4,Median,1,Male,26,15,null,15+,0,Not applicable,1,Model-based Estimates,3,Projection,1167633.5
70,Population by age and sex - broad age groups,Population by age and sex - broad age groups,World Population Prospects,2024,United Nations Population Division,140,Central African Republic,CF,CAF,64,2013,4,Median,2,Female,26,15,null,15+,0,Not applicable,1,Model-based Estimates,3,Projection,1265494.5
70,Population by age and sex - broad age groups,Population by age and sex - broad age groups,World Population Prospects,2024,United Nations Population Division,140,Central African Republic,CF,CAF,65,2014,4,Median,1,Male,26,15,null,15+,0,Not applicable,1,Model-based Estimates,3,Projection,1138236.5
70,Population by age and sex - broad age groups,Population by age and sex - broad age groups,World Population Prospects,2024,United Nations Population Division,140,Central African Republic,CF,CAF,65,2014,4,Median,2,Female,26,15,null,15+,0,Not applicable,1,Model-based Estimates,3,Projection,1244827.5
70,Population by age and sex - broad age groups,Population by age and sex - broad age groups,World Population Prospects,2024,United Nations Population Division,140,Central African Republic,CF,CAF,66,2015,4,Median,1,Male,26,15,null,15+,0,Not applicable,1,Model-based Estimates,3,Projection,1123313.5
70,Population by age and sex - broad age groups,Population by age and sex - broad age groups,World Population Prospects,2024,United Nations Population Division,140,Central African Republic,CF,CAF,66,2015,4,Median,2,Female,26,15,null,15+,0,Not applicable,1,Model-based Estimates,3,Projection,1237335
70,Population by age and sex - broad age groups,Population by age and sex - broad age groups,World Population Prospects,2024,United Nations Population Division,140,Central African Republic,CF,CAF,67,2016,4,Median,1,Male,26,15,null,15+,0,Not applicable,1,Model-based Estimates,3,Projection,1144081
70,Population by age and sex - broad age groups,Population by age and sex - broad age groups,World Population Prospects,2024,United Nations Population Division,140,Central African Republic,CF,CAF,67,2016,4,Median,2,Female,26,15,null,15+,0,Not applicable,1,Model-based Estimates,3,Projection,1259919
70,Population by age and sex - broad age groups,Population by age and sex - broad age groups,World Population Prospects,2024,United Nations Population Division,140,Central African Republic,CF,CAF,68,2017,4,Median,1,Male,26,15,null,15+,0,Not applicable,1,Model-based Estimates,3,Projection,1161013
70,Population by age and sex - broad age groups,Population by age and sex - broad age groups,World Population Prospects,2024,United Nations Population Division,140,Central African Republic,CF,CAF,68,2017,4,Median,2,Female,26,15,null,15+,0,Not applicable,1,Model-based Estimates,3,Projection,1282474
70,Population by age and sex - broad age groups,Population by age and sex - broad age groups,World Population Prospects,2024,United Nations Population Division,140,Central African Republic,CF,CAF,69,2018,4,Median,1,Male,26,15,null,15+,0,Not applicable,1,Model-based Estimates,3,Projection,1179473.5
70,Population by age and sex - broad age groups,Population by age and sex - broad age groups,World Population Prospects,2024,United Nations Population Division,140,Central African Republic,CF,CAF,69,2018,4,Median,2,Female,26,15,null,15+,0,Not applicable,1,Model-based Estimates,3,Projection,1306323
70,Population by age and sex - broad age groups,Population by age and sex - broad age groups,World Population Prospects,2024,United Nations Population Division,140,Central African Republic,CF,CAF,70,2019,4,Median,1,Male,26,15,null,15+,0,Not applicable,1,Model-based Estimates,3,Projection,1189447
70,Population by age and sex - broad age groups,Population by age and sex - broad age groups,World Population Prospects,2024,United Nations Population Division,140,Central African Republic,CF,CAF,70,2019,4,Median,2,Female,26,15,null,15+,0,Not applicable,1,Model-based Estimates,3,Projection,1331356.5
70,Population by age and sex - broad age groups,Population by age and sex - broad age groups,World Population Prospects,2024,United Nations Population Division,140,Central African Republic,CF,CAF,71,2020,4,Median,1,Male,26,15,null,15+,0,Not applicable,1,Model-based Estimates,3,Projection,1205233
70,Population by age and sex - broad age groups,Population by age and sex - broad age groups,World Population Prospects,2024,United Nations Population Division,140,Central African Republic,CF,CAF,71,2020,4,Median,2,Female,26,15,null,15+,0,Not applicable,1,Model-based Estimates,3,Projection,1362800.5
70,Population by age and sex - broad age groups,Population by age and sex - broad age groups,World Population Prospects,2024,United Nations Population Division,140,Central African Republic,CF,CAF,72,2021,4,Median,1,Male,26,15,null,15+,0,Not applicable,1,Model-based Estimates,3,Projection,1220373.5
70,Population by age and sex - broad age groups,Population by age and sex - broad age groups,World Population Prospects,2024,United Nations Population Division,140,Central African Republic,CF,CAF,72,2021,4,Median,2,Female,26,15,null,15+,0,Not applicable,1,Model-based Estimates,3,Projection,1386628
70,Population by age and sex - broad age groups,Population by age and sex - broad age groups,World Population Prospects,2024,United Nations Population Division,140,Central African Republic,CF,CAF,73,2022,4,Median,1,Male,26,15,null,15+,0,Not applicable,1,Model-based Estimates,3,Projection,1191659
70,Population by age and sex - broad age groups,Population by age and sex - broad age groups,World Population Prospects,2024,United Nations Population Division,140,Central African Republic,CF,CAF,73,2022,4,Median,2,Female,26,15,null,15+,0,Not applicable,1,Model-based Estimates,3,Projection,1397368.5
70,Population by age and sex - broad age groups,Population by age and sex - broad age groups,World Population Prospects,2024,United Nations Population Division,140,Central African Republic,CF,CAF,74,2023,4,Median,1,Male,26,15,null,15+,0,Not applicable,1,Model-based Estimates,3,Projection,1190701
70,Population by age and sex - broad age groups,Population by age and sex - broad age groups,World Population Prospects,2024,United Nations Population Division,140,Central African Republic,CF,CAF,74,2023,4,Median,2,Female,26,15,null,15+,0,Not applicable,1,Model-based Estimates,3,Projection,1428457.5
70,Population by age and sex - broad age groups,Population by age and sex - broad age groups,World Population Prospects,2024,United Nations Population Division,148,Chad,TD,TCD,41,1990,4,Median,1,Male,26,15,null,15+,0,Not applicable,1,Model-based Estimates,3,Projection,1526643.5
70,Population by age and sex - broad age groups,Population by age and sex - broad age groups,World Population Prospects,2024,United Nations Population Division,148,Chad,TD,TCD,41,1990,4,Median,2,Female,26,15,null,15+,0,Not applicable,1,Model-based Estimates,3,Projection,1637932.5
70,Population by age and sex - broad age groups,Population by age and sex - broad age groups,World Population Prospects,2024,United Nations Population Division,148,Chad,TD,TCD,42,1991,4,Median,1,Male,26,15,null,15+,0,Not applicable,1,Model-based Estimates,3,Projection,1585069
70,Population by age and sex - broad age groups,Population by age and sex - broad age groups,World Population Prospects,2024,United Nations Population Division,148,Chad,TD,TCD,42,1991,4,Median,2,Female,26,15,null,15+,0,Not applicable,1,Model-based Estimates,3,Projection,1699695
70,Population by age and sex - broad age groups,Population by age and sex - broad age groups,World Population Prospects,2024,United Nations Population Division,148,Chad,TD,TCD,43,1992,4,Median,1,Male,26,15,null,15+,0,Not applicable,1,Model-based Estimates,3,Projection,1661473.5
70,Population by age and sex - broad age groups,Population by age and sex - broad age groups,World Population Prospects,2024,United Nations Population Division,148,Chad,TD,TCD,43,1992,4,Median,2,Female,26,15,null,15+,0,Not applicable,1,Model-based Estimates,3,Projection,1776639
70,Population by age and sex - broad age groups,Population by age and sex - broad age groups,World Population Prospects,2024,United Nations Population Division,148,Chad,TD,TCD,44,1993,4,Median,1,Male,26,15,null,15+,0,Not applicable,1,Model-based Estimates,2,Interpolation,1681136
70,Population by age and sex - broad age groups,Population by age and sex - broad age groups,World Population Prospects,2024,United Nations Population Division,148,Chad,TD,TCD,44,1993,4,Median,2,Female,26,15,null,15+,0,Not applicable,1,Model-based Estimates,2,Interpolation,1796775.5
70,Population by age and sex - broad age groups,Population by age and sex - broad age groups,World Population Prospects,2024,United Nations Population Division,148,Chad,TD,TCD,45,1994,4,Median,1,Male,26,15,null,15+,0,Not applicable,1,Model-based Estimates,2,Interpolation,1700852
70,Population by age and sex - broad age groups,Population by age and sex - broad age groups,World Population Prospects,2024,United Nations Population Division,148,Chad,TD,TCD,45,1994,4,Median,2,Female,26,15,null,15+,0,Not applicable,1,Model-based Estimates,2,Interpolation,1816349.5
70,Population by age and sex - broad age groups,Population by age and sex - broad age groups,World Population Prospects,2024,United Nations Population Division,148,Chad,TD,TCD,46,1995,4,Median,1,Male,26,15,null,15+,0,Not applicable,1,Model-based Estimates,2,Interpolation,1788872.5
70,Population by age and sex - broad age groups,Population by age and sex - broad age groups,World Population Prospects,2024,United Nations Population Division,148,Chad,TD,TCD,46,1995,4,Median,2,Female,26,15,null,15+,0,Not applicable,1,Model-based Estimates,2,Interpolation,1903555.5
70,Population by age and sex - broad age groups,Population by age and sex - broad age groups,World Population Prospects,2024,United Nations Population Division,148,Chad,TD,TCD,47,1996,4,Median,1,Male,26,15,null,15+,0,Not applicable,1,Model-based Estimates,2,Interpolation,1876266
70,Population by age and sex - broad age groups,Population by age and sex - broad age groups,World Population Prospects,2024,United Nations Population Division,148,Chad,TD,TCD,47,1996,4,Median,2,Female,26,15,null,15+,0,Not applicable,1,Model-based Estimates,2,Interpolation,1990012
70,Population by age and sex - broad age groups,Population by age and sex - broad age groups,World Population Prospects,2024,United Nations Population Division,148,Chad,TD,TCD,48,1997,4,Median,1,Male,26,15,null,15+,0,Not applicable,1,Model-based Estimates,2,Interpolation,1929801
70,Population by age and sex - broad age groups,Population by age and sex - broad age groups,World Population Prospects,2024,United Nations Population Division,148,Chad,TD,TCD,48,1997,4,Median,2,Female,26,15,null,15+,0,Not applicable,1,Model-based Estimates,2,Interpolation,2042812
70,Population by age and sex - broad age groups,Population by age and sex - broad age groups,World Population Prospects,2024,United Nations Population Division,148,Chad,TD,TCD,49,1998,4,Median,1,Male,26,15,null,15+,0,Not applicable,1,Model-based Estimates,2,Interpolation,1989380.5
70,Population by age and sex - broad age groups,Population by age and sex - broad age groups,World Population Prospects,2024,United Nations Population Division,148,Chad,TD,TCD,49,1998,4,Median,2,Female,26,15,null,15+,0,Not applicable,1,Model-based Estimates,2,Interpolation,2101383.5
70,Population by age and sex - broad age groups,Population by age and sex - broad age groups,World Population Prospects,2024,United Nations Population Division,148,Chad,TD,TCD,50,1999,4,Median,1,Male,26,15,null,15+,0,Not applicable,1,Model-based Estimates,2,Interpolation,2058212
70,Population by age and sex - broad age groups,Population by age and sex - broad age groups,World Population Prospects,2024,United Nations Population Division,148,Chad,TD,TCD,50,1999,4,Median,2,Female,26,15,null,15+,0,Not applicable,1,Model-based Estimates,2,Interpolation,2168789.5
70,Population by age and sex - broad age groups,Population by age and sex - broad age groups,World Population Prospects,2024,United Nations Population Division,148,Chad,TD,TCD,51,2000,4,Median,1,Male,26,15,null,15+,0,Not applicable,1,Model-based Estimates,2,Interpolation,2126032
70,Population by age and sex - broad age groups,Population by age and sex - broad age groups,World Population Prospects,2024,United Nations Population Division,148,Chad,TD,TCD,51,2000,4,Median,2,Female,26,15,null,15+,0,Not applicable,1,Model-based Estimates,2,Interpolation,2235105
70,Population by age and sex - broad age groups,Population by age and sex - broad age groups,World Population Prospects,2024,United Nations Population Division,148,Chad,TD,TCD,52,2001,4,Median,1,Male,26,15,null,15+,0,Not applicable,1,Model-based Estimates,2,Interpolation,2191220
70,Population by age and sex - broad age groups,Population by age and sex - broad age groups,World Population Prospects,2024,United Nations Population Division,148,Chad,TD,TCD,52,2001,4,Median,2,Female,26,15,null,15+,0,Not applicable,1,Model-based Estimates,2,Interpolation,2298430
70,Population by age and sex - broad age groups,Population by age and sex - broad age groups,World Population Prospects,2024,United Nations Population Division,148,Chad,TD,TCD,53,2002,4,Median,1,Male,26,15,null,15+,0,Not applicable,1,Model-based Estimates,2,Interpolation,2265942.5
70,Population by age and sex - broad age groups,Population by age and sex - broad age groups,World Population Prospects,2024,United Nations Population Division,148,Chad,TD,TCD,53,2002,4,Median,2,Female,26,15,null,15+,0,Not applicable,1,Model-based Estimates,2,Interpolation,2370866
70,Population by age and sex - broad age groups,Population by age and sex - broad age groups,World Population Prospects,2024,United Nations Population Division,148,Chad,TD,TCD,54,2003,4,Median,1,Male,26,15,null,15+,0,Not applicable,1,Model-based Estimates,2,Interpolation,2368550
70,Population by age and sex - broad age groups,Population by age and sex - broad age groups,World Population Prospects,2024,United Nations Population Division,148,Chad,TD,TCD,54,2003,4,Median,2,Female,26,15,null,15+,0,Not applicable,1,Model-based Estimates,2,Interpolation,2470887.5
70,Population by age and sex - broad age groups,Population by age and sex - broad age groups,World Population Prospects,2024,United Nations Population Division,148,Chad,TD,TCD,55,2004,4,Median,1,Male,26,15,null,15+,0,Not applicable,1,Model-based Estimates,2,Interpolation,2495944.5
70,Population by age and sex - broad age groups,Population by age and sex - broad age groups,World Population Prospects,2024,United Nations Population Division,148,Chad,TD,TCD,55,2004,4,Median,2,Female,26,15,null,15+,0,Not applicable,1,Model-based Estimates,2,Interpolation,2595553.5
70,Population by age and sex - broad age groups,Population by age and sex - broad age groups,World Population Prospects,2024,United Nations Population Division,148,Chad,TD,TCD,56,2005,4,Median,1,Male,26,15,null,15+,0,Not applicable,1,Model-based Estimates,2,Interpolation,2608142
70,Population by age and sex - broad age groups,Population by age and sex - broad age groups,World Population Prospects,2024,United Nations Population Division,148,Chad,TD,TCD,56,2005,4,Median,2,Female,26,15,null,15+,0,Not applicable,1,Model-based Estimates,2,Interpolation,2705089.5
70,Population by age and sex - broad age groups,Population by age and sex - broad age groups,World Population Prospects,2024,United Nations Population Division,148,Chad,TD,TCD,57,2006,4,Median,1,Male,26,15,null,15+,0,Not applicable,1,Model-based Estimates,2,Interpolation,2703114.5
70,Population by age and sex - broad age groups,Population by age and sex - broad age groups,World Population Prospects,2024,United Nations Population Division,148,Chad,TD,TCD,57,2006,4,Median,2,Female,26,15,null,15+,0,Not applicable,1,Model-based Estimates,2,Interpolation,2797805.5
70,Population by age and sex - broad age groups,Population by age and sex - broad age groups,World Population Prospects,2024,United Nations Population Division,148,Chad,TD,TCD,58,2007,4,Median,1,Male,26,15,null,15+,0,Not applicable,1,Model-based Estimates,2,Interpolation,2795920
70,Population by age and sex - broad age groups,Population by age and sex - broad age groups,World Population Prospects,2024,United Nations Population Division,148,Chad,TD,TCD,58,2007,4,Median,2,Female,26,15,null,15+,0,Not applicable,1,Model-based Estimates,2,Interpolation,2888537.5
70,Population by age and sex - broad age groups,Population by age and sex - broad age groups,World Population Prospects,2024,United Nations Population Division,148,Chad,TD,TCD,59,2008,4,Median,1,Male,26,15,null,15+,0,Not applicable,1,Model-based Estimates,2,Interpolation,2898730.5
70,Population by age and sex - broad age groups,Population by age and sex - broad age groups,World Population Prospects,2024,United Nations Population Division,148,Chad,TD,TCD,59,2008,4,Median,2,Female,26,15,null,15+,0,Not applicable,1,Model-based Estimates,2,Interpolation,2988479.5
70,Population by age and sex - broad age groups,Population by age and sex - broad age groups,World Population Prospects,2024,United Nations Population Division,148,Chad,TD,TCD,60,2009,4,Median,1,Male,26,15,null,15+,0,Not applicable,1,Model-based Estimates,2,Interpolation,3008147.5
70,Population by age and sex - broad age groups,Population by age and sex - broad age groups,World Population Prospects,2024,United Nations Population Division,148,Chad,TD,TCD,60,2009,4,Median,2,Female,26,15,null,15+,0,Not applicable,1,Model-based Estimates,2,Interpolation,3094466
70,Population by age and sex - broad age groups,Population by age and sex - broad age groups,World Population Prospects,2024,United Nations Population Division,148,Chad,TD,TCD,61,2010,4,Median,1,Male,26,15,null,15+,0,Not applicable,1,Model-based Estimates,3,Projection,3113152.5
70,Population by age and sex - broad age groups,Population by age and sex - broad age groups,World Population Prospects,2024,United Nations Population Division,148,Chad,TD,TCD,61,2010,4,Median,2,Female,26,15,null,15+,0,Not applicable,1,Model-based Estimates,3,Projection,3195953
70,Population by age and sex - broad age groups,Population by age and sex - broad age groups,World Population Prospects,2024,United Nations Population Division,148,Chad,TD,TCD,62,2011,4,Median,1,Male,26,15,null,15+,0,Not applicable,1,Model-based Estimates,3,Projection,3229105.5
70,Population by age and sex - broad age groups,Population by age and sex - broad age groups,World Population Prospects,2024,United Nations Population Division,148,Chad,TD,TCD,62,2011,4,Median,2,Female,26,15,null,15+,0,Not applicable,1,Model-based Estimates,3,Projection,3308309
70,Population by age and sex - broad age groups,Population by age and sex - broad age groups,World Population Prospects,2024,United Nations Population Division,148,Chad,TD,TCD,63,2012,4,Median,1,Male,26,15,null,15+,0,Not applicable,1,Model-based Estimates,3,Projection,3350932
70,Population by age and sex - broad age groups,Population by age and sex - broad age groups,World Population Prospects,2024,United Nations Population Division,148,Chad,TD,TCD,63,2012,4,Median,2,Female,26,15,null,15+,0,Not applicable,1,Model-based Estimates,3,Projection,3426549.5
70,Population by age and sex - broad age groups,Population by age and sex - broad age groups,World Population Prospects,2024,United Nations Population Division,148,Chad,TD,TCD,64,2013,4,Median,1,Male,26,15,null,15+,0,Not applicable,1,Model-based Estimates,3,Projection,3481607
70,Population by age and sex - broad age groups,Population by age and sex - broad age groups,World Population Prospects,2024,United Nations Population Division,148,Chad,TD,TCD,64,2013,4,Median,2,Female,26,15,null,15+,0,Not applicable,1,Model-based Estimates,3,Projection,3553723
70,Population by age and sex - broad age groups,Population by age and sex - broad age groups,World Population Prospects,2024,United Nations Population Division,148,Chad,TD,TCD,65,2014,4,Median,1,Male,26,15,null,15+,0,Not applicable,1,Model-based Estimates,3,Projection,3618479
70,Population by age and sex - broad age groups,Population by age and sex - broad age groups,World Population Prospects,2024,United Nations Population Division,148,Chad,TD,TCD,65,2014,4,Median,2,Female,26,15,null,15+,0,Not applicable,1,Model-based Estimates,3,Projection,3687580.5
70,Population by age and sex - broad age groups,Population by age and sex - broad age groups,World Population Prospects,2024,United Nations Population Division,148,Chad,TD,TCD,66,2015,4,Median,1,Male,26,15,null,15+,0,Not applicable,1,Model-based Estimates,3,Projection,3736404.5
70,Population by age and sex - broad age groups,Population by age and sex - broad age groups,World Population Prospects,2024,United Nations Population Division,148,Chad,TD,TCD,66,2015,4,Median,2,Female,26,15,null,15+,0,Not applicable,1,Model-based Estimates,3,Projection,3803213
70,Population by age and sex - broad age groups,Population by age and sex - broad age groups,World Population Prospects,2024,United Nations Population Division,148,Chad,TD,TCD,67,2016,4,Median,1,Male,26,15,null,15+,0,Not applicable,1,Model-based Estimates,3,Projection,3858752
70,Population by age and sex - broad age groups,Population by age and sex - broad age groups,World Population Prospects,2024,United Nations Population Division,148,Chad,TD,TCD,67,2016,4,Median,2,Female,26,15,null,15+,0,Not applicable,1,Model-based Estimates,3,Projection,3923379
70,Population by age and sex - broad age groups,Population by age and sex - broad age groups,World Population Prospects,2024,United Nations Population Division,148,Chad,TD,TCD,68,2017,4,Median,1,Male,26,15,null,15+,0,Not applicable,1,Model-based Estimates,3,Projection,3999412.5
70,Population by age and sex - broad age groups,Population by age and sex - broad age groups,World Population Prospects,2024,United Nations Population Division,148,Chad,TD,TCD,68,2017,4,Median,2,Female,26,15,null,15+,0,Not applicable,1,Model-based Estimates,3,Projection,4062117.5
70,Population by age and sex - broad age groups,Population by age and sex - broad age groups,World Population Prospects,2024,United Nations Population Division,148,Chad,TD,TCD,69,2018,4,Median,1,Male,26,15,null,15+,0,Not applicable,1,Model-based Estimates,3,Projection,4150010
70,Population by age and sex - broad age groups,Population by age and sex - broad age groups,World Population Prospects,2024,United Nations Population Division,148,Chad,TD,TCD,69,2018,4,Median,2,Female,26,15,null,15+,0,Not applicable,1,Model-based Estimates,3,Projection,4211295.5
70,Population by age and sex - broad age groups,Population by age and sex - broad age groups,World Population Prospects,2024,United Nations Population Division,148,Chad,TD,TCD,70,2019,4,Median,1,Male,26,15,null,15+,0,Not applicable,1,Model-based Estimates,3,Projection,4297817
70,Population by age and sex - broad age groups,Population by age and sex - broad age groups,World Population Prospects,2024,United Nations Population Division,148,Chad,TD,TCD,70,2019,4,Median,2,Female,26,15,null,15+,0,Not applicable,1,Model-based Estimates,3,Projection,4358127.5
70,Population by age and sex - broad age groups,Population by age and sex - broad age groups,World Population Prospects,2024,United Nations Population Division,148,Chad,TD,TCD,71,2020,4,Median,1,Male,26,15,null,15+,0,Not applicable,1,Model-based Estimates,3,Projection,4451253.5
70,Population by age and sex - broad age groups,Population by age and sex - broad age groups,World Population Prospects,2024,United Nations Population Division,148,Chad,TD,TCD,71,2020,4,Median,2,Female,26,15,null,15+,0,Not applicable,1,Model-based Estimates,3,Projection,4511453
70,Population by age and sex - broad age groups,Population by age and sex - broad age groups,World Population Prospects,2024,United Nations Population Division,148,Chad,TD,TCD,72,2021,4,Median,1,Male,26,15,null,15+,0,Not applicable,1,Model-based Estimates,3,Projection,4633396.5
70,Population by age and sex - broad age groups,Population by age and sex - broad age groups,World Population Prospects,2024,United Nations Population Division,148,Chad,TD,TCD,72,2021,4,Median,2,Female,26,15,null,15+,0,Not applicable,1,Model-based Estimates,3,Projection,4693968.5
70,Population by age and sex - broad age groups,Population by age and sex - broad age groups,World Population Prospects,2024,United Nations Population Division,148,Chad,TD,TCD,73,2022,4,Median,1,Male,26,15,null,15+,0,Not applicable,1,Model-based Estimates,3,Projection,4822884
70,Population by age and sex - broad age groups,Population by age and sex - broad age groups,World Population Prospects,2024,United Nations Population Division,148,Chad,TD,TCD,73,2022,4,Median,2,Female,26,15,null,15+,0,Not applicable,1,Model-based Estimates,3,Projection,4883928.5
70,Population by age and sex - broad age groups,Population by age and sex - broad age groups,World Population Prospects,2024,United Nations Population Division,148,Chad,TD,TCD,74,2023,4,Median,1,Male,26,15,null,15+,0,Not applicable,1,Model-based Estimates,3,Projection,5114291.5
70,Population by age and sex - broad age groups,Population by age and sex - broad age groups,World Population Prospects,2024,United Nations Population Division,148,Chad,TD,TCD,74,2023,4,Median,2,Female,26,15,null,15+,0,Not applicable,1,Model-based Estimates,3,Projection,5175588
70,Population by age and sex - broad age groups,Population by age and sex - broad age groups,World Population Prospects,2024,United Nations Population Division,174,Comoros,KM,COM,41,1990,4,Median,1,Male,26,15,null,15+,0,Not applicable,1,Model-based Estimates,2,Interpolation,114587
70,Population by age and sex - broad age groups,Population by age and sex - broad age groups,World Population Prospects,2024,United Nations Population Division,174,Comoros,KM,COM,41,1990,4,Median,2,Female,26,15,null,15+,0,Not applicable,1,Model-based Estimates,2,Interpolation,121226
70,Population by age and sex - broad age groups,Population by age and sex - broad age groups,World Population Prospects,2024,United Nations Population Division,174,Comoros,KM,COM,42,1991,4,Median,1,Male,26,15,null,15+,0,Not applicable,1,Model-based Estimates,2,Interpolation,117183
70,Population by age and sex - broad age groups,Population by age and sex - broad age groups,World Population Prospects,2024,United Nations Population Division,174,Comoros,KM,COM,42,1991,4,Median,2,Female,26,15,null,15+,0,Not applicable,1,Model-based Estimates,2,Interpolation,124576.5
70,Population by age and sex - broad age groups,Population by age and sex - broad age groups,World Population Prospects,2024,United Nations Population Division,174,Comoros,KM,COM,43,1992,4,Median,1,Male,26,15,null,15+,0,Not applicable,1,Model-based Estimates,2,Interpolation,118978
70,Population by age and sex - broad age groups,Population by age and sex - broad age groups,World Population Prospects,2024,United Nations Population Division,174,Comoros,KM,COM,43,1992,4,Median,2,Female,26,15,null,15+,0,Not applicable,1,Model-based Estimates,2,Interpolation,127047
70,Population by age and sex - broad age groups,Population by age and sex - broad age groups,World Population Prospects,2024,United Nations Population Division,174,Comoros,KM,COM,44,1993,4,Median,1,Male,26,15,null,15+,0,Not applicable,1,Model-based Estimates,2,Interpolation,120166.5
70,Population by age and sex - broad age groups,Population by age and sex - broad age groups,World Population Prospects,2024,United Nations Population Division,174,Comoros,KM,COM,44,1993,4,Median,2,Female,26,15,null,15+,0,Not applicable,1,Model-based Estimates,2,Interpolation,128728.5
70,Population by age and sex - broad age groups,Population by age and sex - broad age groups,World Population Prospects,2024,United Nations Population Division,174,Comoros,KM,COM,45,1994,4,Median,1,Male,26,15,null,15+,0,Not applicable,1,Model-based Estimates,2,Interpolation,121507.5
70,Population by age and sex - broad age groups,Population by age and sex - broad age groups,World Population Prospects,2024,United Nations Population Division,174,Comoros,KM,COM,45,1994,4,Median,2,Female,26,15,null,15+,0,Not applicable,1,Model-based Estimates,2,Interpolation,130599.5
70,Population by age and sex - broad age groups,Population by age and sex - broad age groups,World Population Prospects,2024,United Nations Population Division,174,Comoros,KM,COM,46,1995,4,Median,1,Male,26,15,null,15+,0,Not applicable,1,Model-based Estimates,2,Interpolation,123047
70,Population by age and sex - broad age groups,Population by age and sex - broad age groups,World Population Prospects,2024,United Nations Population Division,174,Comoros,KM,COM,46,1995,4,Median,2,Female,26,15,null,15+,0,Not applicable,1,Model-based Estimates,2,Interpolation,132701.5
70,Population by age and sex - broad age groups,Population by age and sex - broad age groups,World Population Prospects,2024,United Nations Population Division,174,Comoros,KM,COM,47,1996,4,Median,1,Male,26,15,null,15+,0,Not applicable,1,Model-based Estimates,2,Interpolation,124807
70,Population by age and sex - broad age groups,Population by age and sex - broad age groups,World Population Prospects,2024,United Nations Population Division,174,Comoros,KM,COM,47,1996,4,Median,2,Female,26,15,null,15+,0,Not applicable,1,Model-based Estimates,2,Interpolation,135043.5
70,Population by age and sex - broad age groups,Population by age and sex - broad age groups,World Population Prospects,2024,United Nations Population Division,174,Comoros,KM,COM,48,1997,4,Median,1,Male,26,15,null,15+,0,Not applicable,1,Model-based Estimates,2,Interpolation,126856
70,Population by age and sex - broad age groups,Population by age and sex - broad age groups,World Population Prospects,2024,United Nations Population Division,174,Comoros,KM,COM,48,1997,4,Median,2,Female,26,15,null,15+,0,Not applicable,1,Model-based Estimates,2,Interpolation,137713.5
70,Population by age and sex - broad age groups,Population by age and sex - broad age groups,World Population Prospects,2024,United Nations Population Division,174,Comoros,KM,COM,49,1998,4,Median,1,Male,26,15,null,15+,0,Not applicable,1,Model-based Estimates,2,Interpolation,129272
70,Population by age and sex - broad age groups,Population by age and sex - broad age groups,World Population Prospects,2024,United Nations Population Division,174,Comoros,KM,COM,49,1998,4,Median,2,Female,26,15,null,15+,0,Not applicable,1,Model-based Estimates,2,Interpolation,140752
70,Population by age and sex - broad age groups,Population by age and sex - broad age groups,World Population Prospects,2024,United Nations Population Division,174,Comoros,KM,COM,50,1999,4,Median,1,Male,26,15,null,15+,0,Not applicable,1,Model-based Estimates,2,Interpolation,132495.5
70,Population by age and sex - broad age groups,Population by age and sex - broad age groups,World Population Prospects,2024,United Nations Population Division,174,Comoros,KM,COM,50,1999,4,Median,2,Female,26,15,null,15+,0,Not applicable,1,Model-based Estimates,2,Interpolation,144170
70,Population by age and sex - broad age groups,Population by age and sex - broad age groups,World Population Prospects,2024,United Nations Population Division,174,Comoros,KM,COM,51,2000,4,Median,1,Male,26,15,null,15+,0,Not applicable,1,Model-based Estimates,2,Interpolation,136247
70,Population by age and sex - broad age groups,Population by age and sex - broad age groups,World Population Prospects,2024,United Nations Population Division,174,Comoros,KM,COM,51,2000,4,Median,2,Female,26,15,null,15+,0,Not applicable,1,Model-based Estimates,2,Interpolation,147833
70,Population by age and sex - broad age groups,Population by age and sex - broad age groups,World Population Prospects,2024,United Nations Population Division,174,Comoros,KM,COM,52,2001,4,Median,1,Male,26,15,null,15+,0,Not applicable,1,Model-based Estimates,2,Interpolation,139861.5
70,Population by age and sex - broad age groups,Population by age and sex - broad age groups,World Population Prospects,2024,United Nations Population Division,174,Comoros,KM,COM,52,2001,4,Median,2,Female,26,15,null,15+,0,Not applicable,1,Model-based Estimates,2,Interpolation,151583
70,Population by age and sex - broad age groups,Population by age and sex - broad age groups,World Population Prospects,2024,United Nations Population Division,174,Comoros,KM,COM,53,2002,4,Median,1,Male,26,15,null,15+,0,Not applicable,1,Model-based Estimates,2,Interpolation,143365.5
70,Population by age and sex - broad age groups,Population by age and sex - broad age groups,World Population Prospects,2024,United Nations Population Division,174,Comoros,KM,COM,53,2002,4,Median,2,Female,26,15,null,15+,0,Not applicable,1,Model-based Estimates,2,Interpolation,155372
70,Population by age and sex - broad age groups,Population by age and sex - broad age groups,World Population Prospects,2024,United Nations Population Division,174,Comoros,KM,COM,54,2003,4,Median,1,Male,26,15,null,15+,0,Not applicable,1,Model-based Estimates,2,Interpolation,146821.5
70,Population by age and sex - broad age groups,Population by age and sex - broad age groups,World Population Prospects,2024,United Nations Population Division,174,Comoros,KM,COM,54,2003,4,Median,2,Female,26,15,null,15+,0,Not applicable,1,Model-based Estimates,2,Interpolation,159228.5
70,Population by age and sex - broad age groups,Population by age and sex - broad age groups,World Population Prospects,2024,United Nations Population Division,174,Comoros,KM,COM,55,2004,4,Median,1,Male,26,15,null,15+,0,Not applicable,1,Model-based Estimates,2,Interpolation,151308
70,Population by age and sex - broad age groups,Population by age and sex - broad age groups,World Population Prospects,2024,United Nations Population Division,174,Comoros,KM,COM,55,2004,4,Median,2,Female,26,15,null,15+,0,Not applicable,1,Model-based Estimates,2,Interpolation,163756.5
70,Population by age and sex - broad age groups,Population by age and sex - broad age groups,World Population Prospects,2024,United Nations Population Division,174,Comoros,KM,COM,56,2005,4,Median,1,Male,26,15,null,15+,0,Not applicable,1,Model-based Estimates,2,Interpolation,156936.5
70,Population by age and sex - broad age groups,Population by age and sex - broad age groups,World Population Prospects,2024,United Nations Population Division,174,Comoros,KM,COM,56,2005,4,Median,2,Female,26,15,null,15+,0,Not applicable,1,Model-based Estimates,2,Interpolation,168860.5
70,Population by age and sex - broad age groups,Population by age and sex - broad age groups,World Population Prospects,2024,United Nations Population Division,174,Comoros,KM,COM,57,2006,4,Median,1,Male,26,15,null,15+,0,Not applicable,1,Model-based Estimates,2,Interpolation,162766
70,Population by age and sex - broad age groups,Population by age and sex - broad age groups,World Population Prospects,2024,United Nations Population Division,174,Comoros,KM,COM,57,2006,4,Median,2,Female,26,15,null,15+,0,Not applicable,1,Model-based Estimates,2,Interpolation,173955.5
70,Population by age and sex - broad age groups,Population by age and sex - broad age groups,World Population Prospects,2024,United Nations Population Division,174,Comoros,KM,COM,58,2007,4,Median,1,Male,26,15,null,15+,0,Not applicable,1,Model-based Estimates,2,Interpolation,168739.5
70,Population by age and sex - broad age groups,Population by age and sex - broad age groups,World Population Prospects,2024,United Nations Population Division,174,Comoros,KM,COM,58,2007,4,Median,2,Female,26,15,null,15+,0,Not applicable,1,Model-based Estimates,2,Interpolation,179097
70,Population by age and sex - broad age groups,Population by age and sex - broad age groups,World Population Prospects,2024,United Nations Population Division,174,Comoros,KM,COM,59,2008,4,Median,1,Male,26,15,null,15+,0,Not applicable,1,Model-based Estimates,2,Interpolation,174843
70,Population by age and sex - broad age groups,Population by age and sex - broad age groups,World Population Prospects,2024,United Nations Population Division,174,Comoros,KM,COM,59,2008,4,Median,2,Female,26,15,null,15+,0,Not applicable,1,Model-based Estimates,2,Interpolation,184351
70,Population by age and sex - broad age groups,Population by age and sex - broad age groups,World Population Prospects,2024,United Nations Population Division,174,Comoros,KM,COM,60,2009,4,Median,1,Male,26,15,null,15+,0,Not applicable,1,Model-based Estimates,2,Interpolation,181024.5
70,Population by age and sex - broad age groups,Population by age and sex - broad age groups,World Population Prospects,2024,United Nations Population Division,174,Comoros,KM,COM,60,2009,4,Median,2,Female,26,15,null,15+,0,Not applicable,1,Model-based Estimates,2,Interpolation,189718
70,Population by age and sex - broad age groups,Population by age and sex - broad age groups,World Population Prospects,2024,United Nations Population Division,174,Comoros,KM,COM,61,2010,4,Median,1,Male,26,15,null,15+,0,Not applicable,1,Model-based Estimates,2,Interpolation,187216.5
70,Population by age and sex - broad age groups,Population by age and sex - broad age groups,World Population Prospects,2024,United Nations Population Division,174,Comoros,KM,COM,61,2010,4,Median,2,Female,26,15,null,15+,0,Not applicable,1,Model-based Estimates,2,Interpolation,195131.5
70,Population by age and sex - broad age groups,Population by age and sex - broad age groups,World Population Prospects,2024,United Nations Population Division,174,Comoros,KM,COM,62,2011,4,Median,1,Male,26,15,null,15+,0,Not applicable,1,Model-based Estimates,2,Interpolation,193400
70,Population by age and sex - broad age groups,Population by age and sex - broad age groups,World Population Prospects,2024,United Nations Population Division,174,Comoros,KM,COM,62,2011,4,Median,2,Female,26,15,null,15+,0,Not applicable,1,Model-based Estimates,2,Interpolation,200574
70,Population by age and sex - broad age groups,Population by age and sex - broad age groups,World Population Prospects,2024,United Nations Population Division,174,Comoros,KM,COM,63,2012,4,Median,1,Male,26,15,null,15+,0,Not applicable,1,Model-based Estimates,2,Interpolation,199547
70,Population by age and sex - broad age groups,Population by age and sex - broad age groups,World Population Prospects,2024,United Nations Population Division,174,Comoros,KM,COM,63,2012,4,Median,2,Female,26,15,null,15+,0,Not applicable,1,Model-based Estimates,2,Interpolation,206031.5
70,Population by age and sex - broad age groups,Population by age and sex - broad age groups,World Population Prospects,2024,United Nations Population Division,174,Comoros,KM,COM,64,2013,4,Median,1,Male,26,15,null,15+,0,Not applicable,1,Model-based Estimates,2,Interpolation,205443
70,Population by age and sex - broad age groups,Population by age and sex - broad age groups,World Population Prospects,2024,United Nations Population Division,174,Comoros,KM,COM,64,2013,4,Median,2,Female,26,15,null,15+,0,Not applicable,1,Model-based Estimates,2,Interpolation,211219
70,Population by age and sex - broad age groups,Population by age and sex - broad age groups,World Population Prospects,2024,United Nations Population Division,174,Comoros,KM,COM,65,2014,4,Median,1,Male,26,15,null,15+,0,Not applicable,1,Model-based Estimates,2,Interpolation,211060
70,Population by age and sex - broad age groups,Population by age and sex - broad age groups,World Population Prospects,2024,United Nations Population Division,174,Comoros,KM,COM,65,2014,4,Median,2,Female,26,15,null,15+,0,Not applicable,1,Model-based Estimates,2,Interpolation,216077
70,Population by age and sex - broad age groups,Population by age and sex - broad age groups,World Population Prospects,2024,United Nations Population Division,174,Comoros,KM,COM,66,2015,4,Median,1,Male,26,15,null,15+,0,Not applicable,1,Model-based Estimates,2,Interpolation,216657.5
70,Population by age and sex - broad age groups,Population by age and sex - broad age groups,World Population Prospects,2024,United Nations Population Division,174,Comoros,KM,COM,66,2015,4,Median,2,Female,26,15,null,15+,0,Not applicable,1,Model-based Estimates,2,Interpolation,220880
70,Population by age and sex - broad age groups,Population by age and sex - broad age groups,World Population Prospects,2024,United Nations Population Division,174,Comoros,KM,COM,67,2016,4,Median,1,Male,26,15,null,15+,0,Not applicable,1,Model-based Estimates,2,Interpolation,222364
70,Population by age and sex - broad age groups,Population by age and sex - broad age groups,World Population Prospects,2024,United Nations Population Division,174,Comoros,KM,COM,67,2016,4,Median,2,Female,26,15,null,15+,0,Not applicable,1,Model-based Estimates,2,Interpolation,225730.5
70,Population by age and sex - broad age groups,Population by age and sex - broad age groups,World Population Prospects,2024,United Nations Population Division,174,Comoros,KM,COM,68,2017,4,Median,1,Male,26,15,null,15+,0,Not applicable,1,Model-based Estimates,2,Interpolation,228458.5
70,Population by age and sex - broad age groups,Population by age and sex - broad age groups,World Population Prospects,2024,United Nations Population Division,174,Comoros,KM,COM,68,2017,4,Median,2,Female,26,15,null,15+,0,Not applicable,1,Model-based Estimates,2,Interpolation,231010
70,Population by age and sex - broad age groups,Population by age and sex - broad age groups,World Population Prospects,2024,United Nations Population Division,174,Comoros,KM,COM,69,2018,4,Median,1,Male,26,15,null,15+,0,Not applicable,1,Model-based Estimates,3,Projection,234796
70,Population by age and sex - broad age groups,Population by age and sex - broad age groups,World Population Prospects,2024,United Nations Population Division,174,Comoros,KM,COM,69,2018,4,Median,2,Female,26,15,null,15+,0,Not applicable,1,Model-based Estimates,3,Projection,236635
70,Population by age and sex - broad age groups,Population by age and sex - broad age groups,World Population Prospects,2024,United Nations Population Division,174,Comoros,KM,COM,70,2019,4,Median,1,Male,26,15,null,15+,0,Not applicable,1,Model-based Estimates,3,Projection,241044.5
70,Population by age and sex - broad age groups,Population by age and sex - broad age groups,World Population Prospects,2024,United Nations Population Division,174,Comoros,KM,COM,70,2019,4,Median,2,Female,26,15,null,15+,0,Not applicable,1,Model-based Estimates,3,Projection,242203.5
70,Population by age and sex - broad age groups,Population by age and sex - broad age groups,World Population Prospects,2024,United Nations Population Division,174,Comoros,KM,COM,71,2020,4,Median,1,Male,26,15,null,15+,0,Not applicable,1,Model-based Estimates,3,Projection,247267.5
70,Population by age and sex - broad age groups,Population by age and sex - broad age groups,World Population Prospects,2024,United Nations Population Division,174,Comoros,KM,COM,71,2020,4,Median,2,Female,26,15,null,15+,0,Not applicable,1,Model-based Estimates,3,Projection,247926
70,Population by age and sex - broad age groups,Population by age and sex - broad age groups,World Population Prospects,2024,United Nations Population Division,174,Comoros,KM,COM,72,2021,4,Median,1,Male,26,15,null,15+,0,Not applicable,1,Model-based Estimates,3,Projection,253457.5
70,Population by age and sex - broad age groups,Population by age and sex - broad age groups,World Population Prospects,2024,United Nations Population Division,174,Comoros,KM,COM,72,2021,4,Median,2,Female,26,15,null,15+,0,Not applicable,1,Model-based Estimates,3,Projection,253777.5
70,Population by age and sex - broad age groups,Population by age and sex - broad age groups,World Population Prospects,2024,United Nations Population Division,174,Comoros,KM,COM,73,2022,4,Median,1,Male,26,15,null,15+,0,Not applicable,1,Model-based Estimates,3,Projection,259794
70,Population by age and sex - broad age groups,Population by age and sex - broad age groups,World Population Prospects,2024,United Nations Population Division,174,Comoros,KM,COM,73,2022,4,Median,2,Female,26,15,null,15+,0,Not applicable,1,Model-based Estimates,3,Projection,259749.5
70,Population by age and sex - broad age groups,Population by age and sex - broad age groups,World Population Prospects,2024,United Nations Population Division,174,Comoros,KM,COM,74,2023,4,Median,1,Male,26,15,null,15+,0,Not applicable,1,Model-based Estimates,3,Projection,266360
70,Population by age and sex - broad age groups,Population by age and sex - broad age groups,World Population Prospects,2024,United Nations Population Division,174,Comoros,KM,COM,74,2023,4,Median,2,Female,26,15,null,15+,0,Not applicable,1,Model-based Estimates,3,Projection,265970.5
70,Population by age and sex - broad age groups,Population by age and sex - broad age groups,World Population Prospects,2024,United Nations Population Division,175,Mayotte,YT,MYT,41,1990,4,Median,1,Male,26,15,null,15+,0,Not applicable,1,Model-based Estimates,2,Interpolation,23532.5
70,Population by age and sex - broad age groups,Population by age and sex - broad age groups,World Population Prospects,2024,United Nations Population Division,175,Mayotte,YT,MYT,41,1990,4,Median,2,Female,26,15,null,15+,0,Not applicable,1,Model-based Estimates,2,Interpolation,24359.5
70,Population by age and sex - broad age groups,Population by age and sex - broad age groups,World Population Prospects,2024,United Nations Population Division,175,Mayotte,YT,MYT,42,1991,4,Median,1,Male,26,15,null,15+,0,Not applicable,1,Model-based Estimates,2,Interpolation,25125.5
70,Population by age and sex - broad age groups,Population by age and sex - broad age groups,World Population Prospects,2024,United Nations Population Division,175,Mayotte,YT,MYT,42,1991,4,Median,2,Female,26,15,null,15+,0,Not applicable,1,Model-based Estimates,2,Interpolation,25958
70,Population by age and sex - broad age groups,Population by age and sex - broad age groups,World Population Prospects,2024,United Nations Population Division,175,Mayotte,YT,MYT,43,1992,4,Median,1,Male,26,15,null,15+,0,Not applicable,1,Model-based Estimates,2,Interpolation,26932
70,Population by age and sex - broad age groups,Population by age and sex - broad age groups,World Population Prospects,2024,United Nations Population Division,175,Mayotte,YT,MYT,43,1992,4,Median,2,Female,26,15,null,15+,0,Not applicable,1,Model-based Estimates,2,Interpolation,27773.5
70,Population by age and sex - broad age groups,Population by age and sex - broad age groups,World Population Prospects,2024,United Nations Population Division,175,Mayotte,YT,MYT,44,1993,4,Median,1,Male,26,15,null,15+,0,Not applicable,1,Model-based Estimates,2,Interpolation,28986.5
70,Population by age and sex - broad age groups,Population by age and sex - broad age groups,World Population Prospects,2024,United Nations Population Division,175,Mayotte,YT,MYT,44,1993,4,Median,2,Female,26,15,null,15+,0,Not applicable,1,Model-based Estimates,2,Interpolation,29829.5
70,Population by age and sex - broad age groups,Population by age and sex - broad age groups,World Population Prospects,2024,United Nations Population Division,175,Mayotte,YT,MYT,45,1994,4,Median,1,Male,26,15,null,15+,0,Not applicable,1,Model-based Estimates,2,Interpolation,31149.5
70,Population by age and sex - broad age groups,Population by age and sex - broad age groups,World Population Prospects,2024,United Nations Population Division,175,Mayotte,YT,MYT,45,1994,4,Median,2,Female,26,15,null,15+,0,Not applicable,1,Model-based Estimates,2,Interpolation,31994.5
70,Population by age and sex - broad age groups,Population by age and sex - broad age groups,World Population Prospects,2024,United Nations Population Division,175,Mayotte,YT,MYT,46,1995,4,Median,1,Male,26,15,null,15+,0,Not applicable,1,Model-based Estimates,2,Interpolation,33384.5
70,Population by age and sex - broad age groups,Population by age and sex - broad age groups,World Population Prospects,2024,United Nations Population Division,175,Mayotte,YT,MYT,46,1995,4,Median,2,Female,26,15,null,15+,0,Not applicable,1,Model-based Estimates,2,Interpolation,34235
70,Population by age and sex - broad age groups,Population by age and sex - broad age groups,World Population Prospects,2024,United Nations Population Division,175,Mayotte,YT,MYT,47,1996,4,Median,1,Male,26,15,null,15+,0,Not applicable,1,Model-based Estimates,2,Interpolation,35642.5
70,Population by age and sex - broad age groups,Population by age and sex - broad age groups,World Population Prospects,2024,United Nations Population Division,175,Mayotte,YT,MYT,47,1996,4,Median,2,Female,26,15,null,15+,0,Not applicable,1,Model-based Estimates,2,Interpolation,36497.5
70,Population by age and sex - broad age groups,Population by age and sex - broad age groups,World Population Prospects,2024,United Nations Population Division,175,Mayotte,YT,MYT,48,1997,4,Median,1,Male,26,15,null,15+,0,Not applicable,1,Model-based Estimates,2,Interpolation,37731
70,Population by age and sex - broad age groups,Population by age and sex - broad age groups,World Population Prospects,2024,United Nations Population Division,175,Mayotte,YT,MYT,48,1997,4,Median,2,Female,26,15,null,15+,0,Not applicable,1,Model-based Estimates,2,Interpolation,38595.5
70,Population by age and sex - broad age groups,Population by age and sex - broad age groups,World Population Prospects,2024,United Nations Population Division,175,Mayotte,YT,MYT,49,1998,4,Median,1,Male,26,15,null,15+,0,Not applicable,1,Model-based Estimates,2,Interpolation,39509
70,Population by age and sex - broad age groups,Population by age and sex - broad age groups,World Population Prospects,2024,United Nations Population Division,175,Mayotte,YT,MYT,49,1998,4,Median,2,Female,26,15,null,15+,0,Not applicable,1,Model-based Estimates,2,Interpolation,40380
70,Population by age and sex - broad age groups,Population by age and sex - broad age groups,World Population Prospects,2024,United Nations Population Division,175,Mayotte,YT,MYT,50,1999,4,Median,1,Male,26,15,null,15+,0,Not applicable,1,Model-based Estimates,2,Interpolation,41194.5
70,Population by age and sex - broad age groups,Population by age and sex - broad age groups,World Population Prospects,2024,United Nations Population Division,175,Mayotte,YT,MYT,50,1999,4,Median,2,Female,26,15,null,15+,0,Not applicable,1,Model-based Estimates,2,Interpolation,42069.5
70,Population by age and sex - broad age groups,Population by age and sex - broad age groups,World Population Prospects,2024,United Nations Population Division,175,Mayotte,YT,MYT,51,2000,4,Median,1,Male,26,15,null,15+,0,Not applicable,1,Model-based Estimates,2,Interpolation,42960.5
70,Population by age and sex - broad age groups,Population by age and sex - broad age groups,World Population Prospects,2024,United Nations Population Division,175,Mayotte,YT,MYT,51,2000,4,Median,2,Female,26,15,null,15+,0,Not applicable,1,Model-based Estimates,2,Interpolation,43839
70,Population by age and sex - broad age groups,Population by age and sex - broad age groups,World Population Prospects,2024,United Nations Population Division,175,Mayotte,YT,MYT,52,2001,4,Median,1,Male,26,15,null,15+,0,Not applicable,1,Model-based Estimates,2,Interpolation,44761
70,Population by age and sex - broad age groups,Population by age and sex - broad age groups,World Population Prospects,2024,United Nations Population Division,175,Mayotte,YT,MYT,52,2001,4,Median,2,Female,26,15,null,15+,0,Not applicable,1,Model-based Estimates,2,Interpolation,45645.5
70,Population by age and sex - broad age groups,Population by age and sex - broad age groups,World Population Prospects,2024,United Nations Population Division,175,Mayotte,YT,MYT,53,2002,4,Median,1,Male,26,15,null,15+,0,Not applicable,1,Model-based Estimates,2,Interpolation,46287
70,Population by age and sex - broad age groups,Population by age and sex - broad age groups,World Population Prospects,2024,United Nations Population Division,175,Mayotte,YT,MYT,53,2002,4,Median,2,Female,26,15,null,15+,0,Not applicable,1,Model-based Estimates,2,Interpolation,47179.5
70,Population by age and sex - broad age groups,Population by age and sex - broad age groups,World Population Prospects,2024,United Nations Population Division,175,Mayotte,YT,MYT,54,2003,4,Median,1,Male,26,15,null,15+,0,Not applicable,1,Model-based Estimates,2,Interpolation,47151
70,Population by age and sex - broad age groups,Population by age and sex - broad age groups,World Population Prospects,2024,United Nations Population Division,175,Mayotte,YT,MYT,54,2003,4,Median,2,Female,26,15,null,15+,0,Not applicable,1,Model-based Estimates,2,Interpolation,48047.5
70,Population by age and sex - broad age groups,Population by age and sex - broad age groups,World Population Prospects,2024,United Nations Population Division,175,Mayotte,YT,MYT,55,2004,4,Median,1,Male,26,15,null,15+,0,Not applicable,1,Model-based Estimates,2,Interpolation,47741.5
70,Population by age and sex - broad age groups,Population by age and sex - broad age groups,World Population Prospects,2024,United Nations Population Division,175,Mayotte,YT,MYT,55,2004,4,Median,2,Female,26,15,null,15+,0,Not applicable,1,Model-based Estimates,2,Interpolation,49389
70,Population by age and sex - broad age groups,Population by age and sex - broad age groups,World Population Prospects,2024,United Nations Population Division,175,Mayotte,YT,MYT,56,2005,4,Median,1,Male,26,15,null,15+,0,Not applicable,1,Model-based Estimates,2,Interpolation,48422
70,Population by age and sex - broad age groups,Population by age and sex - broad age groups,World Population Prospects,2024,United Nations Population Division,175,Mayotte,YT,MYT,56,2005,4,Median,2,Female,26,15,null,15+,0,Not applicable,1,Model-based Estimates,2,Interpolation,51627
70,Population by age and sex - broad age groups,Population by age and sex - broad age groups,World Population Prospects,2024,United Nations Population Division,175,Mayotte,YT,MYT,57,2006,4,Median,1,Male,26,15,null,15+,0,Not applicable,1,Model-based Estimates,2,Interpolation,49058
70,Population by age and sex - broad age groups,Population by age and sex - broad age groups,World Population Prospects,2024,United Nations Population Division,175,Mayotte,YT,MYT,57,2006,4,Median,2,Female,26,15,null,15+,0,Not applicable,1,Model-based Estimates,2,Interpolation,53937.5
70,Population by age and sex - broad age groups,Population by age and sex - broad age groups,World Population Prospects,2024,United Nations Population Division,175,Mayotte,YT,MYT,58,2007,4,Median,1,Male,26,15,null,15+,0,Not applicable,1,Model-based Estimates,2,Interpolation,49762.5
70,Population by age and sex - broad age groups,Population by age and sex - broad age groups,World Population Prospects,2024,United Nations Population Division,175,Mayotte,YT,MYT,58,2007,4,Median,2,Female,26,15,null,15+,0,Not applicable,1,Model-based Estimates,2,Interpolation,56155
70,Population by age and sex - broad age groups,Population by age and sex - broad age groups,World Population Prospects,2024,United Nations Population Division,175,Mayotte,YT,MYT,59,2008,4,Median,1,Male,26,15,null,15+,0,Not applicable,1,Model-based Estimates,2,Interpolation,50744
70,Population by age and sex - broad age groups,Population by age and sex - broad age groups,World Population Prospects,2024,United Nations Population Division,175,Mayotte,YT,MYT,59,2008,4,Median,2,Female,26,15,null,15+,0,Not applicable,1,Model-based Estimates,2,Interpolation,58019.5
70,Population by age and sex - broad age groups,Population by age and sex - broad age groups,World Population Prospects,2024,United Nations Population Division,175,Mayotte,YT,MYT,60,2009,4,Median,1,Male,26,15,null,15+,0,Not applicable,1,Model-based Estimates,2,Interpolation,51918
70,Population by age and sex - broad age groups,Population by age and sex - broad age groups,World Population Prospects,2024,United Nations Population Division,175,Mayotte,YT,MYT,60,2009,4,Median,2,Female,26,15,null,15+,0,Not applicable,1,Model-based Estimates,2,Interpolation,59674.5
70,Population by age and sex - broad age groups,Population by age and sex - broad age groups,World Population Prospects,2024,United Nations Population Division,175,Mayotte,YT,MYT,61,2010,4,Median,1,Male,26,15,null,15+,0,Not applicable,1,Model-based Estimates,2,Interpolation,53105
70,Population by age and sex - broad age groups,Population by age and sex - broad age groups,World Population Prospects,2024,United Nations Population Division,175,Mayotte,YT,MYT,61,2010,4,Median,2,Female,26,15,null,15+,0,Not applicable,1,Model-based Estimates,2,Interpolation,61381.5
70,Population by age and sex - broad age groups,Population by age and sex - broad age groups,World Population Prospects,2024,United Nations Population Division,175,Mayotte,YT,MYT,62,2011,4,Median,1,Male,26,15,null,15+,0,Not applicable,1,Model-based Estimates,2,Interpolation,54316.5
70,Population by age and sex - broad age groups,Population by age and sex - broad age groups,World Population Prospects,2024,United Nations Population Division,175,Mayotte,YT,MYT,62,2011,4,Median,2,Female,26,15,null,15+,0,Not applicable,1,Model-based Estimates,2,Interpolation,63141
70,Population by age and sex - broad age groups,Population by age and sex - broad age groups,World Population Prospects,2024,United Nations Population Division,175,Mayotte,YT,MYT,63,2012,4,Median,1,Male,26,15,null,15+,0,Not applicable,1,Model-based Estimates,2,Interpolation,55687.5
70,Population by age and sex - broad age groups,Population by age and sex - broad age groups,World Population Prospects,2024,United Nations Population Division,175,Mayotte,YT,MYT,63,2012,4,Median,2,Female,26,15,null,15+,0,Not applicable,1,Model-based Estimates,2,Interpolation,65159.5
70,Population by age and sex - broad age groups,Population by age and sex - broad age groups,World Population Prospects,2024,United Nations Population Division,175,Mayotte,YT,MYT,64,2013,4,Median,1,Male,26,15,null,15+,0,Not applicable,1,Model-based Estimates,2,Interpolation,57386
70,Population by age and sex - broad age groups,Population by age and sex - broad age groups,World Population Prospects,2024,United Nations Population Division,175,Mayotte,YT,MYT,64,2013,4,Median,2,Female,26,15,null,15+,0,Not applicable,1,Model-based Estimates,2,Interpolation,67777
70,Population by age and sex - broad age groups,Population by age and sex - broad age groups,World Population Prospects,2024,United Nations Population Division,175,Mayotte,YT,MYT,65,2014,4,Median,1,Male,26,15,null,15+,0,Not applicable,1,Model-based Estimates,2,Interpolation,59283
70,Population by age and sex - broad age groups,Population by age and sex - broad age groups,World Population Prospects,2024,United Nations Population Division,175,Mayotte,YT,MYT,65,2014,4,Median,2,Female,26,15,null,15+,0,Not applicable,1,Model-based Estimates,2,Interpolation,70787.5
70,Population by age and sex - broad age groups,Population by age and sex - broad age groups,World Population Prospects,2024,United Nations Population Division,175,Mayotte,YT,MYT,66,2015,4,Median,1,Male,26,15,null,15+,0,Not applicable,1,Model-based Estimates,2,Interpolation,61231
70,Population by age and sex - broad age groups,Population by age and sex - broad age groups,World Population Prospects,2024,United Nations Population Division,175,Mayotte,YT,MYT,66,2015,4,Median,2,Female,26,15,null,15+,0,Not applicable,1,Model-based Estimates,2,Interpolation,73908
70,Population by age and sex - broad age groups,Population by age and sex - broad age groups,World Population Prospects,2024,United Nations Population Division,175,Mayotte,YT,MYT,67,2016,4,Median,1,Male,26,15,null,15+,0,Not applicable,1,Model-based Estimates,2,Interpolation,63237.5
70,Population by age and sex - broad age groups,Population by age and sex - broad age groups,World Population Prospects,2024,United Nations Population Division,175,Mayotte,YT,MYT,67,2016,4,Median,2,Female,26,15,null,15+,0,Not applicable,1,Model-based Estimates,2,Interpolation,77130.5
70,Population by age and sex - broad age groups,Population by age and sex - broad age groups,World Population Prospects,2024,United Nations Population Division,175,Mayotte,YT,MYT,68,2017,4,Median,1,Male,26,15,null,15+,0,Not applicable,1,Model-based Estimates,2,Interpolation,65483.5
70,Population by age and sex - broad age groups,Population by age and sex - broad age groups,World Population Prospects,2024,United Nations Population Division,175,Mayotte,YT,MYT,68,2017,4,Median,2,Female,26,15,null,15+,0,Not applicable,1,Model-based Estimates,2,Interpolation,80043.5
70,Population by age and sex - broad age groups,Population by age and sex - broad age groups,World Population Prospects,2024,United Nations Population Division,175,Mayotte,YT,MYT,69,2018,4,Median,1,Male,26,15,null,15+,0,Not applicable,1,Model-based Estimates,2,Interpolation,68375
70,Population by age and sex - broad age groups,Population by age and sex - broad age groups,World Population Prospects,2024,United Nations Population Division,175,Mayotte,YT,MYT,69,2018,4,Median,2,Female,26,15,null,15+,0,Not applicable,1,Model-based Estimates,2,Interpolation,81620
70,Population by age and sex - broad age groups,Population by age and sex - broad age groups,World Population Prospects,2024,United Nations Population Division,175,Mayotte,YT,MYT,70,2019,4,Median,1,Male,26,15,null,15+,0,Not applicable,1,Model-based Estimates,2,Interpolation,71263.5
70,Population by age and sex - broad age groups,Population by age and sex - broad age groups,World Population Prospects,2024,United Nations Population Division,175,Mayotte,YT,MYT,70,2019,4,Median,2,Female,26,15,null,15+,0,Not applicable,1,Model-based Estimates,2,Interpolation,83331.5
70,Population by age and sex - broad age groups,Population by age and sex - broad age groups,World Population Prospects,2024,United Nations Population Division,175,Mayotte,YT,MYT,71,2020,4,Median,1,Male,26,15,null,15+,0,Not applicable,1,Model-based Estimates,2,Interpolation,73722.5
70,Population by age and sex - broad age groups,Population by age and sex - broad age groups,World Population Prospects,2024,United Nations Population Division,175,Mayotte,YT,MYT,71,2020,4,Median,2,Female,26,15,null,15+,0,Not applicable,1,Model-based Estimates,2,Interpolation,86182
70,Population by age and sex - broad age groups,Population by age and sex - broad age groups,World Population Prospects,2024,United Nations Population Division,175,Mayotte,YT,MYT,72,2021,4,Median,1,Male,26,15,null,15+,0,Not applicable,1,Model-based Estimates,2,Interpolation,76333.5
70,Population by age and sex - broad age groups,Population by age and sex - broad age groups,World Population Prospects,2024,United Nations Population Division,175,Mayotte,YT,MYT,72,2021,4,Median,2,Female,26,15,null,15+,0,Not applicable,1,Model-based Estimates,2,Interpolation,89214.5
70,Population by age and sex - broad age groups,Population by age and sex - broad age groups,World Population Prospects,2024,United Nations Population Division,175,Mayotte,YT,MYT,73,2022,4,Median,1,Male,26,15,null,15+,0,Not applicable,1,Model-based Estimates,2,Interpolation,79147.5
70,Population by age and sex - broad age groups,Population by age and sex - broad age groups,World Population Prospects,2024,United Nations Population Division,175,Mayotte,YT,MYT,73,2022,4,Median,2,Female,26,15,null,15+,0,Not applicable,1,Model-based Estimates,2,Interpolation,92483.5
70,Population by age and sex - broad age groups,Population by age and sex - broad age groups,World Population Prospects,2024,United Nations Population Division,175,Mayotte,YT,MYT,74,2023,4,Median,1,Male,26,15,null,15+,0,Not applicable,1,Model-based Estimates,2,Interpolation,82321
70,Population by age and sex - broad age groups,Population by age and sex - broad age groups,World Population Prospects,2024,United Nations Population Division,175,Mayotte,YT,MYT,74,2023,4,Median,2,Female,26,15,null,15+,0,Not applicable,1,Model-based Estimates,2,Interpolation,96040
70,Population by age and sex - broad age groups,Population by age and sex - broad age groups,World Population Prospects,2024,United Nations Population Division,178,Congo,CG,COG,41,1990,4,Median,1,Male,26,15,null,15+,0,Not applicable,1,Model-based Estimates,2,Interpolation,648866.5
70,Population by age and sex - broad age groups,Population by age and sex - broad age groups,World Population Prospects,2024,United Nations Population Division,178,Congo,CG,COG,41,1990,4,Median,2,Female,26,15,null,15+,0,Not applicable,1,Model-based Estimates,2,Interpolation,680157.5
70,Population by age and sex - broad age groups,Population by age and sex - broad age groups,World Population Prospects,2024,United Nations Population Division,178,Congo,CG,COG,42,1991,4,Median,1,Male,26,15,null,15+,0,Not applicable,1,Model-based Estimates,2,Interpolation,670873.5
70,Population by age and sex - broad age groups,Population by age and sex - broad age groups,World Population Prospects,2024,United Nations Population Division,178,Congo,CG,COG,42,1991,4,Median,2,Female,26,15,null,15+,0,Not applicable,1,Model-based Estimates,2,Interpolation,701008.5
70,Population by age and sex - broad age groups,Population by age and sex - broad age groups,World Population Prospects,2024,United Nations Population Division,178,Congo,CG,COG,43,1992,4,Median,1,Male,26,15,null,15+,0,Not applicable,1,Model-based Estimates,2,Interpolation,693539.5
70,Population by age and sex - broad age groups,Population by age and sex - broad age groups,World Population Prospects,2024,United Nations Population Division,178,Congo,CG,COG,43,1992,4,Median,2,Female,26,15,null,15+,0,Not applicable,1,Model-based Estimates,2,Interpolation,722301.5
70,Population by age and sex - broad age groups,Population by age and sex - broad age groups,World Population Prospects,2024,United Nations Population Division,178,Congo,CG,COG,44,1993,4,Median,1,Male,26,15,null,15+,0,Not applicable,1,Model-based Estimates,2,Interpolation,718395
70,Population by age and sex - broad age groups,Population by age and sex - broad age groups,World Population Prospects,2024,United Nations Population Division,178,Congo,CG,COG,44,1993,4,Median,2,Female,26,15,null,15+,0,Not applicable,1,Model-based Estimates,2,Interpolation,745530
70,Population by age and sex - broad age groups,Population by age and sex - broad age groups,World Population Prospects,2024,United Nations Population Division,178,Congo,CG,COG,45,1994,4,Median,1,Male,26,15,null,15+,0,Not applicable,1,Model-based Estimates,2,Interpolation,743643
70,Population by age and sex - broad age groups,Population by age and sex - broad age groups,World Population Prospects,2024,United Nations Population Division,178,Congo,CG,COG,45,1994,4,Median,2,Female,26,15,null,15+,0,Not applicable,1,Model-based Estimates,2,Interpolation,769052
70,Population by age and sex - broad age groups,Population by age and sex - broad age groups,World Population Prospects,2024,United Nations Population Division,178,Congo,CG,COG,46,1995,4,Median,1,Male,26,15,null,15+,0,Not applicable,1,Model-based Estimates,2,Interpolation,767736.5
70,Population by age and sex - broad age groups,Population by age and sex - broad age groups,World Population Prospects,2024,United Nations Population Division,178,Congo,CG,COG,46,1995,4,Median,2,Female,26,15,null,15+,0,Not applicable,1,Model-based Estimates,2,Interpolation,791348.5
70,Population by age and sex - broad age groups,Population by age and sex - broad age groups,World Population Prospects,2024,United Nations Population Division,178,Congo,CG,COG,47,1996,4,Median,1,Male,26,15,null,15+,0,Not applicable,1,Model-based Estimates,2,Interpolation,792304.5
70,Population by age and sex - broad age groups,Population by age and sex - broad age groups,World Population Prospects,2024,United Nations Population Division,178,Congo,CG,COG,47,1996,4,Median,2,Female,26,15,null,15+,0,Not applicable,1,Model-based Estimates,2,Interpolation,813972.5
70,Population by age and sex - broad age groups,Population by age and sex - broad age groups,World Population Prospects,2024,United Nations Population Division,178,Congo,CG,COG,48,1997,4,Median,1,Male,26,15,null,15+,0,Not applicable,1,Model-based Estimates,2,Interpolation,807602.5
70,Population by age and sex - broad age groups,Population by age and sex - broad age groups,World Population Prospects,2024,United Nations Population Division,178,Congo,CG,COG,48,1997,4,Median,2,Female,26,15,null,15+,0,Not applicable,1,Model-based Estimates,2,Interpolation,831034.5
70,Population by age and sex - broad age groups,Population by age and sex - broad age groups,World Population Prospects,2024,United Nations Population Division,178,Congo,CG,COG,49,1998,4,Median,1,Male,26,15,null,15+,0,Not applicable,1,Model-based Estimates,2,Interpolation,824050.5
70,Population by age and sex - broad age groups,Population by age and sex - broad age groups,World Population Prospects,2024,United Nations Population Division,178,Congo,CG,COG,49,1998,4,Median,2,Female,26,15,null,15+,0,Not applicable,1,Model-based Estimates,2,Interpolation,850151
70,Population by age and sex - broad age groups,Population by age and sex - broad age groups,World Population Prospects,2024,United Nations Population Division,178,Congo,CG,COG,50,1999,4,Median,1,Male,26,15,null,15+,0,Not applicable,1,Model-based Estimates,2,Interpolation,850472.5
70,Population by age and sex - broad age groups,Population by age and sex - broad age groups,World Population Prospects,2024,United Nations Population Division,178,Congo,CG,COG,50,1999,4,Median,2,Female,26,15,null,15+,0,Not applicable,1,Model-based Estimates,2,Interpolation,875982.5
70,Population by age and sex - broad age groups,Population by age and sex - broad age groups,World Population Prospects,2024,United Nations Population Division,178,Congo,CG,COG,51,2000,4,Median,1,Male,26,15,null,15+,0,Not applicable,1,Model-based Estimates,2,Interpolation,894670
70,Population by age and sex - broad age groups,Population by age and sex - broad age groups,World Population Prospects,2024,United Nations Population Division,178,Congo,CG,COG,51,2000,4,Median,2,Female,26,15,null,15+,0,Not applicable,1,Model-based Estimates,2,Interpolation,918830
70,Population by age and sex - broad age groups,Population by age and sex - broad age groups,World Population Prospects,2024,United Nations Population Division,178,Congo,CG,COG,52,2001,4,Median,1,Male,26,15,null,15+,0,Not applicable,1,Model-based Estimates,2,Interpolation,939254
70,Population by age and sex - broad age groups,Population by age and sex - broad age groups,World Population Prospects,2024,United Nations Population Division,178,Congo,CG,COG,52,2001,4,Median,2,Female,26,15,null,15+,0,Not applicable,1,Model-based Estimates,2,Interpolation,961799
70,Population by age and sex - broad age groups,Population by age and sex - broad age groups,World Population Prospects,2024,United Nations Population Division,178,Congo,CG,COG,53,2002,4,Median,1,Male,26,15,null,15+,0,Not applicable,1,Model-based Estimates,2,Interpolation,963202
70,Population by age and sex - broad age groups,Population by age and sex - broad age groups,World Population Prospects,2024,United Nations Population Division,178,Congo,CG,COG,53,2002,4,Median,2,Female,26,15,null,15+,0,Not applicable,1,Model-based Estimates,2,Interpolation,984285
70,Population by age and sex - broad age groups,Population by age and sex - broad age groups,World Population Prospects,2024,United Nations Population Division,178,Congo,CG,COG,54,2003,4,Median,1,Male,26,15,null,15+,0,Not applicable,1,Model-based Estimates,2,Interpolation,993981.5
70,Population by age and sex - broad age groups,Population by age and sex - broad age groups,World Population Prospects,2024,United Nations Population Division,178,Congo,CG,COG,54,2003,4,Median,2,Female,26,15,null,15+,0,Not applicable,1,Model-based Estimates,2,Interpolation,1013575.5
70,Population by age and sex - broad age groups,Population by age and sex - broad age groups,World Population Prospects,2024,United Nations Population Division,178,Congo,CG,COG,55,2004,4,Median,1,Male,26,15,null,15+,0,Not applicable,1,Model-based Estimates,2,Interpolation,1034939
70,Population by age and sex - broad age groups,Population by age and sex - broad age groups,World Population Prospects,2024,United Nations Population Division,178,Congo,CG,COG,55,2004,4,Median,2,Female,26,15,null,15+,0,Not applicable,1,Model-based Estimates,2,Interpolation,1052959
70,Population by age and sex - broad age groups,Population by age and sex - broad age groups,World Population Prospects,2024,United Nations Population Division,178,Congo,CG,COG,56,2005,4,Median,1,Male,26,15,null,15+,0,Not applicable,1,Model-based Estimates,2,Interpolation,1079440
70,Population by age and sex - broad age groups,Population by age and sex - broad age groups,World Population Prospects,2024,United Nations Population Division,178,Congo,CG,COG,56,2005,4,Median,2,Female,26,15,null,15+,0,Not applicable,1,Model-based Estimates,2,Interpolation,1095967.5
70,Population by age and sex - broad age groups,Population by age and sex - broad age groups,World Population Prospects,2024,United Nations Population Division,178,Congo,CG,COG,57,2006,4,Median,1,Male,26,15,null,15+,0,Not applicable,1,Model-based Estimates,2,Interpolation,1126991.5
70,Population by age and sex - broad age groups,Population by age and sex - broad age groups,World Population Prospects,2024,United Nations Population Division,178,Congo,CG,COG,57,2006,4,Median,2,Female,26,15,null,15+,0,Not applicable,1,Model-based Estimates,2,Interpolation,1142183
70,Population by age and sex - broad age groups,Population by age and sex - broad age groups,World Population Prospects,2024,United Nations Population Division,178,Congo,CG,COG,58,2007,4,Median,1,Male,26,15,null,15+,0,Not applicable,1,Model-based Estimates,2,Interpolation,1173703.5
70,Population by age and sex - broad age groups,Population by age and sex - broad age groups,World Population Prospects,2024,United Nations Population Division,178,Congo,CG,COG,58,2007,4,Median,2,Female,26,15,null,15+,0,Not applicable,1,Model-based Estimates,2,Interpolation,1187828
70,Population by age and sex - broad age groups,Population by age and sex - broad age groups,World Population Prospects,2024,United Nations Population Division,178,Congo,CG,COG,59,2008,4,Median,1,Male,26,15,null,15+,0,Not applicable,1,Model-based Estimates,2,Interpolation,1213648
70,Population by age and sex - broad age groups,Population by age and sex - broad age groups,World Population Prospects,2024,United Nations Population Division,178,Congo,CG,COG,59,2008,4,Median,2,Female,26,15,null,15+,0,Not applicable,1,Model-based Estimates,2,Interpolation,1227064
70,Population by age and sex - broad age groups,Population by age and sex - broad age groups,World Population Prospects,2024,United Nations Population Division,178,Congo,CG,COG,60,2009,4,Median,1,Male,26,15,null,15+,0,Not applicable,1,Model-based Estimates,2,Interpolation,1266624.5
70,Population by age and sex - broad age groups,Population by age and sex - broad age groups,World Population Prospects,2024,United Nations Population Division,178,Congo,CG,COG,60,2009,4,Median,2,Female,26,15,null,15+,0,Not applicable,1,Model-based Estimates,2,Interpolation,1279552
70,Population by age and sex - broad age groups,Population by age and sex - broad age groups,World Population Prospects,2024,United Nations Population Division,178,Congo,CG,COG,61,2010,4,Median,1,Male,26,15,null,15+,0,Not applicable,1,Model-based Estimates,2,Interpolation,1322806.5
70,Population by age and sex - broad age groups,Population by age and sex - broad age groups,World Population Prospects,2024,United Nations Population Division,178,Congo,CG,COG,61,2010,4,Median,2,Female,26,15,null,15+,0,Not applicable,1,Model-based Estimates,2,Interpolation,1335449
70,Population by age and sex - broad age groups,Population by age and sex - broad age groups,World Population Prospects,2024,United Nations Population Division,178,Congo,CG,COG,62,2011,4,Median,1,Male,26,15,null,15+,0,Not applicable,1,Model-based Estimates,2,Interpolation,1361820.5
70,Population by age and sex - broad age groups,Population by age and sex - broad age groups,World Population Prospects,2024,United Nations Population Division,178,Congo,CG,COG,62,2011,4,Median,2,Female,26,15,null,15+,0,Not applicable,1,Model-based Estimates,2,Interpolation,1374529
70,Population by age and sex - broad age groups,Population by age and sex - broad age groups,World Population Prospects,2024,United Nations Population Division,178,Congo,CG,COG,63,2012,4,Median,1,Male,26,15,null,15+,0,Not applicable,1,Model-based Estimates,2,Interpolation,1392981
70,Population by age and sex - broad age groups,Population by age and sex - broad age groups,World Population Prospects,2024,United Nations Population Division,178,Congo,CG,COG,63,2012,4,Median,2,Female,26,15,null,15+,0,Not applicable,1,Model-based Estimates,2,Interpolation,1406001.5
70,Population by age and sex - broad age groups,Population by age and sex - broad age groups,World Population Prospects,2024,United Nations Population Division,178,Congo,CG,COG,64,2013,4,Median,1,Male,26,15,null,15+,0,Not applicable,1,Model-based Estimates,2,Interpolation,1417980.5
70,Population by age and sex - broad age groups,Population by age and sex - broad age groups,World Population Prospects,2024,United Nations Population Division,178,Congo,CG,COG,64,2013,4,Median,2,Female,26,15,null,15+,0,Not applicable,1,Model-based Estimates,2,Interpolation,1431473.5
70,Population by age and sex - broad age groups,Population by age and sex - broad age groups,World Population Prospects,2024,United Nations Population Division,178,Congo,CG,COG,65,2014,4,Median,1,Male,26,15,null,15+,0,Not applicable,1,Model-based Estimates,2,Interpolation,1444536
70,Population by age and sex - broad age groups,Population by age and sex - broad age groups,World Population Prospects,2024,United Nations Population Division,178,Congo,CG,COG,65,2014,4,Median,2,Female,26,15,null,15+,0,Not applicable,1,Model-based Estimates,2,Interpolation,1458612
70,Population by age and sex - broad age groups,Population by age and sex - broad age groups,World Population Prospects,2024,United Nations Population Division,178,Congo,CG,COG,66,2015,4,Median,1,Male,26,15,null,15+,0,Not applicable,1,Model-based Estimates,2,Interpolation,1473308.5
70,Population by age and sex - broad age groups,Population by age and sex - broad age groups,World Population Prospects,2024,United Nations Population Division,178,Congo,CG,COG,66,2015,4,Median,2,Female,26,15,null,15+,0,Not applicable,1,Model-based Estimates,2,Interpolation,1488039.5
70,Population by age and sex - broad age groups,Population by age and sex - broad age groups,World Population Prospects,2024,United Nations Population Division,178,Congo,CG,COG,67,2016,4,Median,1,Male,26,15,null,15+,0,Not applicable,1,Model-based Estimates,2,Interpolation,1505405.5
70,Population by age and sex - broad age groups,Population by age and sex - broad age groups,World Population Prospects,2024,United Nations Population Division,178,Congo,CG,COG,67,2016,4,Median,2,Female,26,15,null,15+,0,Not applicable,1,Model-based Estimates,2,Interpolation,1520892
70,Population by age and sex - broad age groups,Population by age and sex - broad age groups,World Population Prospects,2024,United Nations Population Division,178,Congo,CG,COG,68,2017,4,Median,1,Male,26,15,null,15+,0,Not applicable,1,Model-based Estimates,2,Interpolation,1541296
70,Population by age and sex - broad age groups,Population by age and sex - broad age groups,World Population Prospects,2024,United Nations Population Division,178,Congo,CG,COG,68,2017,4,Median,2,Female,26,15,null,15+,0,Not applicable,1,Model-based Estimates,2,Interpolation,1557581.5
70,Population by age and sex - broad age groups,Population by age and sex - broad age groups,World Population Prospects,2024,United Nations Population Division,178,Congo,CG,COG,69,2018,4,Median,1,Male,26,15,null,15+,0,Not applicable,1,Model-based Estimates,2,Interpolation,1580123
70,Population by age and sex - broad age groups,Population by age and sex - broad age groups,World Population Prospects,2024,United Nations Population Division,178,Congo,CG,COG,69,2018,4,Median,2,Female,26,15,null,15+,0,Not applicable,1,Model-based Estimates,2,Interpolation,1597271
70,Population by age and sex - broad age groups,Population by age and sex - broad age groups,World Population Prospects,2024,United Nations Population Division,178,Congo,CG,COG,70,2019,4,Median,1,Male,26,15,null,15+,0,Not applicable,1,Model-based Estimates,2,Interpolation,1621415
70,Population by age and sex - broad age groups,Population by age and sex - broad age groups,World Population Prospects,2024,United Nations Population Division,178,Congo,CG,COG,70,2019,4,Median,2,Female,26,15,null,15+,0,Not applicable,1,Model-based Estimates,2,Interpolation,1639499
70,Population by age and sex - broad age groups,Population by age and sex - broad age groups,World Population Prospects,2024,United Nations Population Division,178,Congo,CG,COG,71,2020,4,Median,1,Male,26,15,null,15+,0,Not applicable,1,Model-based Estimates,2,Interpolation,1665392
70,Population by age and sex - broad age groups,Population by age and sex - broad age groups,World Population Prospects,2024,United Nations Population Division,178,Congo,CG,COG,71,2020,4,Median,2,Female,26,15,null,15+,0,Not applicable,1,Model-based Estimates,2,Interpolation,1684677
70,Population by age and sex - broad age groups,Population by age and sex - broad age groups,World Population Prospects,2024,United Nations Population Division,178,Congo,CG,COG,72,2021,4,Median,1,Male,26,15,null,15+,0,Not applicable,1,Model-based Estimates,2,Interpolation,1711927.5
70,Population by age and sex - broad age groups,Population by age and sex - broad age groups,World Population Prospects,2024,United Nations Population Division,178,Congo,CG,COG,72,2021,4,Median,2,Female,26,15,null,15+,0,Not applicable,1,Model-based Estimates,2,Interpolation,1732428
70,Population by age and sex - broad age groups,Population by age and sex - broad age groups,World Population Prospects,2024,United Nations Population Division,178,Congo,CG,COG,73,2022,4,Median,1,Male,26,15,null,15+,0,Not applicable,1,Model-based Estimates,2,Interpolation,1761854
70,Population by age and sex - broad age groups,Population by age and sex - broad age groups,World Population Prospects,2024,United Nations Population Division,178,Congo,CG,COG,73,2022,4,Median,2,Female,26,15,null,15+,0,Not applicable,1,Model-based Estimates,2,Interpolation,1783382
70,Population by age and sex - broad age groups,Population by age and sex - broad age groups,World Population Prospects,2024,United Nations Population Division,178,Congo,CG,COG,74,2023,4,Median,1,Male,26,15,null,15+,0,Not applicable,1,Model-based Estimates,2,Interpolation,1816240.5
70,Population by age and sex - broad age groups,Population by age and sex - broad age groups,World Population Prospects,2024,United Nations Population Division,178,Congo,CG,COG,74,2023,4,Median,2,Female,26,15,null,15+,0,Not applicable,1,Model-based Estimates,2,Interpolation,1838852.5
70,Population by age and sex - broad age groups,Population by age and sex - broad age groups,World Population Prospects,2024,United Nations Population Division,180,Democratic Republic of the Congo,CD,COD,41,1990,4,Median,1,Male,26,15,null,15+,0,Not applicable,1,Model-based Estimates,3,Projection,9975892
70,Population by age and sex - broad age groups,Population by age and sex - broad age groups,World Population Prospects,2024,United Nations Population Division,180,Democratic Republic of the Congo,CD,COD,41,1990,4,Median,2,Female,26,15,null,15+,0,Not applicable,1,Model-based Estimates,3,Projection,10429844.5
70,Population by age and sex - broad age groups,Population by age and sex - broad age groups,World Population Prospects,2024,United Nations Population Division,180,Democratic Republic of the Congo,CD,COD,42,1991,4,Median,1,Male,26,15,null,15+,0,Not applicable,1,Model-based Estimates,3,Projection,10313580.5
70,Population by age and sex - broad age groups,Population by age and sex - broad age groups,World Population Prospects,2024,United Nations Population Division,180,Democratic Republic of the Congo,CD,COD,42,1991,4,Median,2,Female,26,15,null,15+,0,Not applicable,1,Model-based Estimates,3,Projection,10764845
70,Population by age and sex - broad age groups,Population by age and sex - broad age groups,World Population Prospects,2024,United Nations Population Division,180,Democratic Republic of the Congo,CD,COD,43,1992,4,Median,1,Male,26,15,null,15+,0,Not applicable,1,Model-based Estimates,3,Projection,10666243
70,Population by age and sex - broad age groups,Population by age and sex - broad age groups,World Population Prospects,2024,United Nations Population Division,180,Democratic Republic of the Congo,CD,COD,43,1992,4,Median,2,Female,26,15,null,15+,0,Not applicable,1,Model-based Estimates,3,Projection,11116492.5
70,Population by age and sex - broad age groups,Population by age and sex - broad age groups,World Population Prospects,2024,United Nations Population Division,180,Democratic Republic of the Congo,CD,COD,44,1993,4,Median,1,Male,26,15,null,15+,0,Not applicable,1,Model-based Estimates,3,Projection,11059688.5
70,Population by age and sex - broad age groups,Population by age and sex - broad age groups,World Population Prospects,2024,United Nations Population Division,180,Democratic Republic of the Congo,CD,COD,44,1993,4,Median,2,Female,26,15,null,15+,0,Not applicable,1,Model-based Estimates,3,Projection,11511796.5
70,Population by age and sex - broad age groups,Population by age and sex - broad age groups,World Population Prospects,2024,United Nations Population Division,180,Democratic Republic of the Congo,CD,COD,45,1994,4,Median,1,Male,26,15,null,15+,0,Not applicable,1,Model-based Estimates,3,Projection,11682521.5
70,Population by age and sex - broad age groups,Population by age and sex - broad age groups,World Population Prospects,2024,United Nations Population Division,180,Democratic Republic of the Congo,CD,COD,45,1994,4,Median,2,Female,26,15,null,15+,0,Not applicable,1,Model-based Estimates,3,Projection,12137718.5
70,Population by age and sex - broad age groups,Population by age and sex - broad age groups,World Population Prospects,2024,United Nations Population Division,180,Democratic Republic of the Congo,CD,COD,46,1995,4,Median,1,Male,26,15,null,15+,0,Not applicable,1,Model-based Estimates,3,Projection,12206016.5
70,Population by age and sex - broad age groups,Population by age and sex - broad age groups,World Population Prospects,2024,United Nations Population Division,180,Democratic Republic of the Congo,CD,COD,46,1995,4,Median,2,Female,26,15,null,15+,0,Not applicable,1,Model-based Estimates,3,Projection,12666688
70,Population by age and sex - broad age groups,Population by age and sex - broad age groups,World Population Prospects,2024,United Nations Population Division,180,Democratic Republic of the Congo,CD,COD,47,1996,4,Median,1,Male,26,15,null,15+,0,Not applicable,1,Model-based Estimates,3,Projection,12285633
70,Population by age and sex - broad age groups,Population by age and sex - broad age groups,World Population Prospects,2024,United Nations Population Division,180,Democratic Republic of the Congo,CD,COD,47,1996,4,Median,2,Female,26,15,null,15+,0,Not applicable,1,Model-based Estimates,3,Projection,12761773.5
70,Population by age and sex - broad age groups,Population by age and sex - broad age groups,World Population Prospects,2024,United Nations Population Division,180,Democratic Republic of the Congo,CD,COD,48,1997,4,Median,1,Male,26,15,null,15+,0,Not applicable,1,Model-based Estimates,3,Projection,12317369
70,Population by age and sex - broad age groups,Population by age and sex - broad age groups,World Population Prospects,2024,United Nations Population Division,180,Democratic Republic of the Congo,CD,COD,48,1997,4,Median,2,Female,26,15,null,15+,0,Not applicable,1,Model-based Estimates,3,Projection,12811932.5
70,Population by age and sex - broad age groups,Population by age and sex - broad age groups,World Population Prospects,2024,United Nations Population Division,180,Democratic Republic of the Congo,CD,COD,49,1998,4,Median,1,Male,26,15,null,15+,0,Not applicable,1,Model-based Estimates,3,Projection,12593955
70,Population by age and sex - broad age groups,Population by age and sex - broad age groups,World Population Prospects,2024,United Nations Population Division,180,Democratic Republic of the Congo,CD,COD,49,1998,4,Median,2,Female,26,15,null,15+,0,Not applicable,1,Model-based Estimates,3,Projection,13116271.5
70,Population by age and sex - broad age groups,Population by age and sex - broad age groups,World Population Prospects,2024,United Nations Population Division,180,Democratic Republic of the Congo,CD,COD,50,1999,4,Median,1,Male,26,15,null,15+,0,Not applicable,1,Model-based Estimates,3,Projection,13015768
70,Population by age and sex - broad age groups,Population by age and sex - broad age groups,World Population Prospects,2024,United Nations Population Division,180,Democratic Republic of the Congo,CD,COD,50,1999,4,Median,2,Female,26,15,null,15+,0,Not applicable,1,Model-based Estimates,3,Projection,13579586.5
70,Population by age and sex - broad age groups,Population by age and sex - broad age groups,World Population Prospects,2024,United Nations Population Division,180,Democratic Republic of the Congo,CD,COD,51,2000,4,Median,1,Male,26,15,null,15+,0,Not applicable,1,Model-based Estimates,3,Projection,13426184.5
70,Population by age and sex - broad age groups,Population by age and sex - broad age groups,World Population Prospects,2024,United Nations Population Division,180,Democratic Republic of the Congo,CD,COD,51,2000,4,Median,2,Female,26,15,null,15+,0,Not applicable,1,Model-based Estimates,3,Projection,14015586
70,Population by age and sex - broad age groups,Population by age and sex - broad age groups,World Population Prospects,2024,United Nations Population Division,180,Democratic Republic of the Congo,CD,COD,52,2001,4,Median,1,Male,26,15,null,15+,0,Not applicable,1,Model-based Estimates,3,Projection,13854305.5
70,Population by age and sex - broad age groups,Population by age and sex - broad age groups,World Population Prospects,2024,United Nations Population Division,180,Democratic Republic of the Congo,CD,COD,52,2001,4,Median,2,Female,26,15,null,15+,0,Not applicable,1,Model-based Estimates,3,Projection,14452860.5
70,Population by age and sex - broad age groups,Population by age and sex - broad age groups,World Population Prospects,2024,United Nations Population Division,180,Democratic Republic of the Congo,CD,COD,53,2002,4,Median,1,Male,26,15,null,15+,0,Not applicable,1,Model-based Estimates,3,Projection,14275652
70,Population by age and sex - broad age groups,Population by age and sex - broad age groups,World Population Prospects,2024,United Nations Population Division,180,Democratic Republic of the Congo,CD,COD,53,2002,4,Median,2,Female,26,15,null,15+,0,Not applicable,1,Model-based Estimates,3,Projection,14884877
70,Population by age and sex - broad age groups,Population by age and sex - broad age groups,World Population Prospects,2024,United Nations Population Division,180,Democratic Republic of the Congo,CD,COD,54,2003,4,Median,1,Male,26,15,null,15+,0,Not applicable,1,Model-based Estimates,3,Projection,14682956.5
70,Population by age and sex - broad age groups,Population by age and sex - broad age groups,World Population Prospects,2024,United Nations Population Division,180,Democratic Republic of the Congo,CD,COD,54,2003,4,Median,2,Female,26,15,null,15+,0,Not applicable,1,Model-based Estimates,3,Projection,15302568.5
70,Population by age and sex - broad age groups,Population by age and sex - broad age groups,World Population Prospects,2024,United Nations Population Division,180,Democratic Republic of the Congo,CD,COD,55,2004,4,Median,1,Male,26,15,null,15+,0,Not applicable,1,Model-based Estimates,3,Projection,15113618.5
70,Population by age and sex - broad age groups,Population by age and sex - broad age groups,World Population Prospects,2024,United Nations Population Division,180,Democratic Republic of the Congo,CD,COD,55,2004,4,Median,2,Female,26,15,null,15+,0,Not applicable,1,Model-based Estimates,3,Projection,15740098.5
70,Population by age and sex - broad age groups,Population by age and sex - broad age groups,World Population Prospects,2024,United Nations Population Division,180,Democratic Republic of the Congo,CD,COD,56,2005,4,Median,1,Male,26,15,null,15+,0,Not applicable,1,Model-based Estimates,3,Projection,15589709.5
70,Population by age and sex - broad age groups,Population by age and sex - broad age groups,World Population Prospects,2024,United Nations Population Division,180,Democratic Republic of the Congo,CD,COD,56,2005,4,Median,2,Female,26,15,null,15+,0,Not applicable,1,Model-based Estimates,3,Projection,16221322
70,Population by age and sex - broad age groups,Population by age and sex - broad age groups,World Population Prospects,2024,United Nations Population Division,180,Democratic Republic of the Congo,CD,COD,57,2006,4,Median,1,Male,26,15,null,15+,0,Not applicable,1,Model-based Estimates,3,Projection,16077707.5
70,Population by age and sex - broad age groups,Population by age and sex - broad age groups,World Population Prospects,2024,United Nations Population Division,180,Democratic Republic of the Congo,CD,COD,57,2006,4,Median,2,Female,26,15,null,15+,0,Not applicable,1,Model-based Estimates,3,Projection,16714296.5
70,Population by age and sex - broad age groups,Population by age and sex - broad age groups,World Population Prospects,2024,United Nations Population Division,180,Democratic Republic of the Congo,CD,COD,58,2007,4,Median,1,Male,26,15,null,15+,0,Not applicable,1,Model-based Estimates,3,Projection,16559149.5
70,Population by age and sex - broad age groups,Population by age and sex - broad age groups,World Population Prospects,2024,United Nations Population Division,180,Democratic Republic of the Congo,CD,COD,58,2007,4,Median,2,Female,26,15,null,15+,0,Not applicable,1,Model-based Estimates,3,Projection,17200072.5
70,Population by age and sex - broad age groups,Population by age and sex - broad age groups,World Population Prospects,2024,United Nations Population Division,180,Democratic Republic of the Congo,CD,COD,59,2008,4,Median,1,Male,26,15,null,15+,0,Not applicable,1,Model-based Estimates,3,Projection,17050164
70,Population by age and sex - broad age groups,Population by age and sex - broad age groups,World Population Prospects,2024,United Nations Population Division,180,Democratic Republic of the Congo,CD,COD,59,2008,4,Median,2,Female,26,15,null,15+,0,Not applicable,1,Model-based Estimates,3,Projection,17695462.5
70,Population by age and sex - broad age groups,Population by age and sex - broad age groups,World Population Prospects,2024,United Nations Population Division,180,Democratic Republic of the Congo,CD,COD,60,2009,4,Median,1,Male,26,15,null,15+,0,Not applicable,1,Model-based Estimates,3,Projection,17576046.5
70,Population by age and sex - broad age groups,Population by age and sex - broad age groups,World Population Prospects,2024,United Nations Population Division,180,Democratic Republic of the Congo,CD,COD,60,2009,4,Median,2,Female,26,15,null,15+,0,Not applicable,1,Model-based Estimates,3,Projection,18227717.5
70,Population by age and sex - broad age groups,Population by age and sex - broad age groups,World Population Prospects,2024,United Nations Population Division,180,Democratic Republic of the Congo,CD,COD,61,2010,4,Median,1,Male,26,15,null,15+,0,Not applicable,1,Model-based Estimates,3,Projection,18161701
70,Population by age and sex - broad age groups,Population by age and sex - broad age groups,World Population Prospects,2024,United Nations Population Division,180,Democratic Republic of the Congo,CD,COD,61,2010,4,Median,2,Female,26,15,null,15+,0,Not applicable,1,Model-based Estimates,3,Projection,18819902
70,Population by age and sex - broad age groups,Population by age and sex - broad age groups,World Population Prospects,2024,United Nations Population Division,180,Democratic Republic of the Congo,CD,COD,62,2011,4,Median,1,Male,26,15,null,15+,0,Not applicable,1,Model-based Estimates,3,Projection,18802491.5
70,Population by age and sex - broad age groups,Population by age and sex - broad age groups,World Population Prospects,2024,United Nations Population Division,180,Democratic Republic of the Congo,CD,COD,62,2011,4,Median,2,Female,26,15,null,15+,0,Not applicable,1,Model-based Estimates,3,Projection,19466346
70,Population by age and sex - broad age groups,Population by age and sex - broad age groups,World Population Prospects,2024,United Nations Population Division,180,Democratic Republic of the Congo,CD,COD,63,2012,4,Median,1,Male,26,15,null,15+,0,Not applicable,1,Model-based Estimates,3,Projection,19460145
70,Population by age and sex - broad age groups,Population by age and sex - broad age groups,World Population Prospects,2024,United Nations Population Division,180,Democratic Republic of the Congo,CD,COD,63,2012,4,Median,2,Female,26,15,null,15+,0,Not applicable,1,Model-based Estimates,3,Projection,20131509
70,Population by age and sex - broad age groups,Population by age and sex - broad age groups,World Population Prospects,2024,United Nations Population Division,180,Democratic Republic of the Congo,CD,COD,64,2013,4,Median,1,Male,26,15,null,15+,0,Not applicable,1,Model-based Estimates,3,Projection,20139199
70,Population by age and sex - broad age groups,Population by age and sex - broad age groups,World Population Prospects,2024,United Nations Population Division,180,Democratic Republic of the Congo,CD,COD,64,2013,4,Median,2,Female,26,15,null,15+,0,Not applicable,1,Model-based Estimates,3,Projection,20820404
70,Population by age and sex - broad age groups,Population by age and sex - broad age groups,World Population Prospects,2024,United Nations Population Division,180,Democratic Republic of the Congo,CD,COD,65,2014,4,Median,1,Male,26,15,null,15+,0,Not applicable,1,Model-based Estimates,3,Projection,20834702
70,Population by age and sex - broad age groups,Population by age and sex - broad age groups,World Population Prospects,2024,United Nations Population Division,180,Democratic Republic of the Congo,CD,COD,65,2014,4,Median,2,Female,26,15,null,15+,0,Not applicable,1,Model-based Estimates,3,Projection,21527416.5
70,Population by age and sex - broad age groups,Population by age and sex - broad age groups,World Population Prospects,2024,United Nations Population Division,180,Democratic Republic of the Congo,CD,COD,66,2015,4,Median,1,Male,26,15,null,15+,0,Not applicable,1,Model-based Estimates,3,Projection,21530737
70,Population by age and sex - broad age groups,Population by age and sex - broad age groups,World Population Prospects,2024,United Nations Population Division,180,Democratic Republic of the Congo,CD,COD,66,2015,4,Median,2,Female,26,15,null,15+,0,Not applicable,1,Model-based Estimates,3,Projection,22236846
70,Population by age and sex - broad age groups,Population by age and sex - broad age groups,World Population Prospects,2024,United Nations Population Division,180,Democratic Republic of the Congo,CD,COD,67,2016,4,Median,1,Male,26,15,null,15+,0,Not applicable,1,Model-based Estimates,3,Projection,22342815.5
70,Population by age and sex - broad age groups,Population by age and sex - broad age groups,World Population Prospects,2024,United Nations Population Division,180,Democratic Republic of the Congo,CD,COD,67,2016,4,Median,2,Female,26,15,null,15+,0,Not applicable,1,Model-based Estimates,3,Projection,23064386.5
70,Population by age and sex - broad age groups,Population by age and sex - broad age groups,World Population Prospects,2024,United Nations Population Division,180,Democratic Republic of the Congo,CD,COD,68,2017,4,Median,1,Male,26,15,null,15+,0,Not applicable,1,Model-based Estimates,3,Projection,23219897.5
70,Population by age and sex - broad age groups,Population by age and sex - broad age groups,World Population Prospects,2024,United Nations Population Division,180,Democratic Republic of the Congo,CD,COD,68,2017,4,Median,2,Female,26,15,null,15+,0,Not applicable,1,Model-based Estimates,3,Projection,23959593
70,Population by age and sex - broad age groups,Population by age and sex - broad age groups,World Population Prospects,2024,United Nations Population Division,180,Democratic Republic of the Congo,CD,COD,69,2018,4,Median,1,Male,26,15,null,15+,0,Not applicable,1,Model-based Estimates,3,Projection,23991480.5
70,Population by age and sex - broad age groups,Population by age and sex - broad age groups,World Population Prospects,2024,United Nations Population Division,180,Democratic Republic of the Congo,CD,COD,69,2018,4,Median,2,Female,26,15,null,15+,0,Not applicable,1,Model-based Estimates,3,Projection,24753565
70,Population by age and sex - broad age groups,Population by age and sex - broad age groups,World Population Prospects,2024,United Nations Population Division,180,Democratic Republic of the Congo,CD,COD,70,2019,4,Median,1,Male,26,15,null,15+,0,Not applicable,1,Model-based Estimates,3,Projection,24712349.5
70,Population by age and sex - broad age groups,Population by age and sex - broad age groups,World Population Prospects,2024,United Nations Population Division,180,Democratic Republic of the Congo,CD,COD,70,2019,4,Median,2,Female,26,15,null,15+,0,Not applicable,1,Model-based Estimates,3,Projection,25499989
70,Population by age and sex - broad age groups,Population by age and sex - broad age groups,World Population Prospects,2024,United Nations Population Division,180,Democratic Republic of the Congo,CD,COD,71,2020,4,Median,1,Male,26,15,null,15+,0,Not applicable,1,Model-based Estimates,3,Projection,25483039.5
70,Population by age and sex - broad age groups,Population by age and sex - broad age groups,World Population Prospects,2024,United Nations Population Division,180,Democratic Republic of the Congo,CD,COD,71,2020,4,Median,2,Female,26,15,null,15+,0,Not applicable,1,Model-based Estimates,3,Projection,26301076
70,Population by age and sex - broad age groups,Population by age and sex - broad age groups,World Population Prospects,2024,United Nations Population Division,180,Democratic Republic of the Congo,CD,COD,72,2021,4,Median,1,Male,26,15,null,15+,0,Not applicable,1,Model-based Estimates,3,Projection,26297285.5
70,Population by age and sex - broad age groups,Population by age and sex - broad age groups,World Population Prospects,2024,United Nations Population Division,180,Democratic Republic of the Congo,CD,COD,72,2021,4,Median,2,Female,26,15,null,15+,0,Not applicable,1,Model-based Estimates,3,Projection,27149630.5
70,Population by age and sex - broad age groups,Population by age and sex - broad age groups,World Population Prospects,2024,United Nations Population Division,180,Democratic Republic of the Congo,CD,COD,73,2022,4,Median,1,Male,26,15,null,15+,0,Not applicable,1,Model-based Estimates,3,Projection,27146054.5
70,Population by age and sex - broad age groups,Population by age and sex - broad age groups,World Population Prospects,2024,United Nations Population Division,180,Democratic Republic of the Congo,CD,COD,73,2022,4,Median,2,Female,26,15,null,15+,0,Not applicable,1,Model-based Estimates,3,Projection,28033505
70,Population by age and sex - broad age groups,Population by age and sex - broad age groups,World Population Prospects,2024,United Nations Population Division,180,Democratic Republic of the Congo,CD,COD,74,2023,4,Median,1,Male,26,15,null,15+,0,Not applicable,1,Model-based Estimates,3,Projection,28054626.5
70,Population by age and sex - broad age groups,Population by age and sex - broad age groups,World Population Prospects,2024,United Nations Population Division,180,Democratic Republic of the Congo,CD,COD,74,2023,4,Median,2,Female,26,15,null,15+,0,Not applicable,1,Model-based Estimates,3,Projection,28978428.5
70,Population by age and sex - broad age groups,Population by age and sex - broad age groups,World Population Prospects,2024,United Nations Population Division,204,Benin,BJ,BEN,41,1990,4,Median,1,Male,26,15,null,15+,0,Not applicable,1,Model-based Estimates,2,Interpolation,1354464.5
70,Population by age and sex - broad age groups,Population by age and sex - broad age groups,World Population Prospects,2024,United Nations Population Division,204,Benin,BJ,BEN,41,1990,4,Median,2,Female,26,15,null,15+,0,Not applicable,1,Model-based Estimates,2,Interpolation,1489803
70,Population by age and sex - broad age groups,Population by age and sex - broad age groups,World Population Prospects,2024,United Nations Population Division,204,Benin,BJ,BEN,42,1991,4,Median,1,Male,26,15,null,15+,0,Not applicable,1,Model-based Estimates,2,Interpolation,1398007.5
70,Population by age and sex - broad age groups,Population by age and sex - broad age groups,World Population Prospects,2024,United Nations Population Division,204,Benin,BJ,BEN,42,1991,4,Median,2,Female,26,15,null,15+,0,Not applicable,1,Model-based Estimates,2,Interpolation,1534462.5
70,Population by age and sex - broad age groups,Population by age and sex - broad age groups,World Population Prospects,2024,United Nations Population Division,204,Benin,BJ,BEN,43,1992,4,Median,1,Male,26,15,null,15+,0,Not applicable,1,Model-based Estimates,2,Interpolation,1443552.5
70,Population by age and sex - broad age groups,Population by age and sex - broad age groups,World Population Prospects,2024,United Nations Population Division,204,Benin,BJ,BEN,43,1992,4,Median,2,Female,26,15,null,15+,0,Not applicable,1,Model-based Estimates,2,Interpolation,1580944.5
70,Population by age and sex - broad age groups,Population by age and sex - broad age groups,World Population Prospects,2024,United Nations Population Division,204,Benin,BJ,BEN,44,1993,4,Median,1,Male,26,15,null,15+,0,Not applicable,1,Model-based Estimates,2,Interpolation,1525983.5
70,Population by age and sex - broad age groups,Population by age and sex - broad age groups,World Population Prospects,2024,United Nations Population Division,204,Benin,BJ,BEN,44,1993,4,Median,2,Female,26,15,null,15+,0,Not applicable,1,Model-based Estimates,2,Interpolation,1663821
70,Population by age and sex - broad age groups,Population by age and sex - broad age groups,World Population Prospects,2024,United Nations Population Division,204,Benin,BJ,BEN,45,1994,4,Median,1,Male,26,15,null,15+,0,Not applicable,1,Model-based Estimates,2,Interpolation,1591949
70,Population by age and sex - broad age groups,Population by age and sex - broad age groups,World Population Prospects,2024,United Nations Population Division,204,Benin,BJ,BEN,45,1994,4,Median,2,Female,26,15,null,15+,0,Not applicable,1,Model-based Estimates,2,Interpolation,1730009
70,Population by age and sex - broad age groups,Population by age and sex - broad age groups,World Population Prospects,2024,United Nations Population Division,204,Benin,BJ,BEN,46,1995,4,Median,1,Male,26,15,null,15+,0,Not applicable,1,Model-based Estimates,2,Interpolation,1615971.5
70,Population by age and sex - broad age groups,Population by age and sex - broad age groups,World Population Prospects,2024,United Nations Population Division,204,Benin,BJ,BEN,46,1995,4,Median,2,Female,26,15,null,15+,0,Not applicable,1,Model-based Estimates,2,Interpolation,1754033.5
70,Population by age and sex - broad age groups,Population by age and sex - broad age groups,World Population Prospects,2024,United Nations Population Division,204,Benin,BJ,BEN,47,1996,4,Median,1,Male,26,15,null,15+,0,Not applicable,1,Model-based Estimates,2,Interpolation,1658297
70,Population by age and sex - broad age groups,Population by age and sex - broad age groups,World Population Prospects,2024,United Nations Population Division,204,Benin,BJ,BEN,47,1996,4,Median,2,Female,26,15,null,15+,0,Not applicable,1,Model-based Estimates,2,Interpolation,1795656.5
70,Population by age and sex - broad age groups,Population by age and sex - broad age groups,World Population Prospects,2024,United Nations Population Division,204,Benin,BJ,BEN,48,1997,4,Median,1,Male,26,15,null,15+,0,Not applicable,1,Model-based Estimates,2,Interpolation,1713064.5
70,Population by age and sex - broad age groups,Population by age and sex - broad age groups,World Population Prospects,2024,United Nations Population Division,204,Benin,BJ,BEN,48,1997,4,Median,2,Female,26,15,null,15+,0,Not applicable,1,Model-based Estimates,2,Interpolation,1849283.5
70,Population by age and sex - broad age groups,Population by age and sex - broad age groups,World Population Prospects,2024,United Nations Population Division,204,Benin,BJ,BEN,49,1998,4,Median,1,Male,26,15,null,15+,0,Not applicable,1,Model-based Estimates,2,Interpolation,1773842
70,Population by age and sex - broad age groups,Population by age and sex - broad age groups,World Population Prospects,2024,United Nations Population Division,204,Benin,BJ,BEN,49,1998,4,Median,2,Female,26,15,null,15+,0,Not applicable,1,Model-based Estimates,2,Interpolation,1908993
70,Population by age and sex - broad age groups,Population by age and sex - broad age groups,World Population Prospects,2024,United Nations Population Division,204,Benin,BJ,BEN,50,1999,4,Median,1,Male,26,15,null,15+,0,Not applicable,1,Model-based Estimates,2,Interpolation,1837405.5
70,Population by age and sex - broad age groups,Population by age and sex - broad age groups,World Population Prospects,2024,United Nations Population Division,204,Benin,BJ,BEN,50,1999,4,Median,2,Female,26,15,null,15+,0,Not applicable,1,Model-based Estimates,2,Interpolation,1971738
70,Population by age and sex - broad age groups,Population by age and sex - broad age groups,World Population Prospects,2024,United Nations Population Division,204,Benin,BJ,BEN,51,2000,4,Median,1,Male,26,15,null,15+,0,Not applicable,1,Model-based Estimates,2,Interpolation,1903420
70,Population by age and sex - broad age groups,Population by age and sex - broad age groups,World Population Prospects,2024,United Nations Population Division,204,Benin,BJ,BEN,51,2000,4,Median,2,Female,26,15,null,15+,0,Not applicable,1,Model-based Estimates,2,Interpolation,2036812.5
70,Population by age and sex - broad age groups,Population by age and sex - broad age groups,World Population Prospects,2024,United Nations Population Division,204,Benin,BJ,BEN,52,2001,4,Median,1,Male,26,15,null,15+,0,Not applicable,1,Model-based Estimates,2,Interpolation,1971681
70,Population by age and sex - broad age groups,Population by age and sex - broad age groups,World Population Prospects,2024,United Nations Population Division,204,Benin,BJ,BEN,52,2001,4,Median,2,Female,26,15,null,15+,0,Not applicable,1,Model-based Estimates,2,Interpolation,2103837.5
70,Population by age and sex - broad age groups,Population by age and sex - broad age groups,World Population Prospects,2024,United Nations Population Division,204,Benin,BJ,BEN,53,2002,4,Median,1,Male,26,15,null,15+,0,Not applicable,1,Model-based Estimates,2,Interpolation,2042233
70,Population by age and sex - broad age groups,Population by age and sex - broad age groups,World Population Prospects,2024,United Nations Population Division,204,Benin,BJ,BEN,53,2002,4,Median,2,Female,26,15,null,15+,0,Not applicable,1,Model-based Estimates,2,Interpolation,2172740.5
70,Population by age and sex - broad age groups,Population by age and sex - broad age groups,World Population Prospects,2024,United Nations Population Division,204,Benin,BJ,BEN,54,2003,4,Median,1,Male,26,15,null,15+,0,Not applicable,1,Model-based Estimates,2,Interpolation,2115306.5
70,Population by age and sex - broad age groups,Population by age and sex - broad age groups,World Population Prospects,2024,United Nations Population Division,204,Benin,BJ,BEN,54,2003,4,Median,2,Female,26,15,null,15+,0,Not applicable,1,Model-based Estimates,2,Interpolation,2243711.5
70,Population by age and sex - broad age groups,Population by age and sex - broad age groups,World Population Prospects,2024,United Nations Population Division,204,Benin,BJ,BEN,55,2004,4,Median,1,Male,26,15,null,15+,0,Not applicable,1,Model-based Estimates,2,Interpolation,2190596
70,Population by age and sex - broad age groups,Population by age and sex - broad age groups,World Population Prospects,2024,United Nations Population Division,204,Benin,BJ,BEN,55,2004,4,Median,2,Female,26,15,null,15+,0,Not applicable,1,Model-based Estimates,2,Interpolation,2316475.5
70,Population by age and sex - broad age groups,Population by age and sex - broad age groups,World Population Prospects,2024,United Nations Population Division,204,Benin,BJ,BEN,56,2005,4,Median,1,Male,26,15,null,15+,0,Not applicable,1,Model-based Estimates,2,Interpolation,2271931.5
70,Population by age and sex - broad age groups,Population by age and sex - broad age groups,World Population Prospects,2024,United Nations Population Division,204,Benin,BJ,BEN,56,2005,4,Median,2,Female,26,15,null,15+,0,Not applicable,1,Model-based Estimates,2,Interpolation,2398572
70,Population by age and sex - broad age groups,Population by age and sex - broad age groups,World Population Prospects,2024,United Nations Population Division,204,Benin,BJ,BEN,57,2006,4,Median,1,Male,26,15,null,15+,0,Not applicable,1,Model-based Estimates,2,Interpolation,2351785.5
70,Population by age and sex - broad age groups,Population by age and sex - broad age groups,World Population Prospects,2024,United Nations Population Division,204,Benin,BJ,BEN,57,2006,4,Median,2,Female,26,15,null,15+,0,Not applicable,1,Model-based Estimates,2,Interpolation,2478317.5
70,Population by age and sex - broad age groups,Population by age and sex - broad age groups,World Population Prospects,2024,United Nations Population Division,204,Benin,BJ,BEN,58,2007,4,Median,1,Male,26,15,null,15+,0,Not applicable,1,Model-based Estimates,2,Interpolation,2429539
70,Population by age and sex - broad age groups,Population by age and sex - broad age groups,World Population Prospects,2024,United Nations Population Division,204,Benin,BJ,BEN,58,2007,4,Median,2,Female,26,15,null,15+,0,Not applicable,1,Model-based Estimates,2,Interpolation,2551420.5
70,Population by age and sex - broad age groups,Population by age and sex - broad age groups,World Population Prospects,2024,United Nations Population Division,204,Benin,BJ,BEN,59,2008,4,Median,1,Male,26,15,null,15+,0,Not applicable,1,Model-based Estimates,2,Interpolation,2513303.5
70,Population by age and sex - broad age groups,Population by age and sex - broad age groups,World Population Prospects,2024,United Nations Population Division,204,Benin,BJ,BEN,59,2008,4,Median,2,Female,26,15,null,15+,0,Not applicable,1,Model-based Estimates,2,Interpolation,2630601
70,Population by age and sex - broad age groups,Population by age and sex - broad age groups,World Population Prospects,2024,United Nations Population Division,204,Benin,BJ,BEN,60,2009,4,Median,1,Male,26,15,null,15+,0,Not applicable,1,Model-based Estimates,2,Interpolation,2602159.5
70,Population by age and sex - broad age groups,Population by age and sex - broad age groups,World Population Prospects,2024,United Nations Population Division,204,Benin,BJ,BEN,60,2009,4,Median,2,Female,26,15,null,15+,0,Not applicable,1,Model-based Estimates,2,Interpolation,2714950.5
70,Population by age and sex - broad age groups,Population by age and sex - broad age groups,World Population Prospects,2024,United Nations Population Division,204,Benin,BJ,BEN,61,2010,4,Median,1,Male,26,15,null,15+,0,Not applicable,1,Model-based Estimates,2,Interpolation,2694221
70,Population by age and sex - broad age groups,Population by age and sex - broad age groups,World Population Prospects,2024,United Nations Population Division,204,Benin,BJ,BEN,61,2010,4,Median,2,Female,26,15,null,15+,0,Not applicable,1,Model-based Estimates,2,Interpolation,2802270.5
70,Population by age and sex - broad age groups,Population by age and sex - broad age groups,World Population Prospects,2024,United Nations Population Division,204,Benin,BJ,BEN,62,2011,4,Median,1,Male,26,15,null,15+,0,Not applicable,1,Model-based Estimates,2,Interpolation,2786609
70,Population by age and sex - broad age groups,Population by age and sex - broad age groups,World Population Prospects,2024,United Nations Population Division,204,Benin,BJ,BEN,62,2011,4,Median,2,Female,26,15,null,15+,0,Not applicable,1,Model-based Estimates,2,Interpolation,2889772.5
70,Population by age and sex - broad age groups,Population by age and sex - broad age groups,World Population Prospects,2024,United Nations Population Division,204,Benin,BJ,BEN,63,2012,4,Median,1,Male,26,15,null,15+,0,Not applicable,1,Model-based Estimates,2,Interpolation,2880369.5
70,Population by age and sex - broad age groups,Population by age and sex - broad age groups,World Population Prospects,2024,United Nations Population Division,204,Benin,BJ,BEN,63,2012,4,Median,2,Female,26,15,null,15+,0,Not applicable,1,Model-based Estimates,2,Interpolation,2978213
70,Population by age and sex - broad age groups,Population by age and sex - broad age groups,World Population Prospects,2024,United Nations Population Division,204,Benin,BJ,BEN,64,2013,4,Median,1,Male,26,15,null,15+,0,Not applicable,1,Model-based Estimates,2,Interpolation,2975692.5
70,Population by age and sex - broad age groups,Population by age and sex - broad age groups,World Population Prospects,2024,United Nations Population Division,204,Benin,BJ,BEN,64,2013,4,Median,2,Female,26,15,null,15+,0,Not applicable,1,Model-based Estimates,2,Interpolation,3067639.5
70,Population by age and sex - broad age groups,Population by age and sex - broad age groups,World Population Prospects,2024,United Nations Population Division,204,Benin,BJ,BEN,65,2014,4,Median,1,Male,26,15,null,15+,0,Not applicable,1,Model-based Estimates,3,Projection,3073990.5
70,Population by age and sex - broad age groups,Population by age and sex - broad age groups,World Population Prospects,2024,United Nations Population Division,204,Benin,BJ,BEN,65,2014,4,Median,2,Female,26,15,null,15+,0,Not applicable,1,Model-based Estimates,3,Projection,3159872
70,Population by age and sex - broad age groups,Population by age and sex - broad age groups,World Population Prospects,2024,United Nations Population Division,204,Benin,BJ,BEN,66,2015,4,Median,1,Male,26,15,null,15+,0,Not applicable,1,Model-based Estimates,3,Projection,3175264.5
70,Population by age and sex - broad age groups,Population by age and sex - broad age groups,World Population Prospects,2024,United Nations Population Division,204,Benin,BJ,BEN,66,2015,4,Median,2,Female,26,15,null,15+,0,Not applicable,1,Model-based Estimates,3,Projection,3255120.5
70,Population by age and sex - broad age groups,Population by age and sex - broad age groups,World Population Prospects,2024,United Nations Population Division,204,Benin,BJ,BEN,67,2016,4,Median,1,Male,26,15,null,15+,0,Not applicable,1,Model-based Estimates,3,Projection,3278623.5
70,Population by age and sex - broad age groups,Population by age and sex - broad age groups,World Population Prospects,2024,United Nations Population Division,204,Benin,BJ,BEN,67,2016,4,Median,2,Female,26,15,null,15+,0,Not applicable,1,Model-based Estimates,3,Projection,3352656
70,Population by age and sex - broad age groups,Population by age and sex - broad age groups,World Population Prospects,2024,United Nations Population Division,204,Benin,BJ,BEN,68,2017,4,Median,1,Male,26,15,null,15+,0,Not applicable,1,Model-based Estimates,3,Projection,3384519.5
70,Population by age and sex - broad age groups,Population by age and sex - broad age groups,World Population Prospects,2024,United Nations Population Division,204,Benin,BJ,BEN,68,2017,4,Median,2,Female,26,15,null,15+,0,Not applicable,1,Model-based Estimates,3,Projection,3453110.5
70,Population by age and sex - broad age groups,Population by age and sex - broad age groups,World Population Prospects,2024,United Nations Population Division,204,Benin,BJ,BEN,69,2018,4,Median,1,Male,26,15,null,15+,0,Not applicable,1,Model-based Estimates,3,Projection,3493573.5
70,Population by age and sex - broad age groups,Population by age and sex - broad age groups,World Population Prospects,2024,United Nations Population Division,204,Benin,BJ,BEN,69,2018,4,Median,2,Female,26,15,null,15+,0,Not applicable,1,Model-based Estimates,3,Projection,3556836
70,Population by age and sex - broad age groups,Population by age and sex - broad age groups,World Population Prospects,2024,United Nations Population Division,204,Benin,BJ,BEN,70,2019,4,Median,1,Male,26,15,null,15+,0,Not applicable,1,Model-based Estimates,3,Projection,3605917
70,Population by age and sex - broad age groups,Population by age and sex - broad age groups,World Population Prospects,2024,United Nations Population Division,204,Benin,BJ,BEN,70,2019,4,Median,2,Female,26,15,null,15+,0,Not applicable,1,Model-based Estimates,3,Projection,3663989.5
70,Population by age and sex - broad age groups,Population by age and sex - broad age groups,World Population Prospects,2024,United Nations Population Division,204,Benin,BJ,BEN,71,2020,4,Median,1,Male,26,15,null,15+,0,Not applicable,1,Model-based Estimates,3,Projection,3720760.5
70,Population by age and sex - broad age groups,Population by age and sex - broad age groups,World Population Prospects,2024,United Nations Population Division,204,Benin,BJ,BEN,71,2020,4,Median,2,Female,26,15,null,15+,0,Not applicable,1,Model-based Estimates,3,Projection,3774566
70,Population by age and sex - broad age groups,Population by age and sex - broad age groups,World Population Prospects,2024,United Nations Population Division,204,Benin,BJ,BEN,72,2021,4,Median,1,Male,26,15,null,15+,0,Not applicable,1,Model-based Estimates,3,Projection,3838269
70,Population by age and sex - broad age groups,Population by age and sex - broad age groups,World Population Prospects,2024,United Nations Population Division,204,Benin,BJ,BEN,72,2021,4,Median,2,Female,26,15,null,15+,0,Not applicable,1,Model-based Estimates,3,Projection,3888011.5
70,Population by age and sex - broad age groups,Population by age and sex - broad age groups,World Population Prospects,2024,United Nations Population Division,204,Benin,BJ,BEN,73,2022,4,Median,1,Male,26,15,null,15+,0,Not applicable,1,Model-based Estimates,3,Projection,3959184
70,Population by age and sex - broad age groups,Population by age and sex - broad age groups,World Population Prospects,2024,United Nations Population Division,204,Benin,BJ,BEN,73,2022,4,Median,2,Female,26,15,null,15+,0,Not applicable,1,Model-based Estimates,3,Projection,4004728
70,Population by age and sex - broad age groups,Population by age and sex - broad age groups,World Population Prospects,2024,United Nations Population Division,204,Benin,BJ,BEN,74,2023,4,Median,1,Male,26,15,null,15+,0,Not applicable,1,Model-based Estimates,3,Projection,4082678.5
70,Population by age and sex - broad age groups,Population by age and sex - broad age groups,World Population Prospects,2024,United Nations Population Division,204,Benin,BJ,BEN,74,2023,4,Median,2,Female,26,15,null,15+,0,Not applicable,1,Model-based Estimates,3,Projection,4124826
70,Population by age and sex - broad age groups,Population by age and sex - broad age groups,World Population Prospects,2024,United Nations Population Division,226,Equatorial Guinea,GQ,GNQ,41,1990,4,Median,1,Male,26,15,null,15+,0,Not applicable,1,Model-based Estimates,2,Interpolation,132760.5
70,Population by age and sex - broad age groups,Population by age and sex - broad age groups,World Population Prospects,2024,United Nations Population Division,226,Equatorial Guinea,GQ,GNQ,41,1990,4,Median,2,Female,26,15,null,15+,0,Not applicable,1,Model-based Estimates,2,Interpolation,144160.5
70,Population by age and sex - broad age groups,Population by age and sex - broad age groups,World Population Prospects,2024,United Nations Population Division,226,Equatorial Guinea,GQ,GNQ,42,1991,4,Median,1,Male,26,15,null,15+,0,Not applicable,1,Model-based Estimates,2,Interpolation,137152
70,Population by age and sex - broad age groups,Population by age and sex - broad age groups,World Population Prospects,2024,United Nations Population Division,226,Equatorial Guinea,GQ,GNQ,42,1991,4,Median,2,Female,26,15,null,15+,0,Not applicable,1,Model-based Estimates,2,Interpolation,148524.5
70,Population by age and sex - broad age groups,Population by age and sex - broad age groups,World Population Prospects,2024,United Nations Population Division,226,Equatorial Guinea,GQ,GNQ,43,1992,4,Median,1,Male,26,15,null,15+,0,Not applicable,1,Model-based Estimates,2,Interpolation,141727.5
70,Population by age and sex - broad age groups,Population by age and sex - broad age groups,World Population Prospects,2024,United Nations Population Division,226,Equatorial Guinea,GQ,GNQ,43,1992,4,Median,2,Female,26,15,null,15+,0,Not applicable,1,Model-based Estimates,2,Interpolation,153051.5
70,Population by age and sex - broad age groups,Population by age and sex - broad age groups,World Population Prospects,2024,United Nations Population Division,226,Equatorial Guinea,GQ,GNQ,44,1993,4,Median,1,Male,26,15,null,15+,0,Not applicable,1,Model-based Estimates,2,Interpolation,146533
70,Population by age and sex - broad age groups,Population by age and sex - broad age groups,World Population Prospects,2024,United Nations Population Division,226,Equatorial Guinea,GQ,GNQ,44,1993,4,Median,2,Female,26,15,null,15+,0,Not applicable,1,Model-based Estimates,2,Interpolation,157791
70,Population by age and sex - broad age groups,Population by age and sex - broad age groups,World Population Prospects,2024,United Nations Population Division,226,Equatorial Guinea,GQ,GNQ,45,1994,4,Median,1,Male,26,15,null,15+,0,Not applicable,1,Model-based Estimates,2,Interpolation,152041.5
70,Population by age and sex - broad age groups,Population by age and sex - broad age groups,World Population Prospects,2024,United Nations Population Division,226,Equatorial Guinea,GQ,GNQ,45,1994,4,Median,2,Female,26,15,null,15+,0,Not applicable,1,Model-based Estimates,2,Interpolation,162497.5
70,Population by age and sex - broad age groups,Population by age and sex - broad age groups,World Population Prospects,2024,United Nations Population Division,226,Equatorial Guinea,GQ,GNQ,46,1995,4,Median,1,Male,26,15,null,15+,0,Not applicable,1,Model-based Estimates,2,Interpolation,158411.5
70,Population by age and sex - broad age groups,Population by age and sex - broad age groups,World Population Prospects,2024,United Nations Population Division,226,Equatorial Guinea,GQ,GNQ,46,1995,4,Median,2,Female,26,15,null,15+,0,Not applicable,1,Model-based Estimates,2,Interpolation,167233.5
70,Population by age and sex - broad age groups,Population by age and sex - broad age groups,World Population Prospects,2024,United Nations Population Division,226,Equatorial Guinea,GQ,GNQ,47,1996,4,Median,1,Male,26,15,null,15+,0,Not applicable,1,Model-based Estimates,2,Interpolation,165366
70,Population by age and sex - broad age groups,Population by age and sex - broad age groups,World Population Prospects,2024,United Nations Population Division,226,Equatorial Guinea,GQ,GNQ,47,1996,4,Median,2,Female,26,15,null,15+,0,Not applicable,1,Model-based Estimates,2,Interpolation,172339
70,Population by age and sex - broad age groups,Population by age and sex - broad age groups,World Population Prospects,2024,United Nations Population Division,226,Equatorial Guinea,GQ,GNQ,48,1997,4,Median,1,Male,26,15,null,15+,0,Not applicable,1,Model-based Estimates,2,Interpolation,172913.5
70,Population by age and sex - broad age groups,Population by age and sex - broad age groups,World Population Prospects,2024,United Nations Population Division,226,Equatorial Guinea,GQ,GNQ,48,1997,4,Median,2,Female,26,15,null,15+,0,Not applicable,1,Model-based Estimates,2,Interpolation,177831
70,Population by age and sex - broad age groups,Population by age and sex - broad age groups,World Population Prospects,2024,United Nations Population Division,226,Equatorial Guinea,GQ,GNQ,49,1998,4,Median,1,Male,26,15,null,15+,0,Not applicable,1,Model-based Estimates,2,Interpolation,181031.5
70,Population by age and sex - broad age groups,Population by age and sex - broad age groups,World Population Prospects,2024,United Nations Population Division,226,Equatorial Guinea,GQ,GNQ,49,1998,4,Median,2,Female,26,15,null,15+,0,Not applicable,1,Model-based Estimates,2,Interpolation,183716.5
70,Population by age and sex - broad age groups,Population by age and sex - broad age groups,World Population Prospects,2024,United Nations Population Division,226,Equatorial Guinea,GQ,GNQ,50,1999,4,Median,1,Male,26,15,null,15+,0,Not applicable,1,Model-based Estimates,2,Interpolation,189854.5
70,Population by age and sex - broad age groups,Population by age and sex - broad age groups,World Population Prospects,2024,United Nations Population Division,226,Equatorial Guinea,GQ,GNQ,50,1999,4,Median,2,Female,26,15,null,15+,0,Not applicable,1,Model-based Estimates,2,Interpolation,190139.5
70,Population by age and sex - broad age groups,Population by age and sex - broad age groups,World Population Prospects,2024,United Nations Population Division,226,Equatorial Guinea,GQ,GNQ,51,2000,4,Median,1,Male,26,15,null,15+,0,Not applicable,1,Model-based Estimates,2,Interpolation,202242
70,Population by age and sex - broad age groups,Population by age and sex - broad age groups,World Population Prospects,2024,United Nations Population Division,226,Equatorial Guinea,GQ,GNQ,51,2000,4,Median,2,Female,26,15,null,15+,0,Not applicable,1,Model-based Estimates,2,Interpolation,200492.5
70,Population by age and sex - broad age groups,Population by age and sex - broad age groups,World Population Prospects,2024,United Nations Population Division,226,Equatorial Guinea,GQ,GNQ,52,2001,4,Median,1,Male,26,15,null,15+,0,Not applicable,1,Model-based Estimates,2,Interpolation,218517
70,Population by age and sex - broad age groups,Population by age and sex - broad age groups,World Population Prospects,2024,United Nations Population Division,226,Equatorial Guinea,GQ,GNQ,52,2001,4,Median,2,Female,26,15,null,15+,0,Not applicable,1,Model-based Estimates,2,Interpolation,214959
70,Population by age and sex - broad age groups,Population by age and sex - broad age groups,World Population Prospects,2024,United Nations Population Division,226,Equatorial Guinea,GQ,GNQ,53,2002,4,Median,1,Male,26,15,null,15+,0,Not applicable,1,Model-based Estimates,2,Interpolation,236232
70,Population by age and sex - broad age groups,Population by age and sex - broad age groups,World Population Prospects,2024,United Nations Population Division,226,Equatorial Guinea,GQ,GNQ,53,2002,4,Median,2,Female,26,15,null,15+,0,Not applicable,1,Model-based Estimates,2,Interpolation,230451
70,Population by age and sex - broad age groups,Population by age and sex - broad age groups,World Population Prospects,2024,United Nations Population Division,226,Equatorial Guinea,GQ,GNQ,54,2003,4,Median,1,Male,26,15,null,15+,0,Not applicable,1,Model-based Estimates,2,Interpolation,255226
70,Population by age and sex - broad age groups,Population by age and sex - broad age groups,World Population Prospects,2024,United Nations Population Division,226,Equatorial Guinea,GQ,GNQ,54,2003,4,Median,2,Female,26,15,null,15+,0,Not applicable,1,Model-based Estimates,2,Interpolation,246895.5
70,Population by age and sex - broad age groups,Population by age and sex - broad age groups,World Population Prospects,2024,United Nations Population Division,226,Equatorial Guinea,GQ,GNQ,55,2004,4,Median,1,Male,26,15,null,15+,0,Not applicable,1,Model-based Estimates,2,Interpolation,275270
70,Population by age and sex - broad age groups,Population by age and sex - broad age groups,World Population Prospects,2024,United Nations Population Division,226,Equatorial Guinea,GQ,GNQ,55,2004,4,Median,2,Female,26,15,null,15+,0,Not applicable,1,Model-based Estimates,2,Interpolation,264194.5
70,Population by age and sex - broad age groups,Population by age and sex - broad age groups,World Population Prospects,2024,United Nations Population Division,226,Equatorial Guinea,GQ,GNQ,56,2005,4,Median,1,Male,26,15,null,15+,0,Not applicable,1,Model-based Estimates,2,Interpolation,294095
70,Population by age and sex - broad age groups,Population by age and sex - broad age groups,World Population Prospects,2024,United Nations Population Division,226,Equatorial Guinea,GQ,GNQ,56,2005,4,Median,2,Female,26,15,null,15+,0,Not applicable,1,Model-based Estimates,2,Interpolation,278902.5
70,Population by age and sex - broad age groups,Population by age and sex - broad age groups,World Population Prospects,2024,United Nations Population Division,226,Equatorial Guinea,GQ,GNQ,57,2006,4,Median,1,Male,26,15,null,15+,0,Not applicable,1,Model-based Estimates,2,Interpolation,311562
70,Population by age and sex - broad age groups,Population by age and sex - broad age groups,World Population Prospects,2024,United Nations Population Division,226,Equatorial Guinea,GQ,GNQ,57,2006,4,Median,2,Female,26,15,null,15+,0,Not applicable,1,Model-based Estimates,2,Interpolation,290859
70,Population by age and sex - broad age groups,Population by age and sex - broad age groups,World Population Prospects,2024,United Nations Population Division,226,Equatorial Guinea,GQ,GNQ,58,2007,4,Median,1,Male,26,15,null,15+,0,Not applicable,1,Model-based Estimates,2,Interpolation,329751
70,Population by age and sex - broad age groups,Population by age and sex - broad age groups,World Population Prospects,2024,United Nations Population Division,226,Equatorial Guinea,GQ,GNQ,58,2007,4,Median,2,Female,26,15,null,15+,0,Not applicable,1,Model-based Estimates,2,Interpolation,303326.5
70,Population by age and sex - broad age groups,Population by age and sex - broad age groups,World Population Prospects,2024,United Nations Population Division,226,Equatorial Guinea,GQ,GNQ,59,2008,4,Median,1,Male,26,15,null,15+,0,Not applicable,1,Model-based Estimates,2,Interpolation,348787
70,Population by age and sex - broad age groups,Population by age and sex - broad age groups,World Population Prospects,2024,United Nations Population Division,226,Equatorial Guinea,GQ,GNQ,59,2008,4,Median,2,Female,26,15,null,15+,0,Not applicable,1,Model-based Estimates,2,Interpolation,316336
70,Population by age and sex - broad age groups,Population by age and sex - broad age groups,World Population Prospects,2024,United Nations Population Division,226,Equatorial Guinea,GQ,GNQ,60,2009,4,Median,1,Male,26,15,null,15+,0,Not applicable,1,Model-based Estimates,2,Interpolation,368700.5
70,Population by age and sex - broad age groups,Population by age and sex - broad age groups,World Population Prospects,2024,United Nations Population Division,226,Equatorial Guinea,GQ,GNQ,60,2009,4,Median,2,Female,26,15,null,15+,0,Not applicable,1,Model-based Estimates,2,Interpolation,329887.5
70,Population by age and sex - broad age groups,Population by age and sex - broad age groups,World Population Prospects,2024,United Nations Population Division,226,Equatorial Guinea,GQ,GNQ,61,2010,4,Median,1,Male,26,15,null,15+,0,Not applicable,1,Model-based Estimates,2,Interpolation,389368
70,Population by age and sex - broad age groups,Population by age and sex - broad age groups,World Population Prospects,2024,United Nations Population Division,226,Equatorial Guinea,GQ,GNQ,61,2010,4,Median,2,Female,26,15,null,15+,0,Not applicable,1,Model-based Estimates,2,Interpolation,343885
70,Population by age and sex - broad age groups,Population by age and sex - broad age groups,World Population Prospects,2024,United Nations Population Division,226,Equatorial Guinea,GQ,GNQ,62,2011,4,Median,1,Male,26,15,null,15+,0,Not applicable,1,Model-based Estimates,2,Interpolation,409099.5
70,Population by age and sex - broad age groups,Population by age and sex - broad age groups,World Population Prospects,2024,United Nations Population Division,226,Equatorial Guinea,GQ,GNQ,62,2011,4,Median,2,Female,26,15,null,15+,0,Not applicable,1,Model-based Estimates,2,Interpolation,357455
70,Population by age and sex - broad age groups,Population by age and sex - broad age groups,World Population Prospects,2024,United Nations Population Division,226,Equatorial Guinea,GQ,GNQ,63,2012,4,Median,1,Male,26,15,null,15+,0,Not applicable,1,Model-based Estimates,2,Interpolation,427755
70,Population by age and sex - broad age groups,Population by age and sex - broad age groups,World Population Prospects,2024,United Nations Population Division,226,Equatorial Guinea,GQ,GNQ,63,2012,4,Median,2,Female,26,15,null,15+,0,Not applicable,1,Model-based Estimates,2,Interpolation,370558.5
70,Population by age and sex - broad age groups,Population by age and sex - broad age groups,World Population Prospects,2024,United Nations Population Division,226,Equatorial Guinea,GQ,GNQ,64,2013,4,Median,1,Male,26,15,null,15+,0,Not applicable,1,Model-based Estimates,2,Interpolation,446763
70,Population by age and sex - broad age groups,Population by age and sex - broad age groups,World Population Prospects,2024,United Nations Population Division,226,Equatorial Guinea,GQ,GNQ,64,2013,4,Median,2,Female,26,15,null,15+,0,Not applicable,1,Model-based Estimates,2,Interpolation,383917
70,Population by age and sex - broad age groups,Population by age and sex - broad age groups,World Population Prospects,2024,United Nations Population Division,226,Equatorial Guinea,GQ,GNQ,65,2014,4,Median,1,Male,26,15,null,15+,0,Not applicable,1,Model-based Estimates,2,Interpolation,466008
70,Population by age and sex - broad age groups,Population by age and sex - broad age groups,World Population Prospects,2024,United Nations Population Division,226,Equatorial Guinea,GQ,GNQ,65,2014,4,Median,2,Female,26,15,null,15+,0,Not applicable,1,Model-based Estimates,2,Interpolation,397486.5
70,Population by age and sex - broad age groups,Population by age and sex - broad age groups,World Population Prospects,2024,United Nations Population Division,226,Equatorial Guinea,GQ,GNQ,66,2015,4,Median,1,Male,26,15,null,15+,0,Not applicable,1,Model-based Estimates,2,Interpolation,485451
70,Population by age and sex - broad age groups,Population by age and sex - broad age groups,World Population Prospects,2024,United Nations Population Division,226,Equatorial Guinea,GQ,GNQ,66,2015,4,Median,2,Female,26,15,null,15+,0,Not applicable,1,Model-based Estimates,2,Interpolation,411301
70,Population by age and sex - broad age groups,Population by age and sex - broad age groups,World Population Prospects,2024,United Nations Population Division,226,Equatorial Guinea,GQ,GNQ,67,2016,4,Median,1,Male,26,15,null,15+,0,Not applicable,1,Model-based Estimates,3,Projection,505060
70,Population by age and sex - broad age groups,Population by age and sex - broad age groups,World Population Prospects,2024,United Nations Population Division,226,Equatorial Guinea,GQ,GNQ,67,2016,4,Median,2,Female,26,15,null,15+,0,Not applicable,1,Model-based Estimates,3,Projection,425394.5
70,Population by age and sex - broad age groups,Population by age and sex - broad age groups,World Population Prospects,2024,United Nations Population Division,226,Equatorial Guinea,GQ,GNQ,68,2017,4,Median,1,Male,26,15,null,15+,0,Not applicable,1,Model-based Estimates,3,Projection,524768
70,Population by age and sex - broad age groups,Population by age and sex - broad age groups,World Population Prospects,2024,United Nations Population Division,226,Equatorial Guinea,GQ,GNQ,68,2017,4,Median,2,Female,26,15,null,15+,0,Not applicable,1,Model-based Estimates,3,Projection,439848.5
70,Population by age and sex - broad age groups,Population by age and sex - broad age groups,World Population Prospects,2024,United Nations Population Division,226,Equatorial Guinea,GQ,GNQ,69,2018,4,Median,1,Male,26,15,null,15+,0,Not applicable,1,Model-based Estimates,3,Projection,544711.5
70,Population by age and sex - broad age groups,Population by age and sex - broad age groups,World Population Prospects,2024,United Nations Population Division,226,Equatorial Guinea,GQ,GNQ,69,2018,4,Median,2,Female,26,15,null,15+,0,Not applicable,1,Model-based Estimates,3,Projection,454897
70,Population by age and sex - broad age groups,Population by age and sex - broad age groups,World Population Prospects,2024,United Nations Population Division,226,Equatorial Guinea,GQ,GNQ,70,2019,4,Median,1,Male,26,15,null,15+,0,Not applicable,1,Model-based Estimates,3,Projection,565032.5
70,Population by age and sex - broad age groups,Population by age and sex - broad age groups,World Population Prospects,2024,United Nations Population Division,226,Equatorial Guinea,GQ,GNQ,70,2019,4,Median,2,Female,26,15,null,15+,0,Not applicable,1,Model-based Estimates,3,Projection,470723.5
70,Population by age and sex - broad age groups,Population by age and sex - broad age groups,World Population Prospects,2024,United Nations Population Division,226,Equatorial Guinea,GQ,GNQ,71,2020,4,Median,1,Male,26,15,null,15+,0,Not applicable,1,Model-based Estimates,3,Projection,580937
70,Population by age and sex - broad age groups,Population by age and sex - broad age groups,World Population Prospects,2024,United Nations Population Division,226,Equatorial Guinea,GQ,GNQ,71,2020,4,Median,2,Female,26,15,null,15+,0,Not applicable,1,Model-based Estimates,3,Projection,485073.5
70,Population by age and sex - broad age groups,Population by age and sex - broad age groups,World Population Prospects,2024,United Nations Population Division,226,Equatorial Guinea,GQ,GNQ,72,2021,4,Median,1,Male,26,15,null,15+,0,Not applicable,1,Model-based Estimates,3,Projection,594541.5
70,Population by age and sex - broad age groups,Population by age and sex - broad age groups,World Population Prospects,2024,United Nations Population Division,226,Equatorial Guinea,GQ,GNQ,72,2021,4,Median,2,Female,26,15,null,15+,0,Not applicable,1,Model-based Estimates,3,Projection,498801.5
70,Population by age and sex - broad age groups,Population by age and sex - broad age groups,World Population Prospects,2024,United Nations Population Division,226,Equatorial Guinea,GQ,GNQ,73,2022,4,Median,1,Male,26,15,null,15+,0,Not applicable,1,Model-based Estimates,3,Projection,610154
70,Population by age and sex - broad age groups,Population by age and sex - broad age groups,World Population Prospects,2024,United Nations Population Division,226,Equatorial Guinea,GQ,GNQ,73,2022,4,Median,2,Female,26,15,null,15+,0,Not applicable,1,Model-based Estimates,3,Projection,513849
70,Population by age and sex - broad age groups,Population by age and sex - broad age groups,World Population Prospects,2024,United Nations Population Division,226,Equatorial Guinea,GQ,GNQ,74,2023,4,Median,1,Male,26,15,null,15+,0,Not applicable,1,Model-based Estimates,3,Projection,625743
70,Population by age and sex - broad age groups,Population by age and sex - broad age groups,World Population Prospects,2024,United Nations Population Division,226,Equatorial Guinea,GQ,GNQ,74,2023,4,Median,2,Female,26,15,null,15+,0,Not applicable,1,Model-based Estimates,3,Projection,529264.5
70,Population by age and sex - broad age groups,Population by age and sex - broad age groups,World Population Prospects,2024,United Nations Population Division,231,Ethiopia,ET,ETH,41,1990,4,Median,1,Male,26,15,null,15+,0,Not applicable,1,Model-based Estimates,2,Interpolation,12333682
70,Population by age and sex - broad age groups,Population by age and sex - broad age groups,World Population Prospects,2024,United Nations Population Division,231,Ethiopia,ET,ETH,41,1990,4,Median,2,Female,26,15,null,15+,0,Not applicable,1,Model-based Estimates,2,Interpolation,13273978.5
70,Population by age and sex - broad age groups,Population by age and sex - broad age groups,World Population Prospects,2024,United Nations Population Division,231,Ethiopia,ET,ETH,42,1991,4,Median,1,Male,26,15,null,15+,0,Not applicable,1,Model-based Estimates,2,Interpolation,12919187
70,Population by age and sex - broad age groups,Population by age and sex - broad age groups,World Population Prospects,2024,United Nations Population Division,231,Ethiopia,ET,ETH,42,1991,4,Median,2,Female,26,15,null,15+,0,Not applicable,1,Model-based Estimates,2,Interpolation,13837421
70,Population by age and sex - broad age groups,Population by age and sex - broad age groups,World Population Prospects,2024,United Nations Population Division,231,Ethiopia,ET,ETH,43,1992,4,Median,1,Male,26,15,null,15+,0,Not applicable,1,Model-based Estimates,2,Interpolation,13507470.5
70,Population by age and sex - broad age groups,Population by age and sex - broad age groups,World Population Prospects,2024,United Nations Population Division,231,Ethiopia,ET,ETH,43,1992,4,Median,2,Female,26,15,null,15+,0,Not applicable,1,Model-based Estimates,2,Interpolation,14393899
70,Population by age and sex - broad age groups,Population by age and sex - broad age groups,World Population Prospects,2024,United Nations Population Division,231,Ethiopia,ET,ETH,44,1993,4,Median,1,Male,26,15,null,15+,0,Not applicable,1,Model-based Estimates,2,Interpolation,13975961
70,Population by age and sex - broad age groups,Population by age and sex - broad age groups,World Population Prospects,2024,United Nations Population Division,231,Ethiopia,ET,ETH,44,1993,4,Median,2,Female,26,15,null,15+,0,Not applicable,1,Model-based Estimates,2,Interpolation,14835044
70,Population by age and sex - broad age groups,Population by age and sex - broad age groups,World Population Prospects,2024,United Nations Population Division,231,Ethiopia,ET,ETH,45,1994,4,Median,1,Male,26,15,null,15+,0,Not applicable,1,Model-based Estimates,2,Interpolation,14454033
70,Population by age and sex - broad age groups,Population by age and sex - broad age groups,World Population Prospects,2024,United Nations Population Division,231,Ethiopia,ET,ETH,45,1994,4,Median,2,Female,26,15,null,15+,0,Not applicable,1,Model-based Estimates,2,Interpolation,15284426.5
70,Population by age and sex - broad age groups,Population by age and sex - broad age groups,World Population Prospects,2024,United Nations Population Division,231,Ethiopia,ET,ETH,46,1995,4,Median,1,Male,26,15,null,15+,0,Not applicable,1,Model-based Estimates,2,Interpolation,14933319
70,Population by age and sex - broad age groups,Population by age and sex - broad age groups,World Population Prospects,2024,United Nations Population Division,231,Ethiopia,ET,ETH,46,1995,4,Median,2,Female,26,15,null,15+,0,Not applicable,1,Model-based Estimates,2,Interpolation,15736401
70,Population by age and sex - broad age groups,Population by age and sex - broad age groups,World Population Prospects,2024,United Nations Population Division,231,Ethiopia,ET,ETH,47,1996,4,Median,1,Male,26,15,null,15+,0,Not applicable,1,Model-based Estimates,2,Interpolation,15403780.5
70,Population by age and sex - broad age groups,Population by age and sex - broad age groups,World Population Prospects,2024,United Nations Population Division,231,Ethiopia,ET,ETH,47,1996,4,Median,2,Female,26,15,null,15+,0,Not applicable,1,Model-based Estimates,2,Interpolation,16178762
70,Population by age and sex - broad age groups,Population by age and sex - broad age groups,World Population Prospects,2024,United Nations Population Division,231,Ethiopia,ET,ETH,48,1997,4,Median,1,Male,26,15,null,15+,0,Not applicable,1,Model-based Estimates,2,Interpolation,15862182.5
70,Population by age and sex - broad age groups,Population by age and sex - broad age groups,World Population Prospects,2024,United Nations Population Division,231,Ethiopia,ET,ETH,48,1997,4,Median,2,Female,26,15,null,15+,0,Not applicable,1,Model-based Estimates,2,Interpolation,16604969
70,Population by age and sex - broad age groups,Population by age and sex - broad age groups,World Population Prospects,2024,United Nations Population Division,231,Ethiopia,ET,ETH,49,1998,4,Median,1,Male,26,15,null,15+,0,Not applicable,1,Model-based Estimates,2,Interpolation,16316829.5
70,Population by age and sex - broad age groups,Population by age and sex - broad age groups,World Population Prospects,2024,United Nations Population Division,231,Ethiopia,ET,ETH,49,1998,4,Median,2,Female,26,15,null,15+,0,Not applicable,1,Model-based Estimates,2,Interpolation,17027250
70,Population by age and sex - broad age groups,Population by age and sex - broad age groups,World Population Prospects,2024,United Nations Population Division,231,Ethiopia,ET,ETH,50,1999,4,Median,1,Male,26,15,null,15+,0,Not applicable,1,Model-based Estimates,2,Interpolation,16786112
70,Population by age and sex - broad age groups,Population by age and sex - broad age groups,World Population Prospects,2024,United Nations Population Division,231,Ethiopia,ET,ETH,50,1999,4,Median,2,Female,26,15,null,15+,0,Not applicable,1,Model-based Estimates,2,Interpolation,17473236
70,Population by age and sex - broad age groups,Population by age and sex - broad age groups,World Population Prospects,2024,United Nations Population Division,231,Ethiopia,ET,ETH,51,2000,4,Median,1,Male,26,15,null,15+,0,Not applicable,1,Model-based Estimates,2,Interpolation,17281673
70,Population by age and sex - broad age groups,Population by age and sex - broad age groups,World Population Prospects,2024,United Nations Population Division,231,Ethiopia,ET,ETH,51,2000,4,Median,2,Female,26,15,null,15+,0,Not applicable,1,Model-based Estimates,2,Interpolation,17941348
70,Population by age and sex - broad age groups,Population by age and sex - broad age groups,World Population Prospects,2024,United Nations Population Division,231,Ethiopia,ET,ETH,52,2001,4,Median,1,Male,26,15,null,15+,0,Not applicable,1,Model-based Estimates,2,Interpolation,17819778.5
70,Population by age and sex - broad age groups,Population by age and sex - broad age groups,World Population Prospects,2024,United Nations Population Division,231,Ethiopia,ET,ETH,52,2001,4,Median,2,Female,26,15,null,15+,0,Not applicable,1,Model-based Estimates,2,Interpolation,18439485.5
70,Population by age and sex - broad age groups,Population by age and sex - broad age groups,World Population Prospects,2024,United Nations Population Division,231,Ethiopia,ET,ETH,53,2002,4,Median,1,Male,26,15,null,15+,0,Not applicable,1,Model-based Estimates,2,Interpolation,18406332.5
70,Population by age and sex - broad age groups,Population by age and sex - broad age groups,World Population Prospects,2024,United Nations Population Division,231,Ethiopia,ET,ETH,53,2002,4,Median,2,Female,26,15,null,15+,0,Not applicable,1,Model-based Estimates,2,Interpolation,18987593
70,Population by age and sex - broad age groups,Population by age and sex - broad age groups,World Population Prospects,2024,United Nations Population Division,231,Ethiopia,ET,ETH,54,2003,4,Median,1,Male,26,15,null,15+,0,Not applicable,1,Model-based Estimates,2,Interpolation,19029247.5
70,Population by age and sex - broad age groups,Population by age and sex - broad age groups,World Population Prospects,2024,United Nations Population Division,231,Ethiopia,ET,ETH,54,2003,4,Median,2,Female,26,15,null,15+,0,Not applicable,1,Model-based Estimates,2,Interpolation,19574114.5
70,Population by age and sex - broad age groups,Population by age and sex - broad age groups,World Population Prospects,2024,United Nations Population Division,231,Ethiopia,ET,ETH,55,2004,4,Median,1,Male,26,15,null,15+,0,Not applicable,1,Model-based Estimates,2,Interpolation,19679395.5
70,Population by age and sex - broad age groups,Population by age and sex - broad age groups,World Population Prospects,2024,United Nations Population Division,231,Ethiopia,ET,ETH,55,2004,4,Median,2,Female,26,15,null,15+,0,Not applicable,1,Model-based Estimates,2,Interpolation,20191546.5
70,Population by age and sex - broad age groups,Population by age and sex - broad age groups,World Population Prospects,2024,United Nations Population Division,231,Ethiopia,ET,ETH,56,2005,4,Median,1,Male,26,15,null,15+,0,Not applicable,1,Model-based Estimates,2,Interpolation,20354817.5
70,Population by age and sex - broad age groups,Population by age and sex - broad age groups,World Population Prospects,2024,United Nations Population Division,231,Ethiopia,ET,ETH,56,2005,4,Median,2,Female,26,15,null,15+,0,Not applicable,1,Model-based Estimates,2,Interpolation,20839470.5
70,Population by age and sex - broad age groups,Population by age and sex - broad age groups,World Population Prospects,2024,United Nations Population Division,231,Ethiopia,ET,ETH,57,2006,4,Median,1,Male,26,15,null,15+,0,Not applicable,1,Model-based Estimates,2,Interpolation,21064090.5
70,Population by age and sex - broad age groups,Population by age and sex - broad age groups,World Population Prospects,2024,United Nations Population Division,231,Ethiopia,ET,ETH,57,2006,4,Median,2,Female,26,15,null,15+,0,Not applicable,1,Model-based Estimates,2,Interpolation,21525234.5
70,Population by age and sex - broad age groups,Population by age and sex - broad age groups,World Population Prospects,2024,United Nations Population Division,231,Ethiopia,ET,ETH,58,2007,4,Median,1,Male,26,15,null,15+,0,Not applicable,1,Model-based Estimates,2,Interpolation,21822143.5
70,Population by age and sex - broad age groups,Population by age and sex - broad age groups,World Population Prospects,2024,United Nations Population Division,231,Ethiopia,ET,ETH,58,2007,4,Median,2,Female,26,15,null,15+,0,Not applicable,1,Model-based Estimates,2,Interpolation,22266074
70,Population by age and sex - broad age groups,Population by age and sex - broad age groups,World Population Prospects,2024,United Nations Population Division,231,Ethiopia,ET,ETH,59,2008,4,Median,1,Male,26,15,null,15+,0,Not applicable,1,Model-based Estimates,3,Projection,22622923
70,Population by age and sex - broad age groups,Population by age and sex - broad age groups,World Population Prospects,2024,United Nations Population Division,231,Ethiopia,ET,ETH,59,2008,4,Median,2,Female,26,15,null,15+,0,Not applicable,1,Model-based Estimates,3,Projection,23056162
70,Population by age and sex - broad age groups,Population by age and sex - broad age groups,World Population Prospects,2024,United Nations Population Division,231,Ethiopia,ET,ETH,60,2009,4,Median,1,Male,26,15,null,15+,0,Not applicable,1,Model-based Estimates,3,Projection,23465368.5
70,Population by age and sex - broad age groups,Population by age and sex - broad age groups,World Population Prospects,2024,United Nations Population Division,231,Ethiopia,ET,ETH,60,2009,4,Median,2,Female,26,15,null,15+,0,Not applicable,1,Model-based Estimates,3,Projection,23892053.5
70,Population by age and sex - broad age groups,Population by age and sex - broad age groups,World Population Prospects,2024,United Nations Population Division,231,Ethiopia,ET,ETH,61,2010,4,Median,1,Male,26,15,null,15+,0,Not applicable,1,Model-based Estimates,3,Projection,24365478
70,Population by age and sex - broad age groups,Population by age and sex - broad age groups,World Population Prospects,2024,United Nations Population Division,231,Ethiopia,ET,ETH,61,2010,4,Median,2,Female,26,15,null,15+,0,Not applicable,1,Model-based Estimates,3,Projection,24788061
70,Population by age and sex - broad age groups,Population by age and sex - broad age groups,World Population Prospects,2024,United Nations Population Division,231,Ethiopia,ET,ETH,62,2011,4,Median,1,Male,26,15,null,15+,0,Not applicable,1,Model-based Estimates,3,Projection,25323584.5
70,Population by age and sex - broad age groups,Population by age and sex - broad age groups,World Population Prospects,2024,United Nations Population Division,231,Ethiopia,ET,ETH,62,2011,4,Median,2,Female,26,15,null,15+,0,Not applicable,1,Model-based Estimates,3,Projection,25742823
70,Population by age and sex - broad age groups,Population by age and sex - broad age groups,World Population Prospects,2024,United Nations Population Division,231,Ethiopia,ET,ETH,63,2012,4,Median,1,Male,26,15,null,15+,0,Not applicable,1,Model-based Estimates,3,Projection,26324331
70,Population by age and sex - broad age groups,Population by age and sex - broad age groups,World Population Prospects,2024,United Nations Population Division,231,Ethiopia,ET,ETH,63,2012,4,Median,2,Female,26,15,null,15+,0,Not applicable,1,Model-based Estimates,3,Projection,26742170
70,Population by age and sex - broad age groups,Population by age and sex - broad age groups,World Population Prospects,2024,United Nations Population Division,231,Ethiopia,ET,ETH,64,2013,4,Median,1,Male,26,15,null,15+,0,Not applicable,1,Model-based Estimates,3,Projection,27343790
70,Population by age and sex - broad age groups,Population by age and sex - broad age groups,World Population Prospects,2024,United Nations Population Division,231,Ethiopia,ET,ETH,64,2013,4,Median,2,Female,26,15,null,15+,0,Not applicable,1,Model-based Estimates,3,Projection,27765379
70,Population by age and sex - broad age groups,Population by age and sex - broad age groups,World Population Prospects,2024,United Nations Population Division,231,Ethiopia,ET,ETH,65,2014,4,Median,1,Male,26,15,null,15+,0,Not applicable,1,Model-based Estimates,3,Projection,28387737
70,Population by age and sex - broad age groups,Population by age and sex - broad age groups,World Population Prospects,2024,United Nations Population Division,231,Ethiopia,ET,ETH,65,2014,4,Median,2,Female,26,15,null,15+,0,Not applicable,1,Model-based Estimates,3,Projection,28818559.5
70,Population by age and sex - broad age groups,Population by age and sex - broad age groups,World Population Prospects,2024,United Nations Population Division,231,Ethiopia,ET,ETH,66,2015,4,Median,1,Male,26,15,null,15+,0,Not applicable,1,Model-based Estimates,3,Projection,29456422
70,Population by age and sex - broad age groups,Population by age and sex - broad age groups,World Population Prospects,2024,United Nations Population Division,231,Ethiopia,ET,ETH,66,2015,4,Median,2,Female,26,15,null,15+,0,Not applicable,1,Model-based Estimates,3,Projection,29901770.5
70,Population by age and sex - broad age groups,Population by age and sex - broad age groups,World Population Prospects,2024,United Nations Population Division,231,Ethiopia,ET,ETH,67,2016,4,Median,1,Male,26,15,null,15+,0,Not applicable,1,Model-based Estimates,3,Projection,30555090
70,Population by age and sex - broad age groups,Population by age and sex - broad age groups,World Population Prospects,2024,United Nations Population Division,231,Ethiopia,ET,ETH,67,2016,4,Median,2,Female,26,15,null,15+,0,Not applicable,1,Model-based Estimates,3,Projection,31020513.5
70,Population by age and sex - broad age groups,Population by age and sex - broad age groups,World Population Prospects,2024,United Nations Population Division,231,Ethiopia,ET,ETH,68,2017,4,Median,1,Male,26,15,null,15+,0,Not applicable,1,Model-based Estimates,3,Projection,31684728.5
70,Population by age and sex - broad age groups,Population by age and sex - broad age groups,World Population Prospects,2024,United Nations Population Division,231,Ethiopia,ET,ETH,68,2017,4,Median,2,Female,26,15,null,15+,0,Not applicable,1,Model-based Estimates,3,Projection,32174436.5
70,Population by age and sex - broad age groups,Population by age and sex - broad age groups,World Population Prospects,2024,United Nations Population Division,231,Ethiopia,ET,ETH,69,2018,4,Median,1,Male,26,15,null,15+,0,Not applicable,1,Model-based Estimates,3,Projection,32814790
70,Population by age and sex - broad age groups,Population by age and sex - broad age groups,World Population Prospects,2024,United Nations Population Division,231,Ethiopia,ET,ETH,69,2018,4,Median,2,Female,26,15,null,15+,0,Not applicable,1,Model-based Estimates,3,Projection,33331061.5
70,Population by age and sex - broad age groups,Population by age and sex - broad age groups,World Population Prospects,2024,United Nations Population Division,231,Ethiopia,ET,ETH,70,2019,4,Median,1,Male,26,15,null,15+,0,Not applicable,1,Model-based Estimates,3,Projection,33951051
70,Population by age and sex - broad age groups,Population by age and sex - broad age groups,World Population Prospects,2024,United Nations Population Division,231,Ethiopia,ET,ETH,70,2019,4,Median,2,Female,26,15,null,15+,0,Not applicable,1,Model-based Estimates,3,Projection,34495163.5
70,Population by age and sex - broad age groups,Population by age and sex - broad age groups,World Population Prospects,2024,United Nations Population Division,231,Ethiopia,ET,ETH,71,2020,4,Median,1,Male,26,15,null,15+,0,Not applicable,1,Model-based Estimates,3,Projection,35119028.5
70,Population by age and sex - broad age groups,Population by age and sex - broad age groups,World Population Prospects,2024,United Nations Population Division,231,Ethiopia,ET,ETH,71,2020,4,Median,2,Female,26,15,null,15+,0,Not applicable,1,Model-based Estimates,3,Projection,35695546.5
70,Population by age and sex - broad age groups,Population by age and sex - broad age groups,World Population Prospects,2024,United Nations Population Division,231,Ethiopia,ET,ETH,72,2021,4,Median,1,Male,26,15,null,15+,0,Not applicable,1,Model-based Estimates,3,Projection,36294957.5
70,Population by age and sex - broad age groups,Population by age and sex - broad age groups,World Population Prospects,2024,United Nations Population Division,231,Ethiopia,ET,ETH,72,2021,4,Median,2,Female,26,15,null,15+,0,Not applicable,1,Model-based Estimates,3,Projection,36909057.5
70,Population by age and sex - broad age groups,Population by age and sex - broad age groups,World Population Prospects,2024,United Nations Population Division,231,Ethiopia,ET,ETH,73,2022,4,Median,1,Male,26,15,null,15+,0,Not applicable,1,Model-based Estimates,3,Projection,37473941
70,Population by age and sex - broad age groups,Population by age and sex - broad age groups,World Population Prospects,2024,United Nations Population Division,231,Ethiopia,ET,ETH,73,2022,4,Median,2,Female,26,15,null,15+,0,Not applicable,1,Model-based Estimates,3,Projection,38125507.5
70,Population by age and sex - broad age groups,Population by age and sex - broad age groups,World Population Prospects,2024,United Nations Population Division,231,Ethiopia,ET,ETH,74,2023,4,Median,1,Male,26,15,null,15+,0,Not applicable,1,Model-based Estimates,3,Projection,38671618.5
70,Population by age and sex - broad age groups,Population by age and sex - broad age groups,World Population Prospects,2024,United Nations Population Division,231,Ethiopia,ET,ETH,74,2023,4,Median,2,Female,26,15,null,15+,0,Not applicable,1,Model-based Estimates,3,Projection,39359769
70,Population by age and sex - broad age groups,Population by age and sex - broad age groups,World Population Prospects,2024,United Nations Population Division,232,Eritrea,ER,ERI,41,1990,4,Median,1,Male,26,15,null,15+,0,Not applicable,1,Model-based Estimates,2,Interpolation,541782.5
70,Population by age and sex - broad age groups,Population by age and sex - broad age groups,World Population Prospects,2024,United Nations Population Division,232,Eritrea,ER,ERI,41,1990,4,Median,2,Female,26,15,null,15+,0,Not applicable,1,Model-based Estimates,2,Interpolation,585461
70,Population by age and sex - broad age groups,Population by age and sex - broad age groups,World Population Prospects,2024,United Nations Population Division,232,Eritrea,ER,ERI,42,1991,4,Median,1,Male,26,15,null,15+,0,Not applicable,1,Model-based Estimates,2,Interpolation,510991
70,Population by age and sex - broad age groups,Population by age and sex - broad age groups,World Population Prospects,2024,United Nations Population Division,232,Eritrea,ER,ERI,42,1991,4,Median,2,Female,26,15,null,15+,0,Not applicable,1,Model-based Estimates,2,Interpolation,552179.5
70,Population by age and sex - broad age groups,Population by age and sex - broad age groups,World Population Prospects,2024,United Nations Population Division,232,Eritrea,ER,ERI,43,1992,4,Median,1,Male,26,15,null,15+,0,Not applicable,1,Model-based Estimates,2,Interpolation,477866
70,Population by age and sex - broad age groups,Population by age and sex - broad age groups,World Population Prospects,2024,United Nations Population Division,232,Eritrea,ER,ERI,43,1992,4,Median,2,Female,26,15,null,15+,0,Not applicable,1,Model-based Estimates,2,Interpolation,516096.5
70,Population by age and sex - broad age groups,Population by age and sex - broad age groups,World Population Prospects,2024,United Nations Population Division,232,Eritrea,ER,ERI,44,1993,4,Median,1,Male,26,15,null,15+,0,Not applicable,1,Model-based Estimates,2,Interpolation,495559
70,Population by age and sex - broad age groups,Population by age and sex - broad age groups,World Population Prospects,2024,United Nations Population Division,232,Eritrea,ER,ERI,44,1993,4,Median,2,Female,26,15,null,15+,0,Not applicable,1,Model-based Estimates,2,Interpolation,533827.5
70,Population by age and sex - broad age groups,Population by age and sex - broad age groups,World Population Prospects,2024,United Nations Population Division,232,Eritrea,ER,ERI,45,1994,4,Median,1,Male,26,15,null,15+,0,Not applicable,1,Model-based Estimates,2,Interpolation,512900.5
70,Population by age and sex - broad age groups,Population by age and sex - broad age groups,World Population Prospects,2024,United Nations Population Division,232,Eritrea,ER,ERI,45,1994,4,Median,2,Female,26,15,null,15+,0,Not applicable,1,Model-based Estimates,2,Interpolation,551187.5
70,Population by age and sex - broad age groups,Population by age and sex - broad age groups,World Population Prospects,2024,United Nations Population Division,232,Eritrea,ER,ERI,46,1995,4,Median,1,Male,26,15,null,15+,0,Not applicable,1,Model-based Estimates,2,Interpolation,553478.5
70,Population by age and sex - broad age groups,Population by age and sex - broad age groups,World Population Prospects,2024,United Nations Population Division,232,Eritrea,ER,ERI,46,1995,4,Median,2,Female,26,15,null,15+,0,Not applicable,1,Model-based Estimates,2,Interpolation,591678
70,Population by age and sex - broad age groups,Population by age and sex - broad age groups,World Population Prospects,2024,United Nations Population Division,232,Eritrea,ER,ERI,47,1996,4,Median,1,Male,26,15,null,15+,0,Not applicable,1,Model-based Estimates,2,Interpolation,588374
70,Population by age and sex - broad age groups,Population by age and sex - broad age groups,World Population Prospects,2024,United Nations Population Division,232,Eritrea,ER,ERI,47,1996,4,Median,2,Female,26,15,null,15+,0,Not applicable,1,Model-based Estimates,2,Interpolation,626590
70,Population by age and sex - broad age groups,Population by age and sex - broad age groups,World Population Prospects,2024,United Nations Population Division,232,Eritrea,ER,ERI,48,1997,4,Median,1,Male,26,15,null,15+,0,Not applicable,1,Model-based Estimates,2,Interpolation,586081
70,Population by age and sex - broad age groups,Population by age and sex - broad age groups,World Population Prospects,2024,United Nations Population Division,232,Eritrea,ER,ERI,48,1997,4,Median,2,Female,26,15,null,15+,0,Not applicable,1,Model-based Estimates,2,Interpolation,624542
70,Population by age and sex - broad age groups,Population by age and sex - broad age groups,World Population Prospects,2024,United Nations Population Division,232,Eritrea,ER,ERI,49,1998,4,Median,1,Male,26,15,null,15+,0,Not applicable,1,Model-based Estimates,2,Interpolation,584773
70,Population by age and sex - broad age groups,Population by age and sex - broad age groups,World Population Prospects,2024,United Nations Population Division,232,Eritrea,ER,ERI,49,1998,4,Median,2,Female,26,15,null,15+,0,Not applicable,1,Model-based Estimates,2,Interpolation,626814.5
70,Population by age and sex - broad age groups,Population by age and sex - broad age groups,World Population Prospects,2024,United Nations Population Division,232,Eritrea,ER,ERI,50,1999,4,Median,1,Male,26,15,null,15+,0,Not applicable,1,Model-based Estimates,2,Interpolation,583727
70,Population by age and sex - broad age groups,Population by age and sex - broad age groups,World Population Prospects,2024,United Nations Population Division,232,Eritrea,ER,ERI,50,1999,4,Median,2,Female,26,15,null,15+,0,Not applicable,1,Model-based Estimates,2,Interpolation,634888.5
70,Population by age and sex - broad age groups,Population by age and sex - broad age groups,World Population Prospects,2024,United Nations Population Division,232,Eritrea,ER,ERI,51,2000,4,Median,1,Male,26,15,null,15+,0,Not applicable,1,Model-based Estimates,2,Interpolation,586687.5
70,Population by age and sex - broad age groups,Population by age and sex - broad age groups,World Population Prospects,2024,United Nations Population Division,232,Eritrea,ER,ERI,51,2000,4,Median,2,Female,26,15,null,15+,0,Not applicable,1,Model-based Estimates,2,Interpolation,643851.5
70,Population by age and sex - broad age groups,Population by age and sex - broad age groups,World Population Prospects,2024,United Nations Population Division,232,Eritrea,ER,ERI,52,2001,4,Median,1,Male,26,15,null,15+,0,Not applicable,1,Model-based Estimates,2,Interpolation,607460
70,Population by age and sex - broad age groups,Population by age and sex - broad age groups,World Population Prospects,2024,United Nations Population Division,232,Eritrea,ER,ERI,52,2001,4,Median,2,Female,26,15,null,15+,0,Not applicable,1,Model-based Estimates,2,Interpolation,665009.5
70,Population by age and sex - broad age groups,Population by age and sex - broad age groups,World Population Prospects,2024,United Nations Population Division,232,Eritrea,ER,ERI,53,2002,4,Median,1,Male,26,15,null,15+,0,Not applicable,1,Model-based Estimates,2,Interpolation,636041
70,Population by age and sex - broad age groups,Population by age and sex - broad age groups,World Population Prospects,2024,United Nations Population Division,232,Eritrea,ER,ERI,53,2002,4,Median,2,Female,26,15,null,15+,0,Not applicable,1,Model-based Estimates,2,Interpolation,693692
70,Population by age and sex - broad age groups,Population by age and sex - broad age groups,World Population Prospects,2024,United Nations Population Division,232,Eritrea,ER,ERI,54,2003,4,Median,1,Male,26,15,null,15+,0,Not applicable,1,Model-based Estimates,2,Interpolation,673435
70,Population by age and sex - broad age groups,Population by age and sex - broad age groups,World Population Prospects,2024,United Nations Population Division,232,Eritrea,ER,ERI,54,2003,4,Median,2,Female,26,15,null,15+,0,Not applicable,1,Model-based Estimates,2,Interpolation,731191
70,Population by age and sex - broad age groups,Population by age and sex - broad age groups,World Population Prospects,2024,United Nations Population Division,232,Eritrea,ER,ERI,55,2004,4,Median,1,Male,26,15,null,15+,0,Not applicable,1,Model-based Estimates,2,Interpolation,711474.5
70,Population by age and sex - broad age groups,Population by age and sex - broad age groups,World Population Prospects,2024,United Nations Population Division,232,Eritrea,ER,ERI,55,2004,4,Median,2,Female,26,15,null,15+,0,Not applicable,1,Model-based Estimates,2,Interpolation,769400
70,Population by age and sex - broad age groups,Population by age and sex - broad age groups,World Population Prospects,2024,United Nations Population Division,232,Eritrea,ER,ERI,56,2005,4,Median,1,Male,26,15,null,15+,0,Not applicable,1,Model-based Estimates,2,Interpolation,730099.5
70,Population by age and sex - broad age groups,Population by age and sex - broad age groups,World Population Prospects,2024,United Nations Population Division,232,Eritrea,ER,ERI,56,2005,4,Median,2,Female,26,15,null,15+,0,Not applicable,1,Model-based Estimates,2,Interpolation,788295.5
70,Population by age and sex - broad age groups,Population by age and sex - broad age groups,World Population Prospects,2024,United Nations Population Division,232,Eritrea,ER,ERI,57,2006,4,Median,1,Male,26,15,null,15+,0,Not applicable,1,Model-based Estimates,2,Interpolation,739498.5
70,Population by age and sex - broad age groups,Population by age and sex - broad age groups,World Population Prospects,2024,United Nations Population Division,232,Eritrea,ER,ERI,57,2006,4,Median,2,Female,26,15,null,15+,0,Not applicable,1,Model-based Estimates,2,Interpolation,797913
70,Population by age and sex - broad age groups,Population by age and sex - broad age groups,World Population Prospects,2024,United Nations Population Division,232,Eritrea,ER,ERI,58,2007,4,Median,1,Male,26,15,null,15+,0,Not applicable,1,Model-based Estimates,2,Interpolation,748434
70,Population by age and sex - broad age groups,Population by age and sex - broad age groups,World Population Prospects,2024,United Nations Population Division,232,Eritrea,ER,ERI,58,2007,4,Median,2,Female,26,15,null,15+,0,Not applicable,1,Model-based Estimates,2,Interpolation,806973.5
70,Population by age and sex - broad age groups,Population by age and sex - broad age groups,World Population Prospects,2024,United Nations Population Division,232,Eritrea,ER,ERI,59,2008,4,Median,1,Male,26,15,null,15+,0,Not applicable,1,Model-based Estimates,2,Interpolation,773060.5
70,Population by age and sex - broad age groups,Population by age and sex - broad age groups,World Population Prospects,2024,United Nations Population Division,232,Eritrea,ER,ERI,59,2008,4,Median,2,Female,26,15,null,15+,0,Not applicable,1,Model-based Estimates,2,Interpolation,831676
70,Population by age and sex - broad age groups,Population by age and sex - broad age groups,World Population Prospects,2024,United Nations Population Division,232,Eritrea,ER,ERI,60,2009,4,Median,1,Male,26,15,null,15+,0,Not applicable,1,Model-based Estimates,2,Interpolation,797564.5
70,Population by age and sex - broad age groups,Population by age and sex - broad age groups,World Population Prospects,2024,United Nations Population Division,232,Eritrea,ER,ERI,60,2009,4,Median,2,Female,26,15,null,15+,0,Not applicable,1,Model-based Estimates,2,Interpolation,856283
70,Population by age and sex - broad age groups,Population by age and sex - broad age groups,World Population Prospects,2024,United Nations Population Division,232,Eritrea,ER,ERI,61,2010,4,Median,1,Male,26,15,null,15+,0,Not applicable,1,Model-based Estimates,2,Interpolation,816280
70,Population by age and sex - broad age groups,Population by age and sex - broad age groups,World Population Prospects,2024,United Nations Population Division,232,Eritrea,ER,ERI,61,2010,4,Median,2,Female,26,15,null,15+,0,Not applicable,1,Model-based Estimates,2,Interpolation,875123
70,Population by age and sex - broad age groups,Population by age and sex - broad age groups,World Population Prospects,2024,United Nations Population Division,232,Eritrea,ER,ERI,62,2011,4,Median,1,Male,26,15,null,15+,0,Not applicable,1,Model-based Estimates,2,Interpolation,835340.5
70,Population by age and sex - broad age groups,Population by age and sex - broad age groups,World Population Prospects,2024,United Nations Population Division,232,Eritrea,ER,ERI,62,2011,4,Median,2,Female,26,15,null,15+,0,Not applicable,1,Model-based Estimates,2,Interpolation,894290.5
70,Population by age and sex - broad age groups,Population by age and sex - broad age groups,World Population Prospects,2024,United Nations Population Division,232,Eritrea,ER,ERI,63,2012,4,Median,1,Male,26,15,null,15+,0,Not applicable,1,Model-based Estimates,2,Interpolation,849467.5
70,Population by age and sex - broad age groups,Population by age and sex - broad age groups,World Population Prospects,2024,United Nations Population Division,232,Eritrea,ER,ERI,63,2012,4,Median,2,Female,26,15,null,15+,0,Not applicable,1,Model-based Estimates,2,Interpolation,908491.5
70,Population by age and sex - broad age groups,Population by age and sex - broad age groups,World Population Prospects,2024,United Nations Population Division,232,Eritrea,ER,ERI,64,2013,4,Median,1,Male,26,15,null,15+,0,Not applicable,1,Model-based Estimates,2,Interpolation,862592
70,Population by age and sex - broad age groups,Population by age and sex - broad age groups,World Population Prospects,2024,United Nations Population Division,232,Eritrea,ER,ERI,64,2013,4,Median,2,Female,26,15,null,15+,0,Not applicable,1,Model-based Estimates,2,Interpolation,921705.5
70,Population by age and sex - broad age groups,Population by age and sex - broad age groups,World Population Prospects,2024,United Nations Population Division,232,Eritrea,ER,ERI,65,2014,4,Median,1,Male,26,15,null,15+,0,Not applicable,1,Model-based Estimates,2,Interpolation,868055.5
70,Population by age and sex - broad age groups,Population by age and sex - broad age groups,World Population Prospects,2024,United Nations Population Division,232,Eritrea,ER,ERI,65,2014,4,Median,2,Female,26,15,null,15+,0,Not applicable,1,Model-based Estimates,2,Interpolation,927276.5
70,Population by age and sex - broad age groups,Population by age and sex - broad age groups,World Population Prospects,2024,United Nations Population Division,232,Eritrea,ER,ERI,66,2015,4,Median,1,Male,26,15,null,15+,0,Not applicable,1,Model-based Estimates,2,Interpolation,869337
70,Population by age and sex - broad age groups,Population by age and sex - broad age groups,World Population Prospects,2024,United Nations Population Division,232,Eritrea,ER,ERI,66,2015,4,Median,2,Female,26,15,null,15+,0,Not applicable,1,Model-based Estimates,2,Interpolation,928612
70,Population by age and sex - broad age groups,Population by age and sex - broad age groups,World Population Prospects,2024,United Nations Population Division,232,Eritrea,ER,ERI,67,2016,4,Median,1,Male,26,15,null,15+,0,Not applicable,1,Model-based Estimates,2,Interpolation,875286.5
70,Population by age and sex - broad age groups,Population by age and sex - broad age groups,World Population Prospects,2024,United Nations Population Division,232,Eritrea,ER,ERI,67,2016,4,Median,2,Female,26,15,null,15+,0,Not applicable,1,Model-based Estimates,2,Interpolation,934577
70,Population by age and sex - broad age groups,Population by age and sex - broad age groups,World Population Prospects,2024,United Nations Population Division,232,Eritrea,ER,ERI,68,2017,4,Median,1,Male,26,15,null,15+,0,Not applicable,1,Model-based Estimates,2,Interpolation,885339
70,Population by age and sex - broad age groups,Population by age and sex - broad age groups,World Population Prospects,2024,United Nations Population Division,232,Eritrea,ER,ERI,68,2017,4,Median,2,Female,26,15,null,15+,0,Not applicable,1,Model-based Estimates,2,Interpolation,944610
70,Population by age and sex - broad age groups,Population by age and sex - broad age groups,World Population Prospects,2024,United Nations Population Division,232,Eritrea,ER,ERI,69,2018,4,Median,1,Male,26,15,null,15+,0,Not applicable,1,Model-based Estimates,2,Interpolation,904190
70,Population by age and sex - broad age groups,Population by age and sex - broad age groups,World Population Prospects,2024,United Nations Population Division,232,Eritrea,ER,ERI,69,2018,4,Median,2,Female,26,15,null,15+,0,Not applicable,1,Model-based Estimates,2,Interpolation,963377
70,Population by age and sex - broad age groups,Population by age and sex - broad age groups,World Population Prospects,2024,United Nations Population Division,232,Eritrea,ER,ERI,70,2019,4,Median,1,Male,26,15,null,15+,0,Not applicable,1,Model-based Estimates,2,Interpolation,926467
70,Population by age and sex - broad age groups,Population by age and sex - broad age groups,World Population Prospects,2024,United Nations Population Division,232,Eritrea,ER,ERI,70,2019,4,Median,2,Female,26,15,null,15+,0,Not applicable,1,Model-based Estimates,2,Interpolation,985534.5
70,Population by age and sex - broad age groups,Population by age and sex - broad age groups,World Population Prospects,2024,United Nations Population Division,232,Eritrea,ER,ERI,71,2020,4,Median,1,Male,26,15,null,15+,0,Not applicable,1,Model-based Estimates,2,Interpolation,951220
70,Population by age and sex - broad age groups,Population by age and sex - broad age groups,World Population Prospects,2024,United Nations Population Division,232,Eritrea,ER,ERI,71,2020,4,Median,2,Female,26,15,null,15+,0,Not applicable,1,Model-based Estimates,2,Interpolation,1010288
70,Population by age and sex - broad age groups,Population by age and sex - broad age groups,World Population Prospects,2024,United Nations Population Division,232,Eritrea,ER,ERI,72,2021,4,Median,1,Male,26,15,null,15+,0,Not applicable,1,Model-based Estimates,2,Interpolation,979350
70,Population by age and sex - broad age groups,Population by age and sex - broad age groups,World Population Prospects,2024,United Nations Population Division,232,Eritrea,ER,ERI,72,2021,4,Median,2,Female,26,15,null,15+,0,Not applicable,1,Model-based Estimates,2,Interpolation,1038336
70,Population by age and sex - broad age groups,Population by age and sex - broad age groups,World Population Prospects,2024,United Nations Population Division,232,Eritrea,ER,ERI,73,2022,4,Median,1,Male,26,15,null,15+,0,Not applicable,1,Model-based Estimates,2,Interpolation,1007095
70,Population by age and sex - broad age groups,Population by age and sex - broad age groups,World Population Prospects,2024,United Nations Population Division,232,Eritrea,ER,ERI,73,2022,4,Median,2,Female,26,15,null,15+,0,Not applicable,1,Model-based Estimates,2,Interpolation,1065813
70,Population by age and sex - broad age groups,Population by age and sex - broad age groups,World Population Prospects,2024,United Nations Population Division,232,Eritrea,ER,ERI,74,2023,4,Median,1,Male,26,15,null,15+,0,Not applicable,1,Model-based Estimates,2,Interpolation,1034821.5
70,Population by age and sex - broad age groups,Population by age and sex - broad age groups,World Population Prospects,2024,United Nations Population Division,232,Eritrea,ER,ERI,74,2023,4,Median,2,Female,26,15,null,15+,0,Not applicable,1,Model-based Estimates,2,Interpolation,1093310.5
70,Population by age and sex - broad age groups,Population by age and sex - broad age groups,World Population Prospects,2024,United Nations Population Division,262,Djibouti,DJ,DJI,41,1990,4,Median,1,Male,26,15,null,15+,0,Not applicable,1,Model-based Estimates,2,Interpolation,159957
70,Population by age and sex - broad age groups,Population by age and sex - broad age groups,World Population Prospects,2024,United Nations Population Division,262,Djibouti,DJ,DJI,41,1990,4,Median,2,Female,26,15,null,15+,0,Not applicable,1,Model-based Estimates,2,Interpolation,166069
70,Population by age and sex - broad age groups,Population by age and sex - broad age groups,World Population Prospects,2024,United Nations Population Division,262,Djibouti,DJ,DJI,42,1991,4,Median,1,Male,26,15,null,15+,0,Not applicable,1,Model-based Estimates,2,Interpolation,174825.5
70,Population by age and sex - broad age groups,Population by age and sex - broad age groups,World Population Prospects,2024,United Nations Population Division,262,Djibouti,DJ,DJI,42,1991,4,Median,2,Female,26,15,null,15+,0,Not applicable,1,Model-based Estimates,2,Interpolation,181510.5
70,Population by age and sex - broad age groups,Population by age and sex - broad age groups,World Population Prospects,2024,United Nations Population Division,262,Djibouti,DJ,DJI,43,1992,4,Median,1,Male,26,15,null,15+,0,Not applicable,1,Model-based Estimates,2,Interpolation,173968
70,Population by age and sex - broad age groups,Population by age and sex - broad age groups,World Population Prospects,2024,United Nations Population Division,262,Djibouti,DJ,DJI,43,1992,4,Median,2,Female,26,15,null,15+,0,Not applicable,1,Model-based Estimates,2,Interpolation,180841
70,Population by age and sex - broad age groups,Population by age and sex - broad age groups,World Population Prospects,2024,United Nations Population Division,262,Djibouti,DJ,DJI,44,1993,4,Median,1,Male,26,15,null,15+,0,Not applicable,1,Model-based Estimates,2,Interpolation,171369.5
70,Population by age and sex - broad age groups,Population by age and sex - broad age groups,World Population Prospects,2024,United Nations Population Division,262,Djibouti,DJ,DJI,44,1993,4,Median,2,Female,26,15,null,15+,0,Not applicable,1,Model-based Estimates,2,Interpolation,178277
70,Population by age and sex - broad age groups,Population by age and sex - broad age groups,World Population Prospects,2024,United Nations Population Division,262,Djibouti,DJ,DJI,45,1994,4,Median,1,Male,26,15,null,15+,0,Not applicable,1,Model-based Estimates,2,Interpolation,175685.5
70,Population by age and sex - broad age groups,Population by age and sex - broad age groups,World Population Prospects,2024,United Nations Population Division,262,Djibouti,DJ,DJI,45,1994,4,Median,2,Female,26,15,null,15+,0,Not applicable,1,Model-based Estimates,2,Interpolation,182658
70,Population by age and sex - broad age groups,Population by age and sex - broad age groups,World Population Prospects,2024,United Nations Population Division,262,Djibouti,DJ,DJI,46,1995,4,Median,1,Male,26,15,null,15+,0,Not applicable,1,Model-based Estimates,2,Interpolation,178411.5
70,Population by age and sex - broad age groups,Population by age and sex - broad age groups,World Population Prospects,2024,United Nations Population Division,262,Djibouti,DJ,DJI,46,1995,4,Median,2,Female,26,15,null,15+,0,Not applicable,1,Model-based Estimates,2,Interpolation,185360.5
70,Population by age and sex - broad age groups,Population by age and sex - broad age groups,World Population Prospects,2024,United Nations Population Division,262,Djibouti,DJ,DJI,47,1996,4,Median,1,Male,26,15,null,15+,0,Not applicable,1,Model-based Estimates,2,Interpolation,183973
70,Population by age and sex - broad age groups,Population by age and sex - broad age groups,World Population Prospects,2024,United Nations Population Division,262,Djibouti,DJ,DJI,47,1996,4,Median,2,Female,26,15,null,15+,0,Not applicable,1,Model-based Estimates,2,Interpolation,190953.5
70,Population by age and sex - broad age groups,Population by age and sex - broad age groups,World Population Prospects,2024,United Nations Population Division,262,Djibouti,DJ,DJI,48,1997,4,Median,1,Male,26,15,null,15+,0,Not applicable,1,Model-based Estimates,2,Interpolation,193076
70,Population by age and sex - broad age groups,Population by age and sex - broad age groups,World Population Prospects,2024,United Nations Population Division,262,Djibouti,DJ,DJI,48,1997,4,Median,2,Female,26,15,null,15+,0,Not applicable,1,Model-based Estimates,2,Interpolation,200104
70,Population by age and sex - broad age groups,Population by age and sex - broad age groups,World Population Prospects,2024,United Nations Population Division,262,Djibouti,DJ,DJI,49,1998,4,Median,1,Male,26,15,null,15+,0,Not applicable,1,Model-based Estimates,2,Interpolation,203995
70,Population by age and sex - broad age groups,Population by age and sex - broad age groups,World Population Prospects,2024,United Nations Population Division,262,Djibouti,DJ,DJI,49,1998,4,Median,2,Female,26,15,null,15+,0,Not applicable,1,Model-based Estimates,2,Interpolation,211075.5
70,Population by age and sex - broad age groups,Population by age and sex - broad age groups,World Population Prospects,2024,United Nations Population Division,262,Djibouti,DJ,DJI,50,1999,4,Median,1,Male,26,15,null,15+,0,Not applicable,1,Model-based Estimates,2,Interpolation,213577
70,Population by age and sex - broad age groups,Population by age and sex - broad age groups,World Population Prospects,2024,United Nations Population Division,262,Djibouti,DJ,DJI,50,1999,4,Median,2,Female,26,15,null,15+,0,Not applicable,1,Model-based Estimates,2,Interpolation,220710.5
70,Population by age and sex - broad age groups,Population by age and sex - broad age groups,World Population Prospects,2024,United Nations Population Division,262,Djibouti,DJ,DJI,51,2000,4,Median,1,Male,26,15,null,15+,0,Not applicable,1,Model-based Estimates,2,Interpolation,222221.5
70,Population by age and sex - broad age groups,Population by age and sex - broad age groups,World Population Prospects,2024,United Nations Population Division,262,Djibouti,DJ,DJI,51,2000,4,Median,2,Female,26,15,null,15+,0,Not applicable,1,Model-based Estimates,2,Interpolation,229404
70,Population by age and sex - broad age groups,Population by age and sex - broad age groups,World Population Prospects,2024,United Nations Population Division,262,Djibouti,DJ,DJI,52,2001,4,Median,1,Male,26,15,null,15+,0,Not applicable,1,Model-based Estimates,2,Interpolation,231137.5
70,Population by age and sex - broad age groups,Population by age and sex - broad age groups,World Population Prospects,2024,United Nations Population Division,262,Djibouti,DJ,DJI,52,2001,4,Median,2,Female,26,15,null,15+,0,Not applicable,1,Model-based Estimates,2,Interpolation,238373
70,Population by age and sex - broad age groups,Population by age and sex - broad age groups,World Population Prospects,2024,United Nations Population Division,262,Djibouti,DJ,DJI,53,2002,4,Median,1,Male,26,15,null,15+,0,Not applicable,1,Model-based Estimates,2,Interpolation,240062.5
70,Population by age and sex - broad age groups,Population by age and sex - broad age groups,World Population Prospects,2024,United Nations Population Division,262,Djibouti,DJ,DJI,53,2002,4,Median,2,Female,26,15,null,15+,0,Not applicable,1,Model-based Estimates,2,Interpolation,247386
70,Population by age and sex - broad age groups,Population by age and sex - broad age groups,World Population Prospects,2024,United Nations Population Division,262,Djibouti,DJ,DJI,54,2003,4,Median,1,Male,26,15,null,15+,0,Not applicable,1,Model-based Estimates,2,Interpolation,246148.5
70,Population by age and sex - broad age groups,Population by age and sex - broad age groups,World Population Prospects,2024,United Nations Population Division,262,Djibouti,DJ,DJI,54,2003,4,Median,2,Female,26,15,null,15+,0,Not applicable,1,Model-based Estimates,2,Interpolation,253599
70,Population by age and sex - broad age groups,Population by age and sex - broad age groups,World Population Prospects,2024,United Nations Population Division,262,Djibouti,DJ,DJI,55,2004,4,Median,1,Male,26,15,null,15+,0,Not applicable,1,Model-based Estimates,2,Interpolation,250028
70,Population by age and sex - broad age groups,Population by age and sex - broad age groups,World Population Prospects,2024,United Nations Population Division,262,Djibouti,DJ,DJI,55,2004,4,Median,2,Female,26,15,null,15+,0,Not applicable,1,Model-based Estimates,2,Interpolation,257656.5
70,Population by age and sex - broad age groups,Population by age and sex - broad age groups,World Population Prospects,2024,United Nations Population Division,262,Djibouti,DJ,DJI,56,2005,4,Median,1,Male,26,15,null,15+,0,Not applicable,1,Model-based Estimates,2,Interpolation,254425.5
70,Population by age and sex - broad age groups,Population by age and sex - broad age groups,World Population Prospects,2024,United Nations Population Division,262,Djibouti,DJ,DJI,56,2005,4,Median,2,Female,26,15,null,15+,0,Not applicable,1,Model-based Estimates,2,Interpolation,262280
70,Population by age and sex - broad age groups,Population by age and sex - broad age groups,World Population Prospects,2024,United Nations Population Division,262,Djibouti,DJ,DJI,57,2006,4,Median,1,Male,26,15,null,15+,0,Not applicable,1,Model-based Estimates,2,Interpolation,260738
70,Population by age and sex - broad age groups,Population by age and sex - broad age groups,World Population Prospects,2024,United Nations Population Division,262,Djibouti,DJ,DJI,57,2006,4,Median,2,Female,26,15,null,15+,0,Not applicable,1,Model-based Estimates,2,Interpolation,268832.5
70,Population by age and sex - broad age groups,Population by age and sex - broad age groups,World Population Prospects,2024,United Nations Population Division,262,Djibouti,DJ,DJI,58,2007,4,Median,1,Male,26,15,null,15+,0,Not applicable,1,Model-based Estimates,2,Interpolation,268287.5
70,Population by age and sex - broad age groups,Population by age and sex - broad age groups,World Population Prospects,2024,United Nations Population Division,262,Djibouti,DJ,DJI,58,2007,4,Median,2,Female,26,15,null,15+,0,Not applicable,1,Model-based Estimates,2,Interpolation,276638
70,Population by age and sex - broad age groups,Population by age and sex - broad age groups,World Population Prospects,2024,United Nations Population Division,262,Djibouti,DJ,DJI,59,2008,4,Median,1,Male,26,15,null,15+,0,Not applicable,1,Model-based Estimates,2,Interpolation,275826
70,Population by age and sex - broad age groups,Population by age and sex - broad age groups,World Population Prospects,2024,United Nations Population Division,262,Djibouti,DJ,DJI,59,2008,4,Median,2,Female,26,15,null,15+,0,Not applicable,1,Model-based Estimates,2,Interpolation,284450
70,Population by age and sex - broad age groups,Population by age and sex - broad age groups,World Population Prospects,2024,United Nations Population Division,262,Djibouti,DJ,DJI,60,2009,4,Median,1,Male,26,15,null,15+,0,Not applicable,1,Model-based Estimates,2,Interpolation,283643
70,Population by age and sex - broad age groups,Population by age and sex - broad age groups,World Population Prospects,2024,United Nations Population Division,262,Djibouti,DJ,DJI,60,2009,4,Median,2,Female,26,15,null,15+,0,Not applicable,1,Model-based Estimates,2,Interpolation,292541
70,Population by age and sex - broad age groups,Population by age and sex - broad age groups,World Population Prospects,2024,United Nations Population Division,262,Djibouti,DJ,DJI,61,2010,4,Median,1,Male,26,15,null,15+,0,Not applicable,1,Model-based Estimates,3,Projection,291402
70,Population by age and sex - broad age groups,Population by age and sex - broad age groups,World Population Prospects,2024,United Nations Population Division,262,Djibouti,DJ,DJI,61,2010,4,Median,2,Female,26,15,null,15+,0,Not applicable,1,Model-based Estimates,3,Projection,300569.5
70,Population by age and sex - broad age groups,Population by age and sex - broad age groups,World Population Prospects,2024,United Nations Population Division,262,Djibouti,DJ,DJI,62,2011,4,Median,1,Male,26,15,null,15+,0,Not applicable,1,Model-based Estimates,3,Projection,299099
70,Population by age and sex - broad age groups,Population by age and sex - broad age groups,World Population Prospects,2024,United Nations Population Division,262,Djibouti,DJ,DJI,62,2011,4,Median,2,Female,26,15,null,15+,0,Not applicable,1,Model-based Estimates,3,Projection,308538.5
70,Population by age and sex - broad age groups,Population by age and sex - broad age groups,World Population Prospects,2024,United Nations Population Division,262,Djibouti,DJ,DJI,63,2012,4,Median,1,Male,26,15,null,15+,0,Not applicable,1,Model-based Estimates,3,Projection,306829
70,Population by age and sex - broad age groups,Population by age and sex - broad age groups,World Population Prospects,2024,United Nations Population Division,262,Djibouti,DJ,DJI,63,2012,4,Median,2,Female,26,15,null,15+,0,Not applicable,1,Model-based Estimates,3,Projection,316551.5
70,Population by age and sex - broad age groups,Population by age and sex - broad age groups,World Population Prospects,2024,United Nations Population Division,262,Djibouti,DJ,DJI,64,2013,4,Median,1,Male,26,15,null,15+,0,Not applicable,1,Model-based Estimates,3,Projection,314703
70,Population by age and sex - broad age groups,Population by age and sex - broad age groups,World Population Prospects,2024,United Nations Population Division,262,Djibouti,DJ,DJI,64,2013,4,Median,2,Female,26,15,null,15+,0,Not applicable,1,Model-based Estimates,3,Projection,324724.5
70,Population by age and sex - broad age groups,Population by age and sex - broad age groups,World Population Prospects,2024,United Nations Population Division,262,Djibouti,DJ,DJI,65,2014,4,Median,1,Male,26,15,null,15+,0,Not applicable,1,Model-based Estimates,3,Projection,322827
70,Population by age and sex - broad age groups,Population by age and sex - broad age groups,World Population Prospects,2024,United Nations Population Division,262,Djibouti,DJ,DJI,65,2014,4,Median,2,Female,26,15,null,15+,0,Not applicable,1,Model-based Estimates,3,Projection,333174
70,Population by age and sex - broad age groups,Population by age and sex - broad age groups,World Population Prospects,2024,United Nations Population Division,262,Djibouti,DJ,DJI,66,2015,4,Median,1,Male,26,15,null,15+,0,Not applicable,1,Model-based Estimates,3,Projection,331184
70,Population by age and sex - broad age groups,Population by age and sex - broad age groups,World Population Prospects,2024,United Nations Population Division,262,Djibouti,DJ,DJI,66,2015,4,Median,2,Female,26,15,null,15+,0,Not applicable,1,Model-based Estimates,3,Projection,341879
70,Population by age and sex - broad age groups,Population by age and sex - broad age groups,World Population Prospects,2024,United Nations Population Division,262,Djibouti,DJ,DJI,67,2016,4,Median,1,Male,26,15,null,15+,0,Not applicable,1,Model-based Estimates,3,Projection,339786.5
70,Population by age and sex - broad age groups,Population by age and sex - broad age groups,World Population Prospects,2024,United Nations Population Division,262,Djibouti,DJ,DJI,67,2016,4,Median,2,Female,26,15,null,15+,0,Not applicable,1,Model-based Estimates,3,Projection,350824
70,Population by age and sex - broad age groups,Population by age and sex - broad age groups,World Population Prospects,2024,United Nations Population Division,262,Djibouti,DJ,DJI,68,2017,4,Median,1,Male,26,15,null,15+,0,Not applicable,1,Model-based Estimates,3,Projection,348613.5
70,Population by age and sex - broad age groups,Population by age and sex - broad age groups,World Population Prospects,2024,United Nations Population Division,262,Djibouti,DJ,DJI,68,2017,4,Median,2,Female,26,15,null,15+,0,Not applicable,1,Model-based Estimates,3,Projection,359988
70,Population by age and sex - broad age groups,Population by age and sex - broad age groups,World Population Prospects,2024,United Nations Population Division,262,Djibouti,DJ,DJI,69,2018,4,Median,1,Male,26,15,null,15+,0,Not applicable,1,Model-based Estimates,3,Projection,357565.5
70,Population by age and sex - broad age groups,Population by age and sex - broad age groups,World Population Prospects,2024,United Nations Population Division,262,Djibouti,DJ,DJI,69,2018,4,Median,2,Female,26,15,null,15+,0,Not applicable,1,Model-based Estimates,3,Projection,369280.5
70,Population by age and sex - broad age groups,Population by age and sex - broad age groups,World Population Prospects,2024,United Nations Population Division,262,Djibouti,DJ,DJI,70,2019,4,Median,1,Male,26,15,null,15+,0,Not applicable,1,Model-based Estimates,3,Projection,366442
70,Population by age and sex - broad age groups,Population by age and sex - broad age groups,World Population Prospects,2024,United Nations Population Division,262,Djibouti,DJ,DJI,70,2019,4,Median,2,Female,26,15,null,15+,0,Not applicable,1,Model-based Estimates,3,Projection,378504
70,Population by age and sex - broad age groups,Population by age and sex - broad age groups,World Population Prospects,2024,United Nations Population Division,262,Djibouti,DJ,DJI,71,2020,4,Median,1,Male,26,15,null,15+,0,Not applicable,1,Model-based Estimates,3,Projection,375005.5
70,Population by age and sex - broad age groups,Population by age and sex - broad age groups,World Population Prospects,2024,United Nations Population Division,262,Djibouti,DJ,DJI,71,2020,4,Median,2,Female,26,15,null,15+,0,Not applicable,1,Model-based Estimates,3,Projection,387480
70,Population by age and sex - broad age groups,Population by age and sex - broad age groups,World Population Prospects,2024,United Nations Population Division,262,Djibouti,DJ,DJI,72,2021,4,Median,1,Male,26,15,null,15+,0,Not applicable,1,Model-based Estimates,3,Projection,383183.5
70,Population by age and sex - broad age groups,Population by age and sex - broad age groups,World Population Prospects,2024,United Nations Population Division,262,Djibouti,DJ,DJI,72,2021,4,Median,2,Female,26,15,null,15+,0,Not applicable,1,Model-based Estimates,3,Projection,396108
70,Population by age and sex - broad age groups,Population by age and sex - broad age groups,World Population Prospects,2024,United Nations Population Division,262,Djibouti,DJ,DJI,73,2022,4,Median,1,Male,26,15,null,15+,0,Not applicable,1,Model-based Estimates,3,Projection,391185
70,Population by age and sex - broad age groups,Population by age and sex - broad age groups,World Population Prospects,2024,United Nations Population Division,262,Djibouti,DJ,DJI,73,2022,4,Median,2,Female,26,15,null,15+,0,Not applicable,1,Model-based Estimates,3,Projection,404516.5
70,Population by age and sex - broad age groups,Population by age and sex - broad age groups,World Population Prospects,2024,United Nations Population Division,262,Djibouti,DJ,DJI,74,2023,4,Median,1,Male,26,15,null,15+,0,Not applicable,1,Model-based Estimates,3,Projection,399126.5
70,Population by age and sex - broad age groups,Population by age and sex - broad age groups,World Population Prospects,2024,United Nations Population Division,262,Djibouti,DJ,DJI,74,2023,4,Median,2,Female,26,15,null,15+,0,Not applicable,1,Model-based Estimates,3,Projection,412838.5
70,Population by age and sex - broad age groups,Population by age and sex - broad age groups,World Population Prospects,2024,United Nations Population Division,266,Gabon,GA,GAB,41,1990,4,Median,1,Male,26,15,null,15+,0,Not applicable,1,Model-based Estimates,2,Interpolation,273393
70,Population by age and sex - broad age groups,Population by age and sex - broad age groups,World Population Prospects,2024,United Nations Population Division,266,Gabon,GA,GAB,41,1990,4,Median,2,Female,26,15,null,15+,0,Not applicable,1,Model-based Estimates,2,Interpolation,293261
70,Population by age and sex - broad age groups,Population by age and sex - broad age groups,World Population Prospects,2024,United Nations Population Division,266,Gabon,GA,GAB,42,1991,4,Median,1,Male,26,15,null,15+,0,Not applicable,1,Model-based Estimates,2,Interpolation,280921.5
70,Population by age and sex - broad age groups,Population by age and sex - broad age groups,World Population Prospects,2024,United Nations Population Division,266,Gabon,GA,GAB,42,1991,4,Median,2,Female,26,15,null,15+,0,Not applicable,1,Model-based Estimates,2,Interpolation,300529
70,Population by age and sex - broad age groups,Population by age and sex - broad age groups,World Population Prospects,2024,United Nations Population Division,266,Gabon,GA,GAB,43,1992,4,Median,1,Male,26,15,null,15+,0,Not applicable,1,Model-based Estimates,2,Interpolation,288845
70,Population by age and sex - broad age groups,Population by age and sex - broad age groups,World Population Prospects,2024,United Nations Population Division,266,Gabon,GA,GAB,43,1992,4,Median,2,Female,26,15,null,15+,0,Not applicable,1,Model-based Estimates,2,Interpolation,308157.5
70,Population by age and sex - broad age groups,Population by age and sex - broad age groups,World Population Prospects,2024,United Nations Population Division,266,Gabon,GA,GAB,44,1993,4,Median,1,Male,26,15,null,15+,0,Not applicable,1,Model-based Estimates,2,Interpolation,297173.5
70,Population by age and sex - broad age groups,Population by age and sex - broad age groups,World Population Prospects,2024,United Nations Population Division,266,Gabon,GA,GAB,44,1993,4,Median,2,Female,26,15,null,15+,0,Not applicable,1,Model-based Estimates,2,Interpolation,316162.5
70,Population by age and sex - broad age groups,Population by age and sex - broad age groups,World Population Prospects,2024,United Nations Population Division,266,Gabon,GA,GAB,45,1994,4,Median,1,Male,26,15,null,15+,0,Not applicable,1,Model-based Estimates,2,Interpolation,305922
70,Population by age and sex - broad age groups,Population by age and sex - broad age groups,World Population Prospects,2024,United Nations Population Division,266,Gabon,GA,GAB,45,1994,4,Median,2,Female,26,15,null,15+,0,Not applicable,1,Model-based Estimates,2,Interpolation,324564.5
70,Population by age and sex - broad age groups,Population by age and sex - broad age groups,World Population Prospects,2024,United Nations Population Division,266,Gabon,GA,GAB,46,1995,4,Median,1,Male,26,15,null,15+,0,Not applicable,1,Model-based Estimates,2,Interpolation,315244.5
70,Population by age and sex - broad age groups,Population by age and sex - broad age groups,World Population Prospects,2024,United Nations Population Division,266,Gabon,GA,GAB,46,1995,4,Median,2,Female,26,15,null,15+,0,Not applicable,1,Model-based Estimates,2,Interpolation,333334.5
70,Population by age and sex - broad age groups,Population by age and sex - broad age groups,World Population Prospects,2024,United Nations Population Division,266,Gabon,GA,GAB,47,1996,4,Median,1,Male,26,15,null,15+,0,Not applicable,1,Model-based Estimates,2,Interpolation,325232.5
70,Population by age and sex - broad age groups,Population by age and sex - broad age groups,World Population Prospects,2024,United Nations Population Division,266,Gabon,GA,GAB,47,1996,4,Median,2,Female,26,15,null,15+,0,Not applicable,1,Model-based Estimates,2,Interpolation,342524
70,Population by age and sex - broad age groups,Population by age and sex - broad age groups,World Population Prospects,2024,United Nations Population Division,266,Gabon,GA,GAB,48,1997,4,Median,1,Male,26,15,null,15+,0,Not applicable,1,Model-based Estimates,2,Interpolation,335773.5
70,Population by age and sex - broad age groups,Population by age and sex - broad age groups,World Population Prospects,2024,United Nations Population Division,266,Gabon,GA,GAB,48,1997,4,Median,2,Female,26,15,null,15+,0,Not applicable,1,Model-based Estimates,2,Interpolation,352202.5
70,Population by age and sex - broad age groups,Population by age and sex - broad age groups,World Population Prospects,2024,United Nations Population Division,266,Gabon,GA,GAB,49,1998,4,Median,1,Male,26,15,null,15+,0,Not applicable,1,Model-based Estimates,2,Interpolation,346845
70,Population by age and sex - broad age groups,Population by age and sex - broad age groups,World Population Prospects,2024,United Nations Population Division,266,Gabon,GA,GAB,49,1998,4,Median,2,Female,26,15,null,15+,0,Not applicable,1,Model-based Estimates,2,Interpolation,362355
70,Population by age and sex - broad age groups,Population by age and sex - broad age groups,World Population Prospects,2024,United Nations Population Division,266,Gabon,GA,GAB,50,1999,4,Median,1,Male,26,15,null,15+,0,Not applicable,1,Model-based Estimates,2,Interpolation,358473.5
70,Population by age and sex - broad age groups,Population by age and sex - broad age groups,World Population Prospects,2024,United Nations Population Division,266,Gabon,GA,GAB,50,1999,4,Median,2,Female,26,15,null,15+,0,Not applicable,1,Model-based Estimates,2,Interpolation,372981
70,Population by age and sex - broad age groups,Population by age and sex - broad age groups,World Population Prospects,2024,United Nations Population Division,266,Gabon,GA,GAB,51,2000,4,Median,1,Male,26,15,null,15+,0,Not applicable,1,Model-based Estimates,2,Interpolation,370731
70,Population by age and sex - broad age groups,Population by age and sex - broad age groups,World Population Prospects,2024,United Nations Population Division,266,Gabon,GA,GAB,51,2000,4,Median,2,Female,26,15,null,15+,0,Not applicable,1,Model-based Estimates,2,Interpolation,384105
70,Population by age and sex - broad age groups,Population by age and sex - broad age groups,World Population Prospects,2024,United Nations Population Division,266,Gabon,GA,GAB,52,2001,4,Median,1,Male,26,15,null,15+,0,Not applicable,1,Model-based Estimates,2,Interpolation,383707.5
70,Population by age and sex - broad age groups,Population by age and sex - broad age groups,World Population Prospects,2024,United Nations Population Division,266,Gabon,GA,GAB,52,2001,4,Median,2,Female,26,15,null,15+,0,Not applicable,1,Model-based Estimates,2,Interpolation,395781.5
70,Population by age and sex - broad age groups,Population by age and sex - broad age groups,World Population Prospects,2024,United Nations Population Division,266,Gabon,GA,GAB,53,2002,4,Median,1,Male,26,15,null,15+,0,Not applicable,1,Model-based Estimates,2,Interpolation,397476
70,Population by age and sex - broad age groups,Population by age and sex - broad age groups,World Population Prospects,2024,United Nations Population Division,266,Gabon,GA,GAB,53,2002,4,Median,2,Female,26,15,null,15+,0,Not applicable,1,Model-based Estimates,2,Interpolation,408073
70,Population by age and sex - broad age groups,Population by age and sex - broad age groups,World Population Prospects,2024,United Nations Population Division,266,Gabon,GA,GAB,54,2003,4,Median,1,Male,26,15,null,15+,0,Not applicable,1,Model-based Estimates,2,Interpolation,412089
70,Population by age and sex - broad age groups,Population by age and sex - broad age groups,World Population Prospects,2024,United Nations Population Division,266,Gabon,GA,GAB,54,2003,4,Median,2,Female,26,15,null,15+,0,Not applicable,1,Model-based Estimates,2,Interpolation,420990
70,Population by age and sex - broad age groups,Population by age and sex - broad age groups,World Population Prospects,2024,United Nations Population Division,266,Gabon,GA,GAB,55,2004,4,Median,1,Male,26,15,null,15+,0,Not applicable,1,Model-based Estimates,2,Interpolation,427644.5
70,Population by age and sex - broad age groups,Population by age and sex - broad age groups,World Population Prospects,2024,United Nations Population Division,266,Gabon,GA,GAB,55,2004,4,Median,2,Female,26,15,null,15+,0,Not applicable,1,Model-based Estimates,2,Interpolation,434540
70,Population by age and sex - broad age groups,Population by age and sex - broad age groups,World Population Prospects,2024,United Nations Population Division,266,Gabon,GA,GAB,56,2005,4,Median,1,Male,26,15,null,15+,0,Not applicable,1,Model-based Estimates,2,Interpolation,444349
70,Population by age and sex - broad age groups,Population by age and sex - broad age groups,World Population Prospects,2024,United Nations Population Division,266,Gabon,GA,GAB,56,2005,4,Median,2,Female,26,15,null,15+,0,Not applicable,1,Model-based Estimates,2,Interpolation,448823
70,Population by age and sex - broad age groups,Population by age and sex - broad age groups,World Population Prospects,2024,United Nations Population Division,266,Gabon,GA,GAB,57,2006,4,Median,1,Male,26,15,null,15+,0,Not applicable,1,Model-based Estimates,2,Interpolation,462343.5
70,Population by age and sex - broad age groups,Population by age and sex - broad age groups,World Population Prospects,2024,United Nations Population Division,266,Gabon,GA,GAB,57,2006,4,Median,2,Female,26,15,null,15+,0,Not applicable,1,Model-based Estimates,2,Interpolation,463896.5
70,Population by age and sex - broad age groups,Population by age and sex - broad age groups,World Population Prospects,2024,United Nations Population Division,266,Gabon,GA,GAB,58,2007,4,Median,1,Male,26,15,null,15+,0,Not applicable,1,Model-based Estimates,2,Interpolation,481606
70,Population by age and sex - broad age groups,Population by age and sex - broad age groups,World Population Prospects,2024,United Nations Population Division,266,Gabon,GA,GAB,58,2007,4,Median,2,Female,26,15,null,15+,0,Not applicable,1,Model-based Estimates,2,Interpolation,479767
70,Population by age and sex - broad age groups,Population by age and sex - broad age groups,World Population Prospects,2024,United Nations Population Division,266,Gabon,GA,GAB,59,2008,4,Median,1,Male,26,15,null,15+,0,Not applicable,1,Model-based Estimates,2,Interpolation,501974.5
70,Population by age and sex - broad age groups,Population by age and sex - broad age groups,World Population Prospects,2024,United Nations Population Division,266,Gabon,GA,GAB,59,2008,4,Median,2,Female,26,15,null,15+,0,Not applicable,1,Model-based Estimates,2,Interpolation,496399.5
70,Population by age and sex - broad age groups,Population by age and sex - broad age groups,World Population Prospects,2024,United Nations Population Division,266,Gabon,GA,GAB,60,2009,4,Median,1,Male,26,15,null,15+,0,Not applicable,1,Model-based Estimates,2,Interpolation,523408.5
70,Population by age and sex - broad age groups,Population by age and sex - broad age groups,World Population Prospects,2024,United Nations Population Division,266,Gabon,GA,GAB,60,2009,4,Median,2,Female,26,15,null,15+,0,Not applicable,1,Model-based Estimates,2,Interpolation,513722.5
70,Population by age and sex - broad age groups,Population by age and sex - broad age groups,World Population Prospects,2024,United Nations Population Division,266,Gabon,GA,GAB,61,2010,4,Median,1,Male,26,15,null,15+,0,Not applicable,1,Model-based Estimates,2,Interpolation,545987.5
70,Population by age and sex - broad age groups,Population by age and sex - broad age groups,World Population Prospects,2024,United Nations Population Division,266,Gabon,GA,GAB,61,2010,4,Median,2,Female,26,15,null,15+,0,Not applicable,1,Model-based Estimates,2,Interpolation,531723.5
70,Population by age and sex - broad age groups,Population by age and sex - broad age groups,World Population Prospects,2024,United Nations Population Division,266,Gabon,GA,GAB,62,2011,4,Median,1,Male,26,15,null,15+,0,Not applicable,1,Model-based Estimates,2,Interpolation,569715
70,Population by age and sex - broad age groups,Population by age and sex - broad age groups,World Population Prospects,2024,United Nations Population Division,266,Gabon,GA,GAB,62,2011,4,Median,2,Female,26,15,null,15+,0,Not applicable,1,Model-based Estimates,2,Interpolation,550416
70,Population by age and sex - broad age groups,Population by age and sex - broad age groups,World Population Prospects,2024,United Nations Population Division,266,Gabon,GA,GAB,63,2012,4,Median,1,Male,26,15,null,15+,0,Not applicable,1,Model-based Estimates,2,Interpolation,594434.5
70,Population by age and sex - broad age groups,Population by age and sex - broad age groups,World Population Prospects,2024,United Nations Population Division,266,Gabon,GA,GAB,63,2012,4,Median,2,Female,26,15,null,15+,0,Not applicable,1,Model-based Estimates,2,Interpolation,569777.5
70,Population by age and sex - broad age groups,Population by age and sex - broad age groups,World Population Prospects,2024,United Nations Population Division,266,Gabon,GA,GAB,64,2013,4,Median,1,Male,26,15,null,15+,0,Not applicable,1,Model-based Estimates,2,Interpolation,619572.5
70,Population by age and sex - broad age groups,Population by age and sex - broad age groups,World Population Prospects,2024,United Nations Population Division,266,Gabon,GA,GAB,64,2013,4,Median,2,Female,26,15,null,15+,0,Not applicable,1,Model-based Estimates,2,Interpolation,589596.5
70,Population by age and sex - broad age groups,Population by age and sex - broad age groups,World Population Prospects,2024,United Nations Population Division,266,Gabon,GA,GAB,65,2014,4,Median,1,Male,26,15,null,15+,0,Not applicable,1,Model-based Estimates,3,Projection,643891.5
70,Population by age and sex - broad age groups,Population by age and sex - broad age groups,World Population Prospects,2024,United Nations Population Division,266,Gabon,GA,GAB,65,2014,4,Median,2,Female,26,15,null,15+,0,Not applicable,1,Model-based Estimates,3,Projection,609261.5
70,Population by age and sex - broad age groups,Population by age and sex - broad age groups,World Population Prospects,2024,United Nations Population Division,266,Gabon,GA,GAB,66,2015,4,Median,1,Male,26,15,null,15+,0,Not applicable,1,Model-based Estimates,3,Projection,666190
70,Population by age and sex - broad age groups,Population by age and sex - broad age groups,World Population Prospects,2024,United Nations Population Division,266,Gabon,GA,GAB,66,2015,4,Median,2,Female,26,15,null,15+,0,Not applicable,1,Model-based Estimates,3,Projection,628165.5
70,Population by age and sex - broad age groups,Population by age and sex - broad age groups,World Population Prospects,2024,United Nations Population Division,266,Gabon,GA,GAB,67,2016,4,Median,1,Male,26,15,null,15+,0,Not applicable,1,Model-based Estimates,3,Projection,685995
70,Population by age and sex - broad age groups,Population by age and sex - broad age groups,World Population Prospects,2024,United Nations Population Division,266,Gabon,GA,GAB,67,2016,4,Median,2,Female,26,15,null,15+,0,Not applicable,1,Model-based Estimates,3,Projection,646073.5
70,Population by age and sex - broad age groups,Population by age and sex - broad age groups,World Population Prospects,2024,United Nations Population Division,266,Gabon,GA,GAB,68,2017,4,Median,1,Male,26,15,null,15+,0,Not applicable,1,Model-based Estimates,3,Projection,703648
70,Population by age and sex - broad age groups,Population by age and sex - broad age groups,World Population Prospects,2024,United Nations Population Division,266,Gabon,GA,GAB,68,2017,4,Median,2,Female,26,15,null,15+,0,Not applicable,1,Model-based Estimates,3,Projection,663154
70,Population by age and sex - broad age groups,Population by age and sex - broad age groups,World Population Prospects,2024,United Nations Population Division,266,Gabon,GA,GAB,69,2018,4,Median,1,Male,26,15,null,15+,0,Not applicable,1,Model-based Estimates,3,Projection,720265.5
70,Population by age and sex - broad age groups,Population by age and sex - broad age groups,World Population Prospects,2024,United Nations Population Division,266,Gabon,GA,GAB,69,2018,4,Median,2,Female,26,15,null,15+,0,Not applicable,1,Model-based Estimates,3,Projection,679965.5
70,Population by age and sex - broad age groups,Population by age and sex - broad age groups,World Population Prospects,2024,United Nations Population Division,266,Gabon,GA,GAB,70,2019,4,Median,1,Male,26,15,null,15+,0,Not applicable,1,Model-based Estimates,3,Projection,736750
70,Population by age and sex - broad age groups,Population by age and sex - broad age groups,World Population Prospects,2024,United Nations Population Division,266,Gabon,GA,GAB,70,2019,4,Median,2,Female,26,15,null,15+,0,Not applicable,1,Model-based Estimates,3,Projection,696992.5
70,Population by age and sex - broad age groups,Population by age and sex - broad age groups,World Population Prospects,2024,United Nations Population Division,266,Gabon,GA,GAB,71,2020,4,Median,1,Male,26,15,null,15+,0,Not applicable,1,Model-based Estimates,3,Projection,753122.5
70,Population by age and sex - broad age groups,Population by age and sex - broad age groups,World Population Prospects,2024,United Nations Population Division,266,Gabon,GA,GAB,71,2020,4,Median,2,Female,26,15,null,15+,0,Not applicable,1,Model-based Estimates,3,Projection,714304
70,Population by age and sex - broad age groups,Population by age and sex - broad age groups,World Population Prospects,2024,United Nations Population Division,266,Gabon,GA,GAB,72,2021,4,Median,1,Male,26,15,null,15+,0,Not applicable,1,Model-based Estimates,3,Projection,769497.5
70,Population by age and sex - broad age groups,Population by age and sex - broad age groups,World Population Prospects,2024,United Nations Population Division,266,Gabon,GA,GAB,72,2021,4,Median,2,Female,26,15,null,15+,0,Not applicable,1,Model-based Estimates,3,Projection,732062
70,Population by age and sex - broad age groups,Population by age and sex - broad age groups,World Population Prospects,2024,United Nations Population Division,266,Gabon,GA,GAB,73,2022,4,Median,1,Male,26,15,null,15+,0,Not applicable,1,Model-based Estimates,3,Projection,786432.5
70,Population by age and sex - broad age groups,Population by age and sex - broad age groups,World Population Prospects,2024,United Nations Population Division,266,Gabon,GA,GAB,73,2022,4,Median,2,Female,26,15,null,15+,0,Not applicable,1,Model-based Estimates,3,Projection,750436
70,Population by age and sex - broad age groups,Population by age and sex - broad age groups,World Population Prospects,2024,United Nations Population Division,266,Gabon,GA,GAB,74,2023,4,Median,1,Male,26,15,null,15+,0,Not applicable,1,Model-based Estimates,3,Projection,804234
70,Population by age and sex - broad age groups,Population by age and sex - broad age groups,World Population Prospects,2024,United Nations Population Division,266,Gabon,GA,GAB,74,2023,4,Median,2,Female,26,15,null,15+,0,Not applicable,1,Model-based Estimates,3,Projection,769576.5
70,Population by age and sex - broad age groups,Population by age and sex - broad age groups,World Population Prospects,2024,United Nations Population Division,270,Gambia,GM,GMB,41,1990,4,Median,1,Male,26,15,null,15+,0,Not applicable,1,Model-based Estimates,2,Interpolation,278576
70,Population by age and sex - broad age groups,Population by age and sex - broad age groups,World Population Prospects,2024,United Nations Population Division,270,Gambia,GM,GMB,41,1990,4,Median,2,Female,26,15,null,15+,0,Not applicable,1,Model-based Estimates,2,Interpolation,294138.5
70,Population by age and sex - broad age groups,Population by age and sex - broad age groups,World Population Prospects,2024,United Nations Population Division,270,Gambia,GM,GMB,42,1991,4,Median,1,Male,26,15,null,15+,0,Not applicable,1,Model-based Estimates,2,Interpolation,290851.5
70,Population by age and sex - broad age groups,Population by age and sex - broad age groups,World Population Prospects,2024,United Nations Population Division,270,Gambia,GM,GMB,42,1991,4,Median,2,Female,26,15,null,15+,0,Not applicable,1,Model-based Estimates,2,Interpolation,305410.5
70,Population by age and sex - broad age groups,Population by age and sex - broad age groups,World Population Prospects,2024,United Nations Population Division,270,Gambia,GM,GMB,43,1992,4,Median,1,Male,26,15,null,15+,0,Not applicable,1,Model-based Estimates,2,Interpolation,303064
70,Population by age and sex - broad age groups,Population by age and sex - broad age groups,World Population Prospects,2024,United Nations Population Division,270,Gambia,GM,GMB,43,1992,4,Median,2,Female,26,15,null,15+,0,Not applicable,1,Model-based Estimates,2,Interpolation,316788.5
70,Population by age and sex - broad age groups,Population by age and sex - broad age groups,World Population Prospects,2024,United Nations Population Division,270,Gambia,GM,GMB,44,1993,4,Median,1,Male,26,15,null,15+,0,Not applicable,1,Model-based Estimates,2,Interpolation,313776
70,Population by age and sex - broad age groups,Population by age and sex - broad age groups,World Population Prospects,2024,United Nations Population Division,270,Gambia,GM,GMB,44,1993,4,Median,2,Female,26,15,null,15+,0,Not applicable,1,Model-based Estimates,2,Interpolation,327457.5
70,Population by age and sex - broad age groups,Population by age and sex - broad age groups,World Population Prospects,2024,United Nations Population Division,270,Gambia,GM,GMB,45,1994,4,Median,1,Male,26,15,null,15+,0,Not applicable,1,Model-based Estimates,2,Interpolation,322541.5
70,Population by age and sex - broad age groups,Population by age and sex - broad age groups,World Population Prospects,2024,United Nations Population Division,270,Gambia,GM,GMB,45,1994,4,Median,2,Female,26,15,null,15+,0,Not applicable,1,Model-based Estimates,2,Interpolation,336794
70,Population by age and sex - broad age groups,Population by age and sex - broad age groups,World Population Prospects,2024,United Nations Population Division,270,Gambia,GM,GMB,46,1995,4,Median,1,Male,26,15,null,15+,0,Not applicable,1,Model-based Estimates,2,Interpolation,330545
70,Population by age and sex - broad age groups,Population by age and sex - broad age groups,World Population Prospects,2024,United Nations Population Division,270,Gambia,GM,GMB,46,1995,4,Median,2,Female,26,15,null,15+,0,Not applicable,1,Model-based Estimates,2,Interpolation,345405
70,Population by age and sex - broad age groups,Population by age and sex - broad age groups,World Population Prospects,2024,United Nations Population Division,270,Gambia,GM,GMB,47,1996,4,Median,1,Male,26,15,null,15+,0,Not applicable,1,Model-based Estimates,2,Interpolation,338826.5
70,Population by age and sex - broad age groups,Population by age and sex - broad age groups,World Population Prospects,2024,United Nations Population Division,270,Gambia,GM,GMB,47,1996,4,Median,2,Female,26,15,null,15+,0,Not applicable,1,Model-based Estimates,2,Interpolation,354334
70,Population by age and sex - broad age groups,Population by age and sex - broad age groups,World Population Prospects,2024,United Nations Population Division,270,Gambia,GM,GMB,48,1997,4,Median,1,Male,26,15,null,15+,0,Not applicable,1,Model-based Estimates,2,Interpolation,347645.5
70,Population by age and sex - broad age groups,Population by age and sex - broad age groups,World Population Prospects,2024,United Nations Population Division,270,Gambia,GM,GMB,48,1997,4,Median,2,Female,26,15,null,15+,0,Not applicable,1,Model-based Estimates,2,Interpolation,363818.5
70,Population by age and sex - broad age groups,Population by age and sex - broad age groups,World Population Prospects,2024,United Nations Population Division,270,Gambia,GM,GMB,49,1998,4,Median,1,Male,26,15,null,15+,0,Not applicable,1,Model-based Estimates,2,Interpolation,357045
70,Population by age and sex - broad age groups,Population by age and sex - broad age groups,World Population Prospects,2024,United Nations Population Division,270,Gambia,GM,GMB,49,1998,4,Median,2,Female,26,15,null,15+,0,Not applicable,1,Model-based Estimates,2,Interpolation,373911.5
70,Population by age and sex - broad age groups,Population by age and sex - broad age groups,World Population Prospects,2024,United Nations Population Division,270,Gambia,GM,GMB,50,1999,4,Median,1,Male,26,15,null,15+,0,Not applicable,1,Model-based Estimates,2,Interpolation,367075.5
70,Population by age and sex - broad age groups,Population by age and sex - broad age groups,World Population Prospects,2024,United Nations Population Division,270,Gambia,GM,GMB,50,1999,4,Median,2,Female,26,15,null,15+,0,Not applicable,1,Model-based Estimates,2,Interpolation,384644
70,Population by age and sex - broad age groups,Population by age and sex - broad age groups,World Population Prospects,2024,United Nations Population Division,270,Gambia,GM,GMB,51,2000,4,Median,1,Male,26,15,null,15+,0,Not applicable,1,Model-based Estimates,2,Interpolation,377689
70,Population by age and sex - broad age groups,Population by age and sex - broad age groups,World Population Prospects,2024,United Nations Population Division,270,Gambia,GM,GMB,51,2000,4,Median,2,Female,26,15,null,15+,0,Not applicable,1,Model-based Estimates,2,Interpolation,395940.5
70,Population by age and sex - broad age groups,Population by age and sex - broad age groups,World Population Prospects,2024,United Nations Population Division,270,Gambia,GM,GMB,52,2001,4,Median,1,Male,26,15,null,15+,0,Not applicable,1,Model-based Estimates,2,Interpolation,388854
70,Population by age and sex - broad age groups,Population by age and sex - broad age groups,World Population Prospects,2024,United Nations Population Division,270,Gambia,GM,GMB,52,2001,4,Median,2,Female,26,15,null,15+,0,Not applicable,1,Model-based Estimates,2,Interpolation,407764.5
70,Population by age and sex - broad age groups,Population by age and sex - broad age groups,World Population Prospects,2024,United Nations Population Division,270,Gambia,GM,GMB,53,2002,4,Median,1,Male,26,15,null,15+,0,Not applicable,1,Model-based Estimates,2,Interpolation,400592.5
70,Population by age and sex - broad age groups,Population by age and sex - broad age groups,World Population Prospects,2024,United Nations Population Division,270,Gambia,GM,GMB,53,2002,4,Median,2,Female,26,15,null,15+,0,Not applicable,1,Model-based Estimates,2,Interpolation,420115
70,Population by age and sex - broad age groups,Population by age and sex - broad age groups,World Population Prospects,2024,United Nations Population Division,270,Gambia,GM,GMB,54,2003,4,Median,1,Male,26,15,null,15+,0,Not applicable,1,Model-based Estimates,2,Interpolation,413039.5
70,Population by age and sex - broad age groups,Population by age and sex - broad age groups,World Population Prospects,2024,United Nations Population Division,270,Gambia,GM,GMB,54,2003,4,Median,2,Female,26,15,null,15+,0,Not applicable,1,Model-based Estimates,2,Interpolation,433122
70,Population by age and sex - broad age groups,Population by age and sex - broad age groups,World Population Prospects,2024,United Nations Population Division,270,Gambia,GM,GMB,55,2004,4,Median,1,Male,26,15,null,15+,0,Not applicable,1,Model-based Estimates,3,Projection,426323.5
70,Population by age and sex - broad age groups,Population by age and sex - broad age groups,World Population Prospects,2024,United Nations Population Division,270,Gambia,GM,GMB,55,2004,4,Median,2,Female,26,15,null,15+,0,Not applicable,1,Model-based Estimates,3,Projection,446912.5
70,Population by age and sex - broad age groups,Population by age and sex - broad age groups,World Population Prospects,2024,United Nations Population Division,270,Gambia,GM,GMB,56,2005,4,Median,1,Male,26,15,null,15+,0,Not applicable,1,Model-based Estimates,3,Projection,440497
70,Population by age and sex - broad age groups,Population by age and sex - broad age groups,World Population Prospects,2024,United Nations Population Division,270,Gambia,GM,GMB,56,2005,4,Median,2,Female,26,15,null,15+,0,Not applicable,1,Model-based Estimates,3,Projection,461548
70,Population by age and sex - broad age groups,Population by age and sex - broad age groups,World Population Prospects,2024,United Nations Population Division,270,Gambia,GM,GMB,57,2006,4,Median,1,Male,26,15,null,15+,0,Not applicable,1,Model-based Estimates,3,Projection,455625
70,Population by age and sex - broad age groups,Population by age and sex - broad age groups,World Population Prospects,2024,United Nations Population Division,270,Gambia,GM,GMB,57,2006,4,Median,2,Female,26,15,null,15+,0,Not applicable,1,Model-based Estimates,3,Projection,477087
70,Population by age and sex - broad age groups,Population by age and sex - broad age groups,World Population Prospects,2024,United Nations Population Division,270,Gambia,GM,GMB,58,2007,4,Median,1,Male,26,15,null,15+,0,Not applicable,1,Model-based Estimates,3,Projection,471608
70,Population by age and sex - broad age groups,Population by age and sex - broad age groups,World Population Prospects,2024,United Nations Population Division,270,Gambia,GM,GMB,58,2007,4,Median,2,Female,26,15,null,15+,0,Not applicable,1,Model-based Estimates,3,Projection,493402.5
70,Population by age and sex - broad age groups,Population by age and sex - broad age groups,World Population Prospects,2024,United Nations Population Division,270,Gambia,GM,GMB,59,2008,4,Median,1,Male,26,15,null,15+,0,Not applicable,1,Model-based Estimates,3,Projection,488312.5
70,Population by age and sex - broad age groups,Population by age and sex - broad age groups,World Population Prospects,2024,United Nations Population Division,270,Gambia,GM,GMB,59,2008,4,Median,2,Female,26,15,null,15+,0,Not applicable,1,Model-based Estimates,3,Projection,510348.5
70,Population by age and sex - broad age groups,Population by age and sex - broad age groups,World Population Prospects,2024,United Nations Population Division,270,Gambia,GM,GMB,60,2009,4,Median,1,Male,26,15,null,15+,0,Not applicable,1,Model-based Estimates,3,Projection,505666
70,Population by age and sex - broad age groups,Population by age and sex - broad age groups,World Population Prospects,2024,United Nations Population Division,270,Gambia,GM,GMB,60,2009,4,Median,2,Female,26,15,null,15+,0,Not applicable,1,Model-based Estimates,3,Projection,527874.5
70,Population by age and sex - broad age groups,Population by age and sex - broad age groups,World Population Prospects,2024,United Nations Population Division,270,Gambia,GM,GMB,61,2010,4,Median,1,Male,26,15,null,15+,0,Not applicable,1,Model-based Estimates,3,Projection,523483
70,Population by age and sex - broad age groups,Population by age and sex - broad age groups,World Population Prospects,2024,United Nations Population Division,270,Gambia,GM,GMB,61,2010,4,Median,2,Female,26,15,null,15+,0,Not applicable,1,Model-based Estimates,3,Projection,545818.5
70,Population by age and sex - broad age groups,Population by age and sex - broad age groups,World Population Prospects,2024,United Nations Population Division,270,Gambia,GM,GMB,62,2011,4,Median,1,Male,26,15,null,15+,0,Not applicable,1,Model-based Estimates,3,Projection,541599.5
70,Population by age and sex - broad age groups,Population by age and sex - broad age groups,World Population Prospects,2024,United Nations Population Division,270,Gambia,GM,GMB,62,2011,4,Median,2,Female,26,15,null,15+,0,Not applicable,1,Model-based Estimates,3,Projection,564015
70,Population by age and sex - broad age groups,Population by age and sex - broad age groups,World Population Prospects,2024,United Nations Population Division,270,Gambia,GM,GMB,63,2012,4,Median,1,Male,26,15,null,15+,0,Not applicable,1,Model-based Estimates,3,Projection,559989.5
70,Population by age and sex - broad age groups,Population by age and sex - broad age groups,World Population Prospects,2024,United Nations Population Division,270,Gambia,GM,GMB,63,2012,4,Median,2,Female,26,15,null,15+,0,Not applicable,1,Model-based Estimates,3,Projection,582448.5
70,Population by age and sex - broad age groups,Population by age and sex - broad age groups,World Population Prospects,2024,United Nations Population Division,270,Gambia,GM,GMB,64,2013,4,Median,1,Male,26,15,null,15+,0,Not applicable,1,Model-based Estimates,3,Projection,578673.5
70,Population by age and sex - broad age groups,Population by age and sex - broad age groups,World Population Prospects,2024,United Nations Population Division,270,Gambia,GM,GMB,64,2013,4,Median,2,Female,26,15,null,15+,0,Not applicable,1,Model-based Estimates,3,Projection,601134.5
70,Population by age and sex - broad age groups,Population by age and sex - broad age groups,World Population Prospects,2024,United Nations Population Division,270,Gambia,GM,GMB,65,2014,4,Median,1,Male,26,15,null,15+,0,Not applicable,1,Model-based Estimates,3,Projection,597599
70,Population by age and sex - broad age groups,Population by age and sex - broad age groups,World Population Prospects,2024,United Nations Population Division,270,Gambia,GM,GMB,65,2014,4,Median,2,Female,26,15,null,15+,0,Not applicable,1,Model-based Estimates,3,Projection,620026
70,Population by age and sex - broad age groups,Population by age and sex - broad age groups,World Population Prospects,2024,United Nations Population Division,270,Gambia,GM,GMB,66,2015,4,Median,1,Male,26,15,null,15+,0,Not applicable,1,Model-based Estimates,3,Projection,616674.5
70,Population by age and sex - broad age groups,Population by age and sex - broad age groups,World Population Prospects,2024,United Nations Population Division,270,Gambia,GM,GMB,66,2015,4,Median,2,Female,26,15,null,15+,0,Not applicable,1,Model-based Estimates,3,Projection,639051.5
70,Population by age and sex - broad age groups,Population by age and sex - broad age groups,World Population Prospects,2024,United Nations Population Division,270,Gambia,GM,GMB,67,2016,4,Median,1,Male,26,15,null,15+,0,Not applicable,1,Model-based Estimates,3,Projection,635972.5
70,Population by age and sex - broad age groups,Population by age and sex - broad age groups,World Population Prospects,2024,United Nations Population Division,270,Gambia,GM,GMB,67,2016,4,Median,2,Female,26,15,null,15+,0,Not applicable,1,Model-based Estimates,3,Projection,658300
70,Population by age and sex - broad age groups,Population by age and sex - broad age groups,World Population Prospects,2024,United Nations Population Division,270,Gambia,GM,GMB,68,2017,4,Median,1,Male,26,15,null,15+,0,Not applicable,1,Model-based Estimates,3,Projection,655577.5
70,Population by age and sex - broad age groups,Population by age and sex - broad age groups,World Population Prospects,2024,United Nations Population Division,270,Gambia,GM,GMB,68,2017,4,Median,2,Female,26,15,null,15+,0,Not applicable,1,Model-based Estimates,3,Projection,677879
70,Population by age and sex - broad age groups,Population by age and sex - broad age groups,World Population Prospects,2024,United Nations Population Division,270,Gambia,GM,GMB,69,2018,4,Median,1,Male,26,15,null,15+,0,Not applicable,1,Model-based Estimates,3,Projection,675562.5
70,Population by age and sex - broad age groups,Population by age and sex - broad age groups,World Population Prospects,2024,United Nations Population Division,270,Gambia,GM,GMB,69,2018,4,Median,2,Female,26,15,null,15+,0,Not applicable,1,Model-based Estimates,3,Projection,697860.5
70,Population by age and sex - broad age groups,Population by age and sex - broad age groups,World Population Prospects,2024,United Nations Population Division,270,Gambia,GM,GMB,70,2019,4,Median,1,Male,26,15,null,15+,0,Not applicable,1,Model-based Estimates,3,Projection,696128.5
70,Population by age and sex - broad age groups,Population by age and sex - broad age groups,World Population Prospects,2024,United Nations Population Division,270,Gambia,GM,GMB,70,2019,4,Median,2,Female,26,15,null,15+,0,Not applicable,1,Model-based Estimates,3,Projection,718410
70,Population by age and sex - broad age groups,Population by age and sex - broad age groups,World Population Prospects,2024,United Nations Population Division,270,Gambia,GM,GMB,71,2020,4,Median,1,Male,26,15,null,15+,0,Not applicable,1,Model-based Estimates,3,Projection,717839
70,Population by age and sex - broad age groups,Population by age and sex - broad age groups,World Population Prospects,2024,United Nations Population Division,270,Gambia,GM,GMB,71,2020,4,Median,2,Female,26,15,null,15+,0,Not applicable,1,Model-based Estimates,3,Projection,740177.5
70,Population by age and sex - broad age groups,Population by age and sex - broad age groups,World Population Prospects,2024,United Nations Population Division,270,Gambia,GM,GMB,72,2021,4,Median,1,Male,26,15,null,15+,0,Not applicable,1,Model-based Estimates,3,Projection,740673.5
70,Population by age and sex - broad age groups,Population by age and sex - broad age groups,World Population Prospects,2024,United Nations Population Division,270,Gambia,GM,GMB,72,2021,4,Median,2,Female,26,15,null,15+,0,Not applicable,1,Model-based Estimates,3,Projection,763098
70,Population by age and sex - broad age groups,Population by age and sex - broad age groups,World Population Prospects,2024,United Nations Population Division,270,Gambia,GM,GMB,73,2022,4,Median,1,Male,26,15,null,15+,0,Not applicable,1,Model-based Estimates,3,Projection,764094.5
70,Population by age and sex - broad age groups,Population by age and sex - broad age groups,World Population Prospects,2024,United Nations Population Division,270,Gambia,GM,GMB,73,2022,4,Median,2,Female,26,15,null,15+,0,Not applicable,1,Model-based Estimates,3,Projection,786561.5
70,Population by age and sex - broad age groups,Population by age and sex - broad age groups,World Population Prospects,2024,United Nations Population Division,270,Gambia,GM,GMB,74,2023,4,Median,1,Male,26,15,null,15+,0,Not applicable,1,Model-based Estimates,3,Projection,788233
70,Population by age and sex - broad age groups,Population by age and sex - broad age groups,World Population Prospects,2024,United Nations Population Division,270,Gambia,GM,GMB,74,2023,4,Median,2,Female,26,15,null,15+,0,Not applicable,1,Model-based Estimates,3,Projection,810757
70,Population by age and sex - broad age groups,Population by age and sex - broad age groups,World Population Prospects,2024,United Nations Population Division,288,Ghana,GH,GHA,41,1990,4,Median,1,Male,26,15,null,15+,0,Not applicable,1,Model-based Estimates,2,Interpolation,4135098.5
70,Population by age and sex - broad age groups,Population by age and sex - broad age groups,World Population Prospects,2024,United Nations Population Division,288,Ghana,GH,GHA,41,1990,4,Median,2,Female,26,15,null,15+,0,Not applicable,1,Model-based Estimates,2,Interpolation,4290731.5
70,Population by age and sex - broad age groups,Population by age and sex - broad age groups,World Population Prospects,2024,United Nations Population Division,288,Ghana,GH,GHA,42,1991,4,Median,1,Male,26,15,null,15+,0,Not applicable,1,Model-based Estimates,2,Interpolation,4248884.5
70,Population by age and sex - broad age groups,Population by age and sex - broad age groups,World Population Prospects,2024,United Nations Population Division,288,Ghana,GH,GHA,42,1991,4,Median,2,Female,26,15,null,15+,0,Not applicable,1,Model-based Estimates,2,Interpolation,4405235.5
70,Population by age and sex - broad age groups,Population by age and sex - broad age groups,World Population Prospects,2024,United Nations Population Division,288,Ghana,GH,GHA,43,1992,4,Median,1,Male,26,15,null,15+,0,Not applicable,1,Model-based Estimates,2,Interpolation,4368973
70,Population by age and sex - broad age groups,Population by age and sex - broad age groups,World Population Prospects,2024,United Nations Population Division,288,Ghana,GH,GHA,43,1992,4,Median,2,Female,26,15,null,15+,0,Not applicable,1,Model-based Estimates,2,Interpolation,4525242.5
70,Population by age and sex - broad age groups,Population by age and sex - broad age groups,World Population Prospects,2024,United Nations Population Division,288,Ghana,GH,GHA,44,1993,4,Median,1,Male,26,15,null,15+,0,Not applicable,1,Model-based Estimates,2,Interpolation,4501512
70,Population by age and sex - broad age groups,Population by age and sex - broad age groups,World Population Prospects,2024,United Nations Population Division,288,Ghana,GH,GHA,44,1993,4,Median,2,Female,26,15,null,15+,0,Not applicable,1,Model-based Estimates,2,Interpolation,4656038
70,Population by age and sex - broad age groups,Population by age and sex - broad age groups,World Population Prospects,2024,United Nations Population Division,288,Ghana,GH,GHA,45,1994,4,Median,1,Male,26,15,null,15+,0,Not applicable,1,Model-based Estimates,2,Interpolation,4638856.5
70,Population by age and sex - broad age groups,Population by age and sex - broad age groups,World Population Prospects,2024,United Nations Population Division,288,Ghana,GH,GHA,45,1994,4,Median,2,Female,26,15,null,15+,0,Not applicable,1,Model-based Estimates,2,Interpolation,4797190
70,Population by age and sex - broad age groups,Population by age and sex - broad age groups,World Population Prospects,2024,United Nations Population Division,288,Ghana,GH,GHA,46,1995,4,Median,1,Male,26,15,null,15+,0,Not applicable,1,Model-based Estimates,2,Interpolation,4773221
70,Population by age and sex - broad age groups,Population by age and sex - broad age groups,World Population Prospects,2024,United Nations Population Division,288,Ghana,GH,GHA,46,1995,4,Median,2,Female,26,15,null,15+,0,Not applicable,1,Model-based Estimates,2,Interpolation,4941728
70,Population by age and sex - broad age groups,Population by age and sex - broad age groups,World Population Prospects,2024,United Nations Population Division,288,Ghana,GH,GHA,47,1996,4,Median,1,Male,26,15,null,15+,0,Not applicable,1,Model-based Estimates,2,Interpolation,4907032.5
70,Population by age and sex - broad age groups,Population by age and sex - broad age groups,World Population Prospects,2024,United Nations Population Division,288,Ghana,GH,GHA,47,1996,4,Median,2,Female,26,15,null,15+,0,Not applicable,1,Model-based Estimates,2,Interpolation,5085133
70,Population by age and sex - broad age groups,Population by age and sex - broad age groups,World Population Prospects,2024,United Nations Population Division,288,Ghana,GH,GHA,48,1997,4,Median,1,Male,26,15,null,15+,0,Not applicable,1,Model-based Estimates,2,Interpolation,5057605.5
70,Population by age and sex - broad age groups,Population by age and sex - broad age groups,World Population Prospects,2024,United Nations Population Division,288,Ghana,GH,GHA,48,1997,4,Median,2,Female,26,15,null,15+,0,Not applicable,1,Model-based Estimates,2,Interpolation,5240933.5
70,Population by age and sex - broad age groups,Population by age and sex - broad age groups,World Population Prospects,2024,United Nations Population Division,288,Ghana,GH,GHA,49,1998,4,Median,1,Male,26,15,null,15+,0,Not applicable,1,Model-based Estimates,2,Interpolation,5226092.5
70,Population by age and sex - broad age groups,Population by age and sex - broad age groups,World Population Prospects,2024,United Nations Population Division,288,Ghana,GH,GHA,49,1998,4,Median,2,Female,26,15,null,15+,0,Not applicable,1,Model-based Estimates,2,Interpolation,5410564
70,Population by age and sex - broad age groups,Population by age and sex - broad age groups,World Population Prospects,2024,United Nations Population Division,288,Ghana,GH,GHA,50,1999,4,Median,1,Male,26,15,null,15+,0,Not applicable,1,Model-based Estimates,2,Interpolation,5398294.5
70,Population by age and sex - broad age groups,Population by age and sex - broad age groups,World Population Prospects,2024,United Nations Population Division,288,Ghana,GH,GHA,50,1999,4,Median,2,Female,26,15,null,15+,0,Not applicable,1,Model-based Estimates,2,Interpolation,5584025
70,Population by age and sex - broad age groups,Population by age and sex - broad age groups,World Population Prospects,2024,United Nations Population Division,288,Ghana,GH,GHA,51,2000,4,Median,1,Male,26,15,null,15+,0,Not applicable,1,Model-based Estimates,2,Interpolation,5575889.5
70,Population by age and sex - broad age groups,Population by age and sex - broad age groups,World Population Prospects,2024,United Nations Population Division,288,Ghana,GH,GHA,51,2000,4,Median,2,Female,26,15,null,15+,0,Not applicable,1,Model-based Estimates,2,Interpolation,5760979.5
70,Population by age and sex - broad age groups,Population by age and sex - broad age groups,World Population Prospects,2024,United Nations Population Division,288,Ghana,GH,GHA,52,2001,4,Median,1,Male,26,15,null,15+,0,Not applicable,1,Model-based Estimates,2,Interpolation,5770517
70,Population by age and sex - broad age groups,Population by age and sex - broad age groups,World Population Prospects,2024,United Nations Population Division,288,Ghana,GH,GHA,52,2001,4,Median,2,Female,26,15,null,15+,0,Not applicable,1,Model-based Estimates,2,Interpolation,5952007
70,Population by age and sex - broad age groups,Population by age and sex - broad age groups,World Population Prospects,2024,United Nations Population Division,288,Ghana,GH,GHA,53,2002,4,Median,1,Male,26,15,null,15+,0,Not applicable,1,Model-based Estimates,2,Interpolation,5978780.5
70,Population by age and sex - broad age groups,Population by age and sex - broad age groups,World Population Prospects,2024,United Nations Population Division,288,Ghana,GH,GHA,53,2002,4,Median,2,Female,26,15,null,15+,0,Not applicable,1,Model-based Estimates,2,Interpolation,6155871.5
70,Population by age and sex - broad age groups,Population by age and sex - broad age groups,World Population Prospects,2024,United Nations Population Division,288,Ghana,GH,GHA,54,2003,4,Median,1,Male,26,15,null,15+,0,Not applicable,1,Model-based Estimates,2,Interpolation,6187812
70,Population by age and sex - broad age groups,Population by age and sex - broad age groups,World Population Prospects,2024,United Nations Population Division,288,Ghana,GH,GHA,54,2003,4,Median,2,Female,26,15,null,15+,0,Not applicable,1,Model-based Estimates,2,Interpolation,6360477
70,Population by age and sex - broad age groups,Population by age and sex - broad age groups,World Population Prospects,2024,United Nations Population Division,288,Ghana,GH,GHA,55,2004,4,Median,1,Male,26,15,null,15+,0,Not applicable,1,Model-based Estimates,2,Interpolation,6397565
70,Population by age and sex - broad age groups,Population by age and sex - broad age groups,World Population Prospects,2024,United Nations Population Division,288,Ghana,GH,GHA,55,2004,4,Median,2,Female,26,15,null,15+,0,Not applicable,1,Model-based Estimates,2,Interpolation,6565822.5
70,Population by age and sex - broad age groups,Population by age and sex - broad age groups,World Population Prospects,2024,United Nations Population Division,288,Ghana,GH,GHA,56,2005,4,Median,1,Male,26,15,null,15+,0,Not applicable,1,Model-based Estimates,2,Interpolation,6608779
70,Population by age and sex - broad age groups,Population by age and sex - broad age groups,World Population Prospects,2024,United Nations Population Division,288,Ghana,GH,GHA,56,2005,4,Median,2,Female,26,15,null,15+,0,Not applicable,1,Model-based Estimates,2,Interpolation,6772574.5
70,Population by age and sex - broad age groups,Population by age and sex - broad age groups,World Population Prospects,2024,United Nations Population Division,288,Ghana,GH,GHA,57,2006,4,Median,1,Male,26,15,null,15+,0,Not applicable,1,Model-based Estimates,2,Interpolation,6821877
70,Population by age and sex - broad age groups,Population by age and sex - broad age groups,World Population Prospects,2024,United Nations Population Division,288,Ghana,GH,GHA,57,2006,4,Median,2,Female,26,15,null,15+,0,Not applicable,1,Model-based Estimates,2,Interpolation,6981140.5
70,Population by age and sex - broad age groups,Population by age and sex - broad age groups,World Population Prospects,2024,United Nations Population Division,288,Ghana,GH,GHA,58,2007,4,Median,1,Male,26,15,null,15+,0,Not applicable,1,Model-based Estimates,2,Interpolation,7039489.5
70,Population by age and sex - broad age groups,Population by age and sex - broad age groups,World Population Prospects,2024,United Nations Population Division,288,Ghana,GH,GHA,58,2007,4,Median,2,Female,26,15,null,15+,0,Not applicable,1,Model-based Estimates,2,Interpolation,7194444
70,Population by age and sex - broad age groups,Population by age and sex - broad age groups,World Population Prospects,2024,United Nations Population Division,288,Ghana,GH,GHA,59,2008,4,Median,1,Male,26,15,null,15+,0,Not applicable,1,Model-based Estimates,2,Interpolation,7258527
70,Population by age and sex - broad age groups,Population by age and sex - broad age groups,World Population Prospects,2024,United Nations Population Division,288,Ghana,GH,GHA,59,2008,4,Median,2,Female,26,15,null,15+,0,Not applicable,1,Model-based Estimates,2,Interpolation,7409782.5
70,Population by age and sex - broad age groups,Population by age and sex - broad age groups,World Population Prospects,2024,United Nations Population Division,288,Ghana,GH,GHA,60,2009,4,Median,1,Male,26,15,null,15+,0,Not applicable,1,Model-based Estimates,2,Interpolation,7474943
70,Population by age and sex - broad age groups,Population by age and sex - broad age groups,World Population Prospects,2024,United Nations Population Division,288,Ghana,GH,GHA,60,2009,4,Median,2,Female,26,15,null,15+,0,Not applicable,1,Model-based Estimates,2,Interpolation,7623183
70,Population by age and sex - broad age groups,Population by age and sex - broad age groups,World Population Prospects,2024,United Nations Population Division,288,Ghana,GH,GHA,61,2010,4,Median,1,Male,26,15,null,15+,0,Not applicable,1,Model-based Estimates,2,Interpolation,7683190.5
70,Population by age and sex - broad age groups,Population by age and sex - broad age groups,World Population Prospects,2024,United Nations Population Division,288,Ghana,GH,GHA,61,2010,4,Median,2,Female,26,15,null,15+,0,Not applicable,1,Model-based Estimates,2,Interpolation,7829017.5
70,Population by age and sex - broad age groups,Population by age and sex - broad age groups,World Population Prospects,2024,United Nations Population Division,288,Ghana,GH,GHA,62,2011,4,Median,1,Male,26,15,null,15+,0,Not applicable,1,Model-based Estimates,2,Interpolation,7885591.5
70,Population by age and sex - broad age groups,Population by age and sex - broad age groups,World Population Prospects,2024,United Nations Population Division,288,Ghana,GH,GHA,62,2011,4,Median,2,Female,26,15,null,15+,0,Not applicable,1,Model-based Estimates,2,Interpolation,8029992
70,Population by age and sex - broad age groups,Population by age and sex - broad age groups,World Population Prospects,2024,United Nations Population Division,288,Ghana,GH,GHA,63,2012,4,Median,1,Male,26,15,null,15+,0,Not applicable,1,Model-based Estimates,2,Interpolation,8090433.5
70,Population by age and sex - broad age groups,Population by age and sex - broad age groups,World Population Prospects,2024,United Nations Population Division,288,Ghana,GH,GHA,63,2012,4,Median,2,Female,26,15,null,15+,0,Not applicable,1,Model-based Estimates,2,Interpolation,8234346.5
70,Population by age and sex - broad age groups,Population by age and sex - broad age groups,World Population Prospects,2024,United Nations Population Division,288,Ghana,GH,GHA,64,2013,4,Median,1,Male,26,15,null,15+,0,Not applicable,1,Model-based Estimates,2,Interpolation,8299885
70,Population by age and sex - broad age groups,Population by age and sex - broad age groups,World Population Prospects,2024,United Nations Population Division,288,Ghana,GH,GHA,64,2013,4,Median,2,Female,26,15,null,15+,0,Not applicable,1,Model-based Estimates,2,Interpolation,8443858
70,Population by age and sex - broad age groups,Population by age and sex - broad age groups,World Population Prospects,2024,United Nations Population Division,288,Ghana,GH,GHA,65,2014,4,Median,1,Male,26,15,null,15+,0,Not applicable,1,Model-based Estimates,2,Interpolation,8514394.5
70,Population by age and sex - broad age groups,Population by age and sex - broad age groups,World Population Prospects,2024,United Nations Population Division,288,Ghana,GH,GHA,65,2014,4,Median,2,Female,26,15,null,15+,0,Not applicable,1,Model-based Estimates,2,Interpolation,8659213.5
70,Population by age and sex - broad age groups,Population by age and sex - broad age groups,World Population Prospects,2024,United Nations Population Division,288,Ghana,GH,GHA,66,2015,4,Median,1,Male,26,15,null,15+,0,Not applicable,1,Model-based Estimates,2,Interpolation,8735671.5
70,Population by age and sex - broad age groups,Population by age and sex - broad age groups,World Population Prospects,2024,United Nations Population Division,288,Ghana,GH,GHA,66,2015,4,Median,2,Female,26,15,null,15+,0,Not applicable,1,Model-based Estimates,2,Interpolation,8881757
70,Population by age and sex - broad age groups,Population by age and sex - broad age groups,World Population Prospects,2024,United Nations Population Division,288,Ghana,GH,GHA,67,2016,4,Median,1,Male,26,15,null,15+,0,Not applicable,1,Model-based Estimates,2,Interpolation,8968143
70,Population by age and sex - broad age groups,Population by age and sex - broad age groups,World Population Prospects,2024,United Nations Population Division,288,Ghana,GH,GHA,67,2016,4,Median,2,Female,26,15,null,15+,0,Not applicable,1,Model-based Estimates,2,Interpolation,9115568.5
70,Population by age and sex - broad age groups,Population by age and sex - broad age groups,World Population Prospects,2024,United Nations Population Division,288,Ghana,GH,GHA,68,2017,4,Median,1,Male,26,15,null,15+,0,Not applicable,1,Model-based Estimates,2,Interpolation,9207685.5
70,Population by age and sex - broad age groups,Population by age and sex - broad age groups,World Population Prospects,2024,United Nations Population Division,288,Ghana,GH,GHA,68,2017,4,Median,2,Female,26,15,null,15+,0,Not applicable,1,Model-based Estimates,2,Interpolation,9356814
70,Population by age and sex - broad age groups,Population by age and sex - broad age groups,World Population Prospects,2024,United Nations Population Division,288,Ghana,GH,GHA,69,2018,4,Median,1,Male,26,15,null,15+,0,Not applicable,1,Model-based Estimates,2,Interpolation,9445492
70,Population by age and sex - broad age groups,Population by age and sex - broad age groups,World Population Prospects,2024,United Nations Population Division,288,Ghana,GH,GHA,69,2018,4,Median,2,Female,26,15,null,15+,0,Not applicable,1,Model-based Estimates,2,Interpolation,9597022
70,Population by age and sex - broad age groups,Population by age and sex - broad age groups,World Population Prospects,2024,United Nations Population Division,288,Ghana,GH,GHA,70,2019,4,Median,1,Male,26,15,null,15+,0,Not applicable,1,Model-based Estimates,2,Interpolation,9682899
70,Population by age and sex - broad age groups,Population by age and sex - broad age groups,World Population Prospects,2024,United Nations Population Division,288,Ghana,GH,GHA,70,2019,4,Median,2,Female,26,15,null,15+,0,Not applicable,1,Model-based Estimates,2,Interpolation,9837910
70,Population by age and sex - broad age groups,Population by age and sex - broad age groups,World Population Prospects,2024,United Nations Population Division,288,Ghana,GH,GHA,71,2020,4,Median,1,Male,26,15,null,15+,0,Not applicable,1,Model-based Estimates,2,Interpolation,9928420.5
70,Population by age and sex - broad age groups,Population by age and sex - broad age groups,World Population Prospects,2024,United Nations Population Division,288,Ghana,GH,GHA,71,2020,4,Median,2,Female,26,15,null,15+,0,Not applicable,1,Model-based Estimates,2,Interpolation,10089324.5
70,Population by age and sex - broad age groups,Population by age and sex - broad age groups,World Population Prospects,2024,United Nations Population Division,288,Ghana,GH,GHA,72,2021,4,Median,1,Male,26,15,null,15+,0,Not applicable,1,Model-based Estimates,2,Interpolation,10179631
70,Population by age and sex - broad age groups,Population by age and sex - broad age groups,World Population Prospects,2024,United Nations Population Division,288,Ghana,GH,GHA,72,2021,4,Median,2,Female,26,15,null,15+,0,Not applicable,1,Model-based Estimates,2,Interpolation,10347464.5
70,Population by age and sex - broad age groups,Population by age and sex - broad age groups,World Population Prospects,2024,United Nations Population Division,288,Ghana,GH,GHA,73,2022,4,Median,1,Male,26,15,null,15+,0,Not applicable,1,Model-based Estimates,3,Projection,10432687
70,Population by age and sex - broad age groups,Population by age and sex - broad age groups,World Population Prospects,2024,United Nations Population Division,288,Ghana,GH,GHA,73,2022,4,Median,2,Female,26,15,null,15+,0,Not applicable,1,Model-based Estimates,3,Projection,10607368
70,Population by age and sex - broad age groups,Population by age and sex - broad age groups,World Population Prospects,2024,United Nations Population Division,288,Ghana,GH,GHA,74,2023,4,Median,1,Male,26,15,null,15+,0,Not applicable,1,Model-based Estimates,3,Projection,10690509
70,Population by age and sex - broad age groups,Population by age and sex - broad age groups,World Population Prospects,2024,United Nations Population Division,288,Ghana,GH,GHA,74,2023,4,Median,2,Female,26,15,null,15+,0,Not applicable,1,Model-based Estimates,3,Projection,10873303
70,Population by age and sex - broad age groups,Population by age and sex - broad age groups,World Population Prospects,2024,United Nations Population Division,324,Guinea,GN,GIN,41,1990,4,Median,1,Male,26,15,null,15+,0,Not applicable,1,Model-based Estimates,2,Interpolation,1754124
70,Population by age and sex - broad age groups,Population by age and sex - broad age groups,World Population Prospects,2024,United Nations Population Division,324,Guinea,GN,GIN,41,1990,4,Median,2,Female,26,15,null,15+,0,Not applicable,1,Model-based Estimates,2,Interpolation,1894544
70,Population by age and sex - broad age groups,Population by age and sex - broad age groups,World Population Prospects,2024,United Nations Population Division,324,Guinea,GN,GIN,42,1991,4,Median,1,Male,26,15,null,15+,0,Not applicable,1,Model-based Estimates,2,Interpolation,1826551
70,Population by age and sex - broad age groups,Population by age and sex - broad age groups,World Population Prospects,2024,United Nations Population Division,324,Guinea,GN,GIN,42,1991,4,Median,2,Female,26,15,null,15+,0,Not applicable,1,Model-based Estimates,2,Interpolation,1965585.5
70,Population by age and sex - broad age groups,Population by age and sex - broad age groups,World Population Prospects,2024,United Nations Population Division,324,Guinea,GN,GIN,43,1992,4,Median,1,Male,26,15,null,15+,0,Not applicable,1,Model-based Estimates,2,Interpolation,1885484.5
70,Population by age and sex - broad age groups,Population by age and sex - broad age groups,World Population Prospects,2024,United Nations Population Division,324,Guinea,GN,GIN,43,1992,4,Median,2,Female,26,15,null,15+,0,Not applicable,1,Model-based Estimates,2,Interpolation,2022252.5
70,Population by age and sex - broad age groups,Population by age and sex - broad age groups,World Population Prospects,2024,United Nations Population Division,324,Guinea,GN,GIN,44,1993,4,Median,1,Male,26,15,null,15+,0,Not applicable,1,Model-based Estimates,2,Interpolation,1943417
70,Population by age and sex - broad age groups,Population by age and sex - broad age groups,World Population Prospects,2024,United Nations Population Division,324,Guinea,GN,GIN,44,1993,4,Median,2,Female,26,15,null,15+,0,Not applicable,1,Model-based Estimates,2,Interpolation,2077411
70,Population by age and sex - broad age groups,Population by age and sex - broad age groups,World Population Prospects,2024,United Nations Population Division,324,Guinea,GN,GIN,45,1994,4,Median,1,Male,26,15,null,15+,0,Not applicable,1,Model-based Estimates,2,Interpolation,2001368
70,Population by age and sex - broad age groups,Population by age and sex - broad age groups,World Population Prospects,2024,United Nations Population Division,324,Guinea,GN,GIN,45,1994,4,Median,2,Female,26,15,null,15+,0,Not applicable,1,Model-based Estimates,2,Interpolation,2133236.5
70,Population by age and sex - broad age groups,Population by age and sex - broad age groups,World Population Prospects,2024,United Nations Population Division,324,Guinea,GN,GIN,46,1995,4,Median,1,Male,26,15,null,15+,0,Not applicable,1,Model-based Estimates,2,Interpolation,2057512.5
70,Population by age and sex - broad age groups,Population by age and sex - broad age groups,World Population Prospects,2024,United Nations Population Division,324,Guinea,GN,GIN,46,1995,4,Median,2,Female,26,15,null,15+,0,Not applicable,1,Model-based Estimates,2,Interpolation,2186640.5
70,Population by age and sex - broad age groups,Population by age and sex - broad age groups,World Population Prospects,2024,United Nations Population Division,324,Guinea,GN,GIN,47,1996,4,Median,1,Male,26,15,null,15+,0,Not applicable,1,Model-based Estimates,2,Interpolation,2116973
70,Population by age and sex - broad age groups,Population by age and sex - broad age groups,World Population Prospects,2024,United Nations Population Division,324,Guinea,GN,GIN,47,1996,4,Median,2,Female,26,15,null,15+,0,Not applicable,1,Model-based Estimates,2,Interpolation,2242433
70,Population by age and sex - broad age groups,Population by age and sex - broad age groups,World Population Prospects,2024,United Nations Population Division,324,Guinea,GN,GIN,48,1997,4,Median,1,Male,26,15,null,15+,0,Not applicable,1,Model-based Estimates,2,Interpolation,2143365
70,Population by age and sex - broad age groups,Population by age and sex - broad age groups,World Population Prospects,2024,United Nations Population Division,324,Guinea,GN,GIN,48,1997,4,Median,2,Female,26,15,null,15+,0,Not applicable,1,Model-based Estimates,2,Interpolation,2281186
70,Population by age and sex - broad age groups,Population by age and sex - broad age groups,World Population Prospects,2024,United Nations Population Division,324,Guinea,GN,GIN,49,1998,4,Median,1,Male,26,15,null,15+,0,Not applicable,1,Model-based Estimates,2,Interpolation,2164165.5
70,Population by age and sex - broad age groups,Population by age and sex - broad age groups,World Population Prospects,2024,United Nations Population Division,324,Guinea,GN,GIN,49,1998,4,Median,2,Female,26,15,null,15+,0,Not applicable,1,Model-based Estimates,2,Interpolation,2317861
70,Population by age and sex - broad age groups,Population by age and sex - broad age groups,World Population Prospects,2024,United Nations Population Division,324,Guinea,GN,GIN,50,1999,4,Median,1,Male,26,15,null,15+,0,Not applicable,1,Model-based Estimates,2,Interpolation,2206058.5
70,Population by age and sex - broad age groups,Population by age and sex - broad age groups,World Population Prospects,2024,United Nations Population Division,324,Guinea,GN,GIN,50,1999,4,Median,2,Female,26,15,null,15+,0,Not applicable,1,Model-based Estimates,2,Interpolation,2365868.5
70,Population by age and sex - broad age groups,Population by age and sex - broad age groups,World Population Prospects,2024,United Nations Population Division,324,Guinea,GN,GIN,51,2000,4,Median,1,Male,26,15,null,15+,0,Not applicable,1,Model-based Estimates,2,Interpolation,2236284
70,Population by age and sex - broad age groups,Population by age and sex - broad age groups,World Population Prospects,2024,United Nations Population Division,324,Guinea,GN,GIN,51,2000,4,Median,2,Female,26,15,null,15+,0,Not applicable,1,Model-based Estimates,2,Interpolation,2409080.5
70,Population by age and sex - broad age groups,Population by age and sex - broad age groups,World Population Prospects,2024,United Nations Population Division,324,Guinea,GN,GIN,52,2001,4,Median,1,Male,26,15,null,15+,0,Not applicable,1,Model-based Estimates,2,Interpolation,2235828
70,Population by age and sex - broad age groups,Population by age and sex - broad age groups,World Population Prospects,2024,United Nations Population Division,324,Guinea,GN,GIN,52,2001,4,Median,2,Female,26,15,null,15+,0,Not applicable,1,Model-based Estimates,2,Interpolation,2438149.5
70,Population by age and sex - broad age groups,Population by age and sex - broad age groups,World Population Prospects,2024,United Nations Population Division,324,Guinea,GN,GIN,53,2002,4,Median,1,Male,26,15,null,15+,0,Not applicable,1,Model-based Estimates,2,Interpolation,2251981.5
70,Population by age and sex - broad age groups,Population by age and sex - broad age groups,World Population Prospects,2024,United Nations Population Division,324,Guinea,GN,GIN,53,2002,4,Median,2,Female,26,15,null,15+,0,Not applicable,1,Model-based Estimates,2,Interpolation,2476745
70,Population by age and sex - broad age groups,Population by age and sex - broad age groups,World Population Prospects,2024,United Nations Population Division,324,Guinea,GN,GIN,54,2003,4,Median,1,Male,26,15,null,15+,0,Not applicable,1,Model-based Estimates,2,Interpolation,2307763
70,Population by age and sex - broad age groups,Population by age and sex - broad age groups,World Population Prospects,2024,United Nations Population Division,324,Guinea,GN,GIN,54,2003,4,Median,2,Female,26,15,null,15+,0,Not applicable,1,Model-based Estimates,2,Interpolation,2536410.5
70,Population by age and sex - broad age groups,Population by age and sex - broad age groups,World Population Prospects,2024,United Nations Population Division,324,Guinea,GN,GIN,55,2004,4,Median,1,Male,26,15,null,15+,0,Not applicable,1,Model-based Estimates,2,Interpolation,2359613
70,Population by age and sex - broad age groups,Population by age and sex - broad age groups,World Population Prospects,2024,United Nations Population Division,324,Guinea,GN,GIN,55,2004,4,Median,2,Female,26,15,null,15+,0,Not applicable,1,Model-based Estimates,2,Interpolation,2595593.5
70,Population by age and sex - broad age groups,Population by age and sex - broad age groups,World Population Prospects,2024,United Nations Population Division,324,Guinea,GN,GIN,56,2005,4,Median,1,Male,26,15,null,15+,0,Not applicable,1,Model-based Estimates,2,Interpolation,2403935
70,Population by age and sex - broad age groups,Population by age and sex - broad age groups,World Population Prospects,2024,United Nations Population Division,324,Guinea,GN,GIN,56,2005,4,Median,2,Female,26,15,null,15+,0,Not applicable,1,Model-based Estimates,2,Interpolation,2652560.5
70,Population by age and sex - broad age groups,Population by age and sex - broad age groups,World Population Prospects,2024,United Nations Population Division,324,Guinea,GN,GIN,57,2006,4,Median,1,Male,26,15,null,15+,0,Not applicable,1,Model-based Estimates,2,Interpolation,2454243
70,Population by age and sex - broad age groups,Population by age and sex - broad age groups,World Population Prospects,2024,United Nations Population Division,324,Guinea,GN,GIN,57,2006,4,Median,2,Female,26,15,null,15+,0,Not applicable,1,Model-based Estimates,2,Interpolation,2714332.5
70,Population by age and sex - broad age groups,Population by age and sex - broad age groups,World Population Prospects,2024,United Nations Population Division,324,Guinea,GN,GIN,58,2007,4,Median,1,Male,26,15,null,15+,0,Not applicable,1,Model-based Estimates,2,Interpolation,2519589.5
70,Population by age and sex - broad age groups,Population by age and sex - broad age groups,World Population Prospects,2024,United Nations Population Division,324,Guinea,GN,GIN,58,2007,4,Median,2,Female,26,15,null,15+,0,Not applicable,1,Model-based Estimates,2,Interpolation,2785425.5
70,Population by age and sex - broad age groups,Population by age and sex - broad age groups,World Population Prospects,2024,United Nations Population Division,324,Guinea,GN,GIN,59,2008,4,Median,1,Male,26,15,null,15+,0,Not applicable,1,Model-based Estimates,2,Interpolation,2592855.5
70,Population by age and sex - broad age groups,Population by age and sex - broad age groups,World Population Prospects,2024,United Nations Population Division,324,Guinea,GN,GIN,59,2008,4,Median,2,Female,26,15,null,15+,0,Not applicable,1,Model-based Estimates,2,Interpolation,2862053
70,Population by age and sex - broad age groups,Population by age and sex - broad age groups,World Population Prospects,2024,United Nations Population Division,324,Guinea,GN,GIN,60,2009,4,Median,1,Male,26,15,null,15+,0,Not applicable,1,Model-based Estimates,2,Interpolation,2669112.5
70,Population by age and sex - broad age groups,Population by age and sex - broad age groups,World Population Prospects,2024,United Nations Population Division,324,Guinea,GN,GIN,60,2009,4,Median,2,Female,26,15,null,15+,0,Not applicable,1,Model-based Estimates,2,Interpolation,2941625.5
70,Population by age and sex - broad age groups,Population by age and sex - broad age groups,World Population Prospects,2024,United Nations Population Division,324,Guinea,GN,GIN,61,2010,4,Median,1,Male,26,15,null,15+,0,Not applicable,1,Model-based Estimates,2,Interpolation,2748196
70,Population by age and sex - broad age groups,Population by age and sex - broad age groups,World Population Prospects,2024,United Nations Population Division,324,Guinea,GN,GIN,61,2010,4,Median,2,Female,26,15,null,15+,0,Not applicable,1,Model-based Estimates,2,Interpolation,3023787
70,Population by age and sex - broad age groups,Population by age and sex - broad age groups,World Population Prospects,2024,United Nations Population Division,324,Guinea,GN,GIN,62,2011,4,Median,1,Male,26,15,null,15+,0,Not applicable,1,Model-based Estimates,2,Interpolation,2831619
70,Population by age and sex - broad age groups,Population by age and sex - broad age groups,World Population Prospects,2024,United Nations Population Division,324,Guinea,GN,GIN,62,2011,4,Median,2,Female,26,15,null,15+,0,Not applicable,1,Model-based Estimates,2,Interpolation,3109560
70,Population by age and sex - broad age groups,Population by age and sex - broad age groups,World Population Prospects,2024,United Nations Population Division,324,Guinea,GN,GIN,63,2012,4,Median,1,Male,26,15,null,15+,0,Not applicable,1,Model-based Estimates,2,Interpolation,2917695.5
70,Population by age and sex - broad age groups,Population by age and sex - broad age groups,World Population Prospects,2024,United Nations Population Division,324,Guinea,GN,GIN,63,2012,4,Median,2,Female,26,15,null,15+,0,Not applicable,1,Model-based Estimates,2,Interpolation,3198302.5
70,Population by age and sex - broad age groups,Population by age and sex - broad age groups,World Population Prospects,2024,United Nations Population Division,324,Guinea,GN,GIN,64,2013,4,Median,1,Male,26,15,null,15+,0,Not applicable,1,Model-based Estimates,2,Interpolation,3004987
70,Population by age and sex - broad age groups,Population by age and sex - broad age groups,World Population Prospects,2024,United Nations Population Division,324,Guinea,GN,GIN,64,2013,4,Median,2,Female,26,15,null,15+,0,Not applicable,1,Model-based Estimates,2,Interpolation,3288429
70,Population by age and sex - broad age groups,Population by age and sex - broad age groups,World Population Prospects,2024,United Nations Population Division,324,Guinea,GN,GIN,65,2014,4,Median,1,Male,26,15,null,15+,0,Not applicable,1,Model-based Estimates,2,Interpolation,3096425.5
70,Population by age and sex - broad age groups,Population by age and sex - broad age groups,World Population Prospects,2024,United Nations Population Division,324,Guinea,GN,GIN,65,2014,4,Median,2,Female,26,15,null,15+,0,Not applicable,1,Model-based Estimates,2,Interpolation,3381183.5
70,Population by age and sex - broad age groups,Population by age and sex - broad age groups,World Population Prospects,2024,United Nations Population Division,324,Guinea,GN,GIN,66,2015,4,Median,1,Male,26,15,null,15+,0,Not applicable,1,Model-based Estimates,3,Projection,3194196
70,Population by age and sex - broad age groups,Population by age and sex - broad age groups,World Population Prospects,2024,United Nations Population Division,324,Guinea,GN,GIN,66,2015,4,Median,2,Female,26,15,null,15+,0,Not applicable,1,Model-based Estimates,3,Projection,3477894
70,Population by age and sex - broad age groups,Population by age and sex - broad age groups,World Population Prospects,2024,United Nations Population Division,324,Guinea,GN,GIN,67,2016,4,Median,1,Male,26,15,null,15+,0,Not applicable,1,Model-based Estimates,3,Projection,3296192
70,Population by age and sex - broad age groups,Population by age and sex - broad age groups,World Population Prospects,2024,United Nations Population Division,324,Guinea,GN,GIN,67,2016,4,Median,2,Female,26,15,null,15+,0,Not applicable,1,Model-based Estimates,3,Projection,3577314.5
70,Population by age and sex - broad age groups,Population by age and sex - broad age groups,World Population Prospects,2024,United Nations Population Division,324,Guinea,GN,GIN,68,2017,4,Median,1,Male,26,15,null,15+,0,Not applicable,1,Model-based Estimates,3,Projection,3399446.5
70,Population by age and sex - broad age groups,Population by age and sex - broad age groups,World Population Prospects,2024,United Nations Population Division,324,Guinea,GN,GIN,68,2017,4,Median,2,Female,26,15,null,15+,0,Not applicable,1,Model-based Estimates,3,Projection,3677914.5
70,Population by age and sex - broad age groups,Population by age and sex - broad age groups,World Population Prospects,2024,United Nations Population Division,324,Guinea,GN,GIN,69,2018,4,Median,1,Male,26,15,null,15+,0,Not applicable,1,Model-based Estimates,3,Projection,3505771.5
70,Population by age and sex - broad age groups,Population by age and sex - broad age groups,World Population Prospects,2024,United Nations Population Division,324,Guinea,GN,GIN,69,2018,4,Median,2,Female,26,15,null,15+,0,Not applicable,1,Model-based Estimates,3,Projection,3780926.5
70,Population by age and sex - broad age groups,Population by age and sex - broad age groups,World Population Prospects,2024,United Nations Population Division,324,Guinea,GN,GIN,70,2019,4,Median,1,Male,26,15,null,15+,0,Not applicable,1,Model-based Estimates,3,Projection,3618450.5
70,Population by age and sex - broad age groups,Population by age and sex - broad age groups,World Population Prospects,2024,United Nations Population Division,324,Guinea,GN,GIN,70,2019,4,Median,2,Female,26,15,null,15+,0,Not applicable,1,Model-based Estimates,3,Projection,3888552.5
70,Population by age and sex - broad age groups,Population by age and sex - broad age groups,World Population Prospects,2024,United Nations Population Division,324,Guinea,GN,GIN,71,2020,4,Median,1,Male,26,15,null,15+,0,Not applicable,1,Model-based Estimates,3,Projection,3735656
70,Population by age and sex - broad age groups,Population by age and sex - broad age groups,World Population Prospects,2024,United Nations Population Division,324,Guinea,GN,GIN,71,2020,4,Median,2,Female,26,15,null,15+,0,Not applicable,1,Model-based Estimates,3,Projection,4000281
70,Population by age and sex - broad age groups,Population by age and sex - broad age groups,World Population Prospects,2024,United Nations Population Division,324,Guinea,GN,GIN,72,2021,4,Median,1,Male,26,15,null,15+,0,Not applicable,1,Model-based Estimates,3,Projection,3855770
70,Population by age and sex - broad age groups,Population by age and sex - broad age groups,World Population Prospects,2024,United Nations Population Division,324,Guinea,GN,GIN,72,2021,4,Median,2,Female,26,15,null,15+,0,Not applicable,1,Model-based Estimates,3,Projection,4114197.5
70,Population by age and sex - broad age groups,Population by age and sex - broad age groups,World Population Prospects,2024,United Nations Population Division,324,Guinea,GN,GIN,73,2022,4,Median,1,Male,26,15,null,15+,0,Not applicable,1,Model-based Estimates,3,Projection,3980365.5
70,Population by age and sex - broad age groups,Population by age and sex - broad age groups,World Population Prospects,2024,United Nations Population Division,324,Guinea,GN,GIN,73,2022,4,Median,2,Female,26,15,null,15+,0,Not applicable,1,Model-based Estimates,3,Projection,4232089
70,Population by age and sex - broad age groups,Population by age and sex - broad age groups,World Population Prospects,2024,United Nations Population Division,324,Guinea,GN,GIN,74,2023,4,Median,1,Male,26,15,null,15+,0,Not applicable,1,Model-based Estimates,3,Projection,4109269.5
70,Population by age and sex - broad age groups,Population by age and sex - broad age groups,World Population Prospects,2024,United Nations Population Division,324,Guinea,GN,GIN,74,2023,4,Median,2,Female,26,15,null,15+,0,Not applicable,1,Model-based Estimates,3,Projection,4354960
70,Population by age and sex - broad age groups,Population by age and sex - broad age groups,World Population Prospects,2024,United Nations Population Division,384,Côte d'Ivoire,CI,CIV,41,1990,4,Median,1,Male,26,15,null,15+,0,Not applicable,1,Model-based Estimates,2,Interpolation,3247162.5
70,Population by age and sex - broad age groups,Population by age and sex - broad age groups,World Population Prospects,2024,United Nations Population Division,384,Côte d'Ivoire,CI,CIV,41,1990,4,Median,2,Female,26,15,null,15+,0,Not applicable,1,Model-based Estimates,2,Interpolation,3118578
70,Population by age and sex - broad age groups,Population by age and sex - broad age groups,World Population Prospects,2024,United Nations Population Division,384,Côte d'Ivoire,CI,CIV,42,1991,4,Median,1,Male,26,15,null,15+,0,Not applicable,1,Model-based Estimates,2,Interpolation,3385287
70,Population by age and sex - broad age groups,Population by age and sex - broad age groups,World Population Prospects,2024,United Nations Population Division,384,Côte d'Ivoire,CI,CIV,42,1991,4,Median,2,Female,26,15,null,15+,0,Not applicable,1,Model-based Estimates,2,Interpolation,3263653
70,Population by age and sex - broad age groups,Population by age and sex - broad age groups,World Population Prospects,2024,United Nations Population Division,384,Côte d'Ivoire,CI,CIV,43,1992,4,Median,1,Male,26,15,null,15+,0,Not applicable,1,Model-based Estimates,2,Interpolation,3532277
70,Population by age and sex - broad age groups,Population by age and sex - broad age groups,World Population Prospects,2024,United Nations Population Division,384,Côte d'Ivoire,CI,CIV,43,1992,4,Median,2,Female,26,15,null,15+,0,Not applicable,1,Model-based Estimates,2,Interpolation,3417078.5
70,Population by age and sex - broad age groups,Population by age and sex - broad age groups,World Population Prospects,2024,United Nations Population Division,384,Côte d'Ivoire,CI,CIV,44,1993,4,Median,1,Male,26,15,null,15+,0,Not applicable,1,Model-based Estimates,2,Interpolation,3685981.5
70,Population by age and sex - broad age groups,Population by age and sex - broad age groups,World Population Prospects,2024,United Nations Population Division,384,Côte d'Ivoire,CI,CIV,44,1993,4,Median,2,Female,26,15,null,15+,0,Not applicable,1,Model-based Estimates,2,Interpolation,3576624.5
70,Population by age and sex - broad age groups,Population by age and sex - broad age groups,World Population Prospects,2024,United Nations Population Division,384,Côte d'Ivoire,CI,CIV,45,1994,4,Median,1,Male,26,15,null,15+,0,Not applicable,1,Model-based Estimates,2,Interpolation,3845993
70,Population by age and sex - broad age groups,Population by age and sex - broad age groups,World Population Prospects,2024,United Nations Population Division,384,Côte d'Ivoire,CI,CIV,45,1994,4,Median,2,Female,26,15,null,15+,0,Not applicable,1,Model-based Estimates,2,Interpolation,3741672.5
70,Population by age and sex - broad age groups,Population by age and sex - broad age groups,World Population Prospects,2024,United Nations Population Division,384,Côte d'Ivoire,CI,CIV,46,1995,4,Median,1,Male,26,15,null,15+,0,Not applicable,1,Model-based Estimates,2,Interpolation,4012303.5
70,Population by age and sex - broad age groups,Population by age and sex - broad age groups,World Population Prospects,2024,United Nations Population Division,384,Côte d'Ivoire,CI,CIV,46,1995,4,Median,2,Female,26,15,null,15+,0,Not applicable,1,Model-based Estimates,2,Interpolation,3912408.5
70,Population by age and sex - broad age groups,Population by age and sex - broad age groups,World Population Prospects,2024,United Nations Population Division,384,Côte d'Ivoire,CI,CIV,47,1996,4,Median,1,Male,26,15,null,15+,0,Not applicable,1,Model-based Estimates,2,Interpolation,4184086
70,Population by age and sex - broad age groups,Population by age and sex - broad age groups,World Population Prospects,2024,United Nations Population Division,384,Côte d'Ivoire,CI,CIV,47,1996,4,Median,2,Female,26,15,null,15+,0,Not applicable,1,Model-based Estimates,2,Interpolation,4088139.5
70,Population by age and sex - broad age groups,Population by age and sex - broad age groups,World Population Prospects,2024,United Nations Population Division,384,Côte d'Ivoire,CI,CIV,48,1997,4,Median,1,Male,26,15,null,15+,0,Not applicable,1,Model-based Estimates,2,Interpolation,4360840.5
70,Population by age and sex - broad age groups,Population by age and sex - broad age groups,World Population Prospects,2024,United Nations Population Division,384,Côte d'Ivoire,CI,CIV,48,1997,4,Median,2,Female,26,15,null,15+,0,Not applicable,1,Model-based Estimates,2,Interpolation,4268201.5
70,Population by age and sex - broad age groups,Population by age and sex - broad age groups,World Population Prospects,2024,United Nations Population Division,384,Côte d'Ivoire,CI,CIV,49,1998,4,Median,1,Male,26,15,null,15+,0,Not applicable,1,Model-based Estimates,2,Interpolation,4539681
70,Population by age and sex - broad age groups,Population by age and sex - broad age groups,World Population Prospects,2024,United Nations Population Division,384,Côte d'Ivoire,CI,CIV,49,1998,4,Median,2,Female,26,15,null,15+,0,Not applicable,1,Model-based Estimates,2,Interpolation,4449294
70,Population by age and sex - broad age groups,Population by age and sex - broad age groups,World Population Prospects,2024,United Nations Population Division,384,Côte d'Ivoire,CI,CIV,50,1999,4,Median,1,Male,26,15,null,15+,0,Not applicable,1,Model-based Estimates,2,Interpolation,4692260
70,Population by age and sex - broad age groups,Population by age and sex - broad age groups,World Population Prospects,2024,United Nations Population Division,384,Côte d'Ivoire,CI,CIV,50,1999,4,Median,2,Female,26,15,null,15+,0,Not applicable,1,Model-based Estimates,2,Interpolation,4605130
70,Population by age and sex - broad age groups,Population by age and sex - broad age groups,World Population Prospects,2024,United Nations Population Division,384,Côte d'Ivoire,CI,CIV,51,2000,4,Median,1,Male,26,15,null,15+,0,Not applicable,1,Model-based Estimates,2,Interpolation,4816354.5
70,Population by age and sex - broad age groups,Population by age and sex - broad age groups,World Population Prospects,2024,United Nations Population Division,384,Côte d'Ivoire,CI,CIV,51,2000,4,Median,2,Female,26,15,null,15+,0,Not applicable,1,Model-based Estimates,2,Interpolation,4734358.5
70,Population by age and sex - broad age groups,Population by age and sex - broad age groups,World Population Prospects,2024,United Nations Population Division,384,Côte d'Ivoire,CI,CIV,52,2001,4,Median,1,Male,26,15,null,15+,0,Not applicable,1,Model-based Estimates,2,Interpolation,4937469.5
70,Population by age and sex - broad age groups,Population by age and sex - broad age groups,World Population Prospects,2024,United Nations Population Division,384,Côte d'Ivoire,CI,CIV,52,2001,4,Median,2,Female,26,15,null,15+,0,Not applicable,1,Model-based Estimates,2,Interpolation,4860328.5
70,Population by age and sex - broad age groups,Population by age and sex - broad age groups,World Population Prospects,2024,United Nations Population Division,384,Côte d'Ivoire,CI,CIV,53,2002,4,Median,1,Male,26,15,null,15+,0,Not applicable,1,Model-based Estimates,2,Interpolation,5057630.5
70,Population by age and sex - broad age groups,Population by age and sex - broad age groups,World Population Prospects,2024,United Nations Population Division,384,Côte d'Ivoire,CI,CIV,53,2002,4,Median,2,Female,26,15,null,15+,0,Not applicable,1,Model-based Estimates,2,Interpolation,4984640.5
70,Population by age and sex - broad age groups,Population by age and sex - broad age groups,World Population Prospects,2024,United Nations Population Division,384,Côte d'Ivoire,CI,CIV,54,2003,4,Median,1,Male,26,15,null,15+,0,Not applicable,1,Model-based Estimates,2,Interpolation,5176371
70,Population by age and sex - broad age groups,Population by age and sex - broad age groups,World Population Prospects,2024,United Nations Population Division,384,Côte d'Ivoire,CI,CIV,54,2003,4,Median,2,Female,26,15,null,15+,0,Not applicable,1,Model-based Estimates,2,Interpolation,5107039.5
70,Population by age and sex - broad age groups,Population by age and sex - broad age groups,World Population Prospects,2024,United Nations Population Division,384,Côte d'Ivoire,CI,CIV,55,2004,4,Median,1,Male,26,15,null,15+,0,Not applicable,1,Model-based Estimates,2,Interpolation,5294986
70,Population by age and sex - broad age groups,Population by age and sex - broad age groups,World Population Prospects,2024,United Nations Population Division,384,Côte d'Ivoire,CI,CIV,55,2004,4,Median,2,Female,26,15,null,15+,0,Not applicable,1,Model-based Estimates,2,Interpolation,5229554.5
70,Population by age and sex - broad age groups,Population by age and sex - broad age groups,World Population Prospects,2024,United Nations Population Division,384,Côte d'Ivoire,CI,CIV,56,2005,4,Median,1,Male,26,15,null,15+,0,Not applicable,1,Model-based Estimates,2,Interpolation,5415851.5
70,Population by age and sex - broad age groups,Population by age and sex - broad age groups,World Population Prospects,2024,United Nations Population Division,384,Côte d'Ivoire,CI,CIV,56,2005,4,Median,2,Female,26,15,null,15+,0,Not applicable,1,Model-based Estimates,2,Interpolation,5355143
70,Population by age and sex - broad age groups,Population by age and sex - broad age groups,World Population Prospects,2024,United Nations Population Division,384,Côte d'Ivoire,CI,CIV,57,2006,4,Median,1,Male,26,15,null,15+,0,Not applicable,1,Model-based Estimates,2,Interpolation,5539637.5
70,Population by age and sex - broad age groups,Population by age and sex - broad age groups,World Population Prospects,2024,United Nations Population Division,384,Côte d'Ivoire,CI,CIV,57,2006,4,Median,2,Female,26,15,null,15+,0,Not applicable,1,Model-based Estimates,2,Interpolation,5483729
70,Population by age and sex - broad age groups,Population by age and sex - broad age groups,World Population Prospects,2024,United Nations Population Division,384,Côte d'Ivoire,CI,CIV,58,2007,4,Median,1,Male,26,15,null,15+,0,Not applicable,1,Model-based Estimates,2,Interpolation,5666627.5
70,Population by age and sex - broad age groups,Population by age and sex - broad age groups,World Population Prospects,2024,United Nations Population Division,384,Côte d'Ivoire,CI,CIV,58,2007,4,Median,2,Female,26,15,null,15+,0,Not applicable,1,Model-based Estimates,2,Interpolation,5615632
70,Population by age and sex - broad age groups,Population by age and sex - broad age groups,World Population Prospects,2024,United Nations Population Division,384,Côte d'Ivoire,CI,CIV,59,2008,4,Median,1,Male,26,15,null,15+,0,Not applicable,1,Model-based Estimates,2,Interpolation,5863931
70,Population by age and sex - broad age groups,Population by age and sex - broad age groups,World Population Prospects,2024,United Nations Population Division,384,Côte d'Ivoire,CI,CIV,59,2008,4,Median,2,Female,26,15,null,15+,0,Not applicable,1,Model-based Estimates,2,Interpolation,5791238.5
70,Population by age and sex - broad age groups,Population by age and sex - broad age groups,World Population Prospects,2024,United Nations Population Division,384,Côte d'Ivoire,CI,CIV,60,2009,4,Median,1,Male,26,15,null,15+,0,Not applicable,1,Model-based Estimates,2,Interpolation,6125944
70,Population by age and sex - broad age groups,Population by age and sex - broad age groups,World Population Prospects,2024,United Nations Population Division,384,Côte d'Ivoire,CI,CIV,60,2009,4,Median,2,Female,26,15,null,15+,0,Not applicable,1,Model-based Estimates,2,Interpolation,6005397
70,Population by age and sex - broad age groups,Population by age and sex - broad age groups,World Population Prospects,2024,United Nations Population Division,384,Côte d'Ivoire,CI,CIV,61,2010,4,Median,1,Male,26,15,null,15+,0,Not applicable,1,Model-based Estimates,2,Interpolation,6380078.5
70,Population by age and sex - broad age groups,Population by age and sex - broad age groups,World Population Prospects,2024,United Nations Population Division,384,Côte d'Ivoire,CI,CIV,61,2010,4,Median,2,Female,26,15,null,15+,0,Not applicable,1,Model-based Estimates,2,Interpolation,6212797.5
70,Population by age and sex - broad age groups,Population by age and sex - broad age groups,World Population Prospects,2024,United Nations Population Division,384,Côte d'Ivoire,CI,CIV,62,2011,4,Median,1,Male,26,15,null,15+,0,Not applicable,1,Model-based Estimates,2,Interpolation,6624844
70,Population by age and sex - broad age groups,Population by age and sex - broad age groups,World Population Prospects,2024,United Nations Population Division,384,Côte d'Ivoire,CI,CIV,62,2011,4,Median,2,Female,26,15,null,15+,0,Not applicable,1,Model-based Estimates,2,Interpolation,6409909.5
70,Population by age and sex - broad age groups,Population by age and sex - broad age groups,World Population Prospects,2024,United Nations Population Division,384,Côte d'Ivoire,CI,CIV,63,2012,4,Median,1,Male,26,15,null,15+,0,Not applicable,1,Model-based Estimates,2,Interpolation,6859459
70,Population by age and sex - broad age groups,Population by age and sex - broad age groups,World Population Prospects,2024,United Nations Population Division,384,Côte d'Ivoire,CI,CIV,63,2012,4,Median,2,Female,26,15,null,15+,0,Not applicable,1,Model-based Estimates,2,Interpolation,6591986
70,Population by age and sex - broad age groups,Population by age and sex - broad age groups,World Population Prospects,2024,United Nations Population Division,384,Côte d'Ivoire,CI,CIV,64,2013,4,Median,1,Male,26,15,null,15+,0,Not applicable,1,Model-based Estimates,2,Interpolation,7089690.5
70,Population by age and sex - broad age groups,Population by age and sex - broad age groups,World Population Prospects,2024,United Nations Population Division,384,Côte d'Ivoire,CI,CIV,64,2013,4,Median,2,Female,26,15,null,15+,0,Not applicable,1,Model-based Estimates,2,Interpolation,6758863
70,Population by age and sex - broad age groups,Population by age and sex - broad age groups,World Population Prospects,2024,United Nations Population Division,384,Côte d'Ivoire,CI,CIV,65,2014,4,Median,1,Male,26,15,null,15+,0,Not applicable,1,Model-based Estimates,2,Interpolation,7296063.5
70,Population by age and sex - broad age groups,Population by age and sex - broad age groups,World Population Prospects,2024,United Nations Population Division,384,Côte d'Ivoire,CI,CIV,65,2014,4,Median,2,Female,26,15,null,15+,0,Not applicable,1,Model-based Estimates,2,Interpolation,6923435.5
70,Population by age and sex - broad age groups,Population by age and sex - broad age groups,World Population Prospects,2024,United Nations Population Division,384,Côte d'Ivoire,CI,CIV,66,2015,4,Median,1,Male,26,15,null,15+,0,Not applicable,1,Model-based Estimates,2,Interpolation,7486207
70,Population by age and sex - broad age groups,Population by age and sex - broad age groups,World Population Prospects,2024,United Nations Population Division,384,Côte d'Ivoire,CI,CIV,66,2015,4,Median,2,Female,26,15,null,15+,0,Not applicable,1,Model-based Estimates,2,Interpolation,7100241.5
70,Population by age and sex - broad age groups,Population by age and sex - broad age groups,World Population Prospects,2024,United Nations Population Division,384,Côte d'Ivoire,CI,CIV,67,2016,4,Median,1,Male,26,15,null,15+,0,Not applicable,1,Model-based Estimates,2,Interpolation,7691325.5
70,Population by age and sex - broad age groups,Population by age and sex - broad age groups,World Population Prospects,2024,United Nations Population Division,384,Côte d'Ivoire,CI,CIV,67,2016,4,Median,2,Female,26,15,null,15+,0,Not applicable,1,Model-based Estimates,2,Interpolation,7292090
70,Population by age and sex - broad age groups,Population by age and sex - broad age groups,World Population Prospects,2024,United Nations Population Division,384,Côte d'Ivoire,CI,CIV,68,2017,4,Median,1,Male,26,15,null,15+,0,Not applicable,1,Model-based Estimates,2,Interpolation,7903990
70,Population by age and sex - broad age groups,Population by age and sex - broad age groups,World Population Prospects,2024,United Nations Population Division,384,Côte d'Ivoire,CI,CIV,68,2017,4,Median,2,Female,26,15,null,15+,0,Not applicable,1,Model-based Estimates,2,Interpolation,7492578
70,Population by age and sex - broad age groups,Population by age and sex - broad age groups,World Population Prospects,2024,United Nations Population Division,384,Côte d'Ivoire,CI,CIV,69,2018,4,Median,1,Male,26,15,null,15+,0,Not applicable,1,Model-based Estimates,2,Interpolation,8122553.5
70,Population by age and sex - broad age groups,Population by age and sex - broad age groups,World Population Prospects,2024,United Nations Population Division,384,Côte d'Ivoire,CI,CIV,69,2018,4,Median,2,Female,26,15,null,15+,0,Not applicable,1,Model-based Estimates,2,Interpolation,7701604.5
70,Population by age and sex - broad age groups,Population by age and sex - broad age groups,World Population Prospects,2024,United Nations Population Division,384,Côte d'Ivoire,CI,CIV,70,2019,4,Median,1,Male,26,15,null,15+,0,Not applicable,1,Model-based Estimates,2,Interpolation,8346915
70,Population by age and sex - broad age groups,Population by age and sex - broad age groups,World Population Prospects,2024,United Nations Population Division,384,Côte d'Ivoire,CI,CIV,70,2019,4,Median,2,Female,26,15,null,15+,0,Not applicable,1,Model-based Estimates,2,Interpolation,7921056
70,Population by age and sex - broad age groups,Population by age and sex - broad age groups,World Population Prospects,2024,United Nations Population Division,384,Côte d'Ivoire,CI,CIV,71,2020,4,Median,1,Male,26,15,null,15+,0,Not applicable,1,Model-based Estimates,2,Interpolation,8571710.5
70,Population by age and sex - broad age groups,Population by age and sex - broad age groups,World Population Prospects,2024,United Nations Population Division,384,Côte d'Ivoire,CI,CIV,71,2020,4,Median,2,Female,26,15,null,15+,0,Not applicable,1,Model-based Estimates,2,Interpolation,8147025
70,Population by age and sex - broad age groups,Population by age and sex - broad age groups,World Population Prospects,2024,United Nations Population Division,384,Côte d'Ivoire,CI,CIV,72,2021,4,Median,1,Male,26,15,null,15+,0,Not applicable,1,Model-based Estimates,2,Interpolation,8809105.5
70,Population by age and sex - broad age groups,Population by age and sex - broad age groups,World Population Prospects,2024,United Nations Population Division,384,Côte d'Ivoire,CI,CIV,72,2021,4,Median,2,Female,26,15,null,15+,0,Not applicable,1,Model-based Estimates,2,Interpolation,8387903.5
70,Population by age and sex - broad age groups,Population by age and sex - broad age groups,World Population Prospects,2024,United Nations Population Division,384,Côte d'Ivoire,CI,CIV,73,2022,4,Median,1,Male,26,15,null,15+,0,Not applicable,1,Model-based Estimates,3,Projection,9075399.5
70,Population by age and sex - broad age groups,Population by age and sex - broad age groups,World Population Prospects,2024,United Nations Population Division,384,Côte d'Ivoire,CI,CIV,73,2022,4,Median,2,Female,26,15,null,15+,0,Not applicable,1,Model-based Estimates,3,Projection,8656232
70,Population by age and sex - broad age groups,Population by age and sex - broad age groups,World Population Prospects,2024,United Nations Population Division,384,Côte d'Ivoire,CI,CIV,74,2023,4,Median,1,Male,26,15,null,15+,0,Not applicable,1,Model-based Estimates,3,Projection,9359874
70,Population by age and sex - broad age groups,Population by age and sex - broad age groups,World Population Prospects,2024,United Nations Population Division,384,Côte d'Ivoire,CI,CIV,74,2023,4,Median,2,Female,26,15,null,15+,0,Not applicable,1,Model-based Estimates,3,Projection,8941712.5
70,Population by age and sex - broad age groups,Population by age and sex - broad age groups,World Population Prospects,2024,United Nations Population Division,404,Kenya,KE,KEN,41,1990,4,Median,1,Male,26,15,null,15+,0,Not applicable,1,Model-based Estimates,2,Interpolation,5697454
70,Population by age and sex - broad age groups,Population by age and sex - broad age groups,World Population Prospects,2024,United Nations Population Division,404,Kenya,KE,KEN,41,1990,4,Median,2,Female,26,15,null,15+,0,Not applicable,1,Model-based Estimates,2,Interpolation,5932605.5
70,Population by age and sex - broad age groups,Population by age and sex - broad age groups,World Population Prospects,2024,United Nations Population Division,404,Kenya,KE,KEN,42,1991,4,Median,1,Male,26,15,null,15+,0,Not applicable,1,Model-based Estimates,2,Interpolation,5917983.5
70,Population by age and sex - broad age groups,Population by age and sex - broad age groups,World Population Prospects,2024,United Nations Population Division,404,Kenya,KE,KEN,42,1991,4,Median,2,Female,26,15,null,15+,0,Not applicable,1,Model-based Estimates,2,Interpolation,6156620
70,Population by age and sex - broad age groups,Population by age and sex - broad age groups,World Population Prospects,2024,United Nations Population Division,404,Kenya,KE,KEN,43,1992,4,Median,1,Male,26,15,null,15+,0,Not applicable,1,Model-based Estimates,2,Interpolation,6136957
70,Population by age and sex - broad age groups,Population by age and sex - broad age groups,World Population Prospects,2024,United Nations Population Division,404,Kenya,KE,KEN,43,1992,4,Median,2,Female,26,15,null,15+,0,Not applicable,1,Model-based Estimates,2,Interpolation,6379028.5
70,Population by age and sex - broad age groups,Population by age and sex - broad age groups,World Population Prospects,2024,United Nations Population Division,404,Kenya,KE,KEN,44,1993,4,Median,1,Male,26,15,null,15+,0,Not applicable,1,Model-based Estimates,2,Interpolation,6361659.5
70,Population by age and sex - broad age groups,Population by age and sex - broad age groups,World Population Prospects,2024,United Nations Population Division,404,Kenya,KE,KEN,44,1993,4,Median,2,Female,26,15,null,15+,0,Not applicable,1,Model-based Estimates,2,Interpolation,6606530.5
70,Population by age and sex - broad age groups,Population by age and sex - broad age groups,World Population Prospects,2024,United Nations Population Division,404,Kenya,KE,KEN,45,1994,4,Median,1,Male,26,15,null,15+,0,Not applicable,1,Model-based Estimates,2,Interpolation,6594407
70,Population by age and sex - broad age groups,Population by age and sex - broad age groups,World Population Prospects,2024,United Nations Population Division,404,Kenya,KE,KEN,45,1994,4,Median,2,Female,26,15,null,15+,0,Not applicable,1,Model-based Estimates,2,Interpolation,6839911
70,Population by age and sex - broad age groups,Population by age and sex - broad age groups,World Population Prospects,2024,United Nations Population Division,404,Kenya,KE,KEN,46,1995,4,Median,1,Male,26,15,null,15+,0,Not applicable,1,Model-based Estimates,2,Interpolation,6831927
70,Population by age and sex - broad age groups,Population by age and sex - broad age groups,World Population Prospects,2024,United Nations Population Division,404,Kenya,KE,KEN,46,1995,4,Median,2,Female,26,15,null,15+,0,Not applicable,1,Model-based Estimates,2,Interpolation,7075229.5
70,Population by age and sex - broad age groups,Population by age and sex - broad age groups,World Population Prospects,2024,United Nations Population Division,404,Kenya,KE,KEN,47,1996,4,Median,1,Male,26,15,null,15+,0,Not applicable,1,Model-based Estimates,2,Interpolation,7070413.5
70,Population by age and sex - broad age groups,Population by age and sex - broad age groups,World Population Prospects,2024,United Nations Population Division,404,Kenya,KE,KEN,47,1996,4,Median,2,Female,26,15,null,15+,0,Not applicable,1,Model-based Estimates,2,Interpolation,7308196.5
70,Population by age and sex - broad age groups,Population by age and sex - broad age groups,World Population Prospects,2024,United Nations Population Division,404,Kenya,KE,KEN,48,1997,4,Median,1,Male,26,15,null,15+,0,Not applicable,1,Model-based Estimates,2,Interpolation,7316785.5
70,Population by age and sex - broad age groups,Population by age and sex - broad age groups,World Population Prospects,2024,United Nations Population Division,404,Kenya,KE,KEN,48,1997,4,Median,2,Female,26,15,null,15+,0,Not applicable,1,Model-based Estimates,2,Interpolation,7546991.5
70,Population by age and sex - broad age groups,Population by age and sex - broad age groups,World Population Prospects,2024,United Nations Population Division,404,Kenya,KE,KEN,49,1998,4,Median,1,Male,26,15,null,15+,0,Not applicable,1,Model-based Estimates,2,Interpolation,7572529.5
70,Population by age and sex - broad age groups,Population by age and sex - broad age groups,World Population Prospects,2024,United Nations Population Division,404,Kenya,KE,KEN,49,1998,4,Median,2,Female,26,15,null,15+,0,Not applicable,1,Model-based Estimates,2,Interpolation,7795283
70,Population by age and sex - broad age groups,Population by age and sex - broad age groups,World Population Prospects,2024,United Nations Population Division,404,Kenya,KE,KEN,50,1999,4,Median,1,Male,26,15,null,15+,0,Not applicable,1,Model-based Estimates,2,Interpolation,7851906.5
70,Population by age and sex - broad age groups,Population by age and sex - broad age groups,World Population Prospects,2024,United Nations Population Division,404,Kenya,KE,KEN,50,1999,4,Median,2,Female,26,15,null,15+,0,Not applicable,1,Model-based Estimates,2,Interpolation,8067543
70,Population by age and sex - broad age groups,Population by age and sex - broad age groups,World Population Prospects,2024,United Nations Population Division,404,Kenya,KE,KEN,51,2000,4,Median,1,Male,26,15,null,15+,0,Not applicable,1,Model-based Estimates,2,Interpolation,8157622
70,Population by age and sex - broad age groups,Population by age and sex - broad age groups,World Population Prospects,2024,United Nations Population Division,404,Kenya,KE,KEN,51,2000,4,Median,2,Female,26,15,null,15+,0,Not applicable,1,Model-based Estimates,2,Interpolation,8365723.5
70,Population by age and sex - broad age groups,Population by age and sex - broad age groups,World Population Prospects,2024,United Nations Population Division,404,Kenya,KE,KEN,52,2001,4,Median,1,Male,26,15,null,15+,0,Not applicable,1,Model-based Estimates,2,Interpolation,8487893.5
70,Population by age and sex - broad age groups,Population by age and sex - broad age groups,World Population Prospects,2024,United Nations Population Division,404,Kenya,KE,KEN,52,2001,4,Median,2,Female,26,15,null,15+,0,Not applicable,1,Model-based Estimates,2,Interpolation,8688458
70,Population by age and sex - broad age groups,Population by age and sex - broad age groups,World Population Prospects,2024,United Nations Population Division,404,Kenya,KE,KEN,53,2002,4,Median,1,Male,26,15,null,15+,0,Not applicable,1,Model-based Estimates,2,Interpolation,8827456.5
70,Population by age and sex - broad age groups,Population by age and sex - broad age groups,World Population Prospects,2024,United Nations Population Division,404,Kenya,KE,KEN,53,2002,4,Median,2,Female,26,15,null,15+,0,Not applicable,1,Model-based Estimates,2,Interpolation,9021733
70,Population by age and sex - broad age groups,Population by age and sex - broad age groups,World Population Prospects,2024,United Nations Population Division,404,Kenya,KE,KEN,54,2003,4,Median,1,Male,26,15,null,15+,0,Not applicable,1,Model-based Estimates,2,Interpolation,9166916
70,Population by age and sex - broad age groups,Population by age and sex - broad age groups,World Population Prospects,2024,United Nations Population Division,404,Kenya,KE,KEN,54,2003,4,Median,2,Female,26,15,null,15+,0,Not applicable,1,Model-based Estimates,2,Interpolation,9355449.5
70,Population by age and sex - broad age groups,Population by age and sex - broad age groups,World Population Prospects,2024,United Nations Population Division,404,Kenya,KE,KEN,55,2004,4,Median,1,Male,26,15,null,15+,0,Not applicable,1,Model-based Estimates,2,Interpolation,9517074.5
70,Population by age and sex - broad age groups,Population by age and sex - broad age groups,World Population Prospects,2024,United Nations Population Division,404,Kenya,KE,KEN,55,2004,4,Median,2,Female,26,15,null,15+,0,Not applicable,1,Model-based Estimates,2,Interpolation,9700419.5
70,Population by age and sex - broad age groups,Population by age and sex - broad age groups,World Population Prospects,2024,United Nations Population Division,404,Kenya,KE,KEN,56,2005,4,Median,1,Male,26,15,null,15+,0,Not applicable,1,Model-based Estimates,2,Interpolation,9866863.5
70,Population by age and sex - broad age groups,Population by age and sex - broad age groups,World Population Prospects,2024,United Nations Population Division,404,Kenya,KE,KEN,56,2005,4,Median,2,Female,26,15,null,15+,0,Not applicable,1,Model-based Estimates,2,Interpolation,10046536
70,Population by age and sex - broad age groups,Population by age and sex - broad age groups,World Population Prospects,2024,United Nations Population Division,404,Kenya,KE,KEN,57,2006,4,Median,1,Male,26,15,null,15+,0,Not applicable,1,Model-based Estimates,2,Interpolation,10215284.5
70,Population by age and sex - broad age groups,Population by age and sex - broad age groups,World Population Prospects,2024,United Nations Population Division,404,Kenya,KE,KEN,57,2006,4,Median,2,Female,26,15,null,15+,0,Not applicable,1,Model-based Estimates,2,Interpolation,10393156.5
70,Population by age and sex - broad age groups,Population by age and sex - broad age groups,World Population Prospects,2024,United Nations Population Division,404,Kenya,KE,KEN,58,2007,4,Median,1,Male,26,15,null,15+,0,Not applicable,1,Model-based Estimates,2,Interpolation,10560194
70,Population by age and sex - broad age groups,Population by age and sex - broad age groups,World Population Prospects,2024,United Nations Population Division,404,Kenya,KE,KEN,58,2007,4,Median,2,Female,26,15,null,15+,0,Not applicable,1,Model-based Estimates,2,Interpolation,10739199
70,Population by age and sex - broad age groups,Population by age and sex - broad age groups,World Population Prospects,2024,United Nations Population Division,404,Kenya,KE,KEN,59,2008,4,Median,1,Male,26,15,null,15+,0,Not applicable,1,Model-based Estimates,2,Interpolation,10909631.5
70,Population by age and sex - broad age groups,Population by age and sex - broad age groups,World Population Prospects,2024,United Nations Population Division,404,Kenya,KE,KEN,59,2008,4,Median,2,Female,26,15,null,15+,0,Not applicable,1,Model-based Estimates,2,Interpolation,11092405.5
70,Population by age and sex - broad age groups,Population by age and sex - broad age groups,World Population Prospects,2024,United Nations Population Division,404,Kenya,KE,KEN,60,2009,4,Median,1,Male,26,15,null,15+,0,Not applicable,1,Model-based Estimates,2,Interpolation,11268600.5
70,Population by age and sex - broad age groups,Population by age and sex - broad age groups,World Population Prospects,2024,United Nations Population Division,404,Kenya,KE,KEN,60,2009,4,Median,2,Female,26,15,null,15+,0,Not applicable,1,Model-based Estimates,2,Interpolation,11456430.5
70,Population by age and sex - broad age groups,Population by age and sex - broad age groups,World Population Prospects,2024,United Nations Population Division,404,Kenya,KE,KEN,61,2010,4,Median,1,Male,26,15,null,15+,0,Not applicable,1,Model-based Estimates,2,Interpolation,11628082
70,Population by age and sex - broad age groups,Population by age and sex - broad age groups,World Population Prospects,2024,United Nations Population Division,404,Kenya,KE,KEN,61,2010,4,Median,2,Female,26,15,null,15+,0,Not applicable,1,Model-based Estimates,2,Interpolation,11822767
70,Population by age and sex - broad age groups,Population by age and sex - broad age groups,World Population Prospects,2024,United Nations Population Division,404,Kenya,KE,KEN,62,2011,4,Median,1,Male,26,15,null,15+,0,Not applicable,1,Model-based Estimates,2,Interpolation,11991821
70,Population by age and sex - broad age groups,Population by age and sex - broad age groups,World Population Prospects,2024,United Nations Population Division,404,Kenya,KE,KEN,62,2011,4,Median,2,Female,26,15,null,15+,0,Not applicable,1,Model-based Estimates,2,Interpolation,12196419
70,Population by age and sex - broad age groups,Population by age and sex - broad age groups,World Population Prospects,2024,United Nations Population Division,404,Kenya,KE,KEN,63,2012,4,Median,1,Male,26,15,null,15+,0,Not applicable,1,Model-based Estimates,2,Interpolation,12362130.5
70,Population by age and sex - broad age groups,Population by age and sex - broad age groups,World Population Prospects,2024,United Nations Population Division,404,Kenya,KE,KEN,63,2012,4,Median,2,Female,26,15,null,15+,0,Not applicable,1,Model-based Estimates,2,Interpolation,12579212.5
70,Population by age and sex - broad age groups,Population by age and sex - broad age groups,World Population Prospects,2024,United Nations Population Division,404,Kenya,KE,KEN,64,2013,4,Median,1,Male,26,15,null,15+,0,Not applicable,1,Model-based Estimates,2,Interpolation,12741723
70,Population by age and sex - broad age groups,Population by age and sex - broad age groups,World Population Prospects,2024,United Nations Population Division,404,Kenya,KE,KEN,64,2013,4,Median,2,Female,26,15,null,15+,0,Not applicable,1,Model-based Estimates,2,Interpolation,12973164
70,Population by age and sex - broad age groups,Population by age and sex - broad age groups,World Population Prospects,2024,United Nations Population Division,404,Kenya,KE,KEN,65,2014,4,Median,1,Male,26,15,null,15+,0,Not applicable,1,Model-based Estimates,2,Interpolation,13128874.5
70,Population by age and sex - broad age groups,Population by age and sex - broad age groups,World Population Prospects,2024,United Nations Population Division,404,Kenya,KE,KEN,65,2014,4,Median,2,Female,26,15,null,15+,0,Not applicable,1,Model-based Estimates,2,Interpolation,13376764.5
70,Population by age and sex - broad age groups,Population by age and sex - broad age groups,World Population Prospects,2024,United Nations Population Division,404,Kenya,KE,KEN,66,2015,4,Median,1,Male,26,15,null,15+,0,Not applicable,1,Model-based Estimates,2,Interpolation,13522631
70,Population by age and sex - broad age groups,Population by age and sex - broad age groups,World Population Prospects,2024,United Nations Population Division,404,Kenya,KE,KEN,66,2015,4,Median,2,Female,26,15,null,15+,0,Not applicable,1,Model-based Estimates,2,Interpolation,13789215
70,Population by age and sex - broad age groups,Population by age and sex - broad age groups,World Population Prospects,2024,United Nations Population Division,404,Kenya,KE,KEN,67,2016,4,Median,1,Male,26,15,null,15+,0,Not applicable,1,Model-based Estimates,2,Interpolation,13932093.5
70,Population by age and sex - broad age groups,Population by age and sex - broad age groups,World Population Prospects,2024,United Nations Population Division,404,Kenya,KE,KEN,67,2016,4,Median,2,Female,26,15,null,15+,0,Not applicable,1,Model-based Estimates,2,Interpolation,14218252
70,Population by age and sex - broad age groups,Population by age and sex - broad age groups,World Population Prospects,2024,United Nations Population Division,404,Kenya,KE,KEN,68,2017,4,Median,1,Male,26,15,null,15+,0,Not applicable,1,Model-based Estimates,2,Interpolation,14356743
70,Population by age and sex - broad age groups,Population by age and sex - broad age groups,World Population Prospects,2024,United Nations Population Division,404,Kenya,KE,KEN,68,2017,4,Median,2,Female,26,15,null,15+,0,Not applicable,1,Model-based Estimates,2,Interpolation,14663246.5
70,Population by age and sex - broad age groups,Population by age and sex - broad age groups,World Population Prospects,2024,United Nations Population Division,404,Kenya,KE,KEN,69,2018,4,Median,1,Male,26,15,null,15+,0,Not applicable,1,Model-based Estimates,2,Interpolation,14784108
70,Population by age and sex - broad age groups,Population by age and sex - broad age groups,World Population Prospects,2024,United Nations Population Division,404,Kenya,KE,KEN,69,2018,4,Median,2,Female,26,15,null,15+,0,Not applicable,1,Model-based Estimates,2,Interpolation,15112745.5
70,Population by age and sex - broad age groups,Population by age and sex - broad age groups,World Population Prospects,2024,United Nations Population Division,404,Kenya,KE,KEN,70,2019,4,Median,1,Male,26,15,null,15+,0,Not applicable,1,Model-based Estimates,2,Interpolation,15219126.5
70,Population by age and sex - broad age groups,Population by age and sex - broad age groups,World Population Prospects,2024,United Nations Population Division,404,Kenya,KE,KEN,70,2019,4,Median,2,Female,26,15,null,15+,0,Not applicable,1,Model-based Estimates,2,Interpolation,15569702.5
70,Population by age and sex - broad age groups,Population by age and sex - broad age groups,World Population Prospects,2024,United Nations Population Division,404,Kenya,KE,KEN,71,2020,4,Median,1,Male,26,15,null,15+,0,Not applicable,1,Model-based Estimates,3,Projection,15664496.5
70,Population by age and sex - broad age groups,Population by age and sex - broad age groups,World Population Prospects,2024,United Nations Population Division,404,Kenya,KE,KEN,71,2020,4,Median,2,Female,26,15,null,15+,0,Not applicable,1,Model-based Estimates,3,Projection,16039691.5
70,Population by age and sex - broad age groups,Population by age and sex - broad age groups,World Population Prospects,2024,United Nations Population Division,404,Kenya,KE,KEN,72,2021,4,Median,1,Male,26,15,null,15+,0,Not applicable,1,Model-based Estimates,3,Projection,16113992.5
70,Population by age and sex - broad age groups,Population by age and sex - broad age groups,World Population Prospects,2024,United Nations Population Division,404,Kenya,KE,KEN,72,2021,4,Median,2,Female,26,15,null,15+,0,Not applicable,1,Model-based Estimates,3,Projection,16516025.5
70,Population by age and sex - broad age groups,Population by age and sex - broad age groups,World Population Prospects,2024,United Nations Population Division,404,Kenya,KE,KEN,73,2022,4,Median,1,Male,26,15,null,15+,0,Not applicable,1,Model-based Estimates,3,Projection,16586484.5
70,Population by age and sex - broad age groups,Population by age and sex - broad age groups,World Population Prospects,2024,United Nations Population Division,404,Kenya,KE,KEN,73,2022,4,Median,2,Female,26,15,null,15+,0,Not applicable,1,Model-based Estimates,3,Projection,17011388.5
70,Population by age and sex - broad age groups,Population by age and sex - broad age groups,World Population Prospects,2024,United Nations Population Division,404,Kenya,KE,KEN,74,2023,4,Median,1,Male,26,15,null,15+,0,Not applicable,1,Model-based Estimates,3,Projection,17085942.5
70,Population by age and sex - broad age groups,Population by age and sex - broad age groups,World Population Prospects,2024,United Nations Population Division,404,Kenya,KE,KEN,74,2023,4,Median,2,Female,26,15,null,15+,0,Not applicable,1,Model-based Estimates,3,Projection,17530191.5
70,Population by age and sex - broad age groups,Population by age and sex - broad age groups,World Population Prospects,2024,United Nations Population Division,426,Lesotho,LS,LSO,41,1990,4,Median,1,Male,26,15,null,15+,0,Not applicable,1,Model-based Estimates,2,Interpolation,494418.5
70,Population by age and sex - broad age groups,Population by age and sex - broad age groups,World Population Prospects,2024,United Nations Population Division,426,Lesotho,LS,LSO,41,1990,4,Median,2,Female,26,15,null,15+,0,Not applicable,1,Model-based Estimates,2,Interpolation,538726
70,Population by age and sex - broad age groups,Population by age and sex - broad age groups,World Population Prospects,2024,United Nations Population Division,426,Lesotho,LS,LSO,42,1991,4,Median,1,Male,26,15,null,15+,0,Not applicable,1,Model-based Estimates,2,Interpolation,503265
70,Population by age and sex - broad age groups,Population by age and sex - broad age groups,World Population Prospects,2024,United Nations Population Division,426,Lesotho,LS,LSO,42,1991,4,Median,2,Female,26,15,null,15+,0,Not applicable,1,Model-based Estimates,2,Interpolation,548875
70,Population by age and sex - broad age groups,Population by age and sex - broad age groups,World Population Prospects,2024,United Nations Population Division,426,Lesotho,LS,LSO,43,1992,4,Median,1,Male,26,15,null,15+,0,Not applicable,1,Model-based Estimates,2,Interpolation,512314.5
70,Population by age and sex - broad age groups,Population by age and sex - broad age groups,World Population Prospects,2024,United Nations Population Division,426,Lesotho,LS,LSO,43,1992,4,Median,2,Female,26,15,null,15+,0,Not applicable,1,Model-based Estimates,2,Interpolation,559388.5
70,Population by age and sex - broad age groups,Population by age and sex - broad age groups,World Population Prospects,2024,United Nations Population Division,426,Lesotho,LS,LSO,44,1993,4,Median,1,Male,26,15,null,15+,0,Not applicable,1,Model-based Estimates,2,Interpolation,521466
70,Population by age and sex - broad age groups,Population by age and sex - broad age groups,World Population Prospects,2024,United Nations Population Division,426,Lesotho,LS,LSO,44,1993,4,Median,2,Female,26,15,null,15+,0,Not applicable,1,Model-based Estimates,2,Interpolation,570149.5
70,Population by age and sex - broad age groups,Population by age and sex - broad age groups,World Population Prospects,2024,United Nations Population Division,426,Lesotho,LS,LSO,45,1994,4,Median,1,Male,26,15,null,15+,0,Not applicable,1,Model-based Estimates,2,Interpolation,530661
70,Population by age and sex - broad age groups,Population by age and sex - broad age groups,World Population Prospects,2024,United Nations Population Division,426,Lesotho,LS,LSO,45,1994,4,Median,2,Female,26,15,null,15+,0,Not applicable,1,Model-based Estimates,2,Interpolation,581073.5
70,Population by age and sex - broad age groups,Population by age and sex - broad age groups,World Population Prospects,2024,United Nations Population Division,426,Lesotho,LS,LSO,46,1995,4,Median,1,Male,26,15,null,15+,0,Not applicable,1,Model-based Estimates,2,Interpolation,539837
70,Population by age and sex - broad age groups,Population by age and sex - broad age groups,World Population Prospects,2024,United Nations Population Division,426,Lesotho,LS,LSO,46,1995,4,Median,2,Female,26,15,null,15+,0,Not applicable,1,Model-based Estimates,2,Interpolation,592022
70,Population by age and sex - broad age groups,Population by age and sex - broad age groups,World Population Prospects,2024,United Nations Population Division,426,Lesotho,LS,LSO,47,1996,4,Median,1,Male,26,15,null,15+,0,Not applicable,1,Model-based Estimates,2,Interpolation,548499
70,Population by age and sex - broad age groups,Population by age and sex - broad age groups,World Population Prospects,2024,United Nations Population Division,426,Lesotho,LS,LSO,47,1996,4,Median,2,Female,26,15,null,15+,0,Not applicable,1,Model-based Estimates,2,Interpolation,602391.5
70,Population by age and sex - broad age groups,Population by age and sex - broad age groups,World Population Prospects,2024,United Nations Population Division,426,Lesotho,LS,LSO,48,1997,4,Median,1,Male,26,15,null,15+,0,Not applicable,1,Model-based Estimates,2,Interpolation,556514
70,Population by age and sex - broad age groups,Population by age and sex - broad age groups,World Population Prospects,2024,United Nations Population Division,426,Lesotho,LS,LSO,48,1997,4,Median,2,Female,26,15,null,15+,0,Not applicable,1,Model-based Estimates,2,Interpolation,611870
70,Population by age and sex - broad age groups,Population by age and sex - broad age groups,World Population Prospects,2024,United Nations Population Division,426,Lesotho,LS,LSO,49,1998,4,Median,1,Male,26,15,null,15+,0,Not applicable,1,Model-based Estimates,2,Interpolation,564064
70,Population by age and sex - broad age groups,Population by age and sex - broad age groups,World Population Prospects,2024,United Nations Population Division,426,Lesotho,LS,LSO,49,1998,4,Median,2,Female,26,15,null,15+,0,Not applicable,1,Model-based Estimates,2,Interpolation,620492.5
70,Population by age and sex - broad age groups,Population by age and sex - broad age groups,World Population Prospects,2024,United Nations Population Division,426,Lesotho,LS,LSO,50,1999,4,Median,1,Male,26,15,null,15+,0,Not applicable,1,Model-based Estimates,2,Interpolation,570819
70,Population by age and sex - broad age groups,Population by age and sex - broad age groups,World Population Prospects,2024,United Nations Population Division,426,Lesotho,LS,LSO,50,1999,4,Median,2,Female,26,15,null,15+,0,Not applicable,1,Model-based Estimates,2,Interpolation,627895
70,Population by age and sex - broad age groups,Population by age and sex - broad age groups,World Population Prospects,2024,United Nations Population Division,426,Lesotho,LS,LSO,51,2000,4,Median,1,Male,26,15,null,15+,0,Not applicable,1,Model-based Estimates,2,Interpolation,576485.5
70,Population by age and sex - broad age groups,Population by age and sex - broad age groups,World Population Prospects,2024,United Nations Population Division,426,Lesotho,LS,LSO,51,2000,4,Median,2,Female,26,15,null,15+,0,Not applicable,1,Model-based Estimates,2,Interpolation,633786
70,Population by age and sex - broad age groups,Population by age and sex - broad age groups,World Population Prospects,2024,United Nations Population Division,426,Lesotho,LS,LSO,52,2001,4,Median,1,Male,26,15,null,15+,0,Not applicable,1,Model-based Estimates,2,Interpolation,580774.5
70,Population by age and sex - broad age groups,Population by age and sex - broad age groups,World Population Prospects,2024,United Nations Population Division,426,Lesotho,LS,LSO,52,2001,4,Median,2,Female,26,15,null,15+,0,Not applicable,1,Model-based Estimates,2,Interpolation,638059.5
70,Population by age and sex - broad age groups,Population by age and sex - broad age groups,World Population Prospects,2024,United Nations Population Division,426,Lesotho,LS,LSO,53,2002,4,Median,1,Male,26,15,null,15+,0,Not applicable,1,Model-based Estimates,2,Interpolation,583897
70,Population by age and sex - broad age groups,Population by age and sex - broad age groups,World Population Prospects,2024,United Nations Population Division,426,Lesotho,LS,LSO,53,2002,4,Median,2,Female,26,15,null,15+,0,Not applicable,1,Model-based Estimates,2,Interpolation,640971
70,Population by age and sex - broad age groups,Population by age and sex - broad age groups,World Population Prospects,2024,United Nations Population Division,426,Lesotho,LS,LSO,54,2003,4,Median,1,Male,26,15,null,15+,0,Not applicable,1,Model-based Estimates,2,Interpolation,585711.5
70,Population by age and sex - broad age groups,Population by age and sex - broad age groups,World Population Prospects,2024,United Nations Population Division,426,Lesotho,LS,LSO,54,2003,4,Median,2,Female,26,15,null,15+,0,Not applicable,1,Model-based Estimates,2,Interpolation,642363
70,Population by age and sex - broad age groups,Population by age and sex - broad age groups,World Population Prospects,2024,United Nations Population Division,426,Lesotho,LS,LSO,55,2004,4,Median,1,Male,26,15,null,15+,0,Not applicable,1,Model-based Estimates,2,Interpolation,585565
70,Population by age and sex - broad age groups,Population by age and sex - broad age groups,World Population Prospects,2024,United Nations Population Division,426,Lesotho,LS,LSO,55,2004,4,Median,2,Female,26,15,null,15+,0,Not applicable,1,Model-based Estimates,2,Interpolation,641846
70,Population by age and sex - broad age groups,Population by age and sex - broad age groups,World Population Prospects,2024,United Nations Population Division,426,Lesotho,LS,LSO,56,2005,4,Median,1,Male,26,15,null,15+,0,Not applicable,1,Model-based Estimates,2,Interpolation,583457
70,Population by age and sex - broad age groups,Population by age and sex - broad age groups,World Population Prospects,2024,United Nations Population Division,426,Lesotho,LS,LSO,56,2005,4,Median,2,Female,26,15,null,15+,0,Not applicable,1,Model-based Estimates,2,Interpolation,639453
70,Population by age and sex - broad age groups,Population by age and sex - broad age groups,World Population Prospects,2024,United Nations Population Division,426,Lesotho,LS,LSO,57,2006,4,Median,1,Male,26,15,null,15+,0,Not applicable,1,Model-based Estimates,2,Interpolation,584171
70,Population by age and sex - broad age groups,Population by age and sex - broad age groups,World Population Prospects,2024,United Nations Population Division,426,Lesotho,LS,LSO,57,2006,4,Median,2,Female,26,15,null,15+,0,Not applicable,1,Model-based Estimates,2,Interpolation,639803.5
70,Population by age and sex - broad age groups,Population by age and sex - broad age groups,World Population Prospects,2024,United Nations Population Division,426,Lesotho,LS,LSO,58,2007,4,Median,1,Male,26,15,null,15+,0,Not applicable,1,Model-based Estimates,2,Interpolation,589021.5
70,Population by age and sex - broad age groups,Population by age and sex - broad age groups,World Population Prospects,2024,United Nations Population Division,426,Lesotho,LS,LSO,58,2007,4,Median,2,Female,26,15,null,15+,0,Not applicable,1,Model-based Estimates,2,Interpolation,645069.5
70,Population by age and sex - broad age groups,Population by age and sex - broad age groups,World Population Prospects,2024,United Nations Population Division,426,Lesotho,LS,LSO,59,2008,4,Median,1,Male,26,15,null,15+,0,Not applicable,1,Model-based Estimates,2,Interpolation,594096
70,Population by age and sex - broad age groups,Population by age and sex - broad age groups,World Population Prospects,2024,United Nations Population Division,426,Lesotho,LS,LSO,59,2008,4,Median,2,Female,26,15,null,15+,0,Not applicable,1,Model-based Estimates,2,Interpolation,651246
70,Population by age and sex - broad age groups,Population by age and sex - broad age groups,World Population Prospects,2024,United Nations Population Division,426,Lesotho,LS,LSO,60,2009,4,Median,1,Male,26,15,null,15+,0,Not applicable,1,Model-based Estimates,2,Interpolation,598946.5
70,Population by age and sex - broad age groups,Population by age and sex - broad age groups,World Population Prospects,2024,United Nations Population Division,426,Lesotho,LS,LSO,60,2009,4,Median,2,Female,26,15,null,15+,0,Not applicable,1,Model-based Estimates,2,Interpolation,657014
70,Population by age and sex - broad age groups,Population by age and sex - broad age groups,World Population Prospects,2024,United Nations Population Division,426,Lesotho,LS,LSO,61,2010,4,Median,1,Male,26,15,null,15+,0,Not applicable,1,Model-based Estimates,2,Interpolation,603966
70,Population by age and sex - broad age groups,Population by age and sex - broad age groups,World Population Prospects,2024,United Nations Population Division,426,Lesotho,LS,LSO,61,2010,4,Median,2,Female,26,15,null,15+,0,Not applicable,1,Model-based Estimates,2,Interpolation,662823
70,Population by age and sex - broad age groups,Population by age and sex - broad age groups,World Population Prospects,2024,United Nations Population Division,426,Lesotho,LS,LSO,62,2011,4,Median,1,Male,26,15,null,15+,0,Not applicable,1,Model-based Estimates,2,Interpolation,609408
70,Population by age and sex - broad age groups,Population by age and sex - broad age groups,World Population Prospects,2024,United Nations Population Division,426,Lesotho,LS,LSO,62,2011,4,Median,2,Female,26,15,null,15+,0,Not applicable,1,Model-based Estimates,2,Interpolation,669087.5
70,Population by age and sex - broad age groups,Population by age and sex - broad age groups,World Population Prospects,2024,United Nations Population Division,426,Lesotho,LS,LSO,63,2012,4,Median,1,Male,26,15,null,15+,0,Not applicable,1,Model-based Estimates,2,Interpolation,615467.5
70,Population by age and sex - broad age groups,Population by age and sex - broad age groups,World Population Prospects,2024,United Nations Population Division,426,Lesotho,LS,LSO,63,2012,4,Median,2,Female,26,15,null,15+,0,Not applicable,1,Model-based Estimates,2,Interpolation,675994.5
70,Population by age and sex - broad age groups,Population by age and sex - broad age groups,World Population Prospects,2024,United Nations Population Division,426,Lesotho,LS,LSO,64,2013,4,Median,1,Male,26,15,null,15+,0,Not applicable,1,Model-based Estimates,2,Interpolation,621992
70,Population by age and sex - broad age groups,Population by age and sex - broad age groups,World Population Prospects,2024,United Nations Population Division,426,Lesotho,LS,LSO,64,2013,4,Median,2,Female,26,15,null,15+,0,Not applicable,1,Model-based Estimates,2,Interpolation,683190.5
70,Population by age and sex - broad age groups,Population by age and sex - broad age groups,World Population Prospects,2024,United Nations Population Division,426,Lesotho,LS,LSO,65,2014,4,Median,1,Male,26,15,null,15+,0,Not applicable,1,Model-based Estimates,2,Interpolation,628659.5
70,Population by age and sex - broad age groups,Population by age and sex - broad age groups,World Population Prospects,2024,United Nations Population Division,426,Lesotho,LS,LSO,65,2014,4,Median,2,Female,26,15,null,15+,0,Not applicable,1,Model-based Estimates,2,Interpolation,690432.5
70,Population by age and sex - broad age groups,Population by age and sex - broad age groups,World Population Prospects,2024,United Nations Population Division,426,Lesotho,LS,LSO,66,2015,4,Median,1,Male,26,15,null,15+,0,Not applicable,1,Model-based Estimates,2,Interpolation,635713.5
70,Population by age and sex - broad age groups,Population by age and sex - broad age groups,World Population Prospects,2024,United Nations Population Division,426,Lesotho,LS,LSO,66,2015,4,Median,2,Female,26,15,null,15+,0,Not applicable,1,Model-based Estimates,2,Interpolation,698038.5
70,Population by age and sex - broad age groups,Population by age and sex - broad age groups,World Population Prospects,2024,United Nations Population Division,426,Lesotho,LS,LSO,67,2016,4,Median,1,Male,26,15,null,15+,0,Not applicable,1,Model-based Estimates,2,Interpolation,643833.5
70,Population by age and sex - broad age groups,Population by age and sex - broad age groups,World Population Prospects,2024,United Nations Population Division,426,Lesotho,LS,LSO,67,2016,4,Median,2,Female,26,15,null,15+,0,Not applicable,1,Model-based Estimates,2,Interpolation,706577.5
70,Population by age and sex - broad age groups,Population by age and sex - broad age groups,World Population Prospects,2024,United Nations Population Division,426,Lesotho,LS,LSO,68,2017,4,Median,1,Male,26,15,null,15+,0,Not applicable,1,Model-based Estimates,3,Projection,653444.5
70,Population by age and sex - broad age groups,Population by age and sex - broad age groups,World Population Prospects,2024,United Nations Population Division,426,Lesotho,LS,LSO,68,2017,4,Median,2,Female,26,15,null,15+,0,Not applicable,1,Model-based Estimates,3,Projection,716448
70,Population by age and sex - broad age groups,Population by age and sex - broad age groups,World Population Prospects,2024,United Nations Population Division,426,Lesotho,LS,LSO,69,2018,4,Median,1,Male,26,15,null,15+,0,Not applicable,1,Model-based Estimates,3,Projection,663947.5
70,Population by age and sex - broad age groups,Population by age and sex - broad age groups,World Population Prospects,2024,United Nations Population Division,426,Lesotho,LS,LSO,69,2018,4,Median,2,Female,26,15,null,15+,0,Not applicable,1,Model-based Estimates,3,Projection,727187
70,Population by age and sex - broad age groups,Population by age and sex - broad age groups,World Population Prospects,2024,United Nations Population Division,426,Lesotho,LS,LSO,70,2019,4,Median,1,Male,26,15,null,15+,0,Not applicable,1,Model-based Estimates,3,Projection,674473.5
70,Population by age and sex - broad age groups,Population by age and sex - broad age groups,World Population Prospects,2024,United Nations Population Division,426,Lesotho,LS,LSO,70,2019,4,Median,2,Female,26,15,null,15+,0,Not applicable,1,Model-based Estimates,3,Projection,737961.5
70,Population by age and sex - broad age groups,Population by age and sex - broad age groups,World Population Prospects,2024,United Nations Population Division,426,Lesotho,LS,LSO,71,2020,4,Median,1,Male,26,15,null,15+,0,Not applicable,1,Model-based Estimates,3,Projection,685313
70,Population by age and sex - broad age groups,Population by age and sex - broad age groups,World Population Prospects,2024,United Nations Population Division,426,Lesotho,LS,LSO,71,2020,4,Median,2,Female,26,15,null,15+,0,Not applicable,1,Model-based Estimates,3,Projection,749080
70,Population by age and sex - broad age groups,Population by age and sex - broad age groups,World Population Prospects,2024,United Nations Population Division,426,Lesotho,LS,LSO,72,2021,4,Median,1,Male,26,15,null,15+,0,Not applicable,1,Model-based Estimates,3,Projection,696224
70,Population by age and sex - broad age groups,Population by age and sex - broad age groups,World Population Prospects,2024,United Nations Population Division,426,Lesotho,LS,LSO,72,2021,4,Median,2,Female,26,15,null,15+,0,Not applicable,1,Model-based Estimates,3,Projection,760274.5
70,Population by age and sex - broad age groups,Population by age and sex - broad age groups,World Population Prospects,2024,United Nations Population Division,426,Lesotho,LS,LSO,73,2022,4,Median,1,Male,26,15,null,15+,0,Not applicable,1,Model-based Estimates,3,Projection,707471.5
70,Population by age and sex - broad age groups,Population by age and sex - broad age groups,World Population Prospects,2024,United Nations Population Division,426,Lesotho,LS,LSO,73,2022,4,Median,2,Female,26,15,null,15+,0,Not applicable,1,Model-based Estimates,3,Projection,771716.5
70,Population by age and sex - broad age groups,Population by age and sex - broad age groups,World Population Prospects,2024,United Nations Population Division,426,Lesotho,LS,LSO,74,2023,4,Median,1,Male,26,15,null,15+,0,Not applicable,1,Model-based Estimates,3,Projection,719918.5
70,Population by age and sex - broad age groups,Population by age and sex - broad age groups,World Population Prospects,2024,United Nations Population Division,426,Lesotho,LS,LSO,74,2023,4,Median,2,Female,26,15,null,15+,0,Not applicable,1,Model-based Estimates,3,Projection,784303.5
70,Population by age and sex - broad age groups,Population by age and sex - broad age groups,World Population Prospects,2024,United Nations Population Division,430,Liberia,LR,LBR,41,1990,4,Median,1,Male,26,15,null,15+,0,Not applicable,1,Model-based Estimates,2,Interpolation,620037
70,Population by age and sex - broad age groups,Population by age and sex - broad age groups,World Population Prospects,2024,United Nations Population Division,430,Liberia,LR,LBR,41,1990,4,Median,2,Female,26,15,null,15+,0,Not applicable,1,Model-based Estimates,2,Interpolation,622561.5
70,Population by age and sex - broad age groups,Population by age and sex - broad age groups,World Population Prospects,2024,United Nations Population Division,430,Liberia,LR,LBR,42,1991,4,Median,1,Male,26,15,null,15+,0,Not applicable,1,Model-based Estimates,2,Interpolation,541007.5
70,Population by age and sex - broad age groups,Population by age and sex - broad age groups,World Population Prospects,2024,United Nations Population Division,430,Liberia,LR,LBR,42,1991,4,Median,2,Female,26,15,null,15+,0,Not applicable,1,Model-based Estimates,2,Interpolation,551138
70,Population by age and sex - broad age groups,Population by age and sex - broad age groups,World Population Prospects,2024,United Nations Population Division,430,Liberia,LR,LBR,43,1992,4,Median,1,Male,26,15,null,15+,0,Not applicable,1,Model-based Estimates,2,Interpolation,573431.5
70,Population by age and sex - broad age groups,Population by age and sex - broad age groups,World Population Prospects,2024,United Nations Population Division,430,Liberia,LR,LBR,43,1992,4,Median,2,Female,26,15,null,15+,0,Not applicable,1,Model-based Estimates,2,Interpolation,585691.5
70,Population by age and sex - broad age groups,Population by age and sex - broad age groups,World Population Prospects,2024,United Nations Population Division,430,Liberia,LR,LBR,44,1993,4,Median,1,Male,26,15,null,15+,0,Not applicable,1,Model-based Estimates,2,Interpolation,596820
70,Population by age and sex - broad age groups,Population by age and sex - broad age groups,World Population Prospects,2024,United Nations Population Division,430,Liberia,LR,LBR,44,1993,4,Median,2,Female,26,15,null,15+,0,Not applicable,1,Model-based Estimates,2,Interpolation,611485.5
70,Population by age and sex - broad age groups,Population by age and sex - broad age groups,World Population Prospects,2024,United Nations Population Division,430,Liberia,LR,LBR,45,1994,4,Median,1,Male,26,15,null,15+,0,Not applicable,1,Model-based Estimates,2,Interpolation,596097.5
70,Population by age and sex - broad age groups,Population by age and sex - broad age groups,World Population Prospects,2024,United Nations Population Division,430,Liberia,LR,LBR,45,1994,4,Median,2,Female,26,15,null,15+,0,Not applicable,1,Model-based Estimates,2,Interpolation,612922
70,Population by age and sex - broad age groups,Population by age and sex - broad age groups,World Population Prospects,2024,United Nations Population Division,430,Liberia,LR,LBR,46,1995,4,Median,1,Male,26,15,null,15+,0,Not applicable,1,Model-based Estimates,2,Interpolation,602257.5
70,Population by age and sex - broad age groups,Population by age and sex - broad age groups,World Population Prospects,2024,United Nations Population Division,430,Liberia,LR,LBR,46,1995,4,Median,2,Female,26,15,null,15+,0,Not applicable,1,Model-based Estimates,2,Interpolation,621342.5
70,Population by age and sex - broad age groups,Population by age and sex - broad age groups,World Population Prospects,2024,United Nations Population Division,430,Liberia,LR,LBR,47,1996,4,Median,1,Male,26,15,null,15+,0,Not applicable,1,Model-based Estimates,2,Interpolation,620589
70,Population by age and sex - broad age groups,Population by age and sex - broad age groups,World Population Prospects,2024,United Nations Population Division,430,Liberia,LR,LBR,47,1996,4,Median,2,Female,26,15,null,15+,0,Not applicable,1,Model-based Estimates,2,Interpolation,641941.5
70,Population by age and sex - broad age groups,Population by age and sex - broad age groups,World Population Prospects,2024,United Nations Population Division,430,Liberia,LR,LBR,48,1997,4,Median,1,Male,26,15,null,15+,0,Not applicable,1,Model-based Estimates,2,Interpolation,671769.5
70,Population by age and sex - broad age groups,Population by age and sex - broad age groups,World Population Prospects,2024,United Nations Population Division,430,Liberia,LR,LBR,48,1997,4,Median,2,Female,26,15,null,15+,0,Not applicable,1,Model-based Estimates,2,Interpolation,696148
70,Population by age and sex - broad age groups,Population by age and sex - broad age groups,World Population Prospects,2024,United Nations Population Division,430,Liberia,LR,LBR,49,1998,4,Median,1,Male,26,15,null,15+,0,Not applicable,1,Model-based Estimates,2,Interpolation,744394.5
70,Population by age and sex - broad age groups,Population by age and sex - broad age groups,World Population Prospects,2024,United Nations Population Division,430,Liberia,LR,LBR,49,1998,4,Median,2,Female,26,15,null,15+,0,Not applicable,1,Model-based Estimates,2,Interpolation,771995
70,Population by age and sex - broad age groups,Population by age and sex - broad age groups,World Population Prospects,2024,United Nations Population Division,430,Liberia,LR,LBR,50,1999,4,Median,1,Male,26,15,null,15+,0,Not applicable,1,Model-based Estimates,2,Interpolation,787538
70,Population by age and sex - broad age groups,Population by age and sex - broad age groups,World Population Prospects,2024,United Nations Population Division,430,Liberia,LR,LBR,50,1999,4,Median,2,Female,26,15,null,15+,0,Not applicable,1,Model-based Estimates,2,Interpolation,817401.5
70,Population by age and sex - broad age groups,Population by age and sex - broad age groups,World Population Prospects,2024,United Nations Population Division,430,Liberia,LR,LBR,51,2000,4,Median,1,Male,26,15,null,15+,0,Not applicable,1,Model-based Estimates,2,Interpolation,818158.5
70,Population by age and sex - broad age groups,Population by age and sex - broad age groups,World Population Prospects,2024,United Nations Population Division,430,Liberia,LR,LBR,51,2000,4,Median,2,Female,26,15,null,15+,0,Not applicable,1,Model-based Estimates,2,Interpolation,849604
70,Population by age and sex - broad age groups,Population by age and sex - broad age groups,World Population Prospects,2024,United Nations Population Division,430,Liberia,LR,LBR,52,2001,4,Median,1,Male,26,15,null,15+,0,Not applicable,1,Model-based Estimates,2,Interpolation,843508.5
70,Population by age and sex - broad age groups,Population by age and sex - broad age groups,World Population Prospects,2024,United Nations Population Division,430,Liberia,LR,LBR,52,2001,4,Median,2,Female,26,15,null,15+,0,Not applicable,1,Model-based Estimates,2,Interpolation,875953.5
70,Population by age and sex - broad age groups,Population by age and sex - broad age groups,World Population Prospects,2024,United Nations Population Division,430,Liberia,LR,LBR,53,2002,4,Median,1,Male,26,15,null,15+,0,Not applicable,1,Model-based Estimates,2,Interpolation,866461.5
70,Population by age and sex - broad age groups,Population by age and sex - broad age groups,World Population Prospects,2024,United Nations Population Division,430,Liberia,LR,LBR,53,2002,4,Median,2,Female,26,15,null,15+,0,Not applicable,1,Model-based Estimates,2,Interpolation,899696.5
70,Population by age and sex - broad age groups,Population by age and sex - broad age groups,World Population Prospects,2024,United Nations Population Division,430,Liberia,LR,LBR,54,2003,4,Median,1,Male,26,15,null,15+,0,Not applicable,1,Model-based Estimates,2,Interpolation,873343
70,Population by age and sex - broad age groups,Population by age and sex - broad age groups,World Population Prospects,2024,United Nations Population Division,430,Liberia,LR,LBR,54,2003,4,Median,2,Female,26,15,null,15+,0,Not applicable,1,Model-based Estimates,2,Interpolation,907395
70,Population by age and sex - broad age groups,Population by age and sex - broad age groups,World Population Prospects,2024,United Nations Population Division,430,Liberia,LR,LBR,55,2004,4,Median,1,Male,26,15,null,15+,0,Not applicable,1,Model-based Estimates,2,Interpolation,883314.5
70,Population by age and sex - broad age groups,Population by age and sex - broad age groups,World Population Prospects,2024,United Nations Population Division,430,Liberia,LR,LBR,55,2004,4,Median,2,Female,26,15,null,15+,0,Not applicable,1,Model-based Estimates,2,Interpolation,918246
70,Population by age and sex - broad age groups,Population by age and sex - broad age groups,World Population Prospects,2024,United Nations Population Division,430,Liberia,LR,LBR,56,2005,4,Median,1,Male,26,15,null,15+,0,Not applicable,1,Model-based Estimates,2,Interpolation,922968.5
70,Population by age and sex - broad age groups,Population by age and sex - broad age groups,World Population Prospects,2024,United Nations Population Division,430,Liberia,LR,LBR,56,2005,4,Median,2,Female,26,15,null,15+,0,Not applicable,1,Model-based Estimates,2,Interpolation,959218
70,Population by age and sex - broad age groups,Population by age and sex - broad age groups,World Population Prospects,2024,United Nations Population Division,430,Liberia,LR,LBR,57,2006,4,Median,1,Male,26,15,null,15+,0,Not applicable,1,Model-based Estimates,2,Interpolation,974742
70,Population by age and sex - broad age groups,Population by age and sex - broad age groups,World Population Prospects,2024,United Nations Population Division,430,Liberia,LR,LBR,57,2006,4,Median,2,Female,26,15,null,15+,0,Not applicable,1,Model-based Estimates,2,Interpolation,1012772
70,Population by age and sex - broad age groups,Population by age and sex - broad age groups,World Population Prospects,2024,United Nations Population Division,430,Liberia,LR,LBR,58,2007,4,Median,1,Male,26,15,null,15+,0,Not applicable,1,Model-based Estimates,2,Interpolation,1022979.5
70,Population by age and sex - broad age groups,Population by age and sex - broad age groups,World Population Prospects,2024,United Nations Population Division,430,Liberia,LR,LBR,58,2007,4,Median,2,Female,26,15,null,15+,0,Not applicable,1,Model-based Estimates,2,Interpolation,1062612.5
70,Population by age and sex - broad age groups,Population by age and sex - broad age groups,World Population Prospects,2024,United Nations Population Division,430,Liberia,LR,LBR,59,2008,4,Median,1,Male,26,15,null,15+,0,Not applicable,1,Model-based Estimates,2,Interpolation,1065640
70,Population by age and sex - broad age groups,Population by age and sex - broad age groups,World Population Prospects,2024,United Nations Population Division,430,Liberia,LR,LBR,59,2008,4,Median,2,Female,26,15,null,15+,0,Not applicable,1,Model-based Estimates,2,Interpolation,1106423.5
70,Population by age and sex - broad age groups,Population by age and sex - broad age groups,World Population Prospects,2024,United Nations Population Division,430,Liberia,LR,LBR,60,2009,4,Median,1,Male,26,15,null,15+,0,Not applicable,1,Model-based Estimates,2,Interpolation,1100765
70,Population by age and sex - broad age groups,Population by age and sex - broad age groups,World Population Prospects,2024,United Nations Population Division,430,Liberia,LR,LBR,60,2009,4,Median,2,Female,26,15,null,15+,0,Not applicable,1,Model-based Estimates,2,Interpolation,1142283
70,Population by age and sex - broad age groups,Population by age and sex - broad age groups,World Population Prospects,2024,United Nations Population Division,430,Liberia,LR,LBR,61,2010,4,Median,1,Male,26,15,null,15+,0,Not applicable,1,Model-based Estimates,2,Interpolation,1133898.5
70,Population by age and sex - broad age groups,Population by age and sex - broad age groups,World Population Prospects,2024,United Nations Population Division,430,Liberia,LR,LBR,61,2010,4,Median,2,Female,26,15,null,15+,0,Not applicable,1,Model-based Estimates,2,Interpolation,1176037
70,Population by age and sex - broad age groups,Population by age and sex - broad age groups,World Population Prospects,2024,United Nations Population Division,430,Liberia,LR,LBR,62,2011,4,Median,1,Male,26,15,null,15+,0,Not applicable,1,Model-based Estimates,2,Interpolation,1188565.5
70,Population by age and sex - broad age groups,Population by age and sex - broad age groups,World Population Prospects,2024,United Nations Population Division,430,Liberia,LR,LBR,62,2011,4,Median,2,Female,26,15,null,15+,0,Not applicable,1,Model-based Estimates,2,Interpolation,1231089
70,Population by age and sex - broad age groups,Population by age and sex - broad age groups,World Population Prospects,2024,United Nations Population Division,430,Liberia,LR,LBR,63,2012,4,Median,1,Male,26,15,null,15+,0,Not applicable,1,Model-based Estimates,2,Interpolation,1238334.5
70,Population by age and sex - broad age groups,Population by age and sex - broad age groups,World Population Prospects,2024,United Nations Population Division,430,Liberia,LR,LBR,63,2012,4,Median,2,Female,26,15,null,15+,0,Not applicable,1,Model-based Estimates,2,Interpolation,1281104.5
70,Population by age and sex - broad age groups,Population by age and sex - broad age groups,World Population Prospects,2024,United Nations Population Division,430,Liberia,LR,LBR,64,2013,4,Median,1,Male,26,15,null,15+,0,Not applicable,1,Model-based Estimates,2,Interpolation,1264252
70,Population by age and sex - broad age groups,Population by age and sex - broad age groups,World Population Prospects,2024,United Nations Population Division,430,Liberia,LR,LBR,64,2013,4,Median,2,Female,26,15,null,15+,0,Not applicable,1,Model-based Estimates,2,Interpolation,1307175.5
70,Population by age and sex - broad age groups,Population by age and sex - broad age groups,World Population Prospects,2024,United Nations Population Division,430,Liberia,LR,LBR,65,2014,4,Median,1,Male,26,15,null,15+,0,Not applicable,1,Model-based Estimates,2,Interpolation,1291116.5
70,Population by age and sex - broad age groups,Population by age and sex - broad age groups,World Population Prospects,2024,United Nations Population Division,430,Liberia,LR,LBR,65,2014,4,Median,2,Female,26,15,null,15+,0,Not applicable,1,Model-based Estimates,2,Interpolation,1334016.5
70,Population by age and sex - broad age groups,Population by age and sex - broad age groups,World Population Prospects,2024,United Nations Population Division,430,Liberia,LR,LBR,66,2015,4,Median,1,Male,26,15,null,15+,0,Not applicable,1,Model-based Estimates,2,Interpolation,1320581.5
70,Population by age and sex - broad age groups,Population by age and sex - broad age groups,World Population Prospects,2024,United Nations Population Division,430,Liberia,LR,LBR,66,2015,4,Median,2,Female,26,15,null,15+,0,Not applicable,1,Model-based Estimates,2,Interpolation,1363287
70,Population by age and sex - broad age groups,Population by age and sex - broad age groups,World Population Prospects,2024,United Nations Population Division,430,Liberia,LR,LBR,67,2016,4,Median,1,Male,26,15,null,15+,0,Not applicable,1,Model-based Estimates,2,Interpolation,1351605
70,Population by age and sex - broad age groups,Population by age and sex - broad age groups,World Population Prospects,2024,United Nations Population Division,430,Liberia,LR,LBR,67,2016,4,Median,2,Female,26,15,null,15+,0,Not applicable,1,Model-based Estimates,2,Interpolation,1393972.5
70,Population by age and sex - broad age groups,Population by age and sex - broad age groups,World Population Prospects,2024,United Nations Population Division,430,Liberia,LR,LBR,68,2017,4,Median,1,Male,26,15,null,15+,0,Not applicable,1,Model-based Estimates,2,Interpolation,1381980
70,Population by age and sex - broad age groups,Population by age and sex - broad age groups,World Population Prospects,2024,United Nations Population Division,430,Liberia,LR,LBR,68,2017,4,Median,2,Female,26,15,null,15+,0,Not applicable,1,Model-based Estimates,2,Interpolation,1423909.5
70,Population by age and sex - broad age groups,Population by age and sex - broad age groups,World Population Prospects,2024,United Nations Population Division,430,Liberia,LR,LBR,69,2018,4,Median,1,Male,26,15,null,15+,0,Not applicable,1,Model-based Estimates,2,Interpolation,1414345
70,Population by age and sex - broad age groups,Population by age and sex - broad age groups,World Population Prospects,2024,United Nations Population Division,430,Liberia,LR,LBR,69,2018,4,Median,2,Female,26,15,null,15+,0,Not applicable,1,Model-based Estimates,2,Interpolation,1455741.5
70,Population by age and sex - broad age groups,Population by age and sex - broad age groups,World Population Prospects,2024,United Nations Population Division,430,Liberia,LR,LBR,70,2019,4,Median,1,Male,26,15,null,15+,0,Not applicable,1,Model-based Estimates,2,Interpolation,1449422
70,Population by age and sex - broad age groups,Population by age and sex - broad age groups,World Population Prospects,2024,United Nations Population Division,430,Liberia,LR,LBR,70,2019,4,Median,2,Female,26,15,null,15+,0,Not applicable,1,Model-based Estimates,2,Interpolation,1490202.5
70,Population by age and sex - broad age groups,Population by age and sex - broad age groups,World Population Prospects,2024,United Nations Population Division,430,Liberia,LR,LBR,71,2020,4,Median,1,Male,26,15,null,15+,0,Not applicable,1,Model-based Estimates,2,Interpolation,1489258.5
70,Population by age and sex - broad age groups,Population by age and sex - broad age groups,World Population Prospects,2024,United Nations Population Division,430,Liberia,LR,LBR,71,2020,4,Median,2,Female,26,15,null,15+,0,Not applicable,1,Model-based Estimates,2,Interpolation,1529524
70,Population by age and sex - broad age groups,Population by age and sex - broad age groups,World Population Prospects,2024,United Nations Population Division,430,Liberia,LR,LBR,72,2021,4,Median,1,Male,26,15,null,15+,0,Not applicable,1,Model-based Estimates,2,Interpolation,1532859
70,Population by age and sex - broad age groups,Population by age and sex - broad age groups,World Population Prospects,2024,United Nations Population Division,430,Liberia,LR,LBR,72,2021,4,Median,2,Female,26,15,null,15+,0,Not applicable,1,Model-based Estimates,2,Interpolation,1572456.5
70,Population by age and sex - broad age groups,Population by age and sex - broad age groups,World Population Prospects,2024,United Nations Population Division,430,Liberia,LR,LBR,73,2022,4,Median,1,Male,26,15,null,15+,0,Not applicable,1,Model-based Estimates,2,Interpolation,1579656.5
70,Population by age and sex - broad age groups,Population by age and sex - broad age groups,World Population Prospects,2024,United Nations Population Division,430,Liberia,LR,LBR,73,2022,4,Median,2,Female,26,15,null,15+,0,Not applicable,1,Model-based Estimates,2,Interpolation,1618307.5
70,Population by age and sex - broad age groups,Population by age and sex - broad age groups,World Population Prospects,2024,United Nations Population Division,430,Liberia,LR,LBR,74,2023,4,Median,1,Male,26,15,null,15+,0,Not applicable,1,Model-based Estimates,3,Projection,1629139
70,Population by age and sex - broad age groups,Population by age and sex - broad age groups,World Population Prospects,2024,United Nations Population Division,430,Liberia,LR,LBR,74,2023,4,Median,2,Female,26,15,null,15+,0,Not applicable,1,Model-based Estimates,3,Projection,1666857
70,Population by age and sex - broad age groups,Population by age and sex - broad age groups,World Population Prospects,2024,United Nations Population Division,450,Madagascar,MG,MDG,41,1990,4,Median,1,Male,26,15,null,15+,0,Not applicable,1,Model-based Estimates,2,Interpolation,3262146
70,Population by age and sex - broad age groups,Population by age and sex - broad age groups,World Population Prospects,2024,United Nations Population Division,450,Madagascar,MG,MDG,41,1990,4,Median,2,Female,26,15,null,15+,0,Not applicable,1,Model-based Estimates,2,Interpolation,3260275.5
70,Population by age and sex - broad age groups,Population by age and sex - broad age groups,World Population Prospects,2024,United Nations Population Division,450,Madagascar,MG,MDG,42,1991,4,Median,1,Male,26,15,null,15+,0,Not applicable,1,Model-based Estimates,2,Interpolation,3368051.5
70,Population by age and sex - broad age groups,Population by age and sex - broad age groups,World Population Prospects,2024,United Nations Population Division,450,Madagascar,MG,MDG,42,1991,4,Median,2,Female,26,15,null,15+,0,Not applicable,1,Model-based Estimates,2,Interpolation,3370802
70,Population by age and sex - broad age groups,Population by age and sex - broad age groups,World Population Prospects,2024,United Nations Population Division,450,Madagascar,MG,MDG,43,1992,4,Median,1,Male,26,15,null,15+,0,Not applicable,1,Model-based Estimates,2,Interpolation,3477511
70,Population by age and sex - broad age groups,Population by age and sex - broad age groups,World Population Prospects,2024,United Nations Population Division,450,Madagascar,MG,MDG,43,1992,4,Median,2,Female,26,15,null,15+,0,Not applicable,1,Model-based Estimates,2,Interpolation,3484760.5
70,Population by age and sex - broad age groups,Population by age and sex - broad age groups,World Population Prospects,2024,United Nations Population Division,450,Madagascar,MG,MDG,44,1993,4,Median,1,Male,26,15,null,15+,0,Not applicable,1,Model-based Estimates,2,Interpolation,3591218.5
70,Population by age and sex - broad age groups,Population by age and sex - broad age groups,World Population Prospects,2024,United Nations Population Division,450,Madagascar,MG,MDG,44,1993,4,Median,2,Female,26,15,null,15+,0,Not applicable,1,Model-based Estimates,2,Interpolation,3602857.5
70,Population by age and sex - broad age groups,Population by age and sex - broad age groups,World Population Prospects,2024,United Nations Population Division,450,Madagascar,MG,MDG,45,1994,4,Median,1,Male,26,15,null,15+,0,Not applicable,1,Model-based Estimates,2,Interpolation,3709199.5
70,Population by age and sex - broad age groups,Population by age and sex - broad age groups,World Population Prospects,2024,United Nations Population Division,450,Madagascar,MG,MDG,45,1994,4,Median,2,Female,26,15,null,15+,0,Not applicable,1,Model-based Estimates,2,Interpolation,3725093
70,Population by age and sex - broad age groups,Population by age and sex - broad age groups,World Population Prospects,2024,United Nations Population Division,450,Madagascar,MG,MDG,46,1995,4,Median,1,Male,26,15,null,15+,0,Not applicable,1,Model-based Estimates,2,Interpolation,3830569
70,Population by age and sex - broad age groups,Population by age and sex - broad age groups,World Population Prospects,2024,United Nations Population Division,450,Madagascar,MG,MDG,46,1995,4,Median,2,Female,26,15,null,15+,0,Not applicable,1,Model-based Estimates,2,Interpolation,3850665
70,Population by age and sex - broad age groups,Population by age and sex - broad age groups,World Population Prospects,2024,United Nations Population Division,450,Madagascar,MG,MDG,47,1996,4,Median,1,Male,26,15,null,15+,0,Not applicable,1,Model-based Estimates,2,Interpolation,3954809.5
70,Population by age and sex - broad age groups,Population by age and sex - broad age groups,World Population Prospects,2024,United Nations Population Division,450,Madagascar,MG,MDG,47,1996,4,Median,2,Female,26,15,null,15+,0,Not applicable,1,Model-based Estimates,2,Interpolation,3978955
70,Population by age and sex - broad age groups,Population by age and sex - broad age groups,World Population Prospects,2024,United Nations Population Division,450,Madagascar,MG,MDG,48,1997,4,Median,1,Male,26,15,null,15+,0,Not applicable,1,Model-based Estimates,2,Interpolation,4082485.5
70,Population by age and sex - broad age groups,Population by age and sex - broad age groups,World Population Prospects,2024,United Nations Population Division,450,Madagascar,MG,MDG,48,1997,4,Median,2,Female,26,15,null,15+,0,Not applicable,1,Model-based Estimates,2,Interpolation,4110095
70,Population by age and sex - broad age groups,Population by age and sex - broad age groups,World Population Prospects,2024,United Nations Population Division,450,Madagascar,MG,MDG,49,1998,4,Median,1,Male,26,15,null,15+,0,Not applicable,1,Model-based Estimates,2,Interpolation,4214055.5
70,Population by age and sex - broad age groups,Population by age and sex - broad age groups,World Population Prospects,2024,United Nations Population Division,450,Madagascar,MG,MDG,49,1998,4,Median,2,Female,26,15,null,15+,0,Not applicable,1,Model-based Estimates,2,Interpolation,4244333
70,Population by age and sex - broad age groups,Population by age and sex - broad age groups,World Population Prospects,2024,United Nations Population Division,450,Madagascar,MG,MDG,50,1999,4,Median,1,Male,26,15,null,15+,0,Not applicable,1,Model-based Estimates,2,Interpolation,4349543.5
70,Population by age and sex - broad age groups,Population by age and sex - broad age groups,World Population Prospects,2024,United Nations Population Division,450,Madagascar,MG,MDG,50,1999,4,Median,2,Female,26,15,null,15+,0,Not applicable,1,Model-based Estimates,2,Interpolation,4381719
70,Population by age and sex - broad age groups,Population by age and sex - broad age groups,World Population Prospects,2024,United Nations Population Division,450,Madagascar,MG,MDG,51,2000,4,Median,1,Male,26,15,null,15+,0,Not applicable,1,Model-based Estimates,2,Interpolation,4488903
70,Population by age and sex - broad age groups,Population by age and sex - broad age groups,World Population Prospects,2024,United Nations Population Division,450,Madagascar,MG,MDG,51,2000,4,Median,2,Female,26,15,null,15+,0,Not applicable,1,Model-based Estimates,2,Interpolation,4522051
70,Population by age and sex - broad age groups,Population by age and sex - broad age groups,World Population Prospects,2024,United Nations Population Division,450,Madagascar,MG,MDG,52,2001,4,Median,1,Male,26,15,null,15+,0,Not applicable,1,Model-based Estimates,2,Interpolation,4629451
70,Population by age and sex - broad age groups,Population by age and sex - broad age groups,World Population Prospects,2024,United Nations Population Division,450,Madagascar,MG,MDG,52,2001,4,Median,2,Female,26,15,null,15+,0,Not applicable,1,Model-based Estimates,2,Interpolation,4662834.5
70,Population by age and sex - broad age groups,Population by age and sex - broad age groups,World Population Prospects,2024,United Nations Population Division,450,Madagascar,MG,MDG,53,2002,4,Median,1,Male,26,15,null,15+,0,Not applicable,1,Model-based Estimates,2,Interpolation,4770742
70,Population by age and sex - broad age groups,Population by age and sex - broad age groups,World Population Prospects,2024,United Nations Population Division,450,Madagascar,MG,MDG,53,2002,4,Median,2,Female,26,15,null,15+,0,Not applicable,1,Model-based Estimates,2,Interpolation,4804151
70,Population by age and sex - broad age groups,Population by age and sex - broad age groups,World Population Prospects,2024,United Nations Population Division,450,Madagascar,MG,MDG,54,2003,4,Median,1,Male,26,15,null,15+,0,Not applicable,1,Model-based Estimates,2,Interpolation,4916526.5
70,Population by age and sex - broad age groups,Population by age and sex - broad age groups,World Population Prospects,2024,United Nations Population Division,450,Madagascar,MG,MDG,54,2003,4,Median,2,Female,26,15,null,15+,0,Not applicable,1,Model-based Estimates,2,Interpolation,4950143.5
70,Population by age and sex - broad age groups,Population by age and sex - broad age groups,World Population Prospects,2024,United Nations Population Division,450,Madagascar,MG,MDG,55,2004,4,Median,1,Male,26,15,null,15+,0,Not applicable,1,Model-based Estimates,2,Interpolation,5070044.5
70,Population by age and sex - broad age groups,Population by age and sex - broad age groups,World Population Prospects,2024,United Nations Population Division,450,Madagascar,MG,MDG,55,2004,4,Median,2,Female,26,15,null,15+,0,Not applicable,1,Model-based Estimates,2,Interpolation,5104118.5
70,Population by age and sex - broad age groups,Population by age and sex - broad age groups,World Population Prospects,2024,United Nations Population Division,450,Madagascar,MG,MDG,56,2005,4,Median,1,Male,26,15,null,15+,0,Not applicable,1,Model-based Estimates,2,Interpolation,5234285.5
70,Population by age and sex - broad age groups,Population by age and sex - broad age groups,World Population Prospects,2024,United Nations Population Division,450,Madagascar,MG,MDG,56,2005,4,Median,2,Female,26,15,null,15+,0,Not applicable,1,Model-based Estimates,2,Interpolation,5268775
70,Population by age and sex - broad age groups,Population by age and sex - broad age groups,World Population Prospects,2024,United Nations Population Division,450,Madagascar,MG,MDG,57,2006,4,Median,1,Male,26,15,null,15+,0,Not applicable,1,Model-based Estimates,2,Interpolation,5409032.5
70,Population by age and sex - broad age groups,Population by age and sex - broad age groups,World Population Prospects,2024,United Nations Population Division,450,Madagascar,MG,MDG,57,2006,4,Median,2,Female,26,15,null,15+,0,Not applicable,1,Model-based Estimates,2,Interpolation,5443741.5
70,Population by age and sex - broad age groups,Population by age and sex - broad age groups,World Population Prospects,2024,United Nations Population Division,450,Madagascar,MG,MDG,58,2007,4,Median,1,Male,26,15,null,15+,0,Not applicable,1,Model-based Estimates,2,Interpolation,5591714
70,Population by age and sex - broad age groups,Population by age and sex - broad age groups,World Population Prospects,2024,United Nations Population Division,450,Madagascar,MG,MDG,58,2007,4,Median,2,Female,26,15,null,15+,0,Not applicable,1,Model-based Estimates,2,Interpolation,5626586.5
70,Population by age and sex - broad age groups,Population by age and sex - broad age groups,World Population Prospects,2024,United Nations Population Division,450,Madagascar,MG,MDG,59,2008,4,Median,1,Male,26,15,null,15+,0,Not applicable,1,Model-based Estimates,2,Interpolation,5782469
70,Population by age and sex - broad age groups,Population by age and sex - broad age groups,World Population Prospects,2024,United Nations Population Division,450,Madagascar,MG,MDG,59,2008,4,Median,2,Female,26,15,null,15+,0,Not applicable,1,Model-based Estimates,2,Interpolation,5817735
70,Population by age and sex - broad age groups,Population by age and sex - broad age groups,World Population Prospects,2024,United Nations Population Division,450,Madagascar,MG,MDG,60,2009,4,Median,1,Male,26,15,null,15+,0,Not applicable,1,Model-based Estimates,2,Interpolation,5982203.5
70,Population by age and sex - broad age groups,Population by age and sex - broad age groups,World Population Prospects,2024,United Nations Population Division,450,Madagascar,MG,MDG,60,2009,4,Median,2,Female,26,15,null,15+,0,Not applicable,1,Model-based Estimates,2,Interpolation,6018092
70,Population by age and sex - broad age groups,Population by age and sex - broad age groups,World Population Prospects,2024,United Nations Population Division,450,Madagascar,MG,MDG,61,2010,4,Median,1,Male,26,15,null,15+,0,Not applicable,1,Model-based Estimates,2,Interpolation,6191276
70,Population by age and sex - broad age groups,Population by age and sex - broad age groups,World Population Prospects,2024,United Nations Population Division,450,Madagascar,MG,MDG,61,2010,4,Median,2,Female,26,15,null,15+,0,Not applicable,1,Model-based Estimates,2,Interpolation,6227975.5
70,Population by age and sex - broad age groups,Population by age and sex - broad age groups,World Population Prospects,2024,United Nations Population Division,450,Madagascar,MG,MDG,62,2011,4,Median,1,Male,26,15,null,15+,0,Not applicable,1,Model-based Estimates,2,Interpolation,6409939.5
70,Population by age and sex - broad age groups,Population by age and sex - broad age groups,World Population Prospects,2024,United Nations Population Division,450,Madagascar,MG,MDG,62,2011,4,Median,2,Female,26,15,null,15+,0,Not applicable,1,Model-based Estimates,2,Interpolation,6447604
70,Population by age and sex - broad age groups,Population by age and sex - broad age groups,World Population Prospects,2024,United Nations Population Division,450,Madagascar,MG,MDG,63,2012,4,Median,1,Male,26,15,null,15+,0,Not applicable,1,Model-based Estimates,2,Interpolation,6637507
70,Population by age and sex - broad age groups,Population by age and sex - broad age groups,World Population Prospects,2024,United Nations Population Division,450,Madagascar,MG,MDG,63,2012,4,Median,2,Female,26,15,null,15+,0,Not applicable,1,Model-based Estimates,2,Interpolation,6676153.5
70,Population by age and sex - broad age groups,Population by age and sex - broad age groups,World Population Prospects,2024,United Nations Population Division,450,Madagascar,MG,MDG,64,2013,4,Median,1,Male,26,15,null,15+,0,Not applicable,1,Model-based Estimates,2,Interpolation,6872943
70,Population by age and sex - broad age groups,Population by age and sex - broad age groups,World Population Prospects,2024,United Nations Population Division,450,Madagascar,MG,MDG,64,2013,4,Median,2,Female,26,15,null,15+,0,Not applicable,1,Model-based Estimates,2,Interpolation,6912544.5
70,Population by age and sex - broad age groups,Population by age and sex - broad age groups,World Population Prospects,2024,United Nations Population Division,450,Madagascar,MG,MDG,65,2014,4,Median,1,Male,26,15,null,15+,0,Not applicable,1,Model-based Estimates,2,Interpolation,7113570.5
70,Population by age and sex - broad age groups,Population by age and sex - broad age groups,World Population Prospects,2024,United Nations Population Division,450,Madagascar,MG,MDG,65,2014,4,Median,2,Female,26,15,null,15+,0,Not applicable,1,Model-based Estimates,2,Interpolation,7154287
70,Population by age and sex - broad age groups,Population by age and sex - broad age groups,World Population Prospects,2024,United Nations Population Division,450,Madagascar,MG,MDG,66,2015,4,Median,1,Male,26,15,null,15+,0,Not applicable,1,Model-based Estimates,2,Interpolation,7356344
70,Population by age and sex - broad age groups,Population by age and sex - broad age groups,World Population Prospects,2024,United Nations Population Division,450,Madagascar,MG,MDG,66,2015,4,Median,2,Female,26,15,null,15+,0,Not applicable,1,Model-based Estimates,2,Interpolation,7398391
70,Population by age and sex - broad age groups,Population by age and sex - broad age groups,World Population Prospects,2024,United Nations Population Division,450,Madagascar,MG,MDG,67,2016,4,Median,1,Male,26,15,null,15+,0,Not applicable,1,Model-based Estimates,2,Interpolation,7601026
70,Population by age and sex - broad age groups,Population by age and sex - broad age groups,World Population Prospects,2024,United Nations Population Division,450,Madagascar,MG,MDG,67,2016,4,Median,2,Female,26,15,null,15+,0,Not applicable,1,Model-based Estimates,2,Interpolation,7644511
70,Population by age and sex - broad age groups,Population by age and sex - broad age groups,World Population Prospects,2024,United Nations Population Division,450,Madagascar,MG,MDG,68,2017,4,Median,1,Male,26,15,null,15+,0,Not applicable,1,Model-based Estimates,2,Interpolation,7847693.5
70,Population by age and sex - broad age groups,Population by age and sex - broad age groups,World Population Prospects,2024,United Nations Population Division,450,Madagascar,MG,MDG,68,2017,4,Median,2,Female,26,15,null,15+,0,Not applicable,1,Model-based Estimates,2,Interpolation,7892910
70,Population by age and sex - broad age groups,Population by age and sex - broad age groups,World Population Prospects,2024,United Nations Population Division,450,Madagascar,MG,MDG,69,2018,4,Median,1,Male,26,15,null,15+,0,Not applicable,1,Model-based Estimates,2,Interpolation,8096735.5
70,Population by age and sex - broad age groups,Population by age and sex - broad age groups,World Population Prospects,2024,United Nations Population Division,450,Madagascar,MG,MDG,69,2018,4,Median,2,Female,26,15,null,15+,0,Not applicable,1,Model-based Estimates,2,Interpolation,8143886.5
70,Population by age and sex - broad age groups,Population by age and sex - broad age groups,World Population Prospects,2024,United Nations Population Division,450,Madagascar,MG,MDG,70,2019,4,Median,1,Male,26,15,null,15+,0,Not applicable,1,Model-based Estimates,3,Projection,8349392.5
70,Population by age and sex - broad age groups,Population by age and sex - broad age groups,World Population Prospects,2024,United Nations Population Division,450,Madagascar,MG,MDG,70,2019,4,Median,2,Female,26,15,null,15+,0,Not applicable,1,Model-based Estimates,3,Projection,8398623
70,Population by age and sex - broad age groups,Population by age and sex - broad age groups,World Population Prospects,2024,United Nations Population Division,450,Madagascar,MG,MDG,71,2020,4,Median,1,Male,26,15,null,15+,0,Not applicable,1,Model-based Estimates,3,Projection,8603262.5
70,Population by age and sex - broad age groups,Population by age and sex - broad age groups,World Population Prospects,2024,United Nations Population Division,450,Madagascar,MG,MDG,71,2020,4,Median,2,Female,26,15,null,15+,0,Not applicable,1,Model-based Estimates,3,Projection,8656200
70,Population by age and sex - broad age groups,Population by age and sex - broad age groups,World Population Prospects,2024,United Nations Population Division,450,Madagascar,MG,MDG,72,2021,4,Median,1,Male,26,15,null,15+,0,Not applicable,1,Model-based Estimates,3,Projection,8858681.5
70,Population by age and sex - broad age groups,Population by age and sex - broad age groups,World Population Prospects,2024,United Nations Population Division,450,Madagascar,MG,MDG,72,2021,4,Median,2,Female,26,15,null,15+,0,Not applicable,1,Model-based Estimates,3,Projection,8915915.5
70,Population by age and sex - broad age groups,Population by age and sex - broad age groups,World Population Prospects,2024,United Nations Population Division,450,Madagascar,MG,MDG,73,2022,4,Median,1,Male,26,15,null,15+,0,Not applicable,1,Model-based Estimates,3,Projection,9121296.5
70,Population by age and sex - broad age groups,Population by age and sex - broad age groups,World Population Prospects,2024,United Nations Population Division,450,Madagascar,MG,MDG,73,2022,4,Median,2,Female,26,15,null,15+,0,Not applicable,1,Model-based Estimates,3,Projection,9181804.5
70,Population by age and sex - broad age groups,Population by age and sex - broad age groups,World Population Prospects,2024,United Nations Population Division,450,Madagascar,MG,MDG,74,2023,4,Median,1,Male,26,15,null,15+,0,Not applicable,1,Model-based Estimates,3,Projection,9393801.5
70,Population by age and sex - broad age groups,Population by age and sex - broad age groups,World Population Prospects,2024,United Nations Population Division,450,Madagascar,MG,MDG,74,2023,4,Median,2,Female,26,15,null,15+,0,Not applicable,1,Model-based Estimates,3,Projection,9457235
70,Population by age and sex - broad age groups,Population by age and sex - broad age groups,World Population Prospects,2024,United Nations Population Division,454,Malawi,MW,MWI,41,1990,4,Median,1,Male,26,15,null,15+,0,Not applicable,1,Model-based Estimates,2,Interpolation,2475297
70,Population by age and sex - broad age groups,Population by age and sex - broad age groups,World Population Prospects,2024,United Nations Population Division,454,Malawi,MW,MWI,41,1990,4,Median,2,Female,26,15,null,15+,0,Not applicable,1,Model-based Estimates,2,Interpolation,2735573
70,Population by age and sex - broad age groups,Population by age and sex - broad age groups,World Population Prospects,2024,United Nations Population Division,454,Malawi,MW,MWI,42,1991,4,Median,1,Male,26,15,null,15+,0,Not applicable,1,Model-based Estimates,2,Interpolation,2544036
70,Population by age and sex - broad age groups,Population by age and sex - broad age groups,World Population Prospects,2024,United Nations Population Division,454,Malawi,MW,MWI,42,1991,4,Median,2,Female,26,15,null,15+,0,Not applicable,1,Model-based Estimates,2,Interpolation,2809940.5
70,Population by age and sex - broad age groups,Population by age and sex - broad age groups,World Population Prospects,2024,United Nations Population Division,454,Malawi,MW,MWI,43,1992,4,Median,1,Male,26,15,null,15+,0,Not applicable,1,Model-based Estimates,2,Interpolation,2611918
70,Population by age and sex - broad age groups,Population by age and sex - broad age groups,World Population Prospects,2024,United Nations Population Division,454,Malawi,MW,MWI,43,1992,4,Median,2,Female,26,15,null,15+,0,Not applicable,1,Model-based Estimates,2,Interpolation,2881172.5
70,Population by age and sex - broad age groups,Population by age and sex - broad age groups,World Population Prospects,2024,United Nations Population Division,454,Malawi,MW,MWI,44,1993,4,Median,1,Male,26,15,null,15+,0,Not applicable,1,Model-based Estimates,2,Interpolation,2645161
70,Population by age and sex - broad age groups,Population by age and sex - broad age groups,World Population Prospects,2024,United Nations Population Division,454,Malawi,MW,MWI,44,1993,4,Median,2,Female,26,15,null,15+,0,Not applicable,1,Model-based Estimates,2,Interpolation,2912249
70,Population by age and sex - broad age groups,Population by age and sex - broad age groups,World Population Prospects,2024,United Nations Population Division,454,Malawi,MW,MWI,45,1994,4,Median,1,Male,26,15,null,15+,0,Not applicable,1,Model-based Estimates,2,Interpolation,2612027
70,Population by age and sex - broad age groups,Population by age and sex - broad age groups,World Population Prospects,2024,United Nations Population Division,454,Malawi,MW,MWI,45,1994,4,Median,2,Female,26,15,null,15+,0,Not applicable,1,Model-based Estimates,2,Interpolation,2869046
70,Population by age and sex - broad age groups,Population by age and sex - broad age groups,World Population Prospects,2024,United Nations Population Division,454,Malawi,MW,MWI,46,1995,4,Median,1,Male,26,15,null,15+,0,Not applicable,1,Model-based Estimates,2,Interpolation,2608467
70,Population by age and sex - broad age groups,Population by age and sex - broad age groups,World Population Prospects,2024,United Nations Population Division,454,Malawi,MW,MWI,46,1995,4,Median,2,Female,26,15,null,15+,0,Not applicable,1,Model-based Estimates,2,Interpolation,2857849
70,Population by age and sex - broad age groups,Population by age and sex - broad age groups,World Population Prospects,2024,United Nations Population Division,454,Malawi,MW,MWI,47,1996,4,Median,1,Male,26,15,null,15+,0,Not applicable,1,Model-based Estimates,2,Interpolation,2662575.5
70,Population by age and sex - broad age groups,Population by age and sex - broad age groups,World Population Prospects,2024,United Nations Population Division,454,Malawi,MW,MWI,47,1996,4,Median,2,Female,26,15,null,15+,0,Not applicable,1,Model-based Estimates,2,Interpolation,2910123.5
70,Population by age and sex - broad age groups,Population by age and sex - broad age groups,World Population Prospects,2024,United Nations Population Division,454,Malawi,MW,MWI,48,1997,4,Median,1,Male,26,15,null,15+,0,Not applicable,1,Model-based Estimates,2,Interpolation,2718726
70,Population by age and sex - broad age groups,Population by age and sex - broad age groups,World Population Prospects,2024,United Nations Population Division,454,Malawi,MW,MWI,48,1997,4,Median,2,Female,26,15,null,15+,0,Not applicable,1,Model-based Estimates,2,Interpolation,2965364.5
70,Population by age and sex - broad age groups,Population by age and sex - broad age groups,World Population Prospects,2024,United Nations Population Division,454,Malawi,MW,MWI,49,1998,4,Median,1,Male,26,15,null,15+,0,Not applicable,1,Model-based Estimates,2,Interpolation,2778191
70,Population by age and sex - broad age groups,Population by age and sex - broad age groups,World Population Prospects,2024,United Nations Population Division,454,Malawi,MW,MWI,49,1998,4,Median,2,Female,26,15,null,15+,0,Not applicable,1,Model-based Estimates,2,Interpolation,3025425.5
70,Population by age and sex - broad age groups,Population by age and sex - broad age groups,World Population Prospects,2024,United Nations Population Division,454,Malawi,MW,MWI,50,1999,4,Median,1,Male,26,15,null,15+,0,Not applicable,1,Model-based Estimates,2,Interpolation,2843458.5
70,Population by age and sex - broad age groups,Population by age and sex - broad age groups,World Population Prospects,2024,United Nations Population Division,454,Malawi,MW,MWI,50,1999,4,Median,2,Female,26,15,null,15+,0,Not applicable,1,Model-based Estimates,2,Interpolation,3097081.5
70,Population by age and sex - broad age groups,Population by age and sex - broad age groups,World Population Prospects,2024,United Nations Population Division,454,Malawi,MW,MWI,51,2000,4,Median,1,Male,26,15,null,15+,0,Not applicable,1,Model-based Estimates,2,Interpolation,2913176
70,Population by age and sex - broad age groups,Population by age and sex - broad age groups,World Population Prospects,2024,United Nations Population Division,454,Malawi,MW,MWI,51,2000,4,Median,2,Female,26,15,null,15+,0,Not applicable,1,Model-based Estimates,2,Interpolation,3178252.5
70,Population by age and sex - broad age groups,Population by age and sex - broad age groups,World Population Prospects,2024,United Nations Population Division,454,Malawi,MW,MWI,52,2001,4,Median,1,Male,26,15,null,15+,0,Not applicable,1,Model-based Estimates,2,Interpolation,2984265.5
70,Population by age and sex - broad age groups,Population by age and sex - broad age groups,World Population Prospects,2024,United Nations Population Division,454,Malawi,MW,MWI,52,2001,4,Median,2,Female,26,15,null,15+,0,Not applicable,1,Model-based Estimates,2,Interpolation,3261462.5
70,Population by age and sex - broad age groups,Population by age and sex - broad age groups,World Population Prospects,2024,United Nations Population Division,454,Malawi,MW,MWI,53,2002,4,Median,1,Male,26,15,null,15+,0,Not applicable,1,Model-based Estimates,2,Interpolation,3056857.5
70,Population by age and sex - broad age groups,Population by age and sex - broad age groups,World Population Prospects,2024,United Nations Population Division,454,Malawi,MW,MWI,53,2002,4,Median,2,Female,26,15,null,15+,0,Not applicable,1,Model-based Estimates,2,Interpolation,3347077.5
70,Population by age and sex - broad age groups,Population by age and sex - broad age groups,World Population Prospects,2024,United Nations Population Division,454,Malawi,MW,MWI,54,2003,4,Median,1,Male,26,15,null,15+,0,Not applicable,1,Model-based Estimates,2,Interpolation,3132955.5
70,Population by age and sex - broad age groups,Population by age and sex - broad age groups,World Population Prospects,2024,United Nations Population Division,454,Malawi,MW,MWI,54,2003,4,Median,2,Female,26,15,null,15+,0,Not applicable,1,Model-based Estimates,2,Interpolation,3437603
70,Population by age and sex - broad age groups,Population by age and sex - broad age groups,World Population Prospects,2024,United Nations Population Division,454,Malawi,MW,MWI,55,2004,4,Median,1,Male,26,15,null,15+,0,Not applicable,1,Model-based Estimates,2,Interpolation,3212857.5
70,Population by age and sex - broad age groups,Population by age and sex - broad age groups,World Population Prospects,2024,United Nations Population Division,454,Malawi,MW,MWI,55,2004,4,Median,2,Female,26,15,null,15+,0,Not applicable,1,Model-based Estimates,2,Interpolation,3533198
70,Population by age and sex - broad age groups,Population by age and sex - broad age groups,World Population Prospects,2024,United Nations Population Division,454,Malawi,MW,MWI,56,2005,4,Median,1,Male,26,15,null,15+,0,Not applicable,1,Model-based Estimates,2,Interpolation,3296153.5
70,Population by age and sex - broad age groups,Population by age and sex - broad age groups,World Population Prospects,2024,United Nations Population Division,454,Malawi,MW,MWI,56,2005,4,Median,2,Female,26,15,null,15+,0,Not applicable,1,Model-based Estimates,2,Interpolation,3632605
70,Population by age and sex - broad age groups,Population by age and sex - broad age groups,World Population Prospects,2024,United Nations Population Division,454,Malawi,MW,MWI,57,2006,4,Median,1,Male,26,15,null,15+,0,Not applicable,1,Model-based Estimates,2,Interpolation,3384083.5
70,Population by age and sex - broad age groups,Population by age and sex - broad age groups,World Population Prospects,2024,United Nations Population Division,454,Malawi,MW,MWI,57,2006,4,Median,2,Female,26,15,null,15+,0,Not applicable,1,Model-based Estimates,2,Interpolation,3736344
70,Population by age and sex - broad age groups,Population by age and sex - broad age groups,World Population Prospects,2024,United Nations Population Division,454,Malawi,MW,MWI,58,2007,4,Median,1,Male,26,15,null,15+,0,Not applicable,1,Model-based Estimates,2,Interpolation,3477593
70,Population by age and sex - broad age groups,Population by age and sex - broad age groups,World Population Prospects,2024,United Nations Population Division,454,Malawi,MW,MWI,58,2007,4,Median,2,Female,26,15,null,15+,0,Not applicable,1,Model-based Estimates,2,Interpolation,3843879.5
70,Population by age and sex - broad age groups,Population by age and sex - broad age groups,World Population Prospects,2024,United Nations Population Division,454,Malawi,MW,MWI,59,2008,4,Median,1,Male,26,15,null,15+,0,Not applicable,1,Model-based Estimates,2,Interpolation,3576515
70,Population by age and sex - broad age groups,Population by age and sex - broad age groups,World Population Prospects,2024,United Nations Population Division,454,Malawi,MW,MWI,59,2008,4,Median,2,Female,26,15,null,15+,0,Not applicable,1,Model-based Estimates,2,Interpolation,3952263
70,Population by age and sex - broad age groups,Population by age and sex - broad age groups,World Population Prospects,2024,United Nations Population Division,454,Malawi,MW,MWI,60,2009,4,Median,1,Male,26,15,null,15+,0,Not applicable,1,Model-based Estimates,2,Interpolation,3681351.5
70,Population by age and sex - broad age groups,Population by age and sex - broad age groups,World Population Prospects,2024,United Nations Population Division,454,Malawi,MW,MWI,60,2009,4,Median,2,Female,26,15,null,15+,0,Not applicable,1,Model-based Estimates,2,Interpolation,4062978
70,Population by age and sex - broad age groups,Population by age and sex - broad age groups,World Population Prospects,2024,United Nations Population Division,454,Malawi,MW,MWI,61,2010,4,Median,1,Male,26,15,null,15+,0,Not applicable,1,Model-based Estimates,2,Interpolation,3792920.5
70,Population by age and sex - broad age groups,Population by age and sex - broad age groups,World Population Prospects,2024,United Nations Population Division,454,Malawi,MW,MWI,61,2010,4,Median,2,Female,26,15,null,15+,0,Not applicable,1,Model-based Estimates,2,Interpolation,4179978
70,Population by age and sex - broad age groups,Population by age and sex - broad age groups,World Population Prospects,2024,United Nations Population Division,454,Malawi,MW,MWI,62,2011,4,Median,1,Male,26,15,null,15+,0,Not applicable,1,Model-based Estimates,2,Interpolation,3910252
70,Population by age and sex - broad age groups,Population by age and sex - broad age groups,World Population Prospects,2024,United Nations Population Division,454,Malawi,MW,MWI,62,2011,4,Median,2,Female,26,15,null,15+,0,Not applicable,1,Model-based Estimates,2,Interpolation,4302669.5
70,Population by age and sex - broad age groups,Population by age and sex - broad age groups,World Population Prospects,2024,United Nations Population Division,454,Malawi,MW,MWI,63,2012,4,Median,1,Male,26,15,null,15+,0,Not applicable,1,Model-based Estimates,2,Interpolation,4033994
70,Population by age and sex - broad age groups,Population by age and sex - broad age groups,World Population Prospects,2024,United Nations Population Division,454,Malawi,MW,MWI,63,2012,4,Median,2,Female,26,15,null,15+,0,Not applicable,1,Model-based Estimates,2,Interpolation,4431705.5
70,Population by age and sex - broad age groups,Population by age and sex - broad age groups,World Population Prospects,2024,United Nations Population Division,454,Malawi,MW,MWI,64,2013,4,Median,1,Male,26,15,null,15+,0,Not applicable,1,Model-based Estimates,2,Interpolation,4165931.5
70,Population by age and sex - broad age groups,Population by age and sex - broad age groups,World Population Prospects,2024,United Nations Population Division,454,Malawi,MW,MWI,64,2013,4,Median,2,Female,26,15,null,15+,0,Not applicable,1,Model-based Estimates,2,Interpolation,4569257.5
70,Population by age and sex - broad age groups,Population by age and sex - broad age groups,World Population Prospects,2024,United Nations Population Division,454,Malawi,MW,MWI,65,2014,4,Median,1,Male,26,15,null,15+,0,Not applicable,1,Model-based Estimates,2,Interpolation,4306081
70,Population by age and sex - broad age groups,Population by age and sex - broad age groups,World Population Prospects,2024,United Nations Population Division,454,Malawi,MW,MWI,65,2014,4,Median,2,Female,26,15,null,15+,0,Not applicable,1,Model-based Estimates,2,Interpolation,4715796.5
70,Population by age and sex - broad age groups,Population by age and sex - broad age groups,World Population Prospects,2024,United Nations Population Division,454,Malawi,MW,MWI,66,2015,4,Median,1,Male,26,15,null,15+,0,Not applicable,1,Model-based Estimates,2,Interpolation,4453407
70,Population by age and sex - broad age groups,Population by age and sex - broad age groups,World Population Prospects,2024,United Nations Population Division,454,Malawi,MW,MWI,66,2015,4,Median,2,Female,26,15,null,15+,0,Not applicable,1,Model-based Estimates,2,Interpolation,4870371.5
70,Population by age and sex - broad age groups,Population by age and sex - broad age groups,World Population Prospects,2024,United Nations Population Division,454,Malawi,MW,MWI,67,2016,4,Median,1,Male,26,15,null,15+,0,Not applicable,1,Model-based Estimates,2,Interpolation,4609986
70,Population by age and sex - broad age groups,Population by age and sex - broad age groups,World Population Prospects,2024,United Nations Population Division,454,Malawi,MW,MWI,67,2016,4,Median,2,Female,26,15,null,15+,0,Not applicable,1,Model-based Estimates,2,Interpolation,5035174.5
70,Population by age and sex - broad age groups,Population by age and sex - broad age groups,World Population Prospects,2024,United Nations Population Division,454,Malawi,MW,MWI,68,2017,4,Median,1,Male,26,15,null,15+,0,Not applicable,1,Model-based Estimates,2,Interpolation,4776025.5
70,Population by age and sex - broad age groups,Population by age and sex - broad age groups,World Population Prospects,2024,United Nations Population Division,454,Malawi,MW,MWI,68,2017,4,Median,2,Female,26,15,null,15+,0,Not applicable,1,Model-based Estimates,2,Interpolation,5210498
70,Population by age and sex - broad age groups,Population by age and sex - broad age groups,World Population Prospects,2024,United Nations Population Division,454,Malawi,MW,MWI,69,2018,4,Median,1,Male,26,15,null,15+,0,Not applicable,1,Model-based Estimates,2,Interpolation,4948794.5
70,Population by age and sex - broad age groups,Population by age and sex - broad age groups,World Population Prospects,2024,United Nations Population Division,454,Malawi,MW,MWI,69,2018,4,Median,2,Female,26,15,null,15+,0,Not applicable,1,Model-based Estimates,2,Interpolation,5394156
70,Population by age and sex - broad age groups,Population by age and sex - broad age groups,World Population Prospects,2024,United Nations Population Division,454,Malawi,MW,MWI,70,2019,4,Median,1,Male,26,15,null,15+,0,Not applicable,1,Model-based Estimates,3,Projection,5129932.5
70,Population by age and sex - broad age groups,Population by age and sex - broad age groups,World Population Prospects,2024,United Nations Population Division,454,Malawi,MW,MWI,70,2019,4,Median,2,Female,26,15,null,15+,0,Not applicable,1,Model-based Estimates,3,Projection,5587524.5
70,Population by age and sex - broad age groups,Population by age and sex - broad age groups,World Population Prospects,2024,United Nations Population Division,454,Malawi,MW,MWI,71,2020,4,Median,1,Male,26,15,null,15+,0,Not applicable,1,Model-based Estimates,3,Projection,5320288.5
70,Population by age and sex - broad age groups,Population by age and sex - broad age groups,World Population Prospects,2024,United Nations Population Division,454,Malawi,MW,MWI,71,2020,4,Median,2,Female,26,15,null,15+,0,Not applicable,1,Model-based Estimates,3,Projection,5790964
70,Population by age and sex - broad age groups,Population by age and sex - broad age groups,World Population Prospects,2024,United Nations Population Division,454,Malawi,MW,MWI,72,2021,4,Median,1,Male,26,15,null,15+,0,Not applicable,1,Model-based Estimates,3,Projection,5517704.5
70,Population by age and sex - broad age groups,Population by age and sex - broad age groups,World Population Prospects,2024,United Nations Population Division,454,Malawi,MW,MWI,72,2021,4,Median,2,Female,26,15,null,15+,0,Not applicable,1,Model-based Estimates,3,Projection,6002086
70,Population by age and sex - broad age groups,Population by age and sex - broad age groups,World Population Prospects,2024,United Nations Population Division,454,Malawi,MW,MWI,73,2022,4,Median,1,Male,26,15,null,15+,0,Not applicable,1,Model-based Estimates,3,Projection,5722891
70,Population by age and sex - broad age groups,Population by age and sex - broad age groups,World Population Prospects,2024,United Nations Population Division,454,Malawi,MW,MWI,73,2022,4,Median,2,Female,26,15,null,15+,0,Not applicable,1,Model-based Estimates,3,Projection,6220664
70,Population by age and sex - broad age groups,Population by age and sex - broad age groups,World Population Prospects,2024,United Nations Population Division,454,Malawi,MW,MWI,74,2023,4,Median,1,Male,26,15,null,15+,0,Not applicable,1,Model-based Estimates,3,Projection,5937312.5
70,Population by age and sex - broad age groups,Population by age and sex - broad age groups,World Population Prospects,2024,United Nations Population Division,454,Malawi,MW,MWI,74,2023,4,Median,2,Female,26,15,null,15+,0,Not applicable,1,Model-based Estimates,3,Projection,6447625
70,Population by age and sex - broad age groups,Population by age and sex - broad age groups,World Population Prospects,2024,United Nations Population Division,466,Mali,ML,MLI,41,1990,4,Median,1,Male,26,15,null,15+,0,Not applicable,1,Model-based Estimates,2,Interpolation,2432014.5
70,Population by age and sex - broad age groups,Population by age and sex - broad age groups,World Population Prospects,2024,United Nations Population Division,466,Mali,ML,MLI,41,1990,4,Median,2,Female,26,15,null,15+,0,Not applicable,1,Model-based Estimates,2,Interpolation,2448763
70,Population by age and sex - broad age groups,Population by age and sex - broad age groups,World Population Prospects,2024,United Nations Population Division,466,Mali,ML,MLI,42,1991,4,Median,1,Male,26,15,null,15+,0,Not applicable,1,Model-based Estimates,2,Interpolation,2477075
70,Population by age and sex - broad age groups,Population by age and sex - broad age groups,World Population Prospects,2024,United Nations Population Division,466,Mali,ML,MLI,42,1991,4,Median,2,Female,26,15,null,15+,0,Not applicable,1,Model-based Estimates,2,Interpolation,2489267
70,Population by age and sex - broad age groups,Population by age and sex - broad age groups,World Population Prospects,2024,United Nations Population Division,466,Mali,ML,MLI,43,1992,4,Median,1,Male,26,15,null,15+,0,Not applicable,1,Model-based Estimates,2,Interpolation,2524895
70,Population by age and sex - broad age groups,Population by age and sex - broad age groups,World Population Prospects,2024,United Nations Population Division,466,Mali,ML,MLI,43,1992,4,Median,2,Female,26,15,null,15+,0,Not applicable,1,Model-based Estimates,2,Interpolation,2532372
70,Population by age and sex - broad age groups,Population by age and sex - broad age groups,World Population Prospects,2024,United Nations Population Division,466,Mali,ML,MLI,44,1993,4,Median,1,Male,26,15,null,15+,0,Not applicable,1,Model-based Estimates,2,Interpolation,2577728.5
70,Population by age and sex - broad age groups,Population by age and sex - broad age groups,World Population Prospects,2024,United Nations Population Division,466,Mali,ML,MLI,44,1993,4,Median,2,Female,26,15,null,15+,0,Not applicable,1,Model-based Estimates,2,Interpolation,2580447
70,Population by age and sex - broad age groups,Population by age and sex - broad age groups,World Population Prospects,2024,United Nations Population Division,466,Mali,ML,MLI,45,1994,4,Median,1,Male,26,15,null,15+,0,Not applicable,1,Model-based Estimates,2,Interpolation,2635667
70,Population by age and sex - broad age groups,Population by age and sex - broad age groups,World Population Prospects,2024,United Nations Population Division,466,Mali,ML,MLI,45,1994,4,Median,2,Female,26,15,null,15+,0,Not applicable,1,Model-based Estimates,2,Interpolation,2633924
70,Population by age and sex - broad age groups,Population by age and sex - broad age groups,World Population Prospects,2024,United Nations Population Division,466,Mali,ML,MLI,46,1995,4,Median,1,Male,26,15,null,15+,0,Not applicable,1,Model-based Estimates,2,Interpolation,2697426.5
70,Population by age and sex - broad age groups,Population by age and sex - broad age groups,World Population Prospects,2024,United Nations Population Division,466,Mali,ML,MLI,46,1995,4,Median,2,Female,26,15,null,15+,0,Not applicable,1,Model-based Estimates,2,Interpolation,2691607.5
70,Population by age and sex - broad age groups,Population by age and sex - broad age groups,World Population Prospects,2024,United Nations Population Division,466,Mali,ML,MLI,47,1996,4,Median,1,Male,26,15,null,15+,0,Not applicable,1,Model-based Estimates,2,Interpolation,2761440.5
70,Population by age and sex - broad age groups,Population by age and sex - broad age groups,World Population Prospects,2024,United Nations Population Division,466,Mali,ML,MLI,47,1996,4,Median,2,Female,26,15,null,15+,0,Not applicable,1,Model-based Estimates,2,Interpolation,2751465.5
70,Population by age and sex - broad age groups,Population by age and sex - broad age groups,World Population Prospects,2024,United Nations Population Division,466,Mali,ML,MLI,48,1997,4,Median,1,Male,26,15,null,15+,0,Not applicable,1,Model-based Estimates,2,Interpolation,2831005
70,Population by age and sex - broad age groups,Population by age and sex - broad age groups,World Population Prospects,2024,United Nations Population Division,466,Mali,ML,MLI,48,1997,4,Median,2,Female,26,15,null,15+,0,Not applicable,1,Model-based Estimates,2,Interpolation,2816926
70,Population by age and sex - broad age groups,Population by age and sex - broad age groups,World Population Prospects,2024,United Nations Population Division,466,Mali,ML,MLI,49,1998,4,Median,1,Male,26,15,null,15+,0,Not applicable,1,Model-based Estimates,2,Interpolation,2911662
70,Population by age and sex - broad age groups,Population by age and sex - broad age groups,World Population Prospects,2024,United Nations Population Division,466,Mali,ML,MLI,49,1998,4,Median,2,Female,26,15,null,15+,0,Not applicable,1,Model-based Estimates,2,Interpolation,2893638
70,Population by age and sex - broad age groups,Population by age and sex - broad age groups,World Population Prospects,2024,United Nations Population Division,466,Mali,ML,MLI,50,1999,4,Median,1,Male,26,15,null,15+,0,Not applicable,1,Model-based Estimates,2,Interpolation,3002573.5
70,Population by age and sex - broad age groups,Population by age and sex - broad age groups,World Population Prospects,2024,United Nations Population Division,466,Mali,ML,MLI,50,1999,4,Median,2,Female,26,15,null,15+,0,Not applicable,1,Model-based Estimates,2,Interpolation,2980642.5
70,Population by age and sex - broad age groups,Population by age and sex - broad age groups,World Population Prospects,2024,United Nations Population Division,466,Mali,ML,MLI,51,2000,4,Median,1,Male,26,15,null,15+,0,Not applicable,1,Model-based Estimates,2,Interpolation,3099788.5
70,Population by age and sex - broad age groups,Population by age and sex - broad age groups,World Population Prospects,2024,United Nations Population Division,466,Mali,ML,MLI,51,2000,4,Median,2,Female,26,15,null,15+,0,Not applicable,1,Model-based Estimates,2,Interpolation,3073069.5
70,Population by age and sex - broad age groups,Population by age and sex - broad age groups,World Population Prospects,2024,United Nations Population Division,466,Mali,ML,MLI,52,2001,4,Median,1,Male,26,15,null,15+,0,Not applicable,1,Model-based Estimates,2,Interpolation,3203040
70,Population by age and sex - broad age groups,Population by age and sex - broad age groups,World Population Prospects,2024,United Nations Population Division,466,Mali,ML,MLI,52,2001,4,Median,2,Female,26,15,null,15+,0,Not applicable,1,Model-based Estimates,2,Interpolation,3170909.5
70,Population by age and sex - broad age groups,Population by age and sex - broad age groups,World Population Prospects,2024,United Nations Population Division,466,Mali,ML,MLI,53,2002,4,Median,1,Male,26,15,null,15+,0,Not applicable,1,Model-based Estimates,2,Interpolation,3311308
70,Population by age and sex - broad age groups,Population by age and sex - broad age groups,World Population Prospects,2024,United Nations Population Division,466,Mali,ML,MLI,53,2002,4,Median,2,Female,26,15,null,15+,0,Not applicable,1,Model-based Estimates,2,Interpolation,3274308
70,Population by age and sex - broad age groups,Population by age and sex - broad age groups,World Population Prospects,2024,United Nations Population Division,466,Mali,ML,MLI,54,2003,4,Median,1,Male,26,15,null,15+,0,Not applicable,1,Model-based Estimates,2,Interpolation,3422479
70,Population by age and sex - broad age groups,Population by age and sex - broad age groups,World Population Prospects,2024,United Nations Population Division,466,Mali,ML,MLI,54,2003,4,Median,2,Female,26,15,null,15+,0,Not applicable,1,Model-based Estimates,2,Interpolation,3381300
70,Population by age and sex - broad age groups,Population by age and sex - broad age groups,World Population Prospects,2024,United Nations Population Division,466,Mali,ML,MLI,55,2004,4,Median,1,Male,26,15,null,15+,0,Not applicable,1,Model-based Estimates,2,Interpolation,3535760.5
70,Population by age and sex - broad age groups,Population by age and sex - broad age groups,World Population Prospects,2024,United Nations Population Division,466,Mali,ML,MLI,55,2004,4,Median,2,Female,26,15,null,15+,0,Not applicable,1,Model-based Estimates,2,Interpolation,3491143
70,Population by age and sex - broad age groups,Population by age and sex - broad age groups,World Population Prospects,2024,United Nations Population Division,466,Mali,ML,MLI,56,2005,4,Median,1,Male,26,15,null,15+,0,Not applicable,1,Model-based Estimates,2,Interpolation,3649563
70,Population by age and sex - broad age groups,Population by age and sex - broad age groups,World Population Prospects,2024,United Nations Population Division,466,Mali,ML,MLI,56,2005,4,Median,2,Female,26,15,null,15+,0,Not applicable,1,Model-based Estimates,2,Interpolation,3602090
70,Population by age and sex - broad age groups,Population by age and sex - broad age groups,World Population Prospects,2024,United Nations Population Division,466,Mali,ML,MLI,57,2006,4,Median,1,Male,26,15,null,15+,0,Not applicable,1,Model-based Estimates,2,Interpolation,3764680.5
70,Population by age and sex - broad age groups,Population by age and sex - broad age groups,World Population Prospects,2024,United Nations Population Division,466,Mali,ML,MLI,57,2006,4,Median,2,Female,26,15,null,15+,0,Not applicable,1,Model-based Estimates,2,Interpolation,3714599
70,Population by age and sex - broad age groups,Population by age and sex - broad age groups,World Population Prospects,2024,United Nations Population Division,466,Mali,ML,MLI,58,2007,4,Median,1,Male,26,15,null,15+,0,Not applicable,1,Model-based Estimates,2,Interpolation,3882932
70,Population by age and sex - broad age groups,Population by age and sex - broad age groups,World Population Prospects,2024,United Nations Population Division,466,Mali,ML,MLI,58,2007,4,Median,2,Female,26,15,null,15+,0,Not applicable,1,Model-based Estimates,2,Interpolation,3830312.5
70,Population by age and sex - broad age groups,Population by age and sex - broad age groups,World Population Prospects,2024,United Nations Population Division,466,Mali,ML,MLI,59,2008,4,Median,1,Male,26,15,null,15+,0,Not applicable,1,Model-based Estimates,2,Interpolation,4002983
70,Population by age and sex - broad age groups,Population by age and sex - broad age groups,World Population Prospects,2024,United Nations Population Division,466,Mali,ML,MLI,59,2008,4,Median,2,Female,26,15,null,15+,0,Not applicable,1,Model-based Estimates,2,Interpolation,3947947.5
70,Population by age and sex - broad age groups,Population by age and sex - broad age groups,World Population Prospects,2024,United Nations Population Division,466,Mali,ML,MLI,60,2009,4,Median,1,Male,26,15,null,15+,0,Not applicable,1,Model-based Estimates,2,Interpolation,4123610.5
70,Population by age and sex - broad age groups,Population by age and sex - broad age groups,World Population Prospects,2024,United Nations Population Division,466,Mali,ML,MLI,60,2009,4,Median,2,Female,26,15,null,15+,0,Not applicable,1,Model-based Estimates,2,Interpolation,4066022.5
70,Population by age and sex - broad age groups,Population by age and sex - broad age groups,World Population Prospects,2024,United Nations Population Division,466,Mali,ML,MLI,61,2010,4,Median,1,Male,26,15,null,15+,0,Not applicable,1,Model-based Estimates,3,Projection,4245246
70,Population by age and sex - broad age groups,Population by age and sex - broad age groups,World Population Prospects,2024,United Nations Population Division,466,Mali,ML,MLI,61,2010,4,Median,2,Female,26,15,null,15+,0,Not applicable,1,Model-based Estimates,3,Projection,4184735.5
70,Population by age and sex - broad age groups,Population by age and sex - broad age groups,World Population Prospects,2024,United Nations Population Division,466,Mali,ML,MLI,62,2011,4,Median,1,Male,26,15,null,15+,0,Not applicable,1,Model-based Estimates,3,Projection,4368411
70,Population by age and sex - broad age groups,Population by age and sex - broad age groups,World Population Prospects,2024,United Nations Population Division,466,Mali,ML,MLI,62,2011,4,Median,2,Female,26,15,null,15+,0,Not applicable,1,Model-based Estimates,3,Projection,4304688.5
70,Population by age and sex - broad age groups,Population by age and sex - broad age groups,World Population Prospects,2024,United Nations Population Division,466,Mali,ML,MLI,63,2012,4,Median,1,Male,26,15,null,15+,0,Not applicable,1,Model-based Estimates,3,Projection,4473310
70,Population by age and sex - broad age groups,Population by age and sex - broad age groups,World Population Prospects,2024,United Nations Population Division,466,Mali,ML,MLI,63,2012,4,Median,2,Female,26,15,null,15+,0,Not applicable,1,Model-based Estimates,3,Projection,4406509.5
70,Population by age and sex - broad age groups,Population by age and sex - broad age groups,World Population Prospects,2024,United Nations Population Division,466,Mali,ML,MLI,64,2013,4,Median,1,Male,26,15,null,15+,0,Not applicable,1,Model-based Estimates,3,Projection,4585228
70,Population by age and sex - broad age groups,Population by age and sex - broad age groups,World Population Prospects,2024,United Nations Population Division,466,Mali,ML,MLI,64,2013,4,Median,2,Female,26,15,null,15+,0,Not applicable,1,Model-based Estimates,3,Projection,4515561.5
70,Population by age and sex - broad age groups,Population by age and sex - broad age groups,World Population Prospects,2024,United Nations Population Division,466,Mali,ML,MLI,65,2014,4,Median,1,Male,26,15,null,15+,0,Not applicable,1,Model-based Estimates,3,Projection,4725788.5
70,Population by age and sex - broad age groups,Population by age and sex - broad age groups,World Population Prospects,2024,United Nations Population Division,466,Mali,ML,MLI,65,2014,4,Median,2,Female,26,15,null,15+,0,Not applicable,1,Model-based Estimates,3,Projection,4652872
70,Population by age and sex - broad age groups,Population by age and sex - broad age groups,World Population Prospects,2024,United Nations Population Division,466,Mali,ML,MLI,66,2015,4,Median,1,Male,26,15,null,15+,0,Not applicable,1,Model-based Estimates,3,Projection,4873289
70,Population by age and sex - broad age groups,Population by age and sex - broad age groups,World Population Prospects,2024,United Nations Population Division,466,Mali,ML,MLI,66,2015,4,Median,2,Female,26,15,null,15+,0,Not applicable,1,Model-based Estimates,3,Projection,4796788.5
70,Population by age and sex - broad age groups,Population by age and sex - broad age groups,World Population Prospects,2024,United Nations Population Division,466,Mali,ML,MLI,67,2016,4,Median,1,Male,26,15,null,15+,0,Not applicable,1,Model-based Estimates,3,Projection,5033044
70,Population by age and sex - broad age groups,Population by age and sex - broad age groups,World Population Prospects,2024,United Nations Population Division,466,Mali,ML,MLI,67,2016,4,Median,2,Female,26,15,null,15+,0,Not applicable,1,Model-based Estimates,3,Projection,4952703
70,Population by age and sex - broad age groups,Population by age and sex - broad age groups,World Population Prospects,2024,United Nations Population Division,466,Mali,ML,MLI,68,2017,4,Median,1,Male,26,15,null,15+,0,Not applicable,1,Model-based Estimates,3,Projection,5204419
70,Population by age and sex - broad age groups,Population by age and sex - broad age groups,World Population Prospects,2024,United Nations Population Division,466,Mali,ML,MLI,68,2017,4,Median,2,Female,26,15,null,15+,0,Not applicable,1,Model-based Estimates,3,Projection,5120279.5
70,Population by age and sex - broad age groups,Population by age and sex - broad age groups,World Population Prospects,2024,United Nations Population Division,466,Mali,ML,MLI,69,2018,4,Median,1,Male,26,15,null,15+,0,Not applicable,1,Model-based Estimates,3,Projection,5382210
70,Population by age and sex - broad age groups,Population by age and sex - broad age groups,World Population Prospects,2024,United Nations Population Division,466,Mali,ML,MLI,69,2018,4,Median,2,Female,26,15,null,15+,0,Not applicable,1,Model-based Estimates,3,Projection,5294790.5
70,Population by age and sex - broad age groups,Population by age and sex - broad age groups,World Population Prospects,2024,United Nations Population Division,466,Mali,ML,MLI,70,2019,4,Median,1,Male,26,15,null,15+,0,Not applicable,1,Model-based Estimates,3,Projection,5567189
70,Population by age and sex - broad age groups,Population by age and sex - broad age groups,World Population Prospects,2024,United Nations Population Division,466,Mali,ML,MLI,70,2019,4,Median,2,Female,26,15,null,15+,0,Not applicable,1,Model-based Estimates,3,Projection,5476675.5
70,Population by age and sex - broad age groups,Population by age and sex - broad age groups,World Population Prospects,2024,United Nations Population Division,466,Mali,ML,MLI,71,2020,4,Median,1,Male,26,15,null,15+,0,Not applicable,1,Model-based Estimates,3,Projection,5765792
70,Population by age and sex - broad age groups,Population by age and sex - broad age groups,World Population Prospects,2024,United Nations Population Division,466,Mali,ML,MLI,71,2020,4,Median,2,Female,26,15,null,15+,0,Not applicable,1,Model-based Estimates,3,Projection,5673199
70,Population by age and sex - broad age groups,Population by age and sex - broad age groups,World Population Prospects,2024,United Nations Population Division,466,Mali,ML,MLI,72,2021,4,Median,1,Male,26,15,null,15+,0,Not applicable,1,Model-based Estimates,3,Projection,5976561.5
70,Population by age and sex - broad age groups,Population by age and sex - broad age groups,World Population Prospects,2024,United Nations Population Division,466,Mali,ML,MLI,72,2021,4,Median,2,Female,26,15,null,15+,0,Not applicable,1,Model-based Estimates,3,Projection,5882101.5
70,Population by age and sex - broad age groups,Population by age and sex - broad age groups,World Population Prospects,2024,United Nations Population Division,466,Mali,ML,MLI,73,2022,4,Median,1,Male,26,15,null,15+,0,Not applicable,1,Model-based Estimates,3,Projection,6191217.5
70,Population by age and sex - broad age groups,Population by age and sex - broad age groups,World Population Prospects,2024,United Nations Population Division,466,Mali,ML,MLI,73,2022,4,Median,2,Female,26,15,null,15+,0,Not applicable,1,Model-based Estimates,3,Projection,6094946.5
70,Population by age and sex - broad age groups,Population by age and sex - broad age groups,World Population Prospects,2024,United Nations Population Division,466,Mali,ML,MLI,74,2023,4,Median,1,Male,26,15,null,15+,0,Not applicable,1,Model-based Estimates,3,Projection,6411664
70,Population by age and sex - broad age groups,Population by age and sex - broad age groups,World Population Prospects,2024,United Nations Population Division,466,Mali,ML,MLI,74,2023,4,Median,2,Female,26,15,null,15+,0,Not applicable,1,Model-based Estimates,3,Projection,6314279
70,Population by age and sex - broad age groups,Population by age and sex - broad age groups,World Population Prospects,2024,United Nations Population Division,478,Mauritania,MR,MRT,41,1990,4,Median,1,Male,26,15,null,15+,0,Not applicable,1,Model-based Estimates,2,Interpolation,523992.5
70,Population by age and sex - broad age groups,Population by age and sex - broad age groups,World Population Prospects,2024,United Nations Population Division,478,Mauritania,MR,MRT,41,1990,4,Median,2,Female,26,15,null,15+,0,Not applicable,1,Model-based Estimates,2,Interpolation,541775
70,Population by age and sex - broad age groups,Population by age and sex - broad age groups,World Population Prospects,2024,United Nations Population Division,478,Mauritania,MR,MRT,42,1991,4,Median,1,Male,26,15,null,15+,0,Not applicable,1,Model-based Estimates,2,Interpolation,540915
70,Population by age and sex - broad age groups,Population by age and sex - broad age groups,World Population Prospects,2024,United Nations Population Division,478,Mauritania,MR,MRT,42,1991,4,Median,2,Female,26,15,null,15+,0,Not applicable,1,Model-based Estimates,2,Interpolation,558582.5
70,Population by age and sex - broad age groups,Population by age and sex - broad age groups,World Population Prospects,2024,United Nations Population Division,478,Mauritania,MR,MRT,43,1992,4,Median,1,Male,26,15,null,15+,0,Not applicable,1,Model-based Estimates,2,Interpolation,566850
70,Population by age and sex - broad age groups,Population by age and sex - broad age groups,World Population Prospects,2024,United Nations Population Division,478,Mauritania,MR,MRT,43,1992,4,Median,2,Female,26,15,null,15+,0,Not applicable,1,Model-based Estimates,2,Interpolation,584335
70,Population by age and sex - broad age groups,Population by age and sex - broad age groups,World Population Prospects,2024,United Nations Population Division,478,Mauritania,MR,MRT,44,1993,4,Median,1,Male,26,15,null,15+,0,Not applicable,1,Model-based Estimates,2,Interpolation,595483.5
70,Population by age and sex - broad age groups,Population by age and sex - broad age groups,World Population Prospects,2024,United Nations Population Division,478,Mauritania,MR,MRT,44,1993,4,Median,2,Female,26,15,null,15+,0,Not applicable,1,Model-based Estimates,2,Interpolation,612772
70,Population by age and sex - broad age groups,Population by age and sex - broad age groups,World Population Prospects,2024,United Nations Population Division,478,Mauritania,MR,MRT,45,1994,4,Median,1,Male,26,15,null,15+,0,Not applicable,1,Model-based Estimates,2,Interpolation,618127.5
70,Population by age and sex - broad age groups,Population by age and sex - broad age groups,World Population Prospects,2024,United Nations Population Division,478,Mauritania,MR,MRT,45,1994,4,Median,2,Female,26,15,null,15+,0,Not applicable,1,Model-based Estimates,2,Interpolation,635240
70,Population by age and sex - broad age groups,Population by age and sex - broad age groups,World Population Prospects,2024,United Nations Population Division,478,Mauritania,MR,MRT,46,1995,4,Median,1,Male,26,15,null,15+,0,Not applicable,1,Model-based Estimates,2,Interpolation,634797.5
70,Population by age and sex - broad age groups,Population by age and sex - broad age groups,World Population Prospects,2024,United Nations Population Division,478,Mauritania,MR,MRT,46,1995,4,Median,2,Female,26,15,null,15+,0,Not applicable,1,Model-based Estimates,2,Interpolation,651741
70,Population by age and sex - broad age groups,Population by age and sex - broad age groups,World Population Prospects,2024,United Nations Population Division,478,Mauritania,MR,MRT,47,1996,4,Median,1,Male,26,15,null,15+,0,Not applicable,1,Model-based Estimates,2,Interpolation,644533
70,Population by age and sex - broad age groups,Population by age and sex - broad age groups,World Population Prospects,2024,United Nations Population Division,478,Mauritania,MR,MRT,47,1996,4,Median,2,Female,26,15,null,15+,0,Not applicable,1,Model-based Estimates,2,Interpolation,661301.5
70,Population by age and sex - broad age groups,Population by age and sex - broad age groups,World Population Prospects,2024,United Nations Population Division,478,Mauritania,MR,MRT,48,1997,4,Median,1,Male,26,15,null,15+,0,Not applicable,1,Model-based Estimates,2,Interpolation,658243.5
70,Population by age and sex - broad age groups,Population by age and sex - broad age groups,World Population Prospects,2024,United Nations Population Division,478,Mauritania,MR,MRT,48,1997,4,Median,2,Female,26,15,null,15+,0,Not applicable,1,Model-based Estimates,2,Interpolation,674825.5
70,Population by age and sex - broad age groups,Population by age and sex - broad age groups,World Population Prospects,2024,United Nations Population Division,478,Mauritania,MR,MRT,49,1998,4,Median,1,Male,26,15,null,15+,0,Not applicable,1,Model-based Estimates,2,Interpolation,677152
70,Population by age and sex - broad age groups,Population by age and sex - broad age groups,World Population Prospects,2024,United Nations Population Division,478,Mauritania,MR,MRT,49,1998,4,Median,2,Female,26,15,null,15+,0,Not applicable,1,Model-based Estimates,2,Interpolation,693640
70,Population by age and sex - broad age groups,Population by age and sex - broad age groups,World Population Prospects,2024,United Nations Population Division,478,Mauritania,MR,MRT,50,1999,4,Median,1,Male,26,15,null,15+,0,Not applicable,1,Model-based Estimates,2,Interpolation,697947.5
70,Population by age and sex - broad age groups,Population by age and sex - broad age groups,World Population Prospects,2024,United Nations Population Division,478,Mauritania,MR,MRT,50,1999,4,Median,2,Female,26,15,null,15+,0,Not applicable,1,Model-based Estimates,2,Interpolation,714423
70,Population by age and sex - broad age groups,Population by age and sex - broad age groups,World Population Prospects,2024,United Nations Population Division,478,Mauritania,MR,MRT,51,2000,4,Median,1,Male,26,15,null,15+,0,Not applicable,1,Model-based Estimates,2,Interpolation,720738.5
70,Population by age and sex - broad age groups,Population by age and sex - broad age groups,World Population Prospects,2024,United Nations Population Division,478,Mauritania,MR,MRT,51,2000,4,Median,2,Female,26,15,null,15+,0,Not applicable,1,Model-based Estimates,2,Interpolation,737195
70,Population by age and sex - broad age groups,Population by age and sex - broad age groups,World Population Prospects,2024,United Nations Population Division,478,Mauritania,MR,MRT,52,2001,4,Median,1,Male,26,15,null,15+,0,Not applicable,1,Model-based Estimates,2,Interpolation,738402
70,Population by age and sex - broad age groups,Population by age and sex - broad age groups,World Population Prospects,2024,United Nations Population Division,478,Mauritania,MR,MRT,52,2001,4,Median,2,Female,26,15,null,15+,0,Not applicable,1,Model-based Estimates,2,Interpolation,758128
70,Population by age and sex - broad age groups,Population by age and sex - broad age groups,World Population Prospects,2024,United Nations Population Division,478,Mauritania,MR,MRT,53,2002,4,Median,1,Male,26,15,null,15+,0,Not applicable,1,Model-based Estimates,2,Interpolation,751604.5
70,Population by age and sex - broad age groups,Population by age and sex - broad age groups,World Population Prospects,2024,United Nations Population Division,478,Mauritania,MR,MRT,53,2002,4,Median,2,Female,26,15,null,15+,0,Not applicable,1,Model-based Estimates,2,Interpolation,777575
70,Population by age and sex - broad age groups,Population by age and sex - broad age groups,World Population Prospects,2024,United Nations Population Division,478,Mauritania,MR,MRT,54,2003,4,Median,1,Male,26,15,null,15+,0,Not applicable,1,Model-based Estimates,2,Interpolation,766131
70,Population by age and sex - broad age groups,Population by age and sex - broad age groups,World Population Prospects,2024,United Nations Population Division,478,Mauritania,MR,MRT,54,2003,4,Median,2,Female,26,15,null,15+,0,Not applicable,1,Model-based Estimates,2,Interpolation,798111
70,Population by age and sex - broad age groups,Population by age and sex - broad age groups,World Population Prospects,2024,United Nations Population Division,478,Mauritania,MR,MRT,55,2004,4,Median,1,Male,26,15,null,15+,0,Not applicable,1,Model-based Estimates,2,Interpolation,781512.5
70,Population by age and sex - broad age groups,Population by age and sex - broad age groups,World Population Prospects,2024,United Nations Population Division,478,Mauritania,MR,MRT,55,2004,4,Median,2,Female,26,15,null,15+,0,Not applicable,1,Model-based Estimates,2,Interpolation,819526.5
70,Population by age and sex - broad age groups,Population by age and sex - broad age groups,World Population Prospects,2024,United Nations Population Division,478,Mauritania,MR,MRT,56,2005,4,Median,1,Male,26,15,null,15+,0,Not applicable,1,Model-based Estimates,2,Interpolation,797911.5
70,Population by age and sex - broad age groups,Population by age and sex - broad age groups,World Population Prospects,2024,United Nations Population Division,478,Mauritania,MR,MRT,56,2005,4,Median,2,Female,26,15,null,15+,0,Not applicable,1,Model-based Estimates,2,Interpolation,841898.5
70,Population by age and sex - broad age groups,Population by age and sex - broad age groups,World Population Prospects,2024,United Nations Population Division,478,Mauritania,MR,MRT,57,2006,4,Median,1,Male,26,15,null,15+,0,Not applicable,1,Model-based Estimates,2,Interpolation,815476
70,Population by age and sex - broad age groups,Population by age and sex - broad age groups,World Population Prospects,2024,United Nations Population Division,478,Mauritania,MR,MRT,57,2006,4,Median,2,Female,26,15,null,15+,0,Not applicable,1,Model-based Estimates,2,Interpolation,865302
70,Population by age and sex - broad age groups,Population by age and sex - broad age groups,World Population Prospects,2024,United Nations Population Division,478,Mauritania,MR,MRT,58,2007,4,Median,1,Male,26,15,null,15+,0,Not applicable,1,Model-based Estimates,2,Interpolation,834485
70,Population by age and sex - broad age groups,Population by age and sex - broad age groups,World Population Prospects,2024,United Nations Population Division,478,Mauritania,MR,MRT,58,2007,4,Median,2,Female,26,15,null,15+,0,Not applicable,1,Model-based Estimates,2,Interpolation,889874.5
70,Population by age and sex - broad age groups,Population by age and sex - broad age groups,World Population Prospects,2024,United Nations Population Division,478,Mauritania,MR,MRT,59,2008,4,Median,1,Male,26,15,null,15+,0,Not applicable,1,Model-based Estimates,2,Interpolation,858911.5
70,Population by age and sex - broad age groups,Population by age and sex - broad age groups,World Population Prospects,2024,United Nations Population Division,478,Mauritania,MR,MRT,59,2008,4,Median,2,Female,26,15,null,15+,0,Not applicable,1,Model-based Estimates,2,Interpolation,919469
70,Population by age and sex - broad age groups,Population by age and sex - broad age groups,World Population Prospects,2024,United Nations Population Division,478,Mauritania,MR,MRT,60,2009,4,Median,1,Male,26,15,null,15+,0,Not applicable,1,Model-based Estimates,2,Interpolation,887585.5
70,Population by age and sex - broad age groups,Population by age and sex - broad age groups,World Population Prospects,2024,United Nations Population Division,478,Mauritania,MR,MRT,60,2009,4,Median,2,Female,26,15,null,15+,0,Not applicable,1,Model-based Estimates,2,Interpolation,953740
70,Population by age and sex - broad age groups,Population by age and sex - broad age groups,World Population Prospects,2024,United Nations Population Division,478,Mauritania,MR,MRT,61,2010,4,Median,1,Male,26,15,null,15+,0,Not applicable,1,Model-based Estimates,2,Interpolation,915212
70,Population by age and sex - broad age groups,Population by age and sex - broad age groups,World Population Prospects,2024,United Nations Population Division,478,Mauritania,MR,MRT,61,2010,4,Median,2,Female,26,15,null,15+,0,Not applicable,1,Model-based Estimates,2,Interpolation,988314
70,Population by age and sex - broad age groups,Population by age and sex - broad age groups,World Population Prospects,2024,United Nations Population Division,478,Mauritania,MR,MRT,62,2011,4,Median,1,Male,26,15,null,15+,0,Not applicable,1,Model-based Estimates,2,Interpolation,941561
70,Population by age and sex - broad age groups,Population by age and sex - broad age groups,World Population Prospects,2024,United Nations Population Division,478,Mauritania,MR,MRT,62,2011,4,Median,2,Female,26,15,null,15+,0,Not applicable,1,Model-based Estimates,2,Interpolation,1022955.5
70,Population by age and sex - broad age groups,Population by age and sex - broad age groups,World Population Prospects,2024,United Nations Population Division,478,Mauritania,MR,MRT,63,2012,4,Median,1,Male,26,15,null,15+,0,Not applicable,1,Model-based Estimates,2,Interpolation,966796.5
70,Population by age and sex - broad age groups,Population by age and sex - broad age groups,World Population Prospects,2024,United Nations Population Division,478,Mauritania,MR,MRT,63,2012,4,Median,2,Female,26,15,null,15+,0,Not applicable,1,Model-based Estimates,2,Interpolation,1057793
70,Population by age and sex - broad age groups,Population by age and sex - broad age groups,World Population Prospects,2024,United Nations Population Division,478,Mauritania,MR,MRT,64,2013,4,Median,1,Male,26,15,null,15+,0,Not applicable,1,Model-based Estimates,2,Interpolation,993127.5
70,Population by age and sex - broad age groups,Population by age and sex - broad age groups,World Population Prospects,2024,United Nations Population Division,478,Mauritania,MR,MRT,64,2013,4,Median,2,Female,26,15,null,15+,0,Not applicable,1,Model-based Estimates,2,Interpolation,1091565.5
70,Population by age and sex - broad age groups,Population by age and sex - broad age groups,World Population Prospects,2024,United Nations Population Division,478,Mauritania,MR,MRT,65,2014,4,Median,1,Male,26,15,null,15+,0,Not applicable,1,Model-based Estimates,3,Projection,1021745.5
70,Population by age and sex - broad age groups,Population by age and sex - broad age groups,World Population Prospects,2024,United Nations Population Division,478,Mauritania,MR,MRT,65,2014,4,Median,2,Female,26,15,null,15+,0,Not applicable,1,Model-based Estimates,3,Projection,1124657
70,Population by age and sex - broad age groups,Population by age and sex - broad age groups,World Population Prospects,2024,United Nations Population Division,478,Mauritania,MR,MRT,66,2015,4,Median,1,Male,26,15,null,15+,0,Not applicable,1,Model-based Estimates,3,Projection,1051927.5
70,Population by age and sex - broad age groups,Population by age and sex - broad age groups,World Population Prospects,2024,United Nations Population Division,478,Mauritania,MR,MRT,66,2015,4,Median,2,Female,26,15,null,15+,0,Not applicable,1,Model-based Estimates,3,Projection,1158971
70,Population by age and sex - broad age groups,Population by age and sex - broad age groups,World Population Prospects,2024,United Nations Population Division,478,Mauritania,MR,MRT,67,2016,4,Median,1,Male,26,15,null,15+,0,Not applicable,1,Model-based Estimates,3,Projection,1083876
70,Population by age and sex - broad age groups,Population by age and sex - broad age groups,World Population Prospects,2024,United Nations Population Division,478,Mauritania,MR,MRT,67,2016,4,Median,2,Female,26,15,null,15+,0,Not applicable,1,Model-based Estimates,3,Projection,1194628.5
70,Population by age and sex - broad age groups,Population by age and sex - broad age groups,World Population Prospects,2024,United Nations Population Division,478,Mauritania,MR,MRT,68,2017,4,Median,1,Male,26,15,null,15+,0,Not applicable,1,Model-based Estimates,3,Projection,1117764
70,Population by age and sex - broad age groups,Population by age and sex - broad age groups,World Population Prospects,2024,United Nations Population Division,478,Mauritania,MR,MRT,68,2017,4,Median,2,Female,26,15,null,15+,0,Not applicable,1,Model-based Estimates,3,Projection,1231743
70,Population by age and sex - broad age groups,Population by age and sex - broad age groups,World Population Prospects,2024,United Nations Population Division,478,Mauritania,MR,MRT,69,2018,4,Median,1,Male,26,15,null,15+,0,Not applicable,1,Model-based Estimates,3,Projection,1153712
70,Population by age and sex - broad age groups,Population by age and sex - broad age groups,World Population Prospects,2024,United Nations Population Division,478,Mauritania,MR,MRT,69,2018,4,Median,2,Female,26,15,null,15+,0,Not applicable,1,Model-based Estimates,3,Projection,1270456
70,Population by age and sex - broad age groups,Population by age and sex - broad age groups,World Population Prospects,2024,United Nations Population Division,478,Mauritania,MR,MRT,70,2019,4,Median,1,Male,26,15,null,15+,0,Not applicable,1,Model-based Estimates,3,Projection,1191775.5
70,Population by age and sex - broad age groups,Population by age and sex - broad age groups,World Population Prospects,2024,United Nations Population Division,478,Mauritania,MR,MRT,70,2019,4,Median,2,Female,26,15,null,15+,0,Not applicable,1,Model-based Estimates,3,Projection,1310867.5
70,Population by age and sex - broad age groups,Population by age and sex - broad age groups,World Population Prospects,2024,United Nations Population Division,478,Mauritania,MR,MRT,71,2020,4,Median,1,Male,26,15,null,15+,0,Not applicable,1,Model-based Estimates,3,Projection,1231616.5
70,Population by age and sex - broad age groups,Population by age and sex - broad age groups,World Population Prospects,2024,United Nations Population Division,478,Mauritania,MR,MRT,71,2020,4,Median,2,Female,26,15,null,15+,0,Not applicable,1,Model-based Estimates,3,Projection,1352931
70,Population by age and sex - broad age groups,Population by age and sex - broad age groups,World Population Prospects,2024,United Nations Population Division,478,Mauritania,MR,MRT,72,2021,4,Median,1,Male,26,15,null,15+,0,Not applicable,1,Model-based Estimates,3,Projection,1273317
70,Population by age and sex - broad age groups,Population by age and sex - broad age groups,World Population Prospects,2024,United Nations Population Division,478,Mauritania,MR,MRT,72,2021,4,Median,2,Female,26,15,null,15+,0,Not applicable,1,Model-based Estimates,3,Projection,1396481
70,Population by age and sex - broad age groups,Population by age and sex - broad age groups,World Population Prospects,2024,United Nations Population Division,478,Mauritania,MR,MRT,73,2022,4,Median,1,Male,26,15,null,15+,0,Not applicable,1,Model-based Estimates,3,Projection,1318782.5
70,Population by age and sex - broad age groups,Population by age and sex - broad age groups,World Population Prospects,2024,United Nations Population Division,478,Mauritania,MR,MRT,73,2022,4,Median,2,Female,26,15,null,15+,0,Not applicable,1,Model-based Estimates,3,Projection,1443153
70,Population by age and sex - broad age groups,Population by age and sex - broad age groups,World Population Prospects,2024,United Nations Population Division,478,Mauritania,MR,MRT,74,2023,4,Median,1,Male,26,15,null,15+,0,Not applicable,1,Model-based Estimates,3,Projection,1367897
70,Population by age and sex - broad age groups,Population by age and sex - broad age groups,World Population Prospects,2024,United Nations Population Division,478,Mauritania,MR,MRT,74,2023,4,Median,2,Female,26,15,null,15+,0,Not applicable,1,Model-based Estimates,3,Projection,1493082.5
70,Population by age and sex - broad age groups,Population by age and sex - broad age groups,World Population Prospects,2024,United Nations Population Division,480,Mauritius,MU,MUS,41,1990,4,Median,1,Male,26,15,null,15+,0,Not applicable,1,Model-based Estimates,2,Interpolation,388102.5
70,Population by age and sex - broad age groups,Population by age and sex - broad age groups,World Population Prospects,2024,United Nations Population Division,480,Mauritius,MU,MUS,41,1990,4,Median,2,Female,26,15,null,15+,0,Not applicable,1,Model-based Estimates,2,Interpolation,376770
70,Population by age and sex - broad age groups,Population by age and sex - broad age groups,World Population Prospects,2024,United Nations Population Division,480,Mauritius,MU,MUS,42,1991,4,Median,1,Male,26,15,null,15+,0,Not applicable,1,Model-based Estimates,2,Interpolation,394998
70,Population by age and sex - broad age groups,Population by age and sex - broad age groups,World Population Prospects,2024,United Nations Population Division,480,Mauritius,MU,MUS,42,1991,4,Median,2,Female,26,15,null,15+,0,Not applicable,1,Model-based Estimates,2,Interpolation,384060.5
70,Population by age and sex - broad age groups,Population by age and sex - broad age groups,World Population Prospects,2024,United Nations Population Division,480,Mauritius,MU,MUS,43,1992,4,Median,1,Male,26,15,null,15+,0,Not applicable,1,Model-based Estimates,2,Interpolation,402328
70,Population by age and sex - broad age groups,Population by age and sex - broad age groups,World Population Prospects,2024,United Nations Population Division,480,Mauritius,MU,MUS,43,1992,4,Median,2,Female,26,15,null,15+,0,Not applicable,1,Model-based Estimates,2,Interpolation,391730.5
70,Population by age and sex - broad age groups,Population by age and sex - broad age groups,World Population Prospects,2024,United Nations Population Division,480,Mauritius,MU,MUS,44,1993,4,Median,1,Male,26,15,null,15+,0,Not applicable,1,Model-based Estimates,2,Interpolation,409920
70,Population by age and sex - broad age groups,Population by age and sex - broad age groups,World Population Prospects,2024,United Nations Population Division,480,Mauritius,MU,MUS,44,1993,4,Median,2,Female,26,15,null,15+,0,Not applicable,1,Model-based Estimates,2,Interpolation,399605.5
70,Population by age and sex - broad age groups,Population by age and sex - broad age groups,World Population Prospects,2024,United Nations Population Division,480,Mauritius,MU,MUS,45,1994,4,Median,1,Male,26,15,null,15+,0,Not applicable,1,Model-based Estimates,2,Interpolation,417626.5
70,Population by age and sex - broad age groups,Population by age and sex - broad age groups,World Population Prospects,2024,United Nations Population Division,480,Mauritius,MU,MUS,45,1994,4,Median,2,Female,26,15,null,15+,0,Not applicable,1,Model-based Estimates,2,Interpolation,407586
70,Population by age and sex - broad age groups,Population by age and sex - broad age groups,World Population Prospects,2024,United Nations Population Division,480,Mauritius,MU,MUS,46,1995,4,Median,1,Male,26,15,null,15+,0,Not applicable,1,Model-based Estimates,2,Interpolation,425242
70,Population by age and sex - broad age groups,Population by age and sex - broad age groups,World Population Prospects,2024,United Nations Population Division,480,Mauritius,MU,MUS,46,1995,4,Median,2,Female,26,15,null,15+,0,Not applicable,1,Model-based Estimates,2,Interpolation,415507.5
70,Population by age and sex - broad age groups,Population by age and sex - broad age groups,World Population Prospects,2024,United Nations Population Division,480,Mauritius,MU,MUS,47,1996,4,Median,1,Male,26,15,null,15+,0,Not applicable,1,Model-based Estimates,2,Interpolation,432520.5
70,Population by age and sex - broad age groups,Population by age and sex - broad age groups,World Population Prospects,2024,United Nations Population Division,480,Mauritius,MU,MUS,47,1996,4,Median,2,Female,26,15,null,15+,0,Not applicable,1,Model-based Estimates,2,Interpolation,423150.5
70,Population by age and sex - broad age groups,Population by age and sex - broad age groups,World Population Prospects,2024,United Nations Population Division,480,Mauritius,MU,MUS,48,1997,4,Median,1,Male,26,15,null,15+,0,Not applicable,1,Model-based Estimates,2,Interpolation,439263.5
70,Population by age and sex - broad age groups,Population by age and sex - broad age groups,World Population Prospects,2024,United Nations Population Division,480,Mauritius,MU,MUS,48,1997,4,Median,2,Female,26,15,null,15+,0,Not applicable,1,Model-based Estimates,2,Interpolation,430289.5
70,Population by age and sex - broad age groups,Population by age and sex - broad age groups,World Population Prospects,2024,United Nations Population Division,480,Mauritius,MU,MUS,49,1998,4,Median,1,Male,26,15,null,15+,0,Not applicable,1,Model-based Estimates,2,Interpolation,445432.5
70,Population by age and sex - broad age groups,Population by age and sex - broad age groups,World Population Prospects,2024,United Nations Population Division,480,Mauritius,MU,MUS,49,1998,4,Median,2,Female,26,15,null,15+,0,Not applicable,1,Model-based Estimates,2,Interpolation,436873
70,Population by age and sex - broad age groups,Population by age and sex - broad age groups,World Population Prospects,2024,United Nations Population Division,480,Mauritius,MU,MUS,50,1999,4,Median,1,Male,26,15,null,15+,0,Not applicable,1,Model-based Estimates,2,Interpolation,451185.5
70,Population by age and sex - broad age groups,Population by age and sex - broad age groups,World Population Prospects,2024,United Nations Population Division,480,Mauritius,MU,MUS,50,1999,4,Median,2,Female,26,15,null,15+,0,Not applicable,1,Model-based Estimates,2,Interpolation,443052
70,Population by age and sex - broad age groups,Population by age and sex - broad age groups,World Population Prospects,2024,United Nations Population Division,480,Mauritius,MU,MUS,51,2000,4,Median,1,Male,26,15,null,15+,0,Not applicable,1,Model-based Estimates,2,Interpolation,456550
70,Population by age and sex - broad age groups,Population by age and sex - broad age groups,World Population Prospects,2024,United Nations Population Division,480,Mauritius,MU,MUS,51,2000,4,Median,2,Female,26,15,null,15+,0,Not applicable,1,Model-based Estimates,2,Interpolation,448834.5
70,Population by age and sex - broad age groups,Population by age and sex - broad age groups,World Population Prospects,2024,United Nations Population Division,480,Mauritius,MU,MUS,52,2001,4,Median,1,Male,26,15,null,15+,0,Not applicable,1,Model-based Estimates,2,Interpolation,461458.5
70,Population by age and sex - broad age groups,Population by age and sex - broad age groups,World Population Prospects,2024,United Nations Population Division,480,Mauritius,MU,MUS,52,2001,4,Median,2,Female,26,15,null,15+,0,Not applicable,1,Model-based Estimates,2,Interpolation,454150
70,Population by age and sex - broad age groups,Population by age and sex - broad age groups,World Population Prospects,2024,United Nations Population Division,480,Mauritius,MU,MUS,53,2002,4,Median,1,Male,26,15,null,15+,0,Not applicable,1,Model-based Estimates,2,Interpolation,466140
70,Population by age and sex - broad age groups,Population by age and sex - broad age groups,World Population Prospects,2024,United Nations Population Division,480,Mauritius,MU,MUS,53,2002,4,Median,2,Female,26,15,null,15+,0,Not applicable,1,Model-based Estimates,2,Interpolation,459239
70,Population by age and sex - broad age groups,Population by age and sex - broad age groups,World Population Prospects,2024,United Nations Population Division,480,Mauritius,MU,MUS,54,2003,4,Median,1,Male,26,15,null,15+,0,Not applicable,1,Model-based Estimates,2,Interpolation,470929.5
70,Population by age and sex - broad age groups,Population by age and sex - broad age groups,World Population Prospects,2024,United Nations Population Division,480,Mauritius,MU,MUS,54,2003,4,Median,2,Female,26,15,null,15+,0,Not applicable,1,Model-based Estimates,2,Interpolation,464437
70,Population by age and sex - broad age groups,Population by age and sex - broad age groups,World Population Prospects,2024,United Nations Population Division,480,Mauritius,MU,MUS,55,2004,4,Median,1,Male,26,15,null,15+,0,Not applicable,1,Model-based Estimates,2,Interpolation,475798.5
70,Population by age and sex - broad age groups,Population by age and sex - broad age groups,World Population Prospects,2024,United Nations Population Division,480,Mauritius,MU,MUS,55,2004,4,Median,2,Female,26,15,null,15+,0,Not applicable,1,Model-based Estimates,2,Interpolation,469888
70,Population by age and sex - broad age groups,Population by age and sex - broad age groups,World Population Prospects,2024,United Nations Population Division,480,Mauritius,MU,MUS,56,2005,4,Median,1,Male,26,15,null,15+,0,Not applicable,1,Model-based Estimates,2,Interpolation,480853
70,Population by age and sex - broad age groups,Population by age and sex - broad age groups,World Population Prospects,2024,United Nations Population Division,480,Mauritius,MU,MUS,56,2005,4,Median,2,Female,26,15,null,15+,0,Not applicable,1,Model-based Estimates,2,Interpolation,475691.5
70,Population by age and sex - broad age groups,Population by age and sex - broad age groups,World Population Prospects,2024,United Nations Population Division,480,Mauritius,MU,MUS,57,2006,4,Median,1,Male,26,15,null,15+,0,Not applicable,1,Model-based Estimates,2,Interpolation,486122
70,Population by age and sex - broad age groups,Population by age and sex - broad age groups,World Population Prospects,2024,United Nations Population Division,480,Mauritius,MU,MUS,57,2006,4,Median,2,Female,26,15,null,15+,0,Not applicable,1,Model-based Estimates,2,Interpolation,481693
70,Population by age and sex - broad age groups,Population by age and sex - broad age groups,World Population Prospects,2024,United Nations Population Division,480,Mauritius,MU,MUS,58,2007,4,Median,1,Male,26,15,null,15+,0,Not applicable,1,Model-based Estimates,2,Interpolation,491530.5
70,Population by age and sex - broad age groups,Population by age and sex - broad age groups,World Population Prospects,2024,United Nations Population Division,480,Mauritius,MU,MUS,58,2007,4,Median,2,Female,26,15,null,15+,0,Not applicable,1,Model-based Estimates,2,Interpolation,487835.5
70,Population by age and sex - broad age groups,Population by age and sex - broad age groups,World Population Prospects,2024,United Nations Population Division,480,Mauritius,MU,MUS,59,2008,4,Median,1,Male,26,15,null,15+,0,Not applicable,1,Model-based Estimates,2,Interpolation,496924.5
70,Population by age and sex - broad age groups,Population by age and sex - broad age groups,World Population Prospects,2024,United Nations Population Division,480,Mauritius,MU,MUS,59,2008,4,Median,2,Female,26,15,null,15+,0,Not applicable,1,Model-based Estimates,2,Interpolation,494051
70,Population by age and sex - broad age groups,Population by age and sex - broad age groups,World Population Prospects,2024,United Nations Population Division,480,Mauritius,MU,MUS,60,2009,4,Median,1,Male,26,15,null,15+,0,Not applicable,1,Model-based Estimates,2,Interpolation,501958.5
70,Population by age and sex - broad age groups,Population by age and sex - broad age groups,World Population Prospects,2024,United Nations Population Division,480,Mauritius,MU,MUS,60,2009,4,Median,2,Female,26,15,null,15+,0,Not applicable,1,Model-based Estimates,2,Interpolation,500025
70,Population by age and sex - broad age groups,Population by age and sex - broad age groups,World Population Prospects,2024,United Nations Population Division,480,Mauritius,MU,MUS,61,2010,4,Median,1,Male,26,15,null,15+,0,Not applicable,1,Model-based Estimates,2,Interpolation,506509.5
70,Population by age and sex - broad age groups,Population by age and sex - broad age groups,World Population Prospects,2024,United Nations Population Division,480,Mauritius,MU,MUS,61,2010,4,Median,2,Female,26,15,null,15+,0,Not applicable,1,Model-based Estimates,2,Interpolation,505617.5
70,Population by age and sex - broad age groups,Population by age and sex - broad age groups,World Population Prospects,2024,United Nations Population Division,480,Mauritius,MU,MUS,62,2011,4,Median,1,Male,26,15,null,15+,0,Not applicable,1,Model-based Estimates,2,Interpolation,510792
70,Population by age and sex - broad age groups,Population by age and sex - broad age groups,World Population Prospects,2024,United Nations Population Division,480,Mauritius,MU,MUS,62,2011,4,Median,2,Female,26,15,null,15+,0,Not applicable,1,Model-based Estimates,2,Interpolation,510955
70,Population by age and sex - broad age groups,Population by age and sex - broad age groups,World Population Prospects,2024,United Nations Population Division,480,Mauritius,MU,MUS,63,2012,4,Median,1,Male,26,15,null,15+,0,Not applicable,1,Model-based Estimates,2,Interpolation,514796
70,Population by age and sex - broad age groups,Population by age and sex - broad age groups,World Population Prospects,2024,United Nations Population Division,480,Mauritius,MU,MUS,63,2012,4,Median,2,Female,26,15,null,15+,0,Not applicable,1,Model-based Estimates,2,Interpolation,515132
70,Population by age and sex - broad age groups,Population by age and sex - broad age groups,World Population Prospects,2024,United Nations Population Division,480,Mauritius,MU,MUS,64,2013,4,Median,1,Male,26,15,null,15+,0,Not applicable,1,Model-based Estimates,2,Interpolation,518270.5
70,Population by age and sex - broad age groups,Population by age and sex - broad age groups,World Population Prospects,2024,United Nations Population Division,480,Mauritius,MU,MUS,64,2013,4,Median,2,Female,26,15,null,15+,0,Not applicable,1,Model-based Estimates,2,Interpolation,517870.5
70,Population by age and sex - broad age groups,Population by age and sex - broad age groups,World Population Prospects,2024,United Nations Population Division,480,Mauritius,MU,MUS,65,2014,4,Median,1,Male,26,15,null,15+,0,Not applicable,1,Model-based Estimates,2,Interpolation,521764
70,Population by age and sex - broad age groups,Population by age and sex - broad age groups,World Population Prospects,2024,United Nations Population Division,480,Mauritius,MU,MUS,65,2014,4,Median,2,Female,26,15,null,15+,0,Not applicable,1,Model-based Estimates,2,Interpolation,520504
70,Population by age and sex - broad age groups,Population by age and sex - broad age groups,World Population Prospects,2024,United Nations Population Division,480,Mauritius,MU,MUS,66,2015,4,Median,1,Male,26,15,null,15+,0,Not applicable,1,Model-based Estimates,2,Interpolation,525340.5
70,Population by age and sex - broad age groups,Population by age and sex - broad age groups,World Population Prospects,2024,United Nations Population Division,480,Mauritius,MU,MUS,66,2015,4,Median,2,Female,26,15,null,15+,0,Not applicable,1,Model-based Estimates,2,Interpolation,523189.5
70,Population by age and sex - broad age groups,Population by age and sex - broad age groups,World Population Prospects,2024,United Nations Population Division,480,Mauritius,MU,MUS,67,2016,4,Median,1,Male,26,15,null,15+,0,Not applicable,1,Model-based Estimates,2,Interpolation,528595
70,Population by age and sex - broad age groups,Population by age and sex - broad age groups,World Population Prospects,2024,United Nations Population Division,480,Mauritius,MU,MUS,67,2016,4,Median,2,Female,26,15,null,15+,0,Not applicable,1,Model-based Estimates,2,Interpolation,525550.5
70,Population by age and sex - broad age groups,Population by age and sex - broad age groups,World Population Prospects,2024,United Nations Population Division,480,Mauritius,MU,MUS,68,2017,4,Median,1,Male,26,15,null,15+,0,Not applicable,1,Model-based Estimates,2,Interpolation,531712
70,Population by age and sex - broad age groups,Population by age and sex - broad age groups,World Population Prospects,2024,United Nations Population Division,480,Mauritius,MU,MUS,68,2017,4,Median,2,Female,26,15,null,15+,0,Not applicable,1,Model-based Estimates,2,Interpolation,527760
70,Population by age and sex - broad age groups,Population by age and sex - broad age groups,World Population Prospects,2024,United Nations Population Division,480,Mauritius,MU,MUS,69,2018,4,Median,1,Male,26,15,null,15+,0,Not applicable,1,Model-based Estimates,2,Interpolation,534717.5
70,Population by age and sex - broad age groups,Population by age and sex - broad age groups,World Population Prospects,2024,United Nations Population Division,480,Mauritius,MU,MUS,69,2018,4,Median,2,Female,26,15,null,15+,0,Not applicable,1,Model-based Estimates,2,Interpolation,529890
70,Population by age and sex - broad age groups,Population by age and sex - broad age groups,World Population Prospects,2024,United Nations Population Division,480,Mauritius,MU,MUS,70,2019,4,Median,1,Male,26,15,null,15+,0,Not applicable,1,Model-based Estimates,2,Interpolation,537409.5
70,Population by age and sex - broad age groups,Population by age and sex - broad age groups,World Population Prospects,2024,United Nations Population Division,480,Mauritius,MU,MUS,70,2019,4,Median,2,Female,26,15,null,15+,0,Not applicable,1,Model-based Estimates,2,Interpolation,531837
70,Population by age and sex - broad age groups,Population by age and sex - broad age groups,World Population Prospects,2024,United Nations Population Division,480,Mauritius,MU,MUS,71,2020,4,Median,1,Male,26,15,null,15+,0,Not applicable,1,Model-based Estimates,2,Interpolation,539736
70,Population by age and sex - broad age groups,Population by age and sex - broad age groups,World Population Prospects,2024,United Nations Population Division,480,Mauritius,MU,MUS,71,2020,4,Median,2,Female,26,15,null,15+,0,Not applicable,1,Model-based Estimates,2,Interpolation,533620.5
70,Population by age and sex - broad age groups,Population by age and sex - broad age groups,World Population Prospects,2024,United Nations Population Division,480,Mauritius,MU,MUS,72,2021,4,Median,1,Male,26,15,null,15+,0,Not applicable,1,Model-based Estimates,2,Interpolation,541383.5
70,Population by age and sex - broad age groups,Population by age and sex - broad age groups,World Population Prospects,2024,United Nations Population Division,480,Mauritius,MU,MUS,72,2021,4,Median,2,Female,26,15,null,15+,0,Not applicable,1,Model-based Estimates,2,Interpolation,535008.5
70,Population by age and sex - broad age groups,Population by age and sex - broad age groups,World Population Prospects,2024,United Nations Population Division,480,Mauritius,MU,MUS,73,2022,4,Median,1,Male,26,15,null,15+,0,Not applicable,1,Model-based Estimates,2,Interpolation,541817
70,Population by age and sex - broad age groups,Population by age and sex - broad age groups,World Population Prospects,2024,United Nations Population Division,480,Mauritius,MU,MUS,73,2022,4,Median,2,Female,26,15,null,15+,0,Not applicable,1,Model-based Estimates,2,Interpolation,536824.5
70,Population by age and sex - broad age groups,Population by age and sex - broad age groups,World Population Prospects,2024,United Nations Population Division,480,Mauritius,MU,MUS,74,2023,4,Median,1,Male,26,15,null,15+,0,Not applicable,1,Model-based Estimates,3,Projection,541623.5
70,Population by age and sex - broad age groups,Population by age and sex - broad age groups,World Population Prospects,2024,United Nations Population Division,480,Mauritius,MU,MUS,74,2023,4,Median,2,Female,26,15,null,15+,0,Not applicable,1,Model-based Estimates,3,Projection,539344
70,Population by age and sex - broad age groups,Population by age and sex - broad age groups,World Population Prospects,2024,United Nations Population Division,508,Mozambique,MZ,MOZ,41,1990,4,Median,1,Male,26,15,null,15+,0,Not applicable,1,Model-based Estimates,2,Interpolation,3327515.5
70,Population by age and sex - broad age groups,Population by age and sex - broad age groups,World Population Prospects,2024,United Nations Population Division,508,Mozambique,MZ,MOZ,41,1990,4,Median,2,Female,26,15,null,15+,0,Not applicable,1,Model-based Estimates,2,Interpolation,3786912
70,Population by age and sex - broad age groups,Population by age and sex - broad age groups,World Population Prospects,2024,United Nations Population Division,508,Mozambique,MZ,MOZ,42,1991,4,Median,1,Male,26,15,null,15+,0,Not applicable,1,Model-based Estimates,2,Interpolation,3401831
70,Population by age and sex - broad age groups,Population by age and sex - broad age groups,World Population Prospects,2024,United Nations Population Division,508,Mozambique,MZ,MOZ,42,1991,4,Median,2,Female,26,15,null,15+,0,Not applicable,1,Model-based Estimates,2,Interpolation,3860504.5
70,Population by age and sex - broad age groups,Population by age and sex - broad age groups,World Population Prospects,2024,United Nations Population Division,508,Mozambique,MZ,MOZ,43,1992,4,Median,1,Male,26,15,null,15+,0,Not applicable,1,Model-based Estimates,2,Interpolation,3476657.5
70,Population by age and sex - broad age groups,Population by age and sex - broad age groups,World Population Prospects,2024,United Nations Population Division,508,Mozambique,MZ,MOZ,43,1992,4,Median,2,Female,26,15,null,15+,0,Not applicable,1,Model-based Estimates,2,Interpolation,3936299.5
70,Population by age and sex - broad age groups,Population by age and sex - broad age groups,World Population Prospects,2024,United Nations Population Division,508,Mozambique,MZ,MOZ,44,1993,4,Median,1,Male,26,15,null,15+,0,Not applicable,1,Model-based Estimates,2,Interpolation,3601088
70,Population by age and sex - broad age groups,Population by age and sex - broad age groups,World Population Prospects,2024,United Nations Population Division,508,Mozambique,MZ,MOZ,44,1993,4,Median,2,Female,26,15,null,15+,0,Not applicable,1,Model-based Estimates,2,Interpolation,4066742
70,Population by age and sex - broad age groups,Population by age and sex - broad age groups,World Population Prospects,2024,United Nations Population Division,508,Mozambique,MZ,MOZ,45,1994,4,Median,1,Male,26,15,null,15+,0,Not applicable,1,Model-based Estimates,2,Interpolation,3872315
70,Population by age and sex - broad age groups,Population by age and sex - broad age groups,World Population Prospects,2024,United Nations Population Division,508,Mozambique,MZ,MOZ,45,1994,4,Median,2,Female,26,15,null,15+,0,Not applicable,1,Model-based Estimates,2,Interpolation,4359396.5
70,Population by age and sex - broad age groups,Population by age and sex - broad age groups,World Population Prospects,2024,United Nations Population Division,508,Mozambique,MZ,MOZ,46,1995,4,Median,1,Male,26,15,null,15+,0,Not applicable,1,Model-based Estimates,2,Interpolation,4133963.5
70,Population by age and sex - broad age groups,Population by age and sex - broad age groups,World Population Prospects,2024,United Nations Population Division,508,Mozambique,MZ,MOZ,46,1995,4,Median,2,Female,26,15,null,15+,0,Not applicable,1,Model-based Estimates,2,Interpolation,4638355.5
70,Population by age and sex - broad age groups,Population by age and sex - broad age groups,World Population Prospects,2024,United Nations Population Division,508,Mozambique,MZ,MOZ,47,1996,4,Median,1,Male,26,15,null,15+,0,Not applicable,1,Model-based Estimates,2,Interpolation,4293421
70,Population by age and sex - broad age groups,Population by age and sex - broad age groups,World Population Prospects,2024,United Nations Population Division,508,Mozambique,MZ,MOZ,47,1996,4,Median,2,Female,26,15,null,15+,0,Not applicable,1,Model-based Estimates,2,Interpolation,4801142.5
70,Population by age and sex - broad age groups,Population by age and sex - broad age groups,World Population Prospects,2024,United Nations Population Division,508,Mozambique,MZ,MOZ,48,1997,4,Median,1,Male,26,15,null,15+,0,Not applicable,1,Model-based Estimates,2,Interpolation,4416131.5
70,Population by age and sex - broad age groups,Population by age and sex - broad age groups,World Population Prospects,2024,United Nations Population Division,508,Mozambique,MZ,MOZ,48,1997,4,Median,2,Female,26,15,null,15+,0,Not applicable,1,Model-based Estimates,2,Interpolation,4938091
70,Population by age and sex - broad age groups,Population by age and sex - broad age groups,World Population Prospects,2024,United Nations Population Division,508,Mozambique,MZ,MOZ,49,1998,4,Median,1,Male,26,15,null,15+,0,Not applicable,1,Model-based Estimates,2,Interpolation,4507157
70,Population by age and sex - broad age groups,Population by age and sex - broad age groups,World Population Prospects,2024,United Nations Population Division,508,Mozambique,MZ,MOZ,49,1998,4,Median,2,Female,26,15,null,15+,0,Not applicable,1,Model-based Estimates,2,Interpolation,5053110.5
70,Population by age and sex - broad age groups,Population by age and sex - broad age groups,World Population Prospects,2024,United Nations Population Division,508,Mozambique,MZ,MOZ,50,1999,4,Median,1,Male,26,15,null,15+,0,Not applicable,1,Model-based Estimates,2,Interpolation,4595147.5
70,Population by age and sex - broad age groups,Population by age and sex - broad age groups,World Population Prospects,2024,United Nations Population Division,508,Mozambique,MZ,MOZ,50,1999,4,Median,2,Female,26,15,null,15+,0,Not applicable,1,Model-based Estimates,2,Interpolation,5167632
70,Population by age and sex - broad age groups,Population by age and sex - broad age groups,World Population Prospects,2024,United Nations Population Division,508,Mozambique,MZ,MOZ,51,2000,4,Median,1,Male,26,15,null,15+,0,Not applicable,1,Model-based Estimates,2,Interpolation,4678990.5
70,Population by age and sex - broad age groups,Population by age and sex - broad age groups,World Population Prospects,2024,United Nations Population Division,508,Mozambique,MZ,MOZ,51,2000,4,Median,2,Female,26,15,null,15+,0,Not applicable,1,Model-based Estimates,2,Interpolation,5281952.5
70,Population by age and sex - broad age groups,Population by age and sex - broad age groups,World Population Prospects,2024,United Nations Population Division,508,Mozambique,MZ,MOZ,52,2001,4,Median,1,Male,26,15,null,15+,0,Not applicable,1,Model-based Estimates,2,Interpolation,4767408
70,Population by age and sex - broad age groups,Population by age and sex - broad age groups,World Population Prospects,2024,United Nations Population Division,508,Mozambique,MZ,MOZ,52,2001,4,Median,2,Female,26,15,null,15+,0,Not applicable,1,Model-based Estimates,2,Interpolation,5401145
70,Population by age and sex - broad age groups,Population by age and sex - broad age groups,World Population Prospects,2024,United Nations Population Division,508,Mozambique,MZ,MOZ,53,2002,4,Median,1,Male,26,15,null,15+,0,Not applicable,1,Model-based Estimates,2,Interpolation,4860845
70,Population by age and sex - broad age groups,Population by age and sex - broad age groups,World Population Prospects,2024,United Nations Population Division,508,Mozambique,MZ,MOZ,53,2002,4,Median,2,Female,26,15,null,15+,0,Not applicable,1,Model-based Estimates,2,Interpolation,5525439.5
70,Population by age and sex - broad age groups,Population by age and sex - broad age groups,World Population Prospects,2024,United Nations Population Division,508,Mozambique,MZ,MOZ,54,2003,4,Median,1,Male,26,15,null,15+,0,Not applicable,1,Model-based Estimates,2,Interpolation,4959944
70,Population by age and sex - broad age groups,Population by age and sex - broad age groups,World Population Prospects,2024,United Nations Population Division,508,Mozambique,MZ,MOZ,54,2003,4,Median,2,Female,26,15,null,15+,0,Not applicable,1,Model-based Estimates,2,Interpolation,5654111
70,Population by age and sex - broad age groups,Population by age and sex - broad age groups,World Population Prospects,2024,United Nations Population Division,508,Mozambique,MZ,MOZ,55,2004,4,Median,1,Male,26,15,null,15+,0,Not applicable,1,Model-based Estimates,2,Interpolation,5063977
70,Population by age and sex - broad age groups,Population by age and sex - broad age groups,World Population Prospects,2024,United Nations Population Division,508,Mozambique,MZ,MOZ,55,2004,4,Median,2,Female,26,15,null,15+,0,Not applicable,1,Model-based Estimates,2,Interpolation,5786408
70,Population by age and sex - broad age groups,Population by age and sex - broad age groups,World Population Prospects,2024,United Nations Population Division,508,Mozambique,MZ,MOZ,56,2005,4,Median,1,Male,26,15,null,15+,0,Not applicable,1,Model-based Estimates,2,Interpolation,5174000.5
70,Population by age and sex - broad age groups,Population by age and sex - broad age groups,World Population Prospects,2024,United Nations Population Division,508,Mozambique,MZ,MOZ,56,2005,4,Median,2,Female,26,15,null,15+,0,Not applicable,1,Model-based Estimates,2,Interpolation,5923179.5
70,Population by age and sex - broad age groups,Population by age and sex - broad age groups,World Population Prospects,2024,United Nations Population Division,508,Mozambique,MZ,MOZ,57,2006,4,Median,1,Male,26,15,null,15+,0,Not applicable,1,Model-based Estimates,2,Interpolation,5290770.5
70,Population by age and sex - broad age groups,Population by age and sex - broad age groups,World Population Prospects,2024,United Nations Population Division,508,Mozambique,MZ,MOZ,57,2006,4,Median,2,Female,26,15,null,15+,0,Not applicable,1,Model-based Estimates,2,Interpolation,6064767.5
70,Population by age and sex - broad age groups,Population by age and sex - broad age groups,World Population Prospects,2024,United Nations Population Division,508,Mozambique,MZ,MOZ,58,2007,4,Median,1,Male,26,15,null,15+,0,Not applicable,1,Model-based Estimates,2,Interpolation,5410841.5
70,Population by age and sex - broad age groups,Population by age and sex - broad age groups,World Population Prospects,2024,United Nations Population Division,508,Mozambique,MZ,MOZ,58,2007,4,Median,2,Female,26,15,null,15+,0,Not applicable,1,Model-based Estimates,2,Interpolation,6209648
70,Population by age and sex - broad age groups,Population by age and sex - broad age groups,World Population Prospects,2024,United Nations Population Division,508,Mozambique,MZ,MOZ,59,2008,4,Median,1,Male,26,15,null,15+,0,Not applicable,1,Model-based Estimates,2,Interpolation,5533882
70,Population by age and sex - broad age groups,Population by age and sex - broad age groups,World Population Prospects,2024,United Nations Population Division,508,Mozambique,MZ,MOZ,59,2008,4,Median,2,Female,26,15,null,15+,0,Not applicable,1,Model-based Estimates,2,Interpolation,6358472.5
70,Population by age and sex - broad age groups,Population by age and sex - broad age groups,World Population Prospects,2024,United Nations Population Division,508,Mozambique,MZ,MOZ,60,2009,4,Median,1,Male,26,15,null,15+,0,Not applicable,1,Model-based Estimates,2,Interpolation,5662586
70,Population by age and sex - broad age groups,Population by age and sex - broad age groups,World Population Prospects,2024,United Nations Population Division,508,Mozambique,MZ,MOZ,60,2009,4,Median,2,Female,26,15,null,15+,0,Not applicable,1,Model-based Estimates,2,Interpolation,6513274
70,Population by age and sex - broad age groups,Population by age and sex - broad age groups,World Population Prospects,2024,United Nations Population Division,508,Mozambique,MZ,MOZ,61,2010,4,Median,1,Male,26,15,null,15+,0,Not applicable,1,Model-based Estimates,2,Interpolation,5799282.5
70,Population by age and sex - broad age groups,Population by age and sex - broad age groups,World Population Prospects,2024,United Nations Population Division,508,Mozambique,MZ,MOZ,61,2010,4,Median,2,Female,26,15,null,15+,0,Not applicable,1,Model-based Estimates,2,Interpolation,6675874.5
70,Population by age and sex - broad age groups,Population by age and sex - broad age groups,World Population Prospects,2024,United Nations Population Division,508,Mozambique,MZ,MOZ,62,2011,4,Median,1,Male,26,15,null,15+,0,Not applicable,1,Model-based Estimates,2,Interpolation,5955618
70,Population by age and sex - broad age groups,Population by age and sex - broad age groups,World Population Prospects,2024,United Nations Population Division,508,Mozambique,MZ,MOZ,62,2011,4,Median,2,Female,26,15,null,15+,0,Not applicable,1,Model-based Estimates,2,Interpolation,6853253.5
70,Population by age and sex - broad age groups,Population by age and sex - broad age groups,World Population Prospects,2024,United Nations Population Division,508,Mozambique,MZ,MOZ,63,2012,4,Median,1,Male,26,15,null,15+,0,Not applicable,1,Model-based Estimates,2,Interpolation,6131583
70,Population by age and sex - broad age groups,Population by age and sex - broad age groups,World Population Prospects,2024,United Nations Population Division,508,Mozambique,MZ,MOZ,63,2012,4,Median,2,Female,26,15,null,15+,0,Not applicable,1,Model-based Estimates,2,Interpolation,7045924
70,Population by age and sex - broad age groups,Population by age and sex - broad age groups,World Population Prospects,2024,United Nations Population Division,508,Mozambique,MZ,MOZ,64,2013,4,Median,1,Male,26,15,null,15+,0,Not applicable,1,Model-based Estimates,2,Interpolation,6318375.5
70,Population by age and sex - broad age groups,Population by age and sex - broad age groups,World Population Prospects,2024,United Nations Population Division,508,Mozambique,MZ,MOZ,64,2013,4,Median,2,Female,26,15,null,15+,0,Not applicable,1,Model-based Estimates,2,Interpolation,7249326.5
70,Population by age and sex - broad age groups,Population by age and sex - broad age groups,World Population Prospects,2024,United Nations Population Division,508,Mozambique,MZ,MOZ,65,2014,4,Median,1,Male,26,15,null,15+,0,Not applicable,1,Model-based Estimates,2,Interpolation,6517384.5
70,Population by age and sex - broad age groups,Population by age and sex - broad age groups,World Population Prospects,2024,United Nations Population Division,508,Mozambique,MZ,MOZ,65,2014,4,Median,2,Female,26,15,null,15+,0,Not applicable,1,Model-based Estimates,2,Interpolation,7464453
70,Population by age and sex - broad age groups,Population by age and sex - broad age groups,World Population Prospects,2024,United Nations Population Division,508,Mozambique,MZ,MOZ,66,2015,4,Median,1,Male,26,15,null,15+,0,Not applicable,1,Model-based Estimates,2,Interpolation,6726988
70,Population by age and sex - broad age groups,Population by age and sex - broad age groups,World Population Prospects,2024,United Nations Population Division,508,Mozambique,MZ,MOZ,66,2015,4,Median,2,Female,26,15,null,15+,0,Not applicable,1,Model-based Estimates,2,Interpolation,7690368
70,Population by age and sex - broad age groups,Population by age and sex - broad age groups,World Population Prospects,2024,United Nations Population Division,508,Mozambique,MZ,MOZ,67,2016,4,Median,1,Male,26,15,null,15+,0,Not applicable,1,Model-based Estimates,2,Interpolation,6947607.5
70,Population by age and sex - broad age groups,Population by age and sex - broad age groups,World Population Prospects,2024,United Nations Population Division,508,Mozambique,MZ,MOZ,67,2016,4,Median,2,Female,26,15,null,15+,0,Not applicable,1,Model-based Estimates,2,Interpolation,7926528.5
70,Population by age and sex - broad age groups,Population by age and sex - broad age groups,World Population Prospects,2024,United Nations Population Division,508,Mozambique,MZ,MOZ,68,2017,4,Median,1,Male,26,15,null,15+,0,Not applicable,1,Model-based Estimates,2,Interpolation,7183465
70,Population by age and sex - broad age groups,Population by age and sex - broad age groups,World Population Prospects,2024,United Nations Population Division,508,Mozambique,MZ,MOZ,68,2017,4,Median,2,Female,26,15,null,15+,0,Not applicable,1,Model-based Estimates,2,Interpolation,8174295.5
70,Population by age and sex - broad age groups,Population by age and sex - broad age groups,World Population Prospects,2024,United Nations Population Division,508,Mozambique,MZ,MOZ,69,2018,4,Median,1,Male,26,15,null,15+,0,Not applicable,1,Model-based Estimates,3,Projection,7423940
70,Population by age and sex - broad age groups,Population by age and sex - broad age groups,World Population Prospects,2024,United Nations Population Division,508,Mozambique,MZ,MOZ,69,2018,4,Median,2,Female,26,15,null,15+,0,Not applicable,1,Model-based Estimates,3,Projection,8428223.5
70,Population by age and sex - broad age groups,Population by age and sex - broad age groups,World Population Prospects,2024,United Nations Population Division,508,Mozambique,MZ,MOZ,70,2019,4,Median,1,Male,26,15,null,15+,0,Not applicable,1,Model-based Estimates,3,Projection,7664381.5
70,Population by age and sex - broad age groups,Population by age and sex - broad age groups,World Population Prospects,2024,United Nations Population Division,508,Mozambique,MZ,MOZ,70,2019,4,Median,2,Female,26,15,null,15+,0,Not applicable,1,Model-based Estimates,3,Projection,8686417.5
70,Population by age and sex - broad age groups,Population by age and sex - broad age groups,World Population Prospects,2024,United Nations Population Division,508,Mozambique,MZ,MOZ,71,2020,4,Median,1,Male,26,15,null,15+,0,Not applicable,1,Model-based Estimates,3,Projection,7918105
70,Population by age and sex - broad age groups,Population by age and sex - broad age groups,World Population Prospects,2024,United Nations Population Division,508,Mozambique,MZ,MOZ,71,2020,4,Median,2,Female,26,15,null,15+,0,Not applicable,1,Model-based Estimates,3,Projection,8956151
70,Population by age and sex - broad age groups,Population by age and sex - broad age groups,World Population Prospects,2024,United Nations Population Division,508,Mozambique,MZ,MOZ,72,2021,4,Median,1,Male,26,15,null,15+,0,Not applicable,1,Model-based Estimates,3,Projection,8181385.5
70,Population by age and sex - broad age groups,Population by age and sex - broad age groups,World Population Prospects,2024,United Nations Population Division,508,Mozambique,MZ,MOZ,72,2021,4,Median,2,Female,26,15,null,15+,0,Not applicable,1,Model-based Estimates,3,Projection,9232735
70,Population by age and sex - broad age groups,Population by age and sex - broad age groups,World Population Prospects,2024,United Nations Population Division,508,Mozambique,MZ,MOZ,73,2022,4,Median,1,Male,26,15,null,15+,0,Not applicable,1,Model-based Estimates,3,Projection,8455282
70,Population by age and sex - broad age groups,Population by age and sex - broad age groups,World Population Prospects,2024,United Nations Population Division,508,Mozambique,MZ,MOZ,73,2022,4,Median,2,Female,26,15,null,15+,0,Not applicable,1,Model-based Estimates,3,Projection,9520896.5
70,Population by age and sex - broad age groups,Population by age and sex - broad age groups,World Population Prospects,2024,United Nations Population Division,508,Mozambique,MZ,MOZ,74,2023,4,Median,1,Male,26,15,null,15+,0,Not applicable,1,Model-based Estimates,3,Projection,8749920
70,Population by age and sex - broad age groups,Population by age and sex - broad age groups,World Population Prospects,2024,United Nations Population Division,508,Mozambique,MZ,MOZ,74,2023,4,Median,2,Female,26,15,null,15+,0,Not applicable,1,Model-based Estimates,3,Projection,9831869.5
70,Population by age and sex - broad age groups,Population by age and sex - broad age groups,World Population Prospects,2024,United Nations Population Division,516,Namibia,NA,NAM,41,1990,4,Median,1,Male,26,15,null,15+,0,Not applicable,1,Model-based Estimates,2,Interpolation,373682.5
70,Population by age and sex - broad age groups,Population by age and sex - broad age groups,World Population Prospects,2024,United Nations Population Division,516,Namibia,NA,NAM,41,1990,4,Median,2,Female,26,15,null,15+,0,Not applicable,1,Model-based Estimates,2,Interpolation,416530.5
70,Population by age and sex - broad age groups,Population by age and sex - broad age groups,World Population Prospects,2024,United Nations Population Division,516,Namibia,NA,NAM,42,1991,4,Median,1,Male,26,15,null,15+,0,Not applicable,1,Model-based Estimates,2,Interpolation,387357
70,Population by age and sex - broad age groups,Population by age and sex - broad age groups,World Population Prospects,2024,United Nations Population Division,516,Namibia,NA,NAM,42,1991,4,Median,2,Female,26,15,null,15+,0,Not applicable,1,Model-based Estimates,2,Interpolation,430653.5
70,Population by age and sex - broad age groups,Population by age and sex - broad age groups,World Population Prospects,2024,United Nations Population Division,516,Namibia,NA,NAM,43,1992,4,Median,1,Male,26,15,null,15+,0,Not applicable,1,Model-based Estimates,2,Interpolation,400326
70,Population by age and sex - broad age groups,Population by age and sex - broad age groups,World Population Prospects,2024,United Nations Population Division,516,Namibia,NA,NAM,43,1992,4,Median,2,Female,26,15,null,15+,0,Not applicable,1,Model-based Estimates,2,Interpolation,444281
70,Population by age and sex - broad age groups,Population by age and sex - broad age groups,World Population Prospects,2024,United Nations Population Division,516,Namibia,NA,NAM,44,1993,4,Median,1,Male,26,15,null,15+,0,Not applicable,1,Model-based Estimates,2,Interpolation,413503.5
70,Population by age and sex - broad age groups,Population by age and sex - broad age groups,World Population Prospects,2024,United Nations Population Division,516,Namibia,NA,NAM,44,1993,4,Median,2,Female,26,15,null,15+,0,Not applicable,1,Model-based Estimates,2,Interpolation,458766
70,Population by age and sex - broad age groups,Population by age and sex - broad age groups,World Population Prospects,2024,United Nations Population Division,516,Namibia,NA,NAM,45,1994,4,Median,1,Male,26,15,null,15+,0,Not applicable,1,Model-based Estimates,2,Interpolation,426698.5
70,Population by age and sex - broad age groups,Population by age and sex - broad age groups,World Population Prospects,2024,United Nations Population Division,516,Namibia,NA,NAM,45,1994,4,Median,2,Female,26,15,null,15+,0,Not applicable,1,Model-based Estimates,2,Interpolation,473492.5
70,Population by age and sex - broad age groups,Population by age and sex - broad age groups,World Population Prospects,2024,United Nations Population Division,516,Namibia,NA,NAM,46,1995,4,Median,1,Male,26,15,null,15+,0,Not applicable,1,Model-based Estimates,2,Interpolation,439756.5
70,Population by age and sex - broad age groups,Population by age and sex - broad age groups,World Population Prospects,2024,United Nations Population Division,516,Namibia,NA,NAM,46,1995,4,Median,2,Female,26,15,null,15+,0,Not applicable,1,Model-based Estimates,2,Interpolation,487972.5
70,Population by age and sex - broad age groups,Population by age and sex - broad age groups,World Population Prospects,2024,United Nations Population Division,516,Namibia,NA,NAM,47,1996,4,Median,1,Male,26,15,null,15+,0,Not applicable,1,Model-based Estimates,2,Interpolation,452787
70,Population by age and sex - broad age groups,Population by age and sex - broad age groups,World Population Prospects,2024,United Nations Population Division,516,Namibia,NA,NAM,47,1996,4,Median,2,Female,26,15,null,15+,0,Not applicable,1,Model-based Estimates,2,Interpolation,502354.5
70,Population by age and sex - broad age groups,Population by age and sex - broad age groups,World Population Prospects,2024,United Nations Population Division,516,Namibia,NA,NAM,48,1997,4,Median,1,Male,26,15,null,15+,0,Not applicable,1,Model-based Estimates,2,Interpolation,465624
70,Population by age and sex - broad age groups,Population by age and sex - broad age groups,World Population Prospects,2024,United Nations Population Division,516,Namibia,NA,NAM,48,1997,4,Median,2,Female,26,15,null,15+,0,Not applicable,1,Model-based Estimates,2,Interpolation,516455.5
70,Population by age and sex - broad age groups,Population by age and sex - broad age groups,World Population Prospects,2024,United Nations Population Division,516,Namibia,NA,NAM,49,1998,4,Median,1,Male,26,15,null,15+,0,Not applicable,1,Model-based Estimates,2,Interpolation,478401
70,Population by age and sex - broad age groups,Population by age and sex - broad age groups,World Population Prospects,2024,United Nations Population Division,516,Namibia,NA,NAM,49,1998,4,Median,2,Female,26,15,null,15+,0,Not applicable,1,Model-based Estimates,2,Interpolation,530463.5
70,Population by age and sex - broad age groups,Population by age and sex - broad age groups,World Population Prospects,2024,United Nations Population Division,516,Namibia,NA,NAM,50,1999,4,Median,1,Male,26,15,null,15+,0,Not applicable,1,Model-based Estimates,2,Interpolation,491324.5
70,Population by age and sex - broad age groups,Population by age and sex - broad age groups,World Population Prospects,2024,United Nations Population Division,516,Namibia,NA,NAM,50,1999,4,Median,2,Female,26,15,null,15+,0,Not applicable,1,Model-based Estimates,2,Interpolation,544739
70,Population by age and sex - broad age groups,Population by age and sex - broad age groups,World Population Prospects,2024,United Nations Population Division,516,Namibia,NA,NAM,51,2000,4,Median,1,Male,26,15,null,15+,0,Not applicable,1,Model-based Estimates,2,Interpolation,504373
70,Population by age and sex - broad age groups,Population by age and sex - broad age groups,World Population Prospects,2024,United Nations Population Division,516,Namibia,NA,NAM,51,2000,4,Median,2,Female,26,15,null,15+,0,Not applicable,1,Model-based Estimates,2,Interpolation,559137.5
70,Population by age and sex - broad age groups,Population by age and sex - broad age groups,World Population Prospects,2024,United Nations Population Division,516,Namibia,NA,NAM,52,2001,4,Median,1,Male,26,15,null,15+,0,Not applicable,1,Model-based Estimates,2,Interpolation,517232.5
70,Population by age and sex - broad age groups,Population by age and sex - broad age groups,World Population Prospects,2024,United Nations Population Division,516,Namibia,NA,NAM,52,2001,4,Median,2,Female,26,15,null,15+,0,Not applicable,1,Model-based Estimates,2,Interpolation,573053
70,Population by age and sex - broad age groups,Population by age and sex - broad age groups,World Population Prospects,2024,United Nations Population Division,516,Namibia,NA,NAM,53,2002,4,Median,1,Male,26,15,null,15+,0,Not applicable,1,Model-based Estimates,2,Interpolation,529680
70,Population by age and sex - broad age groups,Population by age and sex - broad age groups,World Population Prospects,2024,United Nations Population Division,516,Namibia,NA,NAM,53,2002,4,Median,2,Female,26,15,null,15+,0,Not applicable,1,Model-based Estimates,2,Interpolation,586153.5
70,Population by age and sex - broad age groups,Population by age and sex - broad age groups,World Population Prospects,2024,United Nations Population Division,516,Namibia,NA,NAM,54,2003,4,Median,1,Male,26,15,null,15+,0,Not applicable,1,Model-based Estimates,2,Interpolation,541688.5
70,Population by age and sex - broad age groups,Population by age and sex - broad age groups,World Population Prospects,2024,United Nations Population Division,516,Namibia,NA,NAM,54,2003,4,Median,2,Female,26,15,null,15+,0,Not applicable,1,Model-based Estimates,2,Interpolation,598634.5
70,Population by age and sex - broad age groups,Population by age and sex - broad age groups,World Population Prospects,2024,United Nations Population Division,516,Namibia,NA,NAM,55,2004,4,Median,1,Male,26,15,null,15+,0,Not applicable,1,Model-based Estimates,2,Interpolation,553695.5
70,Population by age and sex - broad age groups,Population by age and sex - broad age groups,World Population Prospects,2024,United Nations Population Division,516,Namibia,NA,NAM,55,2004,4,Median,2,Female,26,15,null,15+,0,Not applicable,1,Model-based Estimates,2,Interpolation,611259.5
70,Population by age and sex - broad age groups,Population by age and sex - broad age groups,World Population Prospects,2024,United Nations Population Division,516,Namibia,NA,NAM,56,2005,4,Median,1,Male,26,15,null,15+,0,Not applicable,1,Model-based Estimates,2,Interpolation,566913.5
70,Population by age and sex - broad age groups,Population by age and sex - broad age groups,World Population Prospects,2024,United Nations Population Division,516,Namibia,NA,NAM,56,2005,4,Median,2,Female,26,15,null,15+,0,Not applicable,1,Model-based Estimates,2,Interpolation,625254.5
70,Population by age and sex - broad age groups,Population by age and sex - broad age groups,World Population Prospects,2024,United Nations Population Division,516,Namibia,NA,NAM,57,2006,4,Median,1,Male,26,15,null,15+,0,Not applicable,1,Model-based Estimates,2,Interpolation,581010.5
70,Population by age and sex - broad age groups,Population by age and sex - broad age groups,World Population Prospects,2024,United Nations Population Division,516,Namibia,NA,NAM,57,2006,4,Median,2,Female,26,15,null,15+,0,Not applicable,1,Model-based Estimates,2,Interpolation,640360.5
70,Population by age and sex - broad age groups,Population by age and sex - broad age groups,World Population Prospects,2024,United Nations Population Division,516,Namibia,NA,NAM,58,2007,4,Median,1,Male,26,15,null,15+,0,Not applicable,1,Model-based Estimates,2,Interpolation,594838
70,Population by age and sex - broad age groups,Population by age and sex - broad age groups,World Population Prospects,2024,United Nations Population Division,516,Namibia,NA,NAM,58,2007,4,Median,2,Female,26,15,null,15+,0,Not applicable,1,Model-based Estimates,2,Interpolation,655508
70,Population by age and sex - broad age groups,Population by age and sex - broad age groups,World Population Prospects,2024,United Nations Population Division,516,Namibia,NA,NAM,59,2008,4,Median,1,Male,26,15,null,15+,0,Not applicable,1,Model-based Estimates,2,Interpolation,608302
70,Population by age and sex - broad age groups,Population by age and sex - broad age groups,World Population Prospects,2024,United Nations Population Division,516,Namibia,NA,NAM,59,2008,4,Median,2,Female,26,15,null,15+,0,Not applicable,1,Model-based Estimates,2,Interpolation,670512.5
70,Population by age and sex - broad age groups,Population by age and sex - broad age groups,World Population Prospects,2024,United Nations Population Division,516,Namibia,NA,NAM,60,2009,4,Median,1,Male,26,15,null,15+,0,Not applicable,1,Model-based Estimates,2,Interpolation,621356
70,Population by age and sex - broad age groups,Population by age and sex - broad age groups,World Population Prospects,2024,United Nations Population Division,516,Namibia,NA,NAM,60,2009,4,Median,2,Female,26,15,null,15+,0,Not applicable,1,Model-based Estimates,2,Interpolation,685128.5
70,Population by age and sex - broad age groups,Population by age and sex - broad age groups,World Population Prospects,2024,United Nations Population Division,516,Namibia,NA,NAM,61,2010,4,Median,1,Male,26,15,null,15+,0,Not applicable,1,Model-based Estimates,2,Interpolation,633815
70,Population by age and sex - broad age groups,Population by age and sex - broad age groups,World Population Prospects,2024,United Nations Population Division,516,Namibia,NA,NAM,61,2010,4,Median,2,Female,26,15,null,15+,0,Not applicable,1,Model-based Estimates,2,Interpolation,699098
70,Population by age and sex - broad age groups,Population by age and sex - broad age groups,World Population Prospects,2024,United Nations Population Division,516,Namibia,NA,NAM,62,2011,4,Median,1,Male,26,15,null,15+,0,Not applicable,1,Model-based Estimates,2,Interpolation,646091
70,Population by age and sex - broad age groups,Population by age and sex - broad age groups,World Population Prospects,2024,United Nations Population Division,516,Namibia,NA,NAM,62,2011,4,Median,2,Female,26,15,null,15+,0,Not applicable,1,Model-based Estimates,2,Interpolation,712931
70,Population by age and sex - broad age groups,Population by age and sex - broad age groups,World Population Prospects,2024,United Nations Population Division,516,Namibia,NA,NAM,63,2012,4,Median,1,Male,26,15,null,15+,0,Not applicable,1,Model-based Estimates,2,Interpolation,661419
70,Population by age and sex - broad age groups,Population by age and sex - broad age groups,World Population Prospects,2024,United Nations Population Division,516,Namibia,NA,NAM,63,2012,4,Median,2,Female,26,15,null,15+,0,Not applicable,1,Model-based Estimates,2,Interpolation,729132.5
70,Population by age and sex - broad age groups,Population by age and sex - broad age groups,World Population Prospects,2024,United Nations Population Division,516,Namibia,NA,NAM,64,2013,4,Median,1,Male,26,15,null,15+,0,Not applicable,1,Model-based Estimates,2,Interpolation,680074
70,Population by age and sex - broad age groups,Population by age and sex - broad age groups,World Population Prospects,2024,United Nations Population Division,516,Namibia,NA,NAM,64,2013,4,Median,2,Female,26,15,null,15+,0,Not applicable,1,Model-based Estimates,2,Interpolation,747875.5
70,Population by age and sex - broad age groups,Population by age and sex - broad age groups,World Population Prospects,2024,United Nations Population Division,516,Namibia,NA,NAM,65,2014,4,Median,1,Male,26,15,null,15+,0,Not applicable,1,Model-based Estimates,2,Interpolation,699715
70,Population by age and sex - broad age groups,Population by age and sex - broad age groups,World Population Prospects,2024,United Nations Population Division,516,Namibia,NA,NAM,65,2014,4,Median,2,Female,26,15,null,15+,0,Not applicable,1,Model-based Estimates,2,Interpolation,767378
70,Population by age and sex - broad age groups,Population by age and sex - broad age groups,World Population Prospects,2024,United Nations Population Division,516,Namibia,NA,NAM,66,2015,4,Median,1,Male,26,15,null,15+,0,Not applicable,1,Model-based Estimates,2,Interpolation,720104
70,Population by age and sex - broad age groups,Population by age and sex - broad age groups,World Population Prospects,2024,United Nations Population Division,516,Namibia,NA,NAM,66,2015,4,Median,2,Female,26,15,null,15+,0,Not applicable,1,Model-based Estimates,2,Interpolation,787377
70,Population by age and sex - broad age groups,Population by age and sex - broad age groups,World Population Prospects,2024,United Nations Population Division,516,Namibia,NA,NAM,67,2016,4,Median,1,Male,26,15,null,15+,0,Not applicable,1,Model-based Estimates,2,Interpolation,740514.5
70,Population by age and sex - broad age groups,Population by age and sex - broad age groups,World Population Prospects,2024,United Nations Population Division,516,Namibia,NA,NAM,67,2016,4,Median,2,Female,26,15,null,15+,0,Not applicable,1,Model-based Estimates,2,Interpolation,807314.5
70,Population by age and sex - broad age groups,Population by age and sex - broad age groups,World Population Prospects,2024,United Nations Population Division,516,Namibia,NA,NAM,68,2017,4,Median,1,Male,26,15,null,15+,0,Not applicable,1,Model-based Estimates,2,Interpolation,760676
70,Population by age and sex - broad age groups,Population by age and sex - broad age groups,World Population Prospects,2024,United Nations Population Division,516,Namibia,NA,NAM,68,2017,4,Median,2,Female,26,15,null,15+,0,Not applicable,1,Model-based Estimates,2,Interpolation,826999.5
70,Population by age and sex - broad age groups,Population by age and sex - broad age groups,World Population Prospects,2024,United Nations Population Division,516,Namibia,NA,NAM,69,2018,4,Median,1,Male,26,15,null,15+,0,Not applicable,1,Model-based Estimates,2,Interpolation,781203
70,Population by age and sex - broad age groups,Population by age and sex - broad age groups,World Population Prospects,2024,United Nations Population Division,516,Namibia,NA,NAM,69,2018,4,Median,2,Female,26,15,null,15+,0,Not applicable,1,Model-based Estimates,2,Interpolation,846931
70,Population by age and sex - broad age groups,Population by age and sex - broad age groups,World Population Prospects,2024,United Nations Population Division,516,Namibia,NA,NAM,70,2019,4,Median,1,Male,26,15,null,15+,0,Not applicable,1,Model-based Estimates,2,Interpolation,802743
70,Population by age and sex - broad age groups,Population by age and sex - broad age groups,World Population Prospects,2024,United Nations Population Division,516,Namibia,NA,NAM,70,2019,4,Median,2,Female,26,15,null,15+,0,Not applicable,1,Model-based Estimates,2,Interpolation,867713
70,Population by age and sex - broad age groups,Population by age and sex - broad age groups,World Population Prospects,2024,United Nations Population Division,516,Namibia,NA,NAM,71,2020,4,Median,1,Male,26,15,null,15+,0,Not applicable,1,Model-based Estimates,2,Interpolation,825606
70,Population by age and sex - broad age groups,Population by age and sex - broad age groups,World Population Prospects,2024,United Nations Population Division,516,Namibia,NA,NAM,71,2020,4,Median,2,Female,26,15,null,15+,0,Not applicable,1,Model-based Estimates,2,Interpolation,889707.5
70,Population by age and sex - broad age groups,Population by age and sex - broad age groups,World Population Prospects,2024,United Nations Population Division,516,Namibia,NA,NAM,72,2021,4,Median,1,Male,26,15,null,15+,0,Not applicable,1,Model-based Estimates,2,Interpolation,848722
70,Population by age and sex - broad age groups,Population by age and sex - broad age groups,World Population Prospects,2024,United Nations Population Division,516,Namibia,NA,NAM,72,2021,4,Median,2,Female,26,15,null,15+,0,Not applicable,1,Model-based Estimates,2,Interpolation,911952
70,Population by age and sex - broad age groups,Population by age and sex - broad age groups,World Population Prospects,2024,United Nations Population Division,516,Namibia,NA,NAM,73,2022,4,Median,1,Male,26,15,null,15+,0,Not applicable,1,Model-based Estimates,2,Interpolation,872031.5
70,Population by age and sex - broad age groups,Population by age and sex - broad age groups,World Population Prospects,2024,United Nations Population Division,516,Namibia,NA,NAM,73,2022,4,Median,2,Female,26,15,null,15+,0,Not applicable,1,Model-based Estimates,2,Interpolation,934791
70,Population by age and sex - broad age groups,Population by age and sex - broad age groups,World Population Prospects,2024,United Nations Population Division,516,Namibia,NA,NAM,74,2023,4,Median,1,Male,26,15,null,15+,0,Not applicable,1,Model-based Estimates,2,Interpolation,897135
70,Population by age and sex - broad age groups,Population by age and sex - broad age groups,World Population Prospects,2024,United Nations Population Division,516,Namibia,NA,NAM,74,2023,4,Median,2,Female,26,15,null,15+,0,Not applicable,1,Model-based Estimates,2,Interpolation,960953
70,Population by age and sex - broad age groups,Population by age and sex - broad age groups,World Population Prospects,2024,United Nations Population Division,562,Niger,NE,NER,41,1990,4,Median,1,Male,26,15,null,15+,0,Not applicable,1,Model-based Estimates,2,Interpolation,2173485.5
70,Population by age and sex - broad age groups,Population by age and sex - broad age groups,World Population Prospects,2024,United Nations Population Division,562,Niger,NE,NER,41,1990,4,Median,2,Female,26,15,null,15+,0,Not applicable,1,Model-based Estimates,2,Interpolation,2232626
70,Population by age and sex - broad age groups,Population by age and sex - broad age groups,World Population Prospects,2024,United Nations Population Division,562,Niger,NE,NER,42,1991,4,Median,1,Male,26,15,null,15+,0,Not applicable,1,Model-based Estimates,2,Interpolation,2248437.5
70,Population by age and sex - broad age groups,Population by age and sex - broad age groups,World Population Prospects,2024,United Nations Population Division,562,Niger,NE,NER,42,1991,4,Median,2,Female,26,15,null,15+,0,Not applicable,1,Model-based Estimates,2,Interpolation,2300757.5
70,Population by age and sex - broad age groups,Population by age and sex - broad age groups,World Population Prospects,2024,United Nations Population Division,562,Niger,NE,NER,43,1992,4,Median,1,Male,26,15,null,15+,0,Not applicable,1,Model-based Estimates,2,Interpolation,2325696.5
70,Population by age and sex - broad age groups,Population by age and sex - broad age groups,World Population Prospects,2024,United Nations Population Division,562,Niger,NE,NER,43,1992,4,Median,2,Female,26,15,null,15+,0,Not applicable,1,Model-based Estimates,2,Interpolation,2371150
70,Population by age and sex - broad age groups,Population by age and sex - broad age groups,World Population Prospects,2024,United Nations Population Division,562,Niger,NE,NER,44,1993,4,Median,1,Male,26,15,null,15+,0,Not applicable,1,Model-based Estimates,2,Interpolation,2406115.5
70,Population by age and sex - broad age groups,Population by age and sex - broad age groups,World Population Prospects,2024,United Nations Population Division,562,Niger,NE,NER,44,1993,4,Median,2,Female,26,15,null,15+,0,Not applicable,1,Model-based Estimates,2,Interpolation,2444570.5
70,Population by age and sex - broad age groups,Population by age and sex - broad age groups,World Population Prospects,2024,United Nations Population Division,562,Niger,NE,NER,45,1994,4,Median,1,Male,26,15,null,15+,0,Not applicable,1,Model-based Estimates,2,Interpolation,2490072.5
70,Population by age and sex - broad age groups,Population by age and sex - broad age groups,World Population Prospects,2024,United Nations Population Division,562,Niger,NE,NER,45,1994,4,Median,2,Female,26,15,null,15+,0,Not applicable,1,Model-based Estimates,2,Interpolation,2521526
70,Population by age and sex - broad age groups,Population by age and sex - broad age groups,World Population Prospects,2024,United Nations Population Division,562,Niger,NE,NER,46,1995,4,Median,1,Male,26,15,null,15+,0,Not applicable,1,Model-based Estimates,2,Interpolation,2578589
70,Population by age and sex - broad age groups,Population by age and sex - broad age groups,World Population Prospects,2024,United Nations Population Division,562,Niger,NE,NER,46,1995,4,Median,2,Female,26,15,null,15+,0,Not applicable,1,Model-based Estimates,2,Interpolation,2602844.5
70,Population by age and sex - broad age groups,Population by age and sex - broad age groups,World Population Prospects,2024,United Nations Population Division,562,Niger,NE,NER,47,1996,4,Median,1,Male,26,15,null,15+,0,Not applicable,1,Model-based Estimates,2,Interpolation,2668619
70,Population by age and sex - broad age groups,Population by age and sex - broad age groups,World Population Prospects,2024,United Nations Population Division,562,Niger,NE,NER,47,1996,4,Median,2,Female,26,15,null,15+,0,Not applicable,1,Model-based Estimates,2,Interpolation,2685377.5
70,Population by age and sex - broad age groups,Population by age and sex - broad age groups,World Population Prospects,2024,United Nations Population Division,562,Niger,NE,NER,48,1997,4,Median,1,Male,26,15,null,15+,0,Not applicable,1,Model-based Estimates,2,Interpolation,2757225.5
70,Population by age and sex - broad age groups,Population by age and sex - broad age groups,World Population Prospects,2024,United Nations Population Division,562,Niger,NE,NER,48,1997,4,Median,2,Female,26,15,null,15+,0,Not applicable,1,Model-based Estimates,2,Interpolation,2766491
70,Population by age and sex - broad age groups,Population by age and sex - broad age groups,World Population Prospects,2024,United Nations Population Division,562,Niger,NE,NER,49,1998,4,Median,1,Male,26,15,null,15+,0,Not applicable,1,Model-based Estimates,2,Interpolation,2848344.5
70,Population by age and sex - broad age groups,Population by age and sex - broad age groups,World Population Prospects,2024,United Nations Population Division,562,Niger,NE,NER,49,1998,4,Median,2,Female,26,15,null,15+,0,Not applicable,1,Model-based Estimates,2,Interpolation,2850139
70,Population by age and sex - broad age groups,Population by age and sex - broad age groups,World Population Prospects,2024,United Nations Population Division,562,Niger,NE,NER,50,1999,4,Median,1,Male,26,15,null,15+,0,Not applicable,1,Model-based Estimates,2,Interpolation,2942213
70,Population by age and sex - broad age groups,Population by age and sex - broad age groups,World Population Prospects,2024,United Nations Population Division,562,Niger,NE,NER,50,1999,4,Median,2,Female,26,15,null,15+,0,Not applicable,1,Model-based Estimates,2,Interpolation,2936446.5
70,Population by age and sex - broad age groups,Population by age and sex - broad age groups,World Population Prospects,2024,United Nations Population Division,562,Niger,NE,NER,51,2000,4,Median,1,Male,26,15,null,15+,0,Not applicable,1,Model-based Estimates,2,Interpolation,3038359.5
70,Population by age and sex - broad age groups,Population by age and sex - broad age groups,World Population Prospects,2024,United Nations Population Division,562,Niger,NE,NER,51,2000,4,Median,2,Female,26,15,null,15+,0,Not applicable,1,Model-based Estimates,2,Interpolation,3024895.5
70,Population by age and sex - broad age groups,Population by age and sex - broad age groups,World Population Prospects,2024,United Nations Population Division,562,Niger,NE,NER,52,2001,4,Median,1,Male,26,15,null,15+,0,Not applicable,1,Model-based Estimates,2,Interpolation,3137910
70,Population by age and sex - broad age groups,Population by age and sex - broad age groups,World Population Prospects,2024,United Nations Population Division,562,Niger,NE,NER,52,2001,4,Median,2,Female,26,15,null,15+,0,Not applicable,1,Model-based Estimates,2,Interpolation,3116635.5
70,Population by age and sex - broad age groups,Population by age and sex - broad age groups,World Population Prospects,2024,United Nations Population Division,562,Niger,NE,NER,53,2002,4,Median,1,Male,26,15,null,15+,0,Not applicable,1,Model-based Estimates,2,Interpolation,3240271
70,Population by age and sex - broad age groups,Population by age and sex - broad age groups,World Population Prospects,2024,United Nations Population Division,562,Niger,NE,NER,53,2002,4,Median,2,Female,26,15,null,15+,0,Not applicable,1,Model-based Estimates,2,Interpolation,3211078.5
70,Population by age and sex - broad age groups,Population by age and sex - broad age groups,World Population Prospects,2024,United Nations Population Division,562,Niger,NE,NER,54,2003,4,Median,1,Male,26,15,null,15+,0,Not applicable,1,Model-based Estimates,2,Interpolation,3346023
70,Population by age and sex - broad age groups,Population by age and sex - broad age groups,World Population Prospects,2024,United Nations Population Division,562,Niger,NE,NER,54,2003,4,Median,2,Female,26,15,null,15+,0,Not applicable,1,Model-based Estimates,2,Interpolation,3308864.5
70,Population by age and sex - broad age groups,Population by age and sex - broad age groups,World Population Prospects,2024,United Nations Population Division,562,Niger,NE,NER,55,2004,4,Median,1,Male,26,15,null,15+,0,Not applicable,1,Model-based Estimates,2,Interpolation,3455718.5
70,Population by age and sex - broad age groups,Population by age and sex - broad age groups,World Population Prospects,2024,United Nations Population Division,562,Niger,NE,NER,55,2004,4,Median,2,Female,26,15,null,15+,0,Not applicable,1,Model-based Estimates,2,Interpolation,3410550
70,Population by age and sex - broad age groups,Population by age and sex - broad age groups,World Population Prospects,2024,United Nations Population Division,562,Niger,NE,NER,56,2005,4,Median,1,Male,26,15,null,15+,0,Not applicable,1,Model-based Estimates,2,Interpolation,3570167
70,Population by age and sex - broad age groups,Population by age and sex - broad age groups,World Population Prospects,2024,United Nations Population Division,562,Niger,NE,NER,56,2005,4,Median,2,Female,26,15,null,15+,0,Not applicable,1,Model-based Estimates,2,Interpolation,3516941
70,Population by age and sex - broad age groups,Population by age and sex - broad age groups,World Population Prospects,2024,United Nations Population Division,562,Niger,NE,NER,57,2006,4,Median,1,Male,26,15,null,15+,0,Not applicable,1,Model-based Estimates,2,Interpolation,3690035.5
70,Population by age and sex - broad age groups,Population by age and sex - broad age groups,World Population Prospects,2024,United Nations Population Division,562,Niger,NE,NER,57,2006,4,Median,2,Female,26,15,null,15+,0,Not applicable,1,Model-based Estimates,2,Interpolation,3628712.5
70,Population by age and sex - broad age groups,Population by age and sex - broad age groups,World Population Prospects,2024,United Nations Population Division,562,Niger,NE,NER,58,2007,4,Median,1,Male,26,15,null,15+,0,Not applicable,1,Model-based Estimates,2,Interpolation,3815704.5
70,Population by age and sex - broad age groups,Population by age and sex - broad age groups,World Population Prospects,2024,United Nations Population Division,562,Niger,NE,NER,58,2007,4,Median,2,Female,26,15,null,15+,0,Not applicable,1,Model-based Estimates,2,Interpolation,3746325
70,Population by age and sex - broad age groups,Population by age and sex - broad age groups,World Population Prospects,2024,United Nations Population Division,562,Niger,NE,NER,59,2008,4,Median,1,Male,26,15,null,15+,0,Not applicable,1,Model-based Estimates,2,Interpolation,3947923
70,Population by age and sex - broad age groups,Population by age and sex - broad age groups,World Population Prospects,2024,United Nations Population Division,562,Niger,NE,NER,59,2008,4,Median,2,Female,26,15,null,15+,0,Not applicable,1,Model-based Estimates,2,Interpolation,3870605.5
70,Population by age and sex - broad age groups,Population by age and sex - broad age groups,World Population Prospects,2024,United Nations Population Division,562,Niger,NE,NER,60,2009,4,Median,1,Male,26,15,null,15+,0,Not applicable,1,Model-based Estimates,2,Interpolation,4087432
70,Population by age and sex - broad age groups,Population by age and sex - broad age groups,World Population Prospects,2024,United Nations Population Division,562,Niger,NE,NER,60,2009,4,Median,2,Female,26,15,null,15+,0,Not applicable,1,Model-based Estimates,2,Interpolation,4002116.5
70,Population by age and sex - broad age groups,Population by age and sex - broad age groups,World Population Prospects,2024,United Nations Population Division,562,Niger,NE,NER,61,2010,4,Median,1,Male,26,15,null,15+,0,Not applicable,1,Model-based Estimates,2,Interpolation,4235197
70,Population by age and sex - broad age groups,Population by age and sex - broad age groups,World Population Prospects,2024,United Nations Population Division,562,Niger,NE,NER,61,2010,4,Median,2,Female,26,15,null,15+,0,Not applicable,1,Model-based Estimates,2,Interpolation,4141616
70,Population by age and sex - broad age groups,Population by age and sex - broad age groups,World Population Prospects,2024,United Nations Population Division,562,Niger,NE,NER,62,2011,4,Median,1,Male,26,15,null,15+,0,Not applicable,1,Model-based Estimates,2,Interpolation,4392042.5
70,Population by age and sex - broad age groups,Population by age and sex - broad age groups,World Population Prospects,2024,United Nations Population Division,562,Niger,NE,NER,62,2011,4,Median,2,Female,26,15,null,15+,0,Not applicable,1,Model-based Estimates,2,Interpolation,4289948
70,Population by age and sex - broad age groups,Population by age and sex - broad age groups,World Population Prospects,2024,United Nations Population Division,562,Niger,NE,NER,63,2012,4,Median,1,Male,26,15,null,15+,0,Not applicable,1,Model-based Estimates,2,Interpolation,4563636.5
70,Population by age and sex - broad age groups,Population by age and sex - broad age groups,World Population Prospects,2024,United Nations Population Division,562,Niger,NE,NER,63,2012,4,Median,2,Female,26,15,null,15+,0,Not applicable,1,Model-based Estimates,2,Interpolation,4452803.5
70,Population by age and sex - broad age groups,Population by age and sex - broad age groups,World Population Prospects,2024,United Nations Population Division,562,Niger,NE,NER,64,2013,4,Median,1,Male,26,15,null,15+,0,Not applicable,1,Model-based Estimates,3,Projection,4745323.5
70,Population by age and sex - broad age groups,Population by age and sex - broad age groups,World Population Prospects,2024,United Nations Population Division,562,Niger,NE,NER,64,2013,4,Median,2,Female,26,15,null,15+,0,Not applicable,1,Model-based Estimates,3,Projection,4625707
70,Population by age and sex - broad age groups,Population by age and sex - broad age groups,World Population Prospects,2024,United Nations Population Division,562,Niger,NE,NER,65,2014,4,Median,1,Male,26,15,null,15+,0,Not applicable,1,Model-based Estimates,3,Projection,4932891
70,Population by age and sex - broad age groups,Population by age and sex - broad age groups,World Population Prospects,2024,United Nations Population Division,562,Niger,NE,NER,65,2014,4,Median,2,Female,26,15,null,15+,0,Not applicable,1,Model-based Estimates,3,Projection,4804829
70,Population by age and sex - broad age groups,Population by age and sex - broad age groups,World Population Prospects,2024,United Nations Population Division,562,Niger,NE,NER,66,2015,4,Median,1,Male,26,15,null,15+,0,Not applicable,1,Model-based Estimates,3,Projection,5133357
70,Population by age and sex - broad age groups,Population by age and sex - broad age groups,World Population Prospects,2024,United Nations Population Division,562,Niger,NE,NER,66,2015,4,Median,2,Female,26,15,null,15+,0,Not applicable,1,Model-based Estimates,3,Projection,4997443.5
70,Population by age and sex - broad age groups,Population by age and sex - broad age groups,World Population Prospects,2024,United Nations Population Division,562,Niger,NE,NER,67,2016,4,Median,1,Male,26,15,null,15+,0,Not applicable,1,Model-based Estimates,3,Projection,5345293.5
70,Population by age and sex - broad age groups,Population by age and sex - broad age groups,World Population Prospects,2024,United Nations Population Division,562,Niger,NE,NER,67,2016,4,Median,2,Female,26,15,null,15+,0,Not applicable,1,Model-based Estimates,3,Projection,5201625.5
70,Population by age and sex - broad age groups,Population by age and sex - broad age groups,World Population Prospects,2024,United Nations Population Division,562,Niger,NE,NER,68,2017,4,Median,1,Male,26,15,null,15+,0,Not applicable,1,Model-based Estimates,3,Projection,5561783
70,Population by age and sex - broad age groups,Population by age and sex - broad age groups,World Population Prospects,2024,United Nations Population Division,562,Niger,NE,NER,68,2017,4,Median,2,Female,26,15,null,15+,0,Not applicable,1,Model-based Estimates,3,Projection,5409892.5
70,Population by age and sex - broad age groups,Population by age and sex - broad age groups,World Population Prospects,2024,United Nations Population Division,562,Niger,NE,NER,69,2018,4,Median,1,Male,26,15,null,15+,0,Not applicable,1,Model-based Estimates,3,Projection,5783914.5
70,Population by age and sex - broad age groups,Population by age and sex - broad age groups,World Population Prospects,2024,United Nations Population Division,562,Niger,NE,NER,69,2018,4,Median,2,Female,26,15,null,15+,0,Not applicable,1,Model-based Estimates,3,Projection,5623500.5
70,Population by age and sex - broad age groups,Population by age and sex - broad age groups,World Population Prospects,2024,United Nations Population Division,562,Niger,NE,NER,70,2019,4,Median,1,Male,26,15,null,15+,0,Not applicable,1,Model-based Estimates,3,Projection,6013903
70,Population by age and sex - broad age groups,Population by age and sex - broad age groups,World Population Prospects,2024,United Nations Population Division,562,Niger,NE,NER,70,2019,4,Median,2,Female,26,15,null,15+,0,Not applicable,1,Model-based Estimates,3,Projection,5844977
70,Population by age and sex - broad age groups,Population by age and sex - broad age groups,World Population Prospects,2024,United Nations Population Division,562,Niger,NE,NER,71,2020,4,Median,1,Male,26,15,null,15+,0,Not applicable,1,Model-based Estimates,3,Projection,6252510
70,Population by age and sex - broad age groups,Population by age and sex - broad age groups,World Population Prospects,2024,United Nations Population Division,562,Niger,NE,NER,71,2020,4,Median,2,Female,26,15,null,15+,0,Not applicable,1,Model-based Estimates,3,Projection,6076084
70,Population by age and sex - broad age groups,Population by age and sex - broad age groups,World Population Prospects,2024,United Nations Population Division,562,Niger,NE,NER,72,2021,4,Median,1,Male,26,15,null,15+,0,Not applicable,1,Model-based Estimates,3,Projection,6501537.5
70,Population by age and sex - broad age groups,Population by age and sex - broad age groups,World Population Prospects,2024,United Nations Population Division,562,Niger,NE,NER,72,2021,4,Median,2,Female,26,15,null,15+,0,Not applicable,1,Model-based Estimates,3,Projection,6317728.5
70,Population by age and sex - broad age groups,Population by age and sex - broad age groups,World Population Prospects,2024,United Nations Population Division,562,Niger,NE,NER,73,2022,4,Median,1,Male,26,15,null,15+,0,Not applicable,1,Model-based Estimates,3,Projection,6762489.5
70,Population by age and sex - broad age groups,Population by age and sex - broad age groups,World Population Prospects,2024,United Nations Population Division,562,Niger,NE,NER,73,2022,4,Median,2,Female,26,15,null,15+,0,Not applicable,1,Model-based Estimates,3,Projection,6570172.5
70,Population by age and sex - broad age groups,Population by age and sex - broad age groups,World Population Prospects,2024,United Nations Population Division,562,Niger,NE,NER,74,2023,4,Median,1,Male,26,15,null,15+,0,Not applicable,1,Model-based Estimates,3,Projection,7037562.5
70,Population by age and sex - broad age groups,Population by age and sex - broad age groups,World Population Prospects,2024,United Nations Population Division,562,Niger,NE,NER,74,2023,4,Median,2,Female,26,15,null,15+,0,Not applicable,1,Model-based Estimates,3,Projection,6836134
70,Population by age and sex - broad age groups,Population by age and sex - broad age groups,World Population Prospects,2024,United Nations Population Division,566,Nigeria,NG,NGA,41,1990,4,Median,1,Male,26,15,null,15+,0,Not applicable,1,Model-based Estimates,2,Interpolation,26109852
70,Population by age and sex - broad age groups,Population by age and sex - broad age groups,World Population Prospects,2024,United Nations Population Division,566,Nigeria,NG,NGA,41,1990,4,Median,2,Female,26,15,null,15+,0,Not applicable,1,Model-based Estimates,2,Interpolation,26984764.5
70,Population by age and sex - broad age groups,Population by age and sex - broad age groups,World Population Prospects,2024,United Nations Population Division,566,Nigeria,NG,NGA,42,1991,4,Median,1,Male,26,15,null,15+,0,Not applicable,1,Model-based Estimates,2,Interpolation,26908074.5
70,Population by age and sex - broad age groups,Population by age and sex - broad age groups,World Population Prospects,2024,United Nations Population Division,566,Nigeria,NG,NGA,42,1991,4,Median,2,Female,26,15,null,15+,0,Not applicable,1,Model-based Estimates,2,Interpolation,27757542.5
70,Population by age and sex - broad age groups,Population by age and sex - broad age groups,World Population Prospects,2024,United Nations Population Division,566,Nigeria,NG,NGA,43,1992,4,Median,1,Male,26,15,null,15+,0,Not applicable,1,Model-based Estimates,2,Interpolation,27737407.5
70,Population by age and sex - broad age groups,Population by age and sex - broad age groups,World Population Prospects,2024,United Nations Population Division,566,Nigeria,NG,NGA,43,1992,4,Median,2,Female,26,15,null,15+,0,Not applicable,1,Model-based Estimates,2,Interpolation,28561815
70,Population by age and sex - broad age groups,Population by age and sex - broad age groups,World Population Prospects,2024,United Nations Population Division,566,Nigeria,NG,NGA,44,1993,4,Median,1,Male,26,15,null,15+,0,Not applicable,1,Model-based Estimates,2,Interpolation,28616442
70,Population by age and sex - broad age groups,Population by age and sex - broad age groups,World Population Prospects,2024,United Nations Population Division,566,Nigeria,NG,NGA,44,1993,4,Median,2,Female,26,15,null,15+,0,Not applicable,1,Model-based Estimates,2,Interpolation,29412390.5
70,Population by age and sex - broad age groups,Population by age and sex - broad age groups,World Population Prospects,2024,United Nations Population Division,566,Nigeria,NG,NGA,45,1994,4,Median,1,Male,26,15,null,15+,0,Not applicable,1,Model-based Estimates,2,Interpolation,29517614
70,Population by age and sex - broad age groups,Population by age and sex - broad age groups,World Population Prospects,2024,United Nations Population Division,566,Nigeria,NG,NGA,45,1994,4,Median,2,Female,26,15,null,15+,0,Not applicable,1,Model-based Estimates,2,Interpolation,30290785
70,Population by age and sex - broad age groups,Population by age and sex - broad age groups,World Population Prospects,2024,United Nations Population Division,566,Nigeria,NG,NGA,46,1995,4,Median,1,Male,26,15,null,15+,0,Not applicable,1,Model-based Estimates,2,Interpolation,30431133.5
70,Population by age and sex - broad age groups,Population by age and sex - broad age groups,World Population Prospects,2024,United Nations Population Division,566,Nigeria,NG,NGA,46,1995,4,Median,2,Female,26,15,null,15+,0,Not applicable,1,Model-based Estimates,2,Interpolation,31182264.5
70,Population by age and sex - broad age groups,Population by age and sex - broad age groups,World Population Prospects,2024,United Nations Population Division,566,Nigeria,NG,NGA,47,1996,4,Median,1,Male,26,15,null,15+,0,Not applicable,1,Model-based Estimates,2,Interpolation,31348714.5
70,Population by age and sex - broad age groups,Population by age and sex - broad age groups,World Population Prospects,2024,United Nations Population Division,566,Nigeria,NG,NGA,47,1996,4,Median,2,Female,26,15,null,15+,0,Not applicable,1,Model-based Estimates,2,Interpolation,32079347.5
70,Population by age and sex - broad age groups,Population by age and sex - broad age groups,World Population Prospects,2024,United Nations Population Division,566,Nigeria,NG,NGA,48,1997,4,Median,1,Male,26,15,null,15+,0,Not applicable,1,Model-based Estimates,2,Interpolation,32291889.5
70,Population by age and sex - broad age groups,Population by age and sex - broad age groups,World Population Prospects,2024,United Nations Population Division,566,Nigeria,NG,NGA,48,1997,4,Median,2,Female,26,15,null,15+,0,Not applicable,1,Model-based Estimates,2,Interpolation,32991771.5
70,Population by age and sex - broad age groups,Population by age and sex - broad age groups,World Population Prospects,2024,United Nations Population Division,566,Nigeria,NG,NGA,49,1998,4,Median,1,Male,26,15,null,15+,0,Not applicable,1,Model-based Estimates,2,Interpolation,33278866
70,Population by age and sex - broad age groups,Population by age and sex - broad age groups,World Population Prospects,2024,United Nations Population Division,566,Nigeria,NG,NGA,49,1998,4,Median,2,Female,26,15,null,15+,0,Not applicable,1,Model-based Estimates,2,Interpolation,33928005.5
70,Population by age and sex - broad age groups,Population by age and sex - broad age groups,World Population Prospects,2024,United Nations Population Division,566,Nigeria,NG,NGA,50,1999,4,Median,1,Male,26,15,null,15+,0,Not applicable,1,Model-based Estimates,2,Interpolation,34286182.5
70,Population by age and sex - broad age groups,Population by age and sex - broad age groups,World Population Prospects,2024,United Nations Population Division,566,Nigeria,NG,NGA,50,1999,4,Median,2,Female,26,15,null,15+,0,Not applicable,1,Model-based Estimates,2,Interpolation,34875141
70,Population by age and sex - broad age groups,Population by age and sex - broad age groups,World Population Prospects,2024,United Nations Population Division,566,Nigeria,NG,NGA,51,2000,4,Median,1,Male,26,15,null,15+,0,Not applicable,1,Model-based Estimates,2,Interpolation,35284897.5
70,Population by age and sex - broad age groups,Population by age and sex - broad age groups,World Population Prospects,2024,United Nations Population Division,566,Nigeria,NG,NGA,51,2000,4,Median,2,Female,26,15,null,15+,0,Not applicable,1,Model-based Estimates,2,Interpolation,35821209
70,Population by age and sex - broad age groups,Population by age and sex - broad age groups,World Population Prospects,2024,United Nations Population Division,566,Nigeria,NG,NGA,52,2001,4,Median,1,Male,26,15,null,15+,0,Not applicable,1,Model-based Estimates,2,Interpolation,36288777.5
70,Population by age and sex - broad age groups,Population by age and sex - broad age groups,World Population Prospects,2024,United Nations Population Division,566,Nigeria,NG,NGA,52,2001,4,Median,2,Female,26,15,null,15+,0,Not applicable,1,Model-based Estimates,2,Interpolation,36770327
70,Population by age and sex - broad age groups,Population by age and sex - broad age groups,World Population Prospects,2024,United Nations Population Division,566,Nigeria,NG,NGA,53,2002,4,Median,1,Male,26,15,null,15+,0,Not applicable,1,Model-based Estimates,2,Interpolation,37309903
70,Population by age and sex - broad age groups,Population by age and sex - broad age groups,World Population Prospects,2024,United Nations Population Division,566,Nigeria,NG,NGA,53,2002,4,Median,2,Female,26,15,null,15+,0,Not applicable,1,Model-based Estimates,2,Interpolation,37725423
70,Population by age and sex - broad age groups,Population by age and sex - broad age groups,World Population Prospects,2024,United Nations Population Division,566,Nigeria,NG,NGA,54,2003,4,Median,1,Male,26,15,null,15+,0,Not applicable,1,Model-based Estimates,2,Interpolation,38349700.5
70,Population by age and sex - broad age groups,Population by age and sex - broad age groups,World Population Prospects,2024,United Nations Population Division,566,Nigeria,NG,NGA,54,2003,4,Median,2,Female,26,15,null,15+,0,Not applicable,1,Model-based Estimates,2,Interpolation,38695190.5
70,Population by age and sex - broad age groups,Population by age and sex - broad age groups,World Population Prospects,2024,United Nations Population Division,566,Nigeria,NG,NGA,55,2004,4,Median,1,Male,26,15,null,15+,0,Not applicable,1,Model-based Estimates,2,Interpolation,39420605.5
70,Population by age and sex - broad age groups,Population by age and sex - broad age groups,World Population Prospects,2024,United Nations Population Division,566,Nigeria,NG,NGA,55,2004,4,Median,2,Female,26,15,null,15+,0,Not applicable,1,Model-based Estimates,2,Interpolation,39693080
70,Population by age and sex - broad age groups,Population by age and sex - broad age groups,World Population Prospects,2024,United Nations Population Division,566,Nigeria,NG,NGA,56,2005,4,Median,1,Male,26,15,null,15+,0,Not applicable,1,Model-based Estimates,2,Interpolation,40506454.5
70,Population by age and sex - broad age groups,Population by age and sex - broad age groups,World Population Prospects,2024,United Nations Population Division,566,Nigeria,NG,NGA,56,2005,4,Median,2,Female,26,15,null,15+,0,Not applicable,1,Model-based Estimates,2,Interpolation,40714648.5
70,Population by age and sex - broad age groups,Population by age and sex - broad age groups,World Population Prospects,2024,United Nations Population Division,566,Nigeria,NG,NGA,57,2006,4,Median,1,Male,26,15,null,15+,0,Not applicable,1,Model-based Estimates,2,Interpolation,41598022.5
70,Population by age and sex - broad age groups,Population by age and sex - broad age groups,World Population Prospects,2024,United Nations Population Division,566,Nigeria,NG,NGA,57,2006,4,Median,2,Female,26,15,null,15+,0,Not applicable,1,Model-based Estimates,2,Interpolation,41752871
70,Population by age and sex - broad age groups,Population by age and sex - broad age groups,World Population Prospects,2024,United Nations Population Division,566,Nigeria,NG,NGA,58,2007,4,Median,1,Male,26,15,null,15+,0,Not applicable,1,Model-based Estimates,3,Projection,42725986
70,Population by age and sex - broad age groups,Population by age and sex - broad age groups,World Population Prospects,2024,United Nations Population Division,566,Nigeria,NG,NGA,58,2007,4,Median,2,Female,26,15,null,15+,0,Not applicable,1,Model-based Estimates,3,Projection,42822148
70,Population by age and sex - broad age groups,Population by age and sex - broad age groups,World Population Prospects,2024,United Nations Population Division,566,Nigeria,NG,NGA,59,2008,4,Median,1,Male,26,15,null,15+,0,Not applicable,1,Model-based Estimates,3,Projection,43894636
70,Population by age and sex - broad age groups,Population by age and sex - broad age groups,World Population Prospects,2024,United Nations Population Division,566,Nigeria,NG,NGA,59,2008,4,Median,2,Female,26,15,null,15+,0,Not applicable,1,Model-based Estimates,3,Projection,43925370.5
70,Population by age and sex - broad age groups,Population by age and sex - broad age groups,World Population Prospects,2024,United Nations Population Division,566,Nigeria,NG,NGA,60,2009,4,Median,1,Male,26,15,null,15+,0,Not applicable,1,Model-based Estimates,3,Projection,45101065
70,Population by age and sex - broad age groups,Population by age and sex - broad age groups,World Population Prospects,2024,United Nations Population Division,566,Nigeria,NG,NGA,60,2009,4,Median,2,Female,26,15,null,15+,0,Not applicable,1,Model-based Estimates,3,Projection,45062966.5
70,Population by age and sex - broad age groups,Population by age and sex - broad age groups,World Population Prospects,2024,United Nations Population Division,566,Nigeria,NG,NGA,61,2010,4,Median,1,Male,26,15,null,15+,0,Not applicable,1,Model-based Estimates,3,Projection,46363961.5
70,Population by age and sex - broad age groups,Population by age and sex - broad age groups,World Population Prospects,2024,United Nations Population Division,566,Nigeria,NG,NGA,61,2010,4,Median,2,Female,26,15,null,15+,0,Not applicable,1,Model-based Estimates,3,Projection,46257714
70,Population by age and sex - broad age groups,Population by age and sex - broad age groups,World Population Prospects,2024,United Nations Population Division,566,Nigeria,NG,NGA,62,2011,4,Median,1,Male,26,15,null,15+,0,Not applicable,1,Model-based Estimates,3,Projection,47688580
70,Population by age and sex - broad age groups,Population by age and sex - broad age groups,World Population Prospects,2024,United Nations Population Division,566,Nigeria,NG,NGA,62,2011,4,Median,2,Female,26,15,null,15+,0,Not applicable,1,Model-based Estimates,3,Projection,47511249.5
70,Population by age and sex - broad age groups,Population by age and sex - broad age groups,World Population Prospects,2024,United Nations Population Division,566,Nigeria,NG,NGA,63,2012,4,Median,1,Male,26,15,null,15+,0,Not applicable,1,Model-based Estimates,3,Projection,49054101
70,Population by age and sex - broad age groups,Population by age and sex - broad age groups,World Population Prospects,2024,United Nations Population Division,566,Nigeria,NG,NGA,63,2012,4,Median,2,Female,26,15,null,15+,0,Not applicable,1,Model-based Estimates,3,Projection,48801977
70,Population by age and sex - broad age groups,Population by age and sex - broad age groups,World Population Prospects,2024,United Nations Population Division,566,Nigeria,NG,NGA,64,2013,4,Median,1,Male,26,15,null,15+,0,Not applicable,1,Model-based Estimates,3,Projection,50447642
70,Population by age and sex - broad age groups,Population by age and sex - broad age groups,World Population Prospects,2024,United Nations Population Division,566,Nigeria,NG,NGA,64,2013,4,Median,2,Female,26,15,null,15+,0,Not applicable,1,Model-based Estimates,3,Projection,50120197.5
70,Population by age and sex - broad age groups,Population by age and sex - broad age groups,World Population Prospects,2024,United Nations Population Division,566,Nigeria,NG,NGA,65,2014,4,Median,1,Male,26,15,null,15+,0,Not applicable,1,Model-based Estimates,3,Projection,51868240
70,Population by age and sex - broad age groups,Population by age and sex - broad age groups,World Population Prospects,2024,United Nations Population Division,566,Nigeria,NG,NGA,65,2014,4,Median,2,Female,26,15,null,15+,0,Not applicable,1,Model-based Estimates,3,Projection,51466901.5
70,Population by age and sex - broad age groups,Population by age and sex - broad age groups,World Population Prospects,2024,United Nations Population Division,566,Nigeria,NG,NGA,66,2015,4,Median,1,Male,26,15,null,15+,0,Not applicable,1,Model-based Estimates,3,Projection,53321277.5
70,Population by age and sex - broad age groups,Population by age and sex - broad age groups,World Population Prospects,2024,United Nations Population Division,566,Nigeria,NG,NGA,66,2015,4,Median,2,Female,26,15,null,15+,0,Not applicable,1,Model-based Estimates,3,Projection,52843616
70,Population by age and sex - broad age groups,Population by age and sex - broad age groups,World Population Prospects,2024,United Nations Population Division,566,Nigeria,NG,NGA,67,2016,4,Median,1,Male,26,15,null,15+,0,Not applicable,1,Model-based Estimates,3,Projection,54865429
70,Population by age and sex - broad age groups,Population by age and sex - broad age groups,World Population Prospects,2024,United Nations Population Division,566,Nigeria,NG,NGA,67,2016,4,Median,2,Female,26,15,null,15+,0,Not applicable,1,Model-based Estimates,3,Projection,54305344.5
70,Population by age and sex - broad age groups,Population by age and sex - broad age groups,World Population Prospects,2024,United Nations Population Division,566,Nigeria,NG,NGA,68,2017,4,Median,1,Male,26,15,null,15+,0,Not applicable,1,Model-based Estimates,3,Projection,56513596.5
70,Population by age and sex - broad age groups,Population by age and sex - broad age groups,World Population Prospects,2024,United Nations Population Division,566,Nigeria,NG,NGA,68,2017,4,Median,2,Female,26,15,null,15+,0,Not applicable,1,Model-based Estimates,3,Projection,55868114
70,Population by age and sex - broad age groups,Population by age and sex - broad age groups,World Population Prospects,2024,United Nations Population Division,566,Nigeria,NG,NGA,69,2018,4,Median,1,Male,26,15,null,15+,0,Not applicable,1,Model-based Estimates,3,Projection,58185677.5
70,Population by age and sex - broad age groups,Population by age and sex - broad age groups,World Population Prospects,2024,United Nations Population Division,566,Nigeria,NG,NGA,69,2018,4,Median,2,Female,26,15,null,15+,0,Not applicable,1,Model-based Estimates,3,Projection,57453742.5
70,Population by age and sex - broad age groups,Population by age and sex - broad age groups,World Population Prospects,2024,United Nations Population Division,566,Nigeria,NG,NGA,70,2019,4,Median,1,Male,26,15,null,15+,0,Not applicable,1,Model-based Estimates,3,Projection,59876400.5
70,Population by age and sex - broad age groups,Population by age and sex - broad age groups,World Population Prospects,2024,United Nations Population Division,566,Nigeria,NG,NGA,70,2019,4,Median,2,Female,26,15,null,15+,0,Not applicable,1,Model-based Estimates,3,Projection,59055299
70,Population by age and sex - broad age groups,Population by age and sex - broad age groups,World Population Prospects,2024,United Nations Population Division,566,Nigeria,NG,NGA,71,2020,4,Median,1,Male,26,15,null,15+,0,Not applicable,1,Model-based Estimates,3,Projection,61628002
70,Population by age and sex - broad age groups,Population by age and sex - broad age groups,World Population Prospects,2024,United Nations Population Division,566,Nigeria,NG,NGA,71,2020,4,Median,2,Female,26,15,null,15+,0,Not applicable,1,Model-based Estimates,3,Projection,60722740
70,Population by age and sex - broad age groups,Population by age and sex - broad age groups,World Population Prospects,2024,United Nations Population Division,566,Nigeria,NG,NGA,72,2021,4,Median,1,Male,26,15,null,15+,0,Not applicable,1,Model-based Estimates,3,Projection,63437364.5
70,Population by age and sex - broad age groups,Population by age and sex - broad age groups,World Population Prospects,2024,United Nations Population Division,566,Nigeria,NG,NGA,72,2021,4,Median,2,Female,26,15,null,15+,0,Not applicable,1,Model-based Estimates,3,Projection,62447088.5
70,Population by age and sex - broad age groups,Population by age and sex - broad age groups,World Population Prospects,2024,United Nations Population Division,566,Nigeria,NG,NGA,73,2022,4,Median,1,Male,26,15,null,15+,0,Not applicable,1,Model-based Estimates,3,Projection,65307941.5
70,Population by age and sex - broad age groups,Population by age and sex - broad age groups,World Population Prospects,2024,United Nations Population Division,566,Nigeria,NG,NGA,73,2022,4,Median,2,Female,26,15,null,15+,0,Not applicable,1,Model-based Estimates,3,Projection,64225722
70,Population by age and sex - broad age groups,Population by age and sex - broad age groups,World Population Prospects,2024,United Nations Population Division,566,Nigeria,NG,NGA,74,2023,4,Median,1,Male,26,15,null,15+,0,Not applicable,1,Model-based Estimates,3,Projection,67252644
70,Population by age and sex - broad age groups,Population by age and sex - broad age groups,World Population Prospects,2024,United Nations Population Division,566,Nigeria,NG,NGA,74,2023,4,Median,2,Female,26,15,null,15+,0,Not applicable,1,Model-based Estimates,3,Projection,66076588
70,Population by age and sex - broad age groups,Population by age and sex - broad age groups,World Population Prospects,2024,United Nations Population Division,624,Guinea-Bissau,GW,GNB,41,1990,4,Median,1,Male,26,15,null,15+,0,Not applicable,1,Model-based Estimates,2,Interpolation,249324
70,Population by age and sex - broad age groups,Population by age and sex - broad age groups,World Population Prospects,2024,United Nations Population Division,624,Guinea-Bissau,GW,GNB,41,1990,4,Median,2,Female,26,15,null,15+,0,Not applicable,1,Model-based Estimates,2,Interpolation,279819.5
70,Population by age and sex - broad age groups,Population by age and sex - broad age groups,World Population Prospects,2024,United Nations Population Division,624,Guinea-Bissau,GW,GNB,42,1991,4,Median,1,Male,26,15,null,15+,0,Not applicable,1,Model-based Estimates,2,Interpolation,255062.5
70,Population by age and sex - broad age groups,Population by age and sex - broad age groups,World Population Prospects,2024,United Nations Population Division,624,Guinea-Bissau,GW,GNB,42,1991,4,Median,2,Female,26,15,null,15+,0,Not applicable,1,Model-based Estimates,2,Interpolation,286687
70,Population by age and sex - broad age groups,Population by age and sex - broad age groups,World Population Prospects,2024,United Nations Population Division,624,Guinea-Bissau,GW,GNB,43,1992,4,Median,1,Male,26,15,null,15+,0,Not applicable,1,Model-based Estimates,2,Interpolation,262916.5
70,Population by age and sex - broad age groups,Population by age and sex - broad age groups,World Population Prospects,2024,United Nations Population Division,624,Guinea-Bissau,GW,GNB,43,1992,4,Median,2,Female,26,15,null,15+,0,Not applicable,1,Model-based Estimates,2,Interpolation,295808
70,Population by age and sex - broad age groups,Population by age and sex - broad age groups,World Population Prospects,2024,United Nations Population Division,624,Guinea-Bissau,GW,GNB,44,1993,4,Median,1,Male,26,15,null,15+,0,Not applicable,1,Model-based Estimates,2,Interpolation,271876
70,Population by age and sex - broad age groups,Population by age and sex - broad age groups,World Population Prospects,2024,United Nations Population Division,624,Guinea-Bissau,GW,GNB,44,1993,4,Median,2,Female,26,15,null,15+,0,Not applicable,1,Model-based Estimates,2,Interpolation,305938.5
70,Population by age and sex - broad age groups,Population by age and sex - broad age groups,World Population Prospects,2024,United Nations Population Division,624,Guinea-Bissau,GW,GNB,45,1994,4,Median,1,Male,26,15,null,15+,0,Not applicable,1,Model-based Estimates,2,Interpolation,280568
70,Population by age and sex - broad age groups,Population by age and sex - broad age groups,World Population Prospects,2024,United Nations Population Division,624,Guinea-Bissau,GW,GNB,45,1994,4,Median,2,Female,26,15,null,15+,0,Not applicable,1,Model-based Estimates,2,Interpolation,315577
70,Population by age and sex - broad age groups,Population by age and sex - broad age groups,World Population Prospects,2024,United Nations Population Division,624,Guinea-Bissau,GW,GNB,46,1995,4,Median,1,Male,26,15,null,15+,0,Not applicable,1,Model-based Estimates,2,Interpolation,288216.5
70,Population by age and sex - broad age groups,Population by age and sex - broad age groups,World Population Prospects,2024,United Nations Population Division,624,Guinea-Bissau,GW,GNB,46,1995,4,Median,2,Female,26,15,null,15+,0,Not applicable,1,Model-based Estimates,2,Interpolation,323851
70,Population by age and sex - broad age groups,Population by age and sex - broad age groups,World Population Prospects,2024,United Nations Population Division,624,Guinea-Bissau,GW,GNB,47,1996,4,Median,1,Male,26,15,null,15+,0,Not applicable,1,Model-based Estimates,2,Interpolation,295116
70,Population by age and sex - broad age groups,Population by age and sex - broad age groups,World Population Prospects,2024,United Nations Population Division,624,Guinea-Bissau,GW,GNB,47,1996,4,Median,2,Female,26,15,null,15+,0,Not applicable,1,Model-based Estimates,2,Interpolation,331103.5
70,Population by age and sex - broad age groups,Population by age and sex - broad age groups,World Population Prospects,2024,United Nations Population Division,624,Guinea-Bissau,GW,GNB,48,1997,4,Median,1,Male,26,15,null,15+,0,Not applicable,1,Model-based Estimates,2,Interpolation,301867.5
70,Population by age and sex - broad age groups,Population by age and sex - broad age groups,World Population Prospects,2024,United Nations Population Division,624,Guinea-Bissau,GW,GNB,48,1997,4,Median,2,Female,26,15,null,15+,0,Not applicable,1,Model-based Estimates,2,Interpolation,338057
70,Population by age and sex - broad age groups,Population by age and sex - broad age groups,World Population Prospects,2024,United Nations Population Division,624,Guinea-Bissau,GW,GNB,49,1998,4,Median,1,Male,26,15,null,15+,0,Not applicable,1,Model-based Estimates,2,Interpolation,308433.5
70,Population by age and sex - broad age groups,Population by age and sex - broad age groups,World Population Prospects,2024,United Nations Population Division,624,Guinea-Bissau,GW,GNB,49,1998,4,Median,2,Female,26,15,null,15+,0,Not applicable,1,Model-based Estimates,2,Interpolation,345209
70,Population by age and sex - broad age groups,Population by age and sex - broad age groups,World Population Prospects,2024,United Nations Population Division,624,Guinea-Bissau,GW,GNB,50,1999,4,Median,1,Male,26,15,null,15+,0,Not applicable,1,Model-based Estimates,2,Interpolation,315116.5
70,Population by age and sex - broad age groups,Population by age and sex - broad age groups,World Population Prospects,2024,United Nations Population Division,624,Guinea-Bissau,GW,GNB,50,1999,4,Median,2,Female,26,15,null,15+,0,Not applicable,1,Model-based Estimates,2,Interpolation,352752.5
70,Population by age and sex - broad age groups,Population by age and sex - broad age groups,World Population Prospects,2024,United Nations Population Division,624,Guinea-Bissau,GW,GNB,51,2000,4,Median,1,Male,26,15,null,15+,0,Not applicable,1,Model-based Estimates,2,Interpolation,322703
70,Population by age and sex - broad age groups,Population by age and sex - broad age groups,World Population Prospects,2024,United Nations Population Division,624,Guinea-Bissau,GW,GNB,51,2000,4,Median,2,Female,26,15,null,15+,0,Not applicable,1,Model-based Estimates,2,Interpolation,360720.5
70,Population by age and sex - broad age groups,Population by age and sex - broad age groups,World Population Prospects,2024,United Nations Population Division,624,Guinea-Bissau,GW,GNB,52,2001,4,Median,1,Male,26,15,null,15+,0,Not applicable,1,Model-based Estimates,2,Interpolation,331096
70,Population by age and sex - broad age groups,Population by age and sex - broad age groups,World Population Prospects,2024,United Nations Population Division,624,Guinea-Bissau,GW,GNB,52,2001,4,Median,2,Female,26,15,null,15+,0,Not applicable,1,Model-based Estimates,2,Interpolation,369189
70,Population by age and sex - broad age groups,Population by age and sex - broad age groups,World Population Prospects,2024,United Nations Population Division,624,Guinea-Bissau,GW,GNB,53,2002,4,Median,1,Male,26,15,null,15+,0,Not applicable,1,Model-based Estimates,2,Interpolation,339895
70,Population by age and sex - broad age groups,Population by age and sex - broad age groups,World Population Prospects,2024,United Nations Population Division,624,Guinea-Bissau,GW,GNB,53,2002,4,Median,2,Female,26,15,null,15+,0,Not applicable,1,Model-based Estimates,2,Interpolation,378067.5
70,Population by age and sex - broad age groups,Population by age and sex - broad age groups,World Population Prospects,2024,United Nations Population Division,624,Guinea-Bissau,GW,GNB,54,2003,4,Median,1,Male,26,15,null,15+,0,Not applicable,1,Model-based Estimates,2,Interpolation,349087
70,Population by age and sex - broad age groups,Population by age and sex - broad age groups,World Population Prospects,2024,United Nations Population Division,624,Guinea-Bissau,GW,GNB,54,2003,4,Median,2,Female,26,15,null,15+,0,Not applicable,1,Model-based Estimates,2,Interpolation,387316
70,Population by age and sex - broad age groups,Population by age and sex - broad age groups,World Population Prospects,2024,United Nations Population Division,624,Guinea-Bissau,GW,GNB,55,2004,4,Median,1,Male,26,15,null,15+,0,Not applicable,1,Model-based Estimates,2,Interpolation,358721.5
70,Population by age and sex - broad age groups,Population by age and sex - broad age groups,World Population Prospects,2024,United Nations Population Division,624,Guinea-Bissau,GW,GNB,55,2004,4,Median,2,Female,26,15,null,15+,0,Not applicable,1,Model-based Estimates,2,Interpolation,396976.5
70,Population by age and sex - broad age groups,Population by age and sex - broad age groups,World Population Prospects,2024,United Nations Population Division,624,Guinea-Bissau,GW,GNB,56,2005,4,Median,1,Male,26,15,null,15+,0,Not applicable,1,Model-based Estimates,2,Interpolation,368669
70,Population by age and sex - broad age groups,Population by age and sex - broad age groups,World Population Prospects,2024,United Nations Population Division,624,Guinea-Bissau,GW,GNB,56,2005,4,Median,2,Female,26,15,null,15+,0,Not applicable,1,Model-based Estimates,2,Interpolation,406887.5
70,Population by age and sex - broad age groups,Population by age and sex - broad age groups,World Population Prospects,2024,United Nations Population Division,624,Guinea-Bissau,GW,GNB,57,2006,4,Median,1,Male,26,15,null,15+,0,Not applicable,1,Model-based Estimates,2,Interpolation,378970.5
70,Population by age and sex - broad age groups,Population by age and sex - broad age groups,World Population Prospects,2024,United Nations Population Division,624,Guinea-Bissau,GW,GNB,57,2006,4,Median,2,Female,26,15,null,15+,0,Not applicable,1,Model-based Estimates,2,Interpolation,417115.5
70,Population by age and sex - broad age groups,Population by age and sex - broad age groups,World Population Prospects,2024,United Nations Population Division,624,Guinea-Bissau,GW,GNB,58,2007,4,Median,1,Male,26,15,null,15+,0,Not applicable,1,Model-based Estimates,2,Interpolation,389903
70,Population by age and sex - broad age groups,Population by age and sex - broad age groups,World Population Prospects,2024,United Nations Population Division,624,Guinea-Bissau,GW,GNB,58,2007,4,Median,2,Female,26,15,null,15+,0,Not applicable,1,Model-based Estimates,2,Interpolation,427956
70,Population by age and sex - broad age groups,Population by age and sex - broad age groups,World Population Prospects,2024,United Nations Population Division,624,Guinea-Bissau,GW,GNB,59,2008,4,Median,1,Male,26,15,null,15+,0,Not applicable,1,Model-based Estimates,2,Interpolation,401414
70,Population by age and sex - broad age groups,Population by age and sex - broad age groups,World Population Prospects,2024,United Nations Population Division,624,Guinea-Bissau,GW,GNB,59,2008,4,Median,2,Female,26,15,null,15+,0,Not applicable,1,Model-based Estimates,2,Interpolation,439345
70,Population by age and sex - broad age groups,Population by age and sex - broad age groups,World Population Prospects,2024,United Nations Population Division,624,Guinea-Bissau,GW,GNB,60,2009,4,Median,1,Male,26,15,null,15+,0,Not applicable,1,Model-based Estimates,2,Interpolation,413490
70,Population by age and sex - broad age groups,Population by age and sex - broad age groups,World Population Prospects,2024,United Nations Population Division,624,Guinea-Bissau,GW,GNB,60,2009,4,Median,2,Female,26,15,null,15+,0,Not applicable,1,Model-based Estimates,2,Interpolation,451297.5
70,Population by age and sex - broad age groups,Population by age and sex - broad age groups,World Population Prospects,2024,United Nations Population Division,624,Guinea-Bissau,GW,GNB,61,2010,4,Median,1,Male,26,15,null,15+,0,Not applicable,1,Model-based Estimates,3,Projection,426175
70,Population by age and sex - broad age groups,Population by age and sex - broad age groups,World Population Prospects,2024,United Nations Population Division,624,Guinea-Bissau,GW,GNB,61,2010,4,Median,2,Female,26,15,null,15+,0,Not applicable,1,Model-based Estimates,3,Projection,463857.5
70,Population by age and sex - broad age groups,Population by age and sex - broad age groups,World Population Prospects,2024,United Nations Population Division,624,Guinea-Bissau,GW,GNB,62,2011,4,Median,1,Male,26,15,null,15+,0,Not applicable,1,Model-based Estimates,3,Projection,439403
70,Population by age and sex - broad age groups,Population by age and sex - broad age groups,World Population Prospects,2024,United Nations Population Division,624,Guinea-Bissau,GW,GNB,62,2011,4,Median,2,Female,26,15,null,15+,0,Not applicable,1,Model-based Estimates,3,Projection,476964
70,Population by age and sex - broad age groups,Population by age and sex - broad age groups,World Population Prospects,2024,United Nations Population Division,624,Guinea-Bissau,GW,GNB,63,2012,4,Median,1,Male,26,15,null,15+,0,Not applicable,1,Model-based Estimates,3,Projection,453170.5
70,Population by age and sex - broad age groups,Population by age and sex - broad age groups,World Population Prospects,2024,United Nations Population Division,624,Guinea-Bissau,GW,GNB,63,2012,4,Median,2,Female,26,15,null,15+,0,Not applicable,1,Model-based Estimates,3,Projection,490625
70,Population by age and sex - broad age groups,Population by age and sex - broad age groups,World Population Prospects,2024,United Nations Population Division,624,Guinea-Bissau,GW,GNB,64,2013,4,Median,1,Male,26,15,null,15+,0,Not applicable,1,Model-based Estimates,3,Projection,467452
70,Population by age and sex - broad age groups,Population by age and sex - broad age groups,World Population Prospects,2024,United Nations Population Division,624,Guinea-Bissau,GW,GNB,64,2013,4,Median,2,Female,26,15,null,15+,0,Not applicable,1,Model-based Estimates,3,Projection,504801.5
70,Population by age and sex - broad age groups,Population by age and sex - broad age groups,World Population Prospects,2024,United Nations Population Division,624,Guinea-Bissau,GW,GNB,65,2014,4,Median,1,Male,26,15,null,15+,0,Not applicable,1,Model-based Estimates,3,Projection,482166.5
70,Population by age and sex - broad age groups,Population by age and sex - broad age groups,World Population Prospects,2024,United Nations Population Division,624,Guinea-Bissau,GW,GNB,65,2014,4,Median,2,Female,26,15,null,15+,0,Not applicable,1,Model-based Estimates,3,Projection,519410.5
70,Population by age and sex - broad age groups,Population by age and sex - broad age groups,World Population Prospects,2024,United Nations Population Division,624,Guinea-Bissau,GW,GNB,66,2015,4,Median,1,Male,26,15,null,15+,0,Not applicable,1,Model-based Estimates,3,Projection,497326.5
70,Population by age and sex - broad age groups,Population by age and sex - broad age groups,World Population Prospects,2024,United Nations Population Division,624,Guinea-Bissau,GW,GNB,66,2015,4,Median,2,Female,26,15,null,15+,0,Not applicable,1,Model-based Estimates,3,Projection,534461.5
70,Population by age and sex - broad age groups,Population by age and sex - broad age groups,World Population Prospects,2024,United Nations Population Division,624,Guinea-Bissau,GW,GNB,67,2016,4,Median,1,Male,26,15,null,15+,0,Not applicable,1,Model-based Estimates,3,Projection,512934
70,Population by age and sex - broad age groups,Population by age and sex - broad age groups,World Population Prospects,2024,United Nations Population Division,624,Guinea-Bissau,GW,GNB,67,2016,4,Median,2,Female,26,15,null,15+,0,Not applicable,1,Model-based Estimates,3,Projection,549946
70,Population by age and sex - broad age groups,Population by age and sex - broad age groups,World Population Prospects,2024,United Nations Population Division,624,Guinea-Bissau,GW,GNB,68,2017,4,Median,1,Male,26,15,null,15+,0,Not applicable,1,Model-based Estimates,3,Projection,529028
70,Population by age and sex - broad age groups,Population by age and sex - broad age groups,World Population Prospects,2024,United Nations Population Division,624,Guinea-Bissau,GW,GNB,68,2017,4,Median,2,Female,26,15,null,15+,0,Not applicable,1,Model-based Estimates,3,Projection,565918
70,Population by age and sex - broad age groups,Population by age and sex - broad age groups,World Population Prospects,2024,United Nations Population Division,624,Guinea-Bissau,GW,GNB,69,2018,4,Median,1,Male,26,15,null,15+,0,Not applicable,1,Model-based Estimates,3,Projection,545686
70,Population by age and sex - broad age groups,Population by age and sex - broad age groups,World Population Prospects,2024,United Nations Population Division,624,Guinea-Bissau,GW,GNB,69,2018,4,Median,2,Female,26,15,null,15+,0,Not applicable,1,Model-based Estimates,3,Projection,582454.5
70,Population by age and sex - broad age groups,Population by age and sex - broad age groups,World Population Prospects,2024,United Nations Population Division,624,Guinea-Bissau,GW,GNB,70,2019,4,Median,1,Male,26,15,null,15+,0,Not applicable,1,Model-based Estimates,3,Projection,562847
70,Population by age and sex - broad age groups,Population by age and sex - broad age groups,World Population Prospects,2024,United Nations Population Division,624,Guinea-Bissau,GW,GNB,70,2019,4,Median,2,Female,26,15,null,15+,0,Not applicable,1,Model-based Estimates,3,Projection,599492.5
70,Population by age and sex - broad age groups,Population by age and sex - broad age groups,World Population Prospects,2024,United Nations Population Division,624,Guinea-Bissau,GW,GNB,71,2020,4,Median,1,Male,26,15,null,15+,0,Not applicable,1,Model-based Estimates,3,Projection,580234.5
70,Population by age and sex - broad age groups,Population by age and sex - broad age groups,World Population Prospects,2024,United Nations Population Division,624,Guinea-Bissau,GW,GNB,71,2020,4,Median,2,Female,26,15,null,15+,0,Not applicable,1,Model-based Estimates,3,Projection,616817.5
70,Population by age and sex - broad age groups,Population by age and sex - broad age groups,World Population Prospects,2024,United Nations Population Division,624,Guinea-Bissau,GW,GNB,72,2021,4,Median,1,Male,26,15,null,15+,0,Not applicable,1,Model-based Estimates,3,Projection,597936.5
70,Population by age and sex - broad age groups,Population by age and sex - broad age groups,World Population Prospects,2024,United Nations Population Division,624,Guinea-Bissau,GW,GNB,72,2021,4,Median,2,Female,26,15,null,15+,0,Not applicable,1,Model-based Estimates,3,Projection,634445
70,Population by age and sex - broad age groups,Population by age and sex - broad age groups,World Population Prospects,2024,United Nations Population Division,624,Guinea-Bissau,GW,GNB,73,2022,4,Median,1,Male,26,15,null,15+,0,Not applicable,1,Model-based Estimates,3,Projection,616581
70,Population by age and sex - broad age groups,Population by age and sex - broad age groups,World Population Prospects,2024,United Nations Population Division,624,Guinea-Bissau,GW,GNB,73,2022,4,Median,2,Female,26,15,null,15+,0,Not applicable,1,Model-based Estimates,3,Projection,652953
70,Population by age and sex - broad age groups,Population by age and sex - broad age groups,World Population Prospects,2024,United Nations Population Division,624,Guinea-Bissau,GW,GNB,74,2023,4,Median,1,Male,26,15,null,15+,0,Not applicable,1,Model-based Estimates,3,Projection,636038
70,Population by age and sex - broad age groups,Population by age and sex - broad age groups,World Population Prospects,2024,United Nations Population Division,624,Guinea-Bissau,GW,GNB,74,2023,4,Median,2,Female,26,15,null,15+,0,Not applicable,1,Model-based Estimates,3,Projection,672280
70,Population by age and sex - broad age groups,Population by age and sex - broad age groups,World Population Prospects,2024,United Nations Population Division,638,Réunion,RE,REU,41,1990,4,Median,1,Male,26,15,null,15+,0,Not applicable,1,Model-based Estimates,2,Interpolation,218075.5
70,Population by age and sex - broad age groups,Population by age and sex - broad age groups,World Population Prospects,2024,United Nations Population Division,638,Réunion,RE,REU,41,1990,4,Median,2,Female,26,15,null,15+,0,Not applicable,1,Model-based Estimates,2,Interpolation,223204
70,Population by age and sex - broad age groups,Population by age and sex - broad age groups,World Population Prospects,2024,United Nations Population Division,638,Réunion,RE,REU,42,1991,4,Median,1,Male,26,15,null,15+,0,Not applicable,1,Model-based Estimates,2,Interpolation,223247.5
70,Population by age and sex - broad age groups,Population by age and sex - broad age groups,World Population Prospects,2024,United Nations Population Division,638,Réunion,RE,REU,42,1991,4,Median,2,Female,26,15,null,15+,0,Not applicable,1,Model-based Estimates,2,Interpolation,228109
70,Population by age and sex - broad age groups,Population by age and sex - broad age groups,World Population Prospects,2024,United Nations Population Division,638,Réunion,RE,REU,43,1992,4,Median,1,Male,26,15,null,15+,0,Not applicable,1,Model-based Estimates,2,Interpolation,228987.5
70,Population by age and sex - broad age groups,Population by age and sex - broad age groups,World Population Prospects,2024,United Nations Population Division,638,Réunion,RE,REU,43,1992,4,Median,2,Female,26,15,null,15+,0,Not applicable,1,Model-based Estimates,2,Interpolation,234575.5
70,Population by age and sex - broad age groups,Population by age and sex - broad age groups,World Population Prospects,2024,United Nations Population Division,638,Réunion,RE,REU,44,1993,4,Median,1,Male,26,15,null,15+,0,Not applicable,1,Model-based Estimates,2,Interpolation,234877
70,Population by age and sex - broad age groups,Population by age and sex - broad age groups,World Population Prospects,2024,United Nations Population Division,638,Réunion,RE,REU,44,1993,4,Median,2,Female,26,15,null,15+,0,Not applicable,1,Model-based Estimates,2,Interpolation,241245
70,Population by age and sex - broad age groups,Population by age and sex - broad age groups,World Population Prospects,2024,United Nations Population Division,638,Réunion,RE,REU,45,1994,4,Median,1,Male,26,15,null,15+,0,Not applicable,1,Model-based Estimates,2,Interpolation,240804.5
70,Population by age and sex - broad age groups,Population by age and sex - broad age groups,World Population Prospects,2024,United Nations Population Division,638,Réunion,RE,REU,45,1994,4,Median,2,Female,26,15,null,15+,0,Not applicable,1,Model-based Estimates,2,Interpolation,248016.5
70,Population by age and sex - broad age groups,Population by age and sex - broad age groups,World Population Prospects,2024,United Nations Population Division,638,Réunion,RE,REU,46,1995,4,Median,1,Male,26,15,null,15+,0,Not applicable,1,Model-based Estimates,2,Interpolation,246591.5
70,Population by age and sex - broad age groups,Population by age and sex - broad age groups,World Population Prospects,2024,United Nations Population Division,638,Réunion,RE,REU,46,1995,4,Median,2,Female,26,15,null,15+,0,Not applicable,1,Model-based Estimates,2,Interpolation,254714
70,Population by age and sex - broad age groups,Population by age and sex - broad age groups,World Population Prospects,2024,United Nations Population Division,638,Réunion,RE,REU,47,1996,4,Median,1,Male,26,15,null,15+,0,Not applicable,1,Model-based Estimates,2,Interpolation,252433.5
70,Population by age and sex - broad age groups,Population by age and sex - broad age groups,World Population Prospects,2024,United Nations Population Division,638,Réunion,RE,REU,47,1996,4,Median,2,Female,26,15,null,15+,0,Not applicable,1,Model-based Estimates,2,Interpolation,261524.5
70,Population by age and sex - broad age groups,Population by age and sex - broad age groups,World Population Prospects,2024,United Nations Population Division,638,Réunion,RE,REU,48,1997,4,Median,1,Male,26,15,null,15+,0,Not applicable,1,Model-based Estimates,2,Interpolation,258182
70,Population by age and sex - broad age groups,Population by age and sex - broad age groups,World Population Prospects,2024,United Nations Population Division,638,Réunion,RE,REU,48,1997,4,Median,2,Female,26,15,null,15+,0,Not applicable,1,Model-based Estimates,2,Interpolation,268301.5
70,Population by age and sex - broad age groups,Population by age and sex - broad age groups,World Population Prospects,2024,United Nations Population Division,638,Réunion,RE,REU,49,1998,4,Median,1,Male,26,15,null,15+,0,Not applicable,1,Model-based Estimates,2,Interpolation,263683
70,Population by age and sex - broad age groups,Population by age and sex - broad age groups,World Population Prospects,2024,United Nations Population Division,638,Réunion,RE,REU,49,1998,4,Median,2,Female,26,15,null,15+,0,Not applicable,1,Model-based Estimates,2,Interpolation,274863.5
70,Population by age and sex - broad age groups,Population by age and sex - broad age groups,World Population Prospects,2024,United Nations Population Division,638,Réunion,RE,REU,50,1999,4,Median,1,Male,26,15,null,15+,0,Not applicable,1,Model-based Estimates,2,Interpolation,269174.5
70,Population by age and sex - broad age groups,Population by age and sex - broad age groups,World Population Prospects,2024,United Nations Population Division,638,Réunion,RE,REU,50,1999,4,Median,2,Female,26,15,null,15+,0,Not applicable,1,Model-based Estimates,2,Interpolation,281267
70,Population by age and sex - broad age groups,Population by age and sex - broad age groups,World Population Prospects,2024,United Nations Population Division,638,Réunion,RE,REU,51,2000,4,Median,1,Male,26,15,null,15+,0,Not applicable,1,Model-based Estimates,2,Interpolation,273872.5
70,Population by age and sex - broad age groups,Population by age and sex - broad age groups,World Population Prospects,2024,United Nations Population Division,638,Réunion,RE,REU,51,2000,4,Median,2,Female,26,15,null,15+,0,Not applicable,1,Model-based Estimates,2,Interpolation,287262.5
70,Population by age and sex - broad age groups,Population by age and sex - broad age groups,World Population Prospects,2024,United Nations Population Division,638,Réunion,RE,REU,52,2001,4,Median,1,Male,26,15,null,15+,0,Not applicable,1,Model-based Estimates,2,Interpolation,277579
70,Population by age and sex - broad age groups,Population by age and sex - broad age groups,World Population Prospects,2024,United Nations Population Division,638,Réunion,RE,REU,52,2001,4,Median,2,Female,26,15,null,15+,0,Not applicable,1,Model-based Estimates,2,Interpolation,292793
70,Population by age and sex - broad age groups,Population by age and sex - broad age groups,World Population Prospects,2024,United Nations Population Division,638,Réunion,RE,REU,53,2002,4,Median,1,Male,26,15,null,15+,0,Not applicable,1,Model-based Estimates,2,Interpolation,280963.5
70,Population by age and sex - broad age groups,Population by age and sex - broad age groups,World Population Prospects,2024,United Nations Population Division,638,Réunion,RE,REU,53,2002,4,Median,2,Female,26,15,null,15+,0,Not applicable,1,Model-based Estimates,2,Interpolation,297966.5
70,Population by age and sex - broad age groups,Population by age and sex - broad age groups,World Population Prospects,2024,United Nations Population Division,638,Réunion,RE,REU,54,2003,4,Median,1,Male,26,15,null,15+,0,Not applicable,1,Model-based Estimates,2,Interpolation,284174
70,Population by age and sex - broad age groups,Population by age and sex - broad age groups,World Population Prospects,2024,United Nations Population Division,638,Réunion,RE,REU,54,2003,4,Median,2,Female,26,15,null,15+,0,Not applicable,1,Model-based Estimates,2,Interpolation,302894
70,Population by age and sex - broad age groups,Population by age and sex - broad age groups,World Population Prospects,2024,United Nations Population Division,638,Réunion,RE,REU,55,2004,4,Median,1,Male,26,15,null,15+,0,Not applicable,1,Model-based Estimates,2,Interpolation,283082
70,Population by age and sex - broad age groups,Population by age and sex - broad age groups,World Population Prospects,2024,United Nations Population Division,638,Réunion,RE,REU,55,2004,4,Median,2,Female,26,15,null,15+,0,Not applicable,1,Model-based Estimates,2,Interpolation,305812.5
70,Population by age and sex - broad age groups,Population by age and sex - broad age groups,World Population Prospects,2024,United Nations Population Division,638,Réunion,RE,REU,56,2005,4,Median,1,Male,26,15,null,15+,0,Not applicable,1,Model-based Estimates,2,Interpolation,278014.5
70,Population by age and sex - broad age groups,Population by age and sex - broad age groups,World Population Prospects,2024,United Nations Population Division,638,Réunion,RE,REU,56,2005,4,Median,2,Female,26,15,null,15+,0,Not applicable,1,Model-based Estimates,2,Interpolation,307146
70,Population by age and sex - broad age groups,Population by age and sex - broad age groups,World Population Prospects,2024,United Nations Population Division,638,Réunion,RE,REU,57,2006,4,Median,1,Male,26,15,null,15+,0,Not applicable,1,Model-based Estimates,2,Interpolation,275539
70,Population by age and sex - broad age groups,Population by age and sex - broad age groups,World Population Prospects,2024,United Nations Population Division,638,Réunion,RE,REU,57,2006,4,Median,2,Female,26,15,null,15+,0,Not applicable,1,Model-based Estimates,2,Interpolation,309889
70,Population by age and sex - broad age groups,Population by age and sex - broad age groups,World Population Prospects,2024,United Nations Population Division,638,Réunion,RE,REU,58,2007,4,Median,1,Male,26,15,null,15+,0,Not applicable,1,Model-based Estimates,2,Interpolation,277944.5
70,Population by age and sex - broad age groups,Population by age and sex - broad age groups,World Population Prospects,2024,United Nations Population Division,638,Réunion,RE,REU,58,2007,4,Median,2,Female,26,15,null,15+,0,Not applicable,1,Model-based Estimates,2,Interpolation,315213.5
70,Population by age and sex - broad age groups,Population by age and sex - broad age groups,World Population Prospects,2024,United Nations Population Division,638,Réunion,RE,REU,59,2008,4,Median,1,Male,26,15,null,15+,0,Not applicable,1,Model-based Estimates,2,Interpolation,282799
70,Population by age and sex - broad age groups,Population by age and sex - broad age groups,World Population Prospects,2024,United Nations Population Division,638,Réunion,RE,REU,59,2008,4,Median,2,Female,26,15,null,15+,0,Not applicable,1,Model-based Estimates,2,Interpolation,321651.5
70,Population by age and sex - broad age groups,Population by age and sex - broad age groups,World Population Prospects,2024,United Nations Population Division,638,Réunion,RE,REU,60,2009,4,Median,1,Male,26,15,null,15+,0,Not applicable,1,Model-based Estimates,2,Interpolation,286742
70,Population by age and sex - broad age groups,Population by age and sex - broad age groups,World Population Prospects,2024,United Nations Population Division,638,Réunion,RE,REU,60,2009,4,Median,2,Female,26,15,null,15+,0,Not applicable,1,Model-based Estimates,2,Interpolation,326628
70,Population by age and sex - broad age groups,Population by age and sex - broad age groups,World Population Prospects,2024,United Nations Population Division,638,Réunion,RE,REU,61,2010,4,Median,1,Male,26,15,null,15+,0,Not applicable,1,Model-based Estimates,2,Interpolation,289744.5
70,Population by age and sex - broad age groups,Population by age and sex - broad age groups,World Population Prospects,2024,United Nations Population Division,638,Réunion,RE,REU,61,2010,4,Median,2,Female,26,15,null,15+,0,Not applicable,1,Model-based Estimates,2,Interpolation,330484.5
70,Population by age and sex - broad age groups,Population by age and sex - broad age groups,World Population Prospects,2024,United Nations Population Division,638,Réunion,RE,REU,62,2011,4,Median,1,Male,26,15,null,15+,0,Not applicable,1,Model-based Estimates,2,Interpolation,292757
70,Population by age and sex - broad age groups,Population by age and sex - broad age groups,World Population Prospects,2024,United Nations Population Division,638,Réunion,RE,REU,62,2011,4,Median,2,Female,26,15,null,15+,0,Not applicable,1,Model-based Estimates,2,Interpolation,334339
70,Population by age and sex - broad age groups,Population by age and sex - broad age groups,World Population Prospects,2024,United Nations Population Division,638,Réunion,RE,REU,63,2012,4,Median,1,Male,26,15,null,15+,0,Not applicable,1,Model-based Estimates,2,Interpolation,295470
70,Population by age and sex - broad age groups,Population by age and sex - broad age groups,World Population Prospects,2024,United Nations Population Division,638,Réunion,RE,REU,63,2012,4,Median,2,Female,26,15,null,15+,0,Not applicable,1,Model-based Estimates,2,Interpolation,337596
70,Population by age and sex - broad age groups,Population by age and sex - broad age groups,World Population Prospects,2024,United Nations Population Division,638,Réunion,RE,REU,64,2013,4,Median,1,Male,26,15,null,15+,0,Not applicable,1,Model-based Estimates,2,Interpolation,297992
70,Population by age and sex - broad age groups,Population by age and sex - broad age groups,World Population Prospects,2024,United Nations Population Division,638,Réunion,RE,REU,64,2013,4,Median,2,Female,26,15,null,15+,0,Not applicable,1,Model-based Estimates,2,Interpolation,340757.5
70,Population by age and sex - broad age groups,Population by age and sex - broad age groups,World Population Prospects,2024,United Nations Population Division,638,Réunion,RE,REU,65,2014,4,Median,1,Male,26,15,null,15+,0,Not applicable,1,Model-based Estimates,2,Interpolation,301334
70,Population by age and sex - broad age groups,Population by age and sex - broad age groups,World Population Prospects,2024,United Nations Population Division,638,Réunion,RE,REU,65,2014,4,Median,2,Female,26,15,null,15+,0,Not applicable,1,Model-based Estimates,2,Interpolation,345321
70,Population by age and sex - broad age groups,Population by age and sex - broad age groups,World Population Prospects,2024,United Nations Population Division,638,Réunion,RE,REU,66,2015,4,Median,1,Male,26,15,null,15+,0,Not applicable,1,Model-based Estimates,2,Interpolation,303622.5
70,Population by age and sex - broad age groups,Population by age and sex - broad age groups,World Population Prospects,2024,United Nations Population Division,638,Réunion,RE,REU,66,2015,4,Median,2,Female,26,15,null,15+,0,Not applicable,1,Model-based Estimates,2,Interpolation,349022
70,Population by age and sex - broad age groups,Population by age and sex - broad age groups,World Population Prospects,2024,United Nations Population Division,638,Réunion,RE,REU,67,2016,4,Median,1,Male,26,15,null,15+,0,Not applicable,1,Model-based Estimates,2,Interpolation,305283.5
70,Population by age and sex - broad age groups,Population by age and sex - broad age groups,World Population Prospects,2024,United Nations Population Division,638,Réunion,RE,REU,67,2016,4,Median,2,Female,26,15,null,15+,0,Not applicable,1,Model-based Estimates,2,Interpolation,350167
70,Population by age and sex - broad age groups,Population by age and sex - broad age groups,World Population Prospects,2024,United Nations Population Division,638,Réunion,RE,REU,68,2017,4,Median,1,Male,26,15,null,15+,0,Not applicable,1,Model-based Estimates,2,Interpolation,308946
70,Population by age and sex - broad age groups,Population by age and sex - broad age groups,World Population Prospects,2024,United Nations Population Division,638,Réunion,RE,REU,68,2017,4,Median,2,Female,26,15,null,15+,0,Not applicable,1,Model-based Estimates,2,Interpolation,349625.5
70,Population by age and sex - broad age groups,Population by age and sex - broad age groups,World Population Prospects,2024,United Nations Population Division,638,Réunion,RE,REU,69,2018,4,Median,1,Male,26,15,null,15+,0,Not applicable,1,Model-based Estimates,2,Interpolation,310972
70,Population by age and sex - broad age groups,Population by age and sex - broad age groups,World Population Prospects,2024,United Nations Population Division,638,Réunion,RE,REU,69,2018,4,Median,2,Female,26,15,null,15+,0,Not applicable,1,Model-based Estimates,2,Interpolation,351567
70,Population by age and sex - broad age groups,Population by age and sex - broad age groups,World Population Prospects,2024,United Nations Population Division,638,Réunion,RE,REU,70,2019,4,Median,1,Male,26,15,null,15+,0,Not applicable,1,Model-based Estimates,2,Interpolation,310754.5
70,Population by age and sex - broad age groups,Population by age and sex - broad age groups,World Population Prospects,2024,United Nations Population Division,638,Réunion,RE,REU,70,2019,4,Median,2,Female,26,15,null,15+,0,Not applicable,1,Model-based Estimates,2,Interpolation,354565
70,Population by age and sex - broad age groups,Population by age and sex - broad age groups,World Population Prospects,2024,United Nations Population Division,638,Réunion,RE,REU,71,2020,4,Median,1,Male,26,15,null,15+,0,Not applicable,1,Model-based Estimates,2,Interpolation,313616.5
70,Population by age and sex - broad age groups,Population by age and sex - broad age groups,World Population Prospects,2024,United Nations Population Division,638,Réunion,RE,REU,71,2020,4,Median,2,Female,26,15,null,15+,0,Not applicable,1,Model-based Estimates,2,Interpolation,358126.5
70,Population by age and sex - broad age groups,Population by age and sex - broad age groups,World Population Prospects,2024,United Nations Population Division,638,Réunion,RE,REU,72,2021,4,Median,1,Male,26,15,null,15+,0,Not applicable,1,Model-based Estimates,2,Interpolation,317555
70,Population by age and sex - broad age groups,Population by age and sex - broad age groups,World Population Prospects,2024,United Nations Population Division,638,Réunion,RE,REU,72,2021,4,Median,2,Female,26,15,null,15+,0,Not applicable,1,Model-based Estimates,2,Interpolation,362239
70,Population by age and sex - broad age groups,Population by age and sex - broad age groups,World Population Prospects,2024,United Nations Population Division,638,Réunion,RE,REU,73,2022,4,Median,1,Male,26,15,null,15+,0,Not applicable,1,Model-based Estimates,2,Interpolation,319649
70,Population by age and sex - broad age groups,Population by age and sex - broad age groups,World Population Prospects,2024,United Nations Population Division,638,Réunion,RE,REU,73,2022,4,Median,2,Female,26,15,null,15+,0,Not applicable,1,Model-based Estimates,2,Interpolation,364509
70,Population by age and sex - broad age groups,Population by age and sex - broad age groups,World Population Prospects,2024,United Nations Population Division,638,Réunion,RE,REU,74,2023,4,Median,1,Male,26,15,null,15+,0,Not applicable,1,Model-based Estimates,2,Interpolation,321970.5
70,Population by age and sex - broad age groups,Population by age and sex - broad age groups,World Population Prospects,2024,United Nations Population Division,638,Réunion,RE,REU,74,2023,4,Median,2,Female,26,15,null,15+,0,Not applicable,1,Model-based Estimates,2,Interpolation,367456
70,Population by age and sex - broad age groups,Population by age and sex - broad age groups,World Population Prospects,2024,United Nations Population Division,646,Rwanda,RW,RWA,41,1990,4,Median,1,Male,26,15,null,15+,0,Not applicable,1,Model-based Estimates,2,Interpolation,1870031
70,Population by age and sex - broad age groups,Population by age and sex - broad age groups,World Population Prospects,2024,United Nations Population Division,646,Rwanda,RW,RWA,41,1990,4,Median,2,Female,26,15,null,15+,0,Not applicable,1,Model-based Estimates,2,Interpolation,1892903.5
70,Population by age and sex - broad age groups,Population by age and sex - broad age groups,World Population Prospects,2024,United Nations Population Division,646,Rwanda,RW,RWA,42,1991,4,Median,1,Male,26,15,null,15+,0,Not applicable,1,Model-based Estimates,2,Interpolation,1906545.5
70,Population by age and sex - broad age groups,Population by age and sex - broad age groups,World Population Prospects,2024,United Nations Population Division,646,Rwanda,RW,RWA,42,1991,4,Median,2,Female,26,15,null,15+,0,Not applicable,1,Model-based Estimates,2,Interpolation,1936480
70,Population by age and sex - broad age groups,Population by age and sex - broad age groups,World Population Prospects,2024,United Nations Population Division,646,Rwanda,RW,RWA,43,1992,4,Median,1,Male,26,15,null,15+,0,Not applicable,1,Model-based Estimates,2,Interpolation,1951117
70,Population by age and sex - broad age groups,Population by age and sex - broad age groups,World Population Prospects,2024,United Nations Population Division,646,Rwanda,RW,RWA,43,1992,4,Median,2,Female,26,15,null,15+,0,Not applicable,1,Model-based Estimates,2,Interpolation,1989292
70,Population by age and sex - broad age groups,Population by age and sex - broad age groups,World Population Prospects,2024,United Nations Population Division,646,Rwanda,RW,RWA,44,1993,4,Median,1,Male,26,15,null,15+,0,Not applicable,1,Model-based Estimates,2,Interpolation,2034358
70,Population by age and sex - broad age groups,Population by age and sex - broad age groups,World Population Prospects,2024,United Nations Population Division,646,Rwanda,RW,RWA,44,1993,4,Median,2,Female,26,15,null,15+,0,Not applicable,1,Model-based Estimates,2,Interpolation,2081774
70,Population by age and sex - broad age groups,Population by age and sex - broad age groups,World Population Prospects,2024,United Nations Population Division,646,Rwanda,RW,RWA,45,1994,4,Median,1,Male,26,15,null,15+,0,Not applicable,1,Model-based Estimates,2,Interpolation,1624889
70,Population by age and sex - broad age groups,Population by age and sex - broad age groups,World Population Prospects,2024,United Nations Population Division,646,Rwanda,RW,RWA,45,1994,4,Median,2,Female,26,15,null,15+,0,Not applicable,1,Model-based Estimates,2,Interpolation,1764356
70,Population by age and sex - broad age groups,Population by age and sex - broad age groups,World Population Prospects,2024,United Nations Population Division,646,Rwanda,RW,RWA,46,1995,4,Median,1,Male,26,15,null,15+,0,Not applicable,1,Model-based Estimates,2,Interpolation,1232457
70,Population by age and sex - broad age groups,Population by age and sex - broad age groups,World Population Prospects,2024,United Nations Population Division,646,Rwanda,RW,RWA,46,1995,4,Median,2,Female,26,15,null,15+,0,Not applicable,1,Model-based Estimates,2,Interpolation,1469594
70,Population by age and sex - broad age groups,Population by age and sex - broad age groups,World Population Prospects,2024,United Nations Population Division,646,Rwanda,RW,RWA,47,1996,4,Median,1,Male,26,15,null,15+,0,Not applicable,1,Model-based Estimates,2,Interpolation,1491165
70,Population by age and sex - broad age groups,Population by age and sex - broad age groups,World Population Prospects,2024,United Nations Population Division,646,Rwanda,RW,RWA,47,1996,4,Median,2,Female,26,15,null,15+,0,Not applicable,1,Model-based Estimates,2,Interpolation,1767223.5
70,Population by age and sex - broad age groups,Population by age and sex - broad age groups,World Population Prospects,2024,United Nations Population Division,646,Rwanda,RW,RWA,48,1997,4,Median,1,Male,26,15,null,15+,0,Not applicable,1,Model-based Estimates,2,Interpolation,1762702.5
70,Population by age and sex - broad age groups,Population by age and sex - broad age groups,World Population Prospects,2024,United Nations Population Division,646,Rwanda,RW,RWA,48,1997,4,Median,2,Female,26,15,null,15+,0,Not applicable,1,Model-based Estimates,2,Interpolation,2076831.5
70,Population by age and sex - broad age groups,Population by age and sex - broad age groups,World Population Prospects,2024,United Nations Population Division,646,Rwanda,RW,RWA,49,1998,4,Median,1,Male,26,15,null,15+,0,Not applicable,1,Model-based Estimates,2,Interpolation,1887890.5
70,Population by age and sex - broad age groups,Population by age and sex - broad age groups,World Population Prospects,2024,United Nations Population Division,646,Rwanda,RW,RWA,49,1998,4,Median,2,Female,26,15,null,15+,0,Not applicable,1,Model-based Estimates,2,Interpolation,2213975
70,Population by age and sex - broad age groups,Population by age and sex - broad age groups,World Population Prospects,2024,United Nations Population Division,646,Rwanda,RW,RWA,50,1999,4,Median,1,Male,26,15,null,15+,0,Not applicable,1,Model-based Estimates,2,Interpolation,1961294
70,Population by age and sex - broad age groups,Population by age and sex - broad age groups,World Population Prospects,2024,United Nations Population Division,646,Rwanda,RW,RWA,50,1999,4,Median,2,Female,26,15,null,15+,0,Not applicable,1,Model-based Estimates,2,Interpolation,2292204
70,Population by age and sex - broad age groups,Population by age and sex - broad age groups,World Population Prospects,2024,United Nations Population Division,646,Rwanda,RW,RWA,51,2000,4,Median,1,Male,26,15,null,15+,0,Not applicable,1,Model-based Estimates,2,Interpolation,2032164
70,Population by age and sex - broad age groups,Population by age and sex - broad age groups,World Population Prospects,2024,United Nations Population Division,646,Rwanda,RW,RWA,51,2000,4,Median,2,Female,26,15,null,15+,0,Not applicable,1,Model-based Estimates,2,Interpolation,2368079
70,Population by age and sex - broad age groups,Population by age and sex - broad age groups,World Population Prospects,2024,United Nations Population Division,646,Rwanda,RW,RWA,52,2001,4,Median,1,Male,26,15,null,15+,0,Not applicable,1,Model-based Estimates,2,Interpolation,2098667.5
70,Population by age and sex - broad age groups,Population by age and sex - broad age groups,World Population Prospects,2024,United Nations Population Division,646,Rwanda,RW,RWA,52,2001,4,Median,2,Female,26,15,null,15+,0,Not applicable,1,Model-based Estimates,2,Interpolation,2441102.5
70,Population by age and sex - broad age groups,Population by age and sex - broad age groups,World Population Prospects,2024,United Nations Population Division,646,Rwanda,RW,RWA,53,2002,4,Median,1,Male,26,15,null,15+,0,Not applicable,1,Model-based Estimates,2,Interpolation,2164288.5
70,Population by age and sex - broad age groups,Population by age and sex - broad age groups,World Population Prospects,2024,United Nations Population Division,646,Rwanda,RW,RWA,53,2002,4,Median,2,Female,26,15,null,15+,0,Not applicable,1,Model-based Estimates,2,Interpolation,2514118
70,Population by age and sex - broad age groups,Population by age and sex - broad age groups,World Population Prospects,2024,United Nations Population Division,646,Rwanda,RW,RWA,54,2003,4,Median,1,Male,26,15,null,15+,0,Not applicable,1,Model-based Estimates,2,Interpolation,2239918.5
70,Population by age and sex - broad age groups,Population by age and sex - broad age groups,World Population Prospects,2024,United Nations Population Division,646,Rwanda,RW,RWA,54,2003,4,Median,2,Female,26,15,null,15+,0,Not applicable,1,Model-based Estimates,2,Interpolation,2592949
70,Population by age and sex - broad age groups,Population by age and sex - broad age groups,World Population Prospects,2024,United Nations Population Division,646,Rwanda,RW,RWA,55,2004,4,Median,1,Male,26,15,null,15+,0,Not applicable,1,Model-based Estimates,2,Interpolation,2322169
70,Population by age and sex - broad age groups,Population by age and sex - broad age groups,World Population Prospects,2024,United Nations Population Division,646,Rwanda,RW,RWA,55,2004,4,Median,2,Female,26,15,null,15+,0,Not applicable,1,Model-based Estimates,2,Interpolation,2674293
70,Population by age and sex - broad age groups,Population by age and sex - broad age groups,World Population Prospects,2024,United Nations Population Division,646,Rwanda,RW,RWA,56,2005,4,Median,1,Male,26,15,null,15+,0,Not applicable,1,Model-based Estimates,2,Interpolation,2401694.5
70,Population by age and sex - broad age groups,Population by age and sex - broad age groups,World Population Prospects,2024,United Nations Population Division,646,Rwanda,RW,RWA,56,2005,4,Median,2,Female,26,15,null,15+,0,Not applicable,1,Model-based Estimates,2,Interpolation,2752431
70,Population by age and sex - broad age groups,Population by age and sex - broad age groups,World Population Prospects,2024,United Nations Population Division,646,Rwanda,RW,RWA,57,2006,4,Median,1,Male,26,15,null,15+,0,Not applicable,1,Model-based Estimates,2,Interpolation,2478625.5
70,Population by age and sex - broad age groups,Population by age and sex - broad age groups,World Population Prospects,2024,United Nations Population Division,646,Rwanda,RW,RWA,57,2006,4,Median,2,Female,26,15,null,15+,0,Not applicable,1,Model-based Estimates,2,Interpolation,2828180
70,Population by age and sex - broad age groups,Population by age and sex - broad age groups,World Population Prospects,2024,United Nations Population Division,646,Rwanda,RW,RWA,58,2007,4,Median,1,Male,26,15,null,15+,0,Not applicable,1,Model-based Estimates,2,Interpolation,2554498.5
70,Population by age and sex - broad age groups,Population by age and sex - broad age groups,World Population Prospects,2024,United Nations Population Division,646,Rwanda,RW,RWA,58,2007,4,Median,2,Female,26,15,null,15+,0,Not applicable,1,Model-based Estimates,2,Interpolation,2903258
70,Population by age and sex - broad age groups,Population by age and sex - broad age groups,World Population Prospects,2024,United Nations Population Division,646,Rwanda,RW,RWA,59,2008,4,Median,1,Male,26,15,null,15+,0,Not applicable,1,Model-based Estimates,2,Interpolation,2631534.5
70,Population by age and sex - broad age groups,Population by age and sex - broad age groups,World Population Prospects,2024,United Nations Population Division,646,Rwanda,RW,RWA,59,2008,4,Median,2,Female,26,15,null,15+,0,Not applicable,1,Model-based Estimates,2,Interpolation,2979818
70,Population by age and sex - broad age groups,Population by age and sex - broad age groups,World Population Prospects,2024,United Nations Population Division,646,Rwanda,RW,RWA,60,2009,4,Median,1,Male,26,15,null,15+,0,Not applicable,1,Model-based Estimates,2,Interpolation,2712164
70,Population by age and sex - broad age groups,Population by age and sex - broad age groups,World Population Prospects,2024,United Nations Population Division,646,Rwanda,RW,RWA,60,2009,4,Median,2,Female,26,15,null,15+,0,Not applicable,1,Model-based Estimates,2,Interpolation,3059966
70,Population by age and sex - broad age groups,Population by age and sex - broad age groups,World Population Prospects,2024,United Nations Population Division,646,Rwanda,RW,RWA,61,2010,4,Median,1,Male,26,15,null,15+,0,Not applicable,1,Model-based Estimates,2,Interpolation,2797299.5
70,Population by age and sex - broad age groups,Population by age and sex - broad age groups,World Population Prospects,2024,United Nations Population Division,646,Rwanda,RW,RWA,61,2010,4,Median,2,Female,26,15,null,15+,0,Not applicable,1,Model-based Estimates,2,Interpolation,3144031
70,Population by age and sex - broad age groups,Population by age and sex - broad age groups,World Population Prospects,2024,United Nations Population Division,646,Rwanda,RW,RWA,62,2011,4,Median,1,Male,26,15,null,15+,0,Not applicable,1,Model-based Estimates,2,Interpolation,2885042
70,Population by age and sex - broad age groups,Population by age and sex - broad age groups,World Population Prospects,2024,United Nations Population Division,646,Rwanda,RW,RWA,62,2011,4,Median,2,Female,26,15,null,15+,0,Not applicable,1,Model-based Estimates,2,Interpolation,3230213.5
70,Population by age and sex - broad age groups,Population by age and sex - broad age groups,World Population Prospects,2024,United Nations Population Division,646,Rwanda,RW,RWA,63,2012,4,Median,1,Male,26,15,null,15+,0,Not applicable,1,Model-based Estimates,2,Interpolation,2973428
70,Population by age and sex - broad age groups,Population by age and sex - broad age groups,World Population Prospects,2024,United Nations Population Division,646,Rwanda,RW,RWA,63,2012,4,Median,2,Female,26,15,null,15+,0,Not applicable,1,Model-based Estimates,2,Interpolation,3317954.5
70,Population by age and sex - broad age groups,Population by age and sex - broad age groups,World Population Prospects,2024,United Nations Population Division,646,Rwanda,RW,RWA,64,2013,4,Median,1,Male,26,15,null,15+,0,Not applicable,1,Model-based Estimates,2,Interpolation,3062960
70,Population by age and sex - broad age groups,Population by age and sex - broad age groups,World Population Prospects,2024,United Nations Population Division,646,Rwanda,RW,RWA,64,2013,4,Median,2,Female,26,15,null,15+,0,Not applicable,1,Model-based Estimates,2,Interpolation,3409182
70,Population by age and sex - broad age groups,Population by age and sex - broad age groups,World Population Prospects,2024,United Nations Population Division,646,Rwanda,RW,RWA,65,2014,4,Median,1,Male,26,15,null,15+,0,Not applicable,1,Model-based Estimates,2,Interpolation,3154448
70,Population by age and sex - broad age groups,Population by age and sex - broad age groups,World Population Prospects,2024,United Nations Population Division,646,Rwanda,RW,RWA,65,2014,4,Median,2,Female,26,15,null,15+,0,Not applicable,1,Model-based Estimates,2,Interpolation,3503997
70,Population by age and sex - broad age groups,Population by age and sex - broad age groups,World Population Prospects,2024,United Nations Population Division,646,Rwanda,RW,RWA,66,2015,4,Median,1,Male,26,15,null,15+,0,Not applicable,1,Model-based Estimates,2,Interpolation,3248495.5
70,Population by age and sex - broad age groups,Population by age and sex - broad age groups,World Population Prospects,2024,United Nations Population Division,646,Rwanda,RW,RWA,66,2015,4,Median,2,Female,26,15,null,15+,0,Not applicable,1,Model-based Estimates,2,Interpolation,3601803
70,Population by age and sex - broad age groups,Population by age and sex - broad age groups,World Population Prospects,2024,United Nations Population Division,646,Rwanda,RW,RWA,67,2016,4,Median,1,Male,26,15,null,15+,0,Not applicable,1,Model-based Estimates,2,Interpolation,3346362
70,Population by age and sex - broad age groups,Population by age and sex - broad age groups,World Population Prospects,2024,United Nations Population Division,646,Rwanda,RW,RWA,67,2016,4,Median,2,Female,26,15,null,15+,0,Not applicable,1,Model-based Estimates,2,Interpolation,3703751.5
70,Population by age and sex - broad age groups,Population by age and sex - broad age groups,World Population Prospects,2024,United Nations Population Division,646,Rwanda,RW,RWA,68,2017,4,Median,1,Male,26,15,null,15+,0,Not applicable,1,Model-based Estimates,2,Interpolation,3448486.5
70,Population by age and sex - broad age groups,Population by age and sex - broad age groups,World Population Prospects,2024,United Nations Population Division,646,Rwanda,RW,RWA,68,2017,4,Median,2,Female,26,15,null,15+,0,Not applicable,1,Model-based Estimates,2,Interpolation,3810097
70,Population by age and sex - broad age groups,Population by age and sex - broad age groups,World Population Prospects,2024,United Nations Population Division,646,Rwanda,RW,RWA,69,2018,4,Median,1,Male,26,15,null,15+,0,Not applicable,1,Model-based Estimates,2,Interpolation,3555975
70,Population by age and sex - broad age groups,Population by age and sex - broad age groups,World Population Prospects,2024,United Nations Population Division,646,Rwanda,RW,RWA,69,2018,4,Median,2,Female,26,15,null,15+,0,Not applicable,1,Model-based Estimates,2,Interpolation,3921468.5
70,Population by age and sex - broad age groups,Population by age and sex - broad age groups,World Population Prospects,2024,United Nations Population Division,646,Rwanda,RW,RWA,70,2019,4,Median,1,Male,26,15,null,15+,0,Not applicable,1,Model-based Estimates,2,Interpolation,3670016
70,Population by age and sex - broad age groups,Population by age and sex - broad age groups,World Population Prospects,2024,United Nations Population Division,646,Rwanda,RW,RWA,70,2019,4,Median,2,Female,26,15,null,15+,0,Not applicable,1,Model-based Estimates,2,Interpolation,4038718
70,Population by age and sex - broad age groups,Population by age and sex - broad age groups,World Population Prospects,2024,United Nations Population Division,646,Rwanda,RW,RWA,71,2020,4,Median,1,Male,26,15,null,15+,0,Not applicable,1,Model-based Estimates,2,Interpolation,3789219.5
70,Population by age and sex - broad age groups,Population by age and sex - broad age groups,World Population Prospects,2024,United Nations Population Division,646,Rwanda,RW,RWA,71,2020,4,Median,2,Female,26,15,null,15+,0,Not applicable,1,Model-based Estimates,2,Interpolation,4160483.5
70,Population by age and sex - broad age groups,Population by age and sex - broad age groups,World Population Prospects,2024,United Nations Population Division,646,Rwanda,RW,RWA,72,2021,4,Median,1,Male,26,15,null,15+,0,Not applicable,1,Model-based Estimates,2,Interpolation,3910821.5
70,Population by age and sex - broad age groups,Population by age and sex - broad age groups,World Population Prospects,2024,United Nations Population Division,646,Rwanda,RW,RWA,72,2021,4,Median,2,Female,26,15,null,15+,0,Not applicable,1,Model-based Estimates,2,Interpolation,4283929.5
70,Population by age and sex - broad age groups,Population by age and sex - broad age groups,World Population Prospects,2024,United Nations Population Division,646,Rwanda,RW,RWA,73,2022,4,Median,1,Male,26,15,null,15+,0,Not applicable,1,Model-based Estimates,2,Interpolation,4033922
70,Population by age and sex - broad age groups,Population by age and sex - broad age groups,World Population Prospects,2024,United Nations Population Division,646,Rwanda,RW,RWA,73,2022,4,Median,2,Female,26,15,null,15+,0,Not applicable,1,Model-based Estimates,2,Interpolation,4408317
70,Population by age and sex - broad age groups,Population by age and sex - broad age groups,World Population Prospects,2024,United Nations Population Division,646,Rwanda,RW,RWA,74,2023,4,Median,1,Male,26,15,null,15+,0,Not applicable,1,Model-based Estimates,3,Projection,4156919.5
70,Population by age and sex - broad age groups,Population by age and sex - broad age groups,World Population Prospects,2024,United Nations Population Division,646,Rwanda,RW,RWA,74,2023,4,Median,2,Female,26,15,null,15+,0,Not applicable,1,Model-based Estimates,3,Projection,4532339.5
70,Population by age and sex - broad age groups,Population by age and sex - broad age groups,World Population Prospects,2024,United Nations Population Division,654,Saint Helena,SH,SHN,41,1990,4,Median,1,Male,26,15,null,15+,0,Not applicable,1,Model-based Estimates,2,Interpolation,2400.5
70,Population by age and sex - broad age groups,Population by age and sex - broad age groups,World Population Prospects,2024,United Nations Population Division,654,Saint Helena,SH,SHN,41,1990,4,Median,2,Female,26,15,null,15+,0,Not applicable,1,Model-based Estimates,2,Interpolation,2513.5
70,Population by age and sex - broad age groups,Population by age and sex - broad age groups,World Population Prospects,2024,United Nations Population Division,654,Saint Helena,SH,SHN,42,1991,4,Median,1,Male,26,15,null,15+,0,Not applicable,1,Model-based Estimates,2,Interpolation,2405
70,Population by age and sex - broad age groups,Population by age and sex - broad age groups,World Population Prospects,2024,United Nations Population Division,654,Saint Helena,SH,SHN,42,1991,4,Median,2,Female,26,15,null,15+,0,Not applicable,1,Model-based Estimates,2,Interpolation,2513.5
70,Population by age and sex - broad age groups,Population by age and sex - broad age groups,World Population Prospects,2024,United Nations Population Division,654,Saint Helena,SH,SHN,43,1992,4,Median,1,Male,26,15,null,15+,0,Not applicable,1,Model-based Estimates,2,Interpolation,2396
70,Population by age and sex - broad age groups,Population by age and sex - broad age groups,World Population Prospects,2024,United Nations Population Division,654,Saint Helena,SH,SHN,43,1992,4,Median,2,Female,26,15,null,15+,0,Not applicable,1,Model-based Estimates,2,Interpolation,2499.5
70,Population by age and sex - broad age groups,Population by age and sex - broad age groups,World Population Prospects,2024,United Nations Population Division,654,Saint Helena,SH,SHN,44,1993,4,Median,1,Male,26,15,null,15+,0,Not applicable,1,Model-based Estimates,2,Interpolation,2388.5
70,Population by age and sex - broad age groups,Population by age and sex - broad age groups,World Population Prospects,2024,United Nations Population Division,654,Saint Helena,SH,SHN,44,1993,4,Median,2,Female,26,15,null,15+,0,Not applicable,1,Model-based Estimates,2,Interpolation,2479
70,Population by age and sex - broad age groups,Population by age and sex - broad age groups,World Population Prospects,2024,United Nations Population Division,654,Saint Helena,SH,SHN,45,1994,4,Median,1,Male,26,15,null,15+,0,Not applicable,1,Model-based Estimates,2,Interpolation,2385
70,Population by age and sex - broad age groups,Population by age and sex - broad age groups,World Population Prospects,2024,United Nations Population Division,654,Saint Helena,SH,SHN,45,1994,4,Median,2,Female,26,15,null,15+,0,Not applicable,1,Model-based Estimates,2,Interpolation,2453.5
70,Population by age and sex - broad age groups,Population by age and sex - broad age groups,World Population Prospects,2024,United Nations Population Division,654,Saint Helena,SH,SHN,46,1995,4,Median,1,Male,26,15,null,15+,0,Not applicable,1,Model-based Estimates,2,Interpolation,2379
70,Population by age and sex - broad age groups,Population by age and sex - broad age groups,World Population Prospects,2024,United Nations Population Division,654,Saint Helena,SH,SHN,46,1995,4,Median,2,Female,26,15,null,15+,0,Not applicable,1,Model-based Estimates,2,Interpolation,2432
70,Population by age and sex - broad age groups,Population by age and sex - broad age groups,World Population Prospects,2024,United Nations Population Division,654,Saint Helena,SH,SHN,47,1996,4,Median,1,Male,26,15,null,15+,0,Not applicable,1,Model-based Estimates,2,Interpolation,2381
70,Population by age and sex - broad age groups,Population by age and sex - broad age groups,World Population Prospects,2024,United Nations Population Division,654,Saint Helena,SH,SHN,47,1996,4,Median,2,Female,26,15,null,15+,0,Not applicable,1,Model-based Estimates,2,Interpolation,2426
70,Population by age and sex - broad age groups,Population by age and sex - broad age groups,World Population Prospects,2024,United Nations Population Division,654,Saint Helena,SH,SHN,48,1997,4,Median,1,Male,26,15,null,15+,0,Not applicable,1,Model-based Estimates,2,Interpolation,2395
70,Population by age and sex - broad age groups,Population by age and sex - broad age groups,World Population Prospects,2024,United Nations Population Division,654,Saint Helena,SH,SHN,48,1997,4,Median,2,Female,26,15,null,15+,0,Not applicable,1,Model-based Estimates,2,Interpolation,2437
70,Population by age and sex - broad age groups,Population by age and sex - broad age groups,World Population Prospects,2024,United Nations Population Division,654,Saint Helena,SH,SHN,49,1998,4,Median,1,Male,26,15,null,15+,0,Not applicable,1,Model-based Estimates,2,Interpolation,2410.5
70,Population by age and sex - broad age groups,Population by age and sex - broad age groups,World Population Prospects,2024,United Nations Population Division,654,Saint Helena,SH,SHN,49,1998,4,Median,2,Female,26,15,null,15+,0,Not applicable,1,Model-based Estimates,2,Interpolation,2438
70,Population by age and sex - broad age groups,Population by age and sex - broad age groups,World Population Prospects,2024,United Nations Population Division,654,Saint Helena,SH,SHN,50,1999,4,Median,1,Male,26,15,null,15+,0,Not applicable,1,Model-based Estimates,2,Interpolation,2421.5
70,Population by age and sex - broad age groups,Population by age and sex - broad age groups,World Population Prospects,2024,United Nations Population Division,654,Saint Helena,SH,SHN,50,1999,4,Median,2,Female,26,15,null,15+,0,Not applicable,1,Model-based Estimates,2,Interpolation,2425.5
70,Population by age and sex - broad age groups,Population by age and sex - broad age groups,World Population Prospects,2024,United Nations Population Division,654,Saint Helena,SH,SHN,51,2000,4,Median,1,Male,26,15,null,15+,0,Not applicable,1,Model-based Estimates,2,Interpolation,2421
70,Population by age and sex - broad age groups,Population by age and sex - broad age groups,World Population Prospects,2024,United Nations Population Division,654,Saint Helena,SH,SHN,51,2000,4,Median,2,Female,26,15,null,15+,0,Not applicable,1,Model-based Estimates,2,Interpolation,2410.5
70,Population by age and sex - broad age groups,Population by age and sex - broad age groups,World Population Prospects,2024,United Nations Population Division,654,Saint Helena,SH,SHN,52,2001,4,Median,1,Male,26,15,null,15+,0,Not applicable,1,Model-based Estimates,2,Interpolation,2409.5
70,Population by age and sex - broad age groups,Population by age and sex - broad age groups,World Population Prospects,2024,United Nations Population Division,654,Saint Helena,SH,SHN,52,2001,4,Median,2,Female,26,15,null,15+,0,Not applicable,1,Model-based Estimates,2,Interpolation,2395.5
70,Population by age and sex - broad age groups,Population by age and sex - broad age groups,World Population Prospects,2024,United Nations Population Division,654,Saint Helena,SH,SHN,53,2002,4,Median,1,Male,26,15,null,15+,0,Not applicable,1,Model-based Estimates,2,Interpolation,2385
70,Population by age and sex - broad age groups,Population by age and sex - broad age groups,World Population Prospects,2024,United Nations Population Division,654,Saint Helena,SH,SHN,53,2002,4,Median,2,Female,26,15,null,15+,0,Not applicable,1,Model-based Estimates,2,Interpolation,2369.5
70,Population by age and sex - broad age groups,Population by age and sex - broad age groups,World Population Prospects,2024,United Nations Population Division,654,Saint Helena,SH,SHN,54,2003,4,Median,1,Male,26,15,null,15+,0,Not applicable,1,Model-based Estimates,2,Interpolation,2359
70,Population by age and sex - broad age groups,Population by age and sex - broad age groups,World Population Prospects,2024,United Nations Population Division,654,Saint Helena,SH,SHN,54,2003,4,Median,2,Female,26,15,null,15+,0,Not applicable,1,Model-based Estimates,2,Interpolation,2335.5
70,Population by age and sex - broad age groups,Population by age and sex - broad age groups,World Population Prospects,2024,United Nations Population Division,654,Saint Helena,SH,SHN,55,2004,4,Median,1,Male,26,15,null,15+,0,Not applicable,1,Model-based Estimates,2,Interpolation,2342
70,Population by age and sex - broad age groups,Population by age and sex - broad age groups,World Population Prospects,2024,United Nations Population Division,654,Saint Helena,SH,SHN,55,2004,4,Median,2,Female,26,15,null,15+,0,Not applicable,1,Model-based Estimates,2,Interpolation,2310.5
70,Population by age and sex - broad age groups,Population by age and sex - broad age groups,World Population Prospects,2024,United Nations Population Division,654,Saint Helena,SH,SHN,56,2005,4,Median,1,Male,26,15,null,15+,0,Not applicable,1,Model-based Estimates,2,Interpolation,2315.5
70,Population by age and sex - broad age groups,Population by age and sex - broad age groups,World Population Prospects,2024,United Nations Population Division,654,Saint Helena,SH,SHN,56,2005,4,Median,2,Female,26,15,null,15+,0,Not applicable,1,Model-based Estimates,2,Interpolation,2286.5
70,Population by age and sex - broad age groups,Population by age and sex - broad age groups,World Population Prospects,2024,United Nations Population Division,654,Saint Helena,SH,SHN,57,2006,4,Median,1,Male,26,15,null,15+,0,Not applicable,1,Model-based Estimates,2,Interpolation,2289.5
70,Population by age and sex - broad age groups,Population by age and sex - broad age groups,World Population Prospects,2024,United Nations Population Division,654,Saint Helena,SH,SHN,57,2006,4,Median,2,Female,26,15,null,15+,0,Not applicable,1,Model-based Estimates,2,Interpolation,2260.5
70,Population by age and sex - broad age groups,Population by age and sex - broad age groups,World Population Prospects,2024,United Nations Population Division,654,Saint Helena,SH,SHN,58,2007,4,Median,1,Male,26,15,null,15+,0,Not applicable,1,Model-based Estimates,2,Interpolation,2270.5
70,Population by age and sex - broad age groups,Population by age and sex - broad age groups,World Population Prospects,2024,United Nations Population Division,654,Saint Helena,SH,SHN,58,2007,4,Median,2,Female,26,15,null,15+,0,Not applicable,1,Model-based Estimates,2,Interpolation,2234
70,Population by age and sex - broad age groups,Population by age and sex - broad age groups,World Population Prospects,2024,United Nations Population Division,654,Saint Helena,SH,SHN,59,2008,4,Median,1,Male,26,15,null,15+,0,Not applicable,1,Model-based Estimates,2,Interpolation,2273.5
70,Population by age and sex - broad age groups,Population by age and sex - broad age groups,World Population Prospects,2024,United Nations Population Division,654,Saint Helena,SH,SHN,59,2008,4,Median,2,Female,26,15,null,15+,0,Not applicable,1,Model-based Estimates,2,Interpolation,2218
70,Population by age and sex - broad age groups,Population by age and sex - broad age groups,World Population Prospects,2024,United Nations Population Division,654,Saint Helena,SH,SHN,60,2009,4,Median,1,Male,26,15,null,15+,0,Not applicable,1,Model-based Estimates,2,Interpolation,2306.5
70,Population by age and sex - broad age groups,Population by age and sex - broad age groups,World Population Prospects,2024,United Nations Population Division,654,Saint Helena,SH,SHN,60,2009,4,Median,2,Female,26,15,null,15+,0,Not applicable,1,Model-based Estimates,2,Interpolation,2218
70,Population by age and sex - broad age groups,Population by age and sex - broad age groups,World Population Prospects,2024,United Nations Population Division,654,Saint Helena,SH,SHN,61,2010,4,Median,1,Male,26,15,null,15+,0,Not applicable,1,Model-based Estimates,2,Interpolation,2345
70,Population by age and sex - broad age groups,Population by age and sex - broad age groups,World Population Prospects,2024,United Nations Population Division,654,Saint Helena,SH,SHN,61,2010,4,Median,2,Female,26,15,null,15+,0,Not applicable,1,Model-based Estimates,2,Interpolation,2224
70,Population by age and sex - broad age groups,Population by age and sex - broad age groups,World Population Prospects,2024,United Nations Population Division,654,Saint Helena,SH,SHN,62,2011,4,Median,1,Male,26,15,null,15+,0,Not applicable,1,Model-based Estimates,2,Interpolation,2385
70,Population by age and sex - broad age groups,Population by age and sex - broad age groups,World Population Prospects,2024,United Nations Population Division,654,Saint Helena,SH,SHN,62,2011,4,Median,2,Female,26,15,null,15+,0,Not applicable,1,Model-based Estimates,2,Interpolation,2234.5
70,Population by age and sex - broad age groups,Population by age and sex - broad age groups,World Population Prospects,2024,United Nations Population Division,654,Saint Helena,SH,SHN,63,2012,4,Median,1,Male,26,15,null,15+,0,Not applicable,1,Model-based Estimates,2,Interpolation,2425.5
70,Population by age and sex - broad age groups,Population by age and sex - broad age groups,World Population Prospects,2024,United Nations Population Division,654,Saint Helena,SH,SHN,63,2012,4,Median,2,Female,26,15,null,15+,0,Not applicable,1,Model-based Estimates,2,Interpolation,2241
70,Population by age and sex - broad age groups,Population by age and sex - broad age groups,World Population Prospects,2024,United Nations Population Division,654,Saint Helena,SH,SHN,64,2013,4,Median,1,Male,26,15,null,15+,0,Not applicable,1,Model-based Estimates,2,Interpolation,2455
70,Population by age and sex - broad age groups,Population by age and sex - broad age groups,World Population Prospects,2024,United Nations Population Division,654,Saint Helena,SH,SHN,64,2013,4,Median,2,Female,26,15,null,15+,0,Not applicable,1,Model-based Estimates,2,Interpolation,2238.5
70,Population by age and sex - broad age groups,Population by age and sex - broad age groups,World Population Prospects,2024,United Nations Population Division,654,Saint Helena,SH,SHN,65,2014,4,Median,1,Male,26,15,null,15+,0,Not applicable,1,Model-based Estimates,2,Interpolation,2481
70,Population by age and sex - broad age groups,Population by age and sex - broad age groups,World Population Prospects,2024,United Nations Population Division,654,Saint Helena,SH,SHN,65,2014,4,Median,2,Female,26,15,null,15+,0,Not applicable,1,Model-based Estimates,2,Interpolation,2233
70,Population by age and sex - broad age groups,Population by age and sex - broad age groups,World Population Prospects,2024,United Nations Population Division,654,Saint Helena,SH,SHN,66,2015,4,Median,1,Male,26,15,null,15+,0,Not applicable,1,Model-based Estimates,2,Interpolation,2516
70,Population by age and sex - broad age groups,Population by age and sex - broad age groups,World Population Prospects,2024,United Nations Population Division,654,Saint Helena,SH,SHN,66,2015,4,Median,2,Female,26,15,null,15+,0,Not applicable,1,Model-based Estimates,2,Interpolation,2234.5
70,Population by age and sex - broad age groups,Population by age and sex - broad age groups,World Population Prospects,2024,United Nations Population Division,654,Saint Helena,SH,SHN,67,2016,4,Median,1,Male,26,15,null,15+,0,Not applicable,1,Model-based Estimates,2,Interpolation,2517
70,Population by age and sex - broad age groups,Population by age and sex - broad age groups,World Population Prospects,2024,United Nations Population Division,654,Saint Helena,SH,SHN,67,2016,4,Median,2,Female,26,15,null,15+,0,Not applicable,1,Model-based Estimates,2,Interpolation,2242.5
70,Population by age and sex - broad age groups,Population by age and sex - broad age groups,World Population Prospects,2024,United Nations Population Division,654,Saint Helena,SH,SHN,68,2017,4,Median,1,Male,26,15,null,15+,0,Not applicable,1,Model-based Estimates,2,Interpolation,2487
70,Population by age and sex - broad age groups,Population by age and sex - broad age groups,World Population Prospects,2024,United Nations Population Division,654,Saint Helena,SH,SHN,68,2017,4,Median,2,Female,26,15,null,15+,0,Not applicable,1,Model-based Estimates,2,Interpolation,2252.5
70,Population by age and sex - broad age groups,Population by age and sex - broad age groups,World Population Prospects,2024,United Nations Population Division,654,Saint Helena,SH,SHN,69,2018,4,Median,1,Male,26,15,null,15+,0,Not applicable,1,Model-based Estimates,2,Interpolation,2450
70,Population by age and sex - broad age groups,Population by age and sex - broad age groups,World Population Prospects,2024,United Nations Population Division,654,Saint Helena,SH,SHN,69,2018,4,Median,2,Female,26,15,null,15+,0,Not applicable,1,Model-based Estimates,2,Interpolation,2270
70,Population by age and sex - broad age groups,Population by age and sex - broad age groups,World Population Prospects,2024,United Nations Population Division,654,Saint Helena,SH,SHN,70,2019,4,Median,1,Male,26,15,null,15+,0,Not applicable,1,Model-based Estimates,2,Interpolation,2403.5
70,Population by age and sex - broad age groups,Population by age and sex - broad age groups,World Population Prospects,2024,United Nations Population Division,654,Saint Helena,SH,SHN,70,2019,4,Median,2,Female,26,15,null,15+,0,Not applicable,1,Model-based Estimates,2,Interpolation,2292.5
70,Population by age and sex - broad age groups,Population by age and sex - broad age groups,World Population Prospects,2024,United Nations Population Division,654,Saint Helena,SH,SHN,71,2020,4,Median,1,Male,26,15,null,15+,0,Not applicable,1,Model-based Estimates,2,Interpolation,2360
70,Population by age and sex - broad age groups,Population by age and sex - broad age groups,World Population Prospects,2024,United Nations Population Division,654,Saint Helena,SH,SHN,71,2020,4,Median,2,Female,26,15,null,15+,0,Not applicable,1,Model-based Estimates,2,Interpolation,2312.5
70,Population by age and sex - broad age groups,Population by age and sex - broad age groups,World Population Prospects,2024,United Nations Population Division,654,Saint Helena,SH,SHN,72,2021,4,Median,1,Male,26,15,null,15+,0,Not applicable,1,Model-based Estimates,2,Interpolation,2324
70,Population by age and sex - broad age groups,Population by age and sex - broad age groups,World Population Prospects,2024,United Nations Population Division,654,Saint Helena,SH,SHN,72,2021,4,Median,2,Female,26,15,null,15+,0,Not applicable,1,Model-based Estimates,2,Interpolation,2315.5
70,Population by age and sex - broad age groups,Population by age and sex - broad age groups,World Population Prospects,2024,United Nations Population Division,654,Saint Helena,SH,SHN,73,2022,4,Median,1,Male,26,15,null,15+,0,Not applicable,1,Model-based Estimates,3,Projection,2296
70,Population by age and sex - broad age groups,Population by age and sex - broad age groups,World Population Prospects,2024,United Nations Population Division,654,Saint Helena,SH,SHN,73,2022,4,Median,2,Female,26,15,null,15+,0,Not applicable,1,Model-based Estimates,3,Projection,2304
70,Population by age and sex - broad age groups,Population by age and sex - broad age groups,World Population Prospects,2024,United Nations Population Division,654,Saint Helena,SH,SHN,74,2023,4,Median,1,Male,26,15,null,15+,0,Not applicable,1,Model-based Estimates,3,Projection,2267.5
70,Population by age and sex - broad age groups,Population by age and sex - broad age groups,World Population Prospects,2024,United Nations Population Division,654,Saint Helena,SH,SHN,74,2023,4,Median,2,Female,26,15,null,15+,0,Not applicable,1,Model-based Estimates,3,Projection,2292
70,Population by age and sex - broad age groups,Population by age and sex - broad age groups,World Population Prospects,2024,United Nations Population Division,678,Sao Tome and Principe,ST,STP,41,1990,4,Median,1,Male,26,15,null,15+,0,Not applicable,1,Model-based Estimates,2,Interpolation,33396.5
70,Population by age and sex - broad age groups,Population by age and sex - broad age groups,World Population Prospects,2024,United Nations Population Division,678,Sao Tome and Principe,ST,STP,41,1990,4,Median,2,Female,26,15,null,15+,0,Not applicable,1,Model-based Estimates,2,Interpolation,34151
70,Population by age and sex - broad age groups,Population by age and sex - broad age groups,World Population Prospects,2024,United Nations Population Division,678,Sao Tome and Principe,ST,STP,42,1991,4,Median,1,Male,26,15,null,15+,0,Not applicable,1,Model-based Estimates,2,Interpolation,34030
70,Population by age and sex - broad age groups,Population by age and sex - broad age groups,World Population Prospects,2024,United Nations Population Division,678,Sao Tome and Principe,ST,STP,42,1991,4,Median,2,Female,26,15,null,15+,0,Not applicable,1,Model-based Estimates,2,Interpolation,34933.5
70,Population by age and sex - broad age groups,Population by age and sex - broad age groups,World Population Prospects,2024,United Nations Population Division,678,Sao Tome and Principe,ST,STP,43,1992,4,Median,1,Male,26,15,null,15+,0,Not applicable,1,Model-based Estimates,2,Interpolation,34590.5
70,Population by age and sex - broad age groups,Population by age and sex - broad age groups,World Population Prospects,2024,United Nations Population Division,678,Sao Tome and Principe,ST,STP,43,1992,4,Median,2,Female,26,15,null,15+,0,Not applicable,1,Model-based Estimates,2,Interpolation,35625
70,Population by age and sex - broad age groups,Population by age and sex - broad age groups,World Population Prospects,2024,United Nations Population Division,678,Sao Tome and Principe,ST,STP,44,1993,4,Median,1,Male,26,15,null,15+,0,Not applicable,1,Model-based Estimates,2,Interpolation,35192.5
70,Population by age and sex - broad age groups,Population by age and sex - broad age groups,World Population Prospects,2024,United Nations Population Division,678,Sao Tome and Principe,ST,STP,44,1993,4,Median,2,Female,26,15,null,15+,0,Not applicable,1,Model-based Estimates,2,Interpolation,36336.5
70,Population by age and sex - broad age groups,Population by age and sex - broad age groups,World Population Prospects,2024,United Nations Population Division,678,Sao Tome and Principe,ST,STP,45,1994,4,Median,1,Male,26,15,null,15+,0,Not applicable,1,Model-based Estimates,2,Interpolation,35819.5
70,Population by age and sex - broad age groups,Population by age and sex - broad age groups,World Population Prospects,2024,United Nations Population Division,678,Sao Tome and Principe,ST,STP,45,1994,4,Median,2,Female,26,15,null,15+,0,Not applicable,1,Model-based Estimates,2,Interpolation,37077
70,Population by age and sex - broad age groups,Population by age and sex - broad age groups,World Population Prospects,2024,United Nations Population Division,678,Sao Tome and Principe,ST,STP,46,1995,4,Median,1,Male,26,15,null,15+,0,Not applicable,1,Model-based Estimates,2,Interpolation,36469
70,Population by age and sex - broad age groups,Population by age and sex - broad age groups,World Population Prospects,2024,United Nations Population Division,678,Sao Tome and Principe,ST,STP,46,1995,4,Median,2,Female,26,15,null,15+,0,Not applicable,1,Model-based Estimates,2,Interpolation,37849
70,Population by age and sex - broad age groups,Population by age and sex - broad age groups,World Population Prospects,2024,United Nations Population Division,678,Sao Tome and Principe,ST,STP,47,1996,4,Median,1,Male,26,15,null,15+,0,Not applicable,1,Model-based Estimates,2,Interpolation,37150
70,Population by age and sex - broad age groups,Population by age and sex - broad age groups,World Population Prospects,2024,United Nations Population Division,678,Sao Tome and Principe,ST,STP,47,1996,4,Median,2,Female,26,15,null,15+,0,Not applicable,1,Model-based Estimates,2,Interpolation,38651
70,Population by age and sex - broad age groups,Population by age and sex - broad age groups,World Population Prospects,2024,United Nations Population Division,678,Sao Tome and Principe,ST,STP,48,1997,4,Median,1,Male,26,15,null,15+,0,Not applicable,1,Model-based Estimates,2,Interpolation,37866
70,Population by age and sex - broad age groups,Population by age and sex - broad age groups,World Population Prospects,2024,United Nations Population Division,678,Sao Tome and Principe,ST,STP,48,1997,4,Median,2,Female,26,15,null,15+,0,Not applicable,1,Model-based Estimates,2,Interpolation,39493.5
70,Population by age and sex - broad age groups,Population by age and sex - broad age groups,World Population Prospects,2024,United Nations Population Division,678,Sao Tome and Principe,ST,STP,49,1998,4,Median,1,Male,26,15,null,15+,0,Not applicable,1,Model-based Estimates,2,Interpolation,38619.5
70,Population by age and sex - broad age groups,Population by age and sex - broad age groups,World Population Prospects,2024,United Nations Population Division,678,Sao Tome and Principe,ST,STP,49,1998,4,Median,2,Female,26,15,null,15+,0,Not applicable,1,Model-based Estimates,2,Interpolation,40376.5
70,Population by age and sex - broad age groups,Population by age and sex - broad age groups,World Population Prospects,2024,United Nations Population Division,678,Sao Tome and Principe,ST,STP,50,1999,4,Median,1,Male,26,15,null,15+,0,Not applicable,1,Model-based Estimates,2,Interpolation,39406.5
70,Population by age and sex - broad age groups,Population by age and sex - broad age groups,World Population Prospects,2024,United Nations Population Division,678,Sao Tome and Principe,ST,STP,50,1999,4,Median,2,Female,26,15,null,15+,0,Not applicable,1,Model-based Estimates,2,Interpolation,41279.5
70,Population by age and sex - broad age groups,Population by age and sex - broad age groups,World Population Prospects,2024,United Nations Population Division,678,Sao Tome and Principe,ST,STP,51,2000,4,Median,1,Male,26,15,null,15+,0,Not applicable,1,Model-based Estimates,2,Interpolation,40214
70,Population by age and sex - broad age groups,Population by age and sex - broad age groups,World Population Prospects,2024,United Nations Population Division,678,Sao Tome and Principe,ST,STP,51,2000,4,Median,2,Female,26,15,null,15+,0,Not applicable,1,Model-based Estimates,2,Interpolation,42174.5
70,Population by age and sex - broad age groups,Population by age and sex - broad age groups,World Population Prospects,2024,United Nations Population Division,678,Sao Tome and Principe,ST,STP,52,2001,4,Median,1,Male,26,15,null,15+,0,Not applicable,1,Model-based Estimates,2,Interpolation,41102
70,Population by age and sex - broad age groups,Population by age and sex - broad age groups,World Population Prospects,2024,United Nations Population Division,678,Sao Tome and Principe,ST,STP,52,2001,4,Median,2,Female,26,15,null,15+,0,Not applicable,1,Model-based Estimates,2,Interpolation,43126
70,Population by age and sex - broad age groups,Population by age and sex - broad age groups,World Population Prospects,2024,United Nations Population Division,678,Sao Tome and Principe,ST,STP,53,2002,4,Median,1,Male,26,15,null,15+,0,Not applicable,1,Model-based Estimates,2,Interpolation,42235.5
70,Population by age and sex - broad age groups,Population by age and sex - broad age groups,World Population Prospects,2024,United Nations Population Division,678,Sao Tome and Principe,ST,STP,53,2002,4,Median,2,Female,26,15,null,15+,0,Not applicable,1,Model-based Estimates,2,Interpolation,44220.5
70,Population by age and sex - broad age groups,Population by age and sex - broad age groups,World Population Prospects,2024,United Nations Population Division,678,Sao Tome and Principe,ST,STP,54,2003,4,Median,1,Male,26,15,null,15+,0,Not applicable,1,Model-based Estimates,2,Interpolation,43524
70,Population by age and sex - broad age groups,Population by age and sex - broad age groups,World Population Prospects,2024,United Nations Population Division,678,Sao Tome and Principe,ST,STP,54,2003,4,Median,2,Female,26,15,null,15+,0,Not applicable,1,Model-based Estimates,2,Interpolation,45376.5
70,Population by age and sex - broad age groups,Population by age and sex - broad age groups,World Population Prospects,2024,United Nations Population Division,678,Sao Tome and Principe,ST,STP,55,2004,4,Median,1,Male,26,15,null,15+,0,Not applicable,1,Model-based Estimates,2,Interpolation,44791.5
70,Population by age and sex - broad age groups,Population by age and sex - broad age groups,World Population Prospects,2024,United Nations Population Division,678,Sao Tome and Principe,ST,STP,55,2004,4,Median,2,Female,26,15,null,15+,0,Not applicable,1,Model-based Estimates,2,Interpolation,46513.5
70,Population by age and sex - broad age groups,Population by age and sex - broad age groups,World Population Prospects,2024,United Nations Population Division,678,Sao Tome and Principe,ST,STP,56,2005,4,Median,1,Male,26,15,null,15+,0,Not applicable,1,Model-based Estimates,2,Interpolation,46050.5
70,Population by age and sex - broad age groups,Population by age and sex - broad age groups,World Population Prospects,2024,United Nations Population Division,678,Sao Tome and Principe,ST,STP,56,2005,4,Median,2,Female,26,15,null,15+,0,Not applicable,1,Model-based Estimates,2,Interpolation,47646
70,Population by age and sex - broad age groups,Population by age and sex - broad age groups,World Population Prospects,2024,United Nations Population Division,678,Sao Tome and Principe,ST,STP,57,2006,4,Median,1,Male,26,15,null,15+,0,Not applicable,1,Model-based Estimates,2,Interpolation,47299.5
70,Population by age and sex - broad age groups,Population by age and sex - broad age groups,World Population Prospects,2024,United Nations Population Division,678,Sao Tome and Principe,ST,STP,57,2006,4,Median,2,Female,26,15,null,15+,0,Not applicable,1,Model-based Estimates,2,Interpolation,48776.5
70,Population by age and sex - broad age groups,Population by age and sex - broad age groups,World Population Prospects,2024,United Nations Population Division,678,Sao Tome and Principe,ST,STP,58,2007,4,Median,1,Male,26,15,null,15+,0,Not applicable,1,Model-based Estimates,2,Interpolation,48518
70,Population by age and sex - broad age groups,Population by age and sex - broad age groups,World Population Prospects,2024,United Nations Population Division,678,Sao Tome and Principe,ST,STP,58,2007,4,Median,2,Female,26,15,null,15+,0,Not applicable,1,Model-based Estimates,2,Interpolation,49891
70,Population by age and sex - broad age groups,Population by age and sex - broad age groups,World Population Prospects,2024,United Nations Population Division,678,Sao Tome and Principe,ST,STP,59,2008,4,Median,1,Male,26,15,null,15+,0,Not applicable,1,Model-based Estimates,2,Interpolation,49713
70,Population by age and sex - broad age groups,Population by age and sex - broad age groups,World Population Prospects,2024,United Nations Population Division,678,Sao Tome and Principe,ST,STP,59,2008,4,Median,2,Female,26,15,null,15+,0,Not applicable,1,Model-based Estimates,2,Interpolation,50991
70,Population by age and sex - broad age groups,Population by age and sex - broad age groups,World Population Prospects,2024,United Nations Population Division,678,Sao Tome and Principe,ST,STP,60,2009,4,Median,1,Male,26,15,null,15+,0,Not applicable,1,Model-based Estimates,2,Interpolation,50910
70,Population by age and sex - broad age groups,Population by age and sex - broad age groups,World Population Prospects,2024,United Nations Population Division,678,Sao Tome and Principe,ST,STP,60,2009,4,Median,2,Female,26,15,null,15+,0,Not applicable,1,Model-based Estimates,2,Interpolation,52095.5
70,Population by age and sex - broad age groups,Population by age and sex - broad age groups,World Population Prospects,2024,United Nations Population Division,678,Sao Tome and Principe,ST,STP,61,2010,4,Median,1,Male,26,15,null,15+,0,Not applicable,1,Model-based Estimates,2,Interpolation,52117
70,Population by age and sex - broad age groups,Population by age and sex - broad age groups,World Population Prospects,2024,United Nations Population Division,678,Sao Tome and Principe,ST,STP,61,2010,4,Median,2,Female,26,15,null,15+,0,Not applicable,1,Model-based Estimates,2,Interpolation,53229
70,Population by age and sex - broad age groups,Population by age and sex - broad age groups,World Population Prospects,2024,United Nations Population Division,678,Sao Tome and Principe,ST,STP,62,2011,4,Median,1,Male,26,15,null,15+,0,Not applicable,1,Model-based Estimates,2,Interpolation,53330
70,Population by age and sex - broad age groups,Population by age and sex - broad age groups,World Population Prospects,2024,United Nations Population Division,678,Sao Tome and Principe,ST,STP,62,2011,4,Median,2,Female,26,15,null,15+,0,Not applicable,1,Model-based Estimates,2,Interpolation,54397.5
70,Population by age and sex - broad age groups,Population by age and sex - broad age groups,World Population Prospects,2024,United Nations Population Division,678,Sao Tome and Principe,ST,STP,63,2012,4,Median,1,Male,26,15,null,15+,0,Not applicable,1,Model-based Estimates,2,Interpolation,54460
70,Population by age and sex - broad age groups,Population by age and sex - broad age groups,World Population Prospects,2024,United Nations Population Division,678,Sao Tome and Principe,ST,STP,63,2012,4,Median,2,Female,26,15,null,15+,0,Not applicable,1,Model-based Estimates,2,Interpolation,55460.5
70,Population by age and sex - broad age groups,Population by age and sex - broad age groups,World Population Prospects,2024,United Nations Population Division,678,Sao Tome and Principe,ST,STP,64,2013,4,Median,1,Male,26,15,null,15+,0,Not applicable,1,Model-based Estimates,3,Projection,55518
70,Population by age and sex - broad age groups,Population by age and sex - broad age groups,World Population Prospects,2024,United Nations Population Division,678,Sao Tome and Principe,ST,STP,64,2013,4,Median,2,Female,26,15,null,15+,0,Not applicable,1,Model-based Estimates,3,Projection,56426
70,Population by age and sex - broad age groups,Population by age and sex - broad age groups,World Population Prospects,2024,United Nations Population Division,678,Sao Tome and Principe,ST,STP,65,2014,4,Median,1,Male,26,15,null,15+,0,Not applicable,1,Model-based Estimates,3,Projection,56612
70,Population by age and sex - broad age groups,Population by age and sex - broad age groups,World Population Prospects,2024,United Nations Population Division,678,Sao Tome and Principe,ST,STP,65,2014,4,Median,2,Female,26,15,null,15+,0,Not applicable,1,Model-based Estimates,3,Projection,57450
70,Population by age and sex - broad age groups,Population by age and sex - broad age groups,World Population Prospects,2024,United Nations Population Division,678,Sao Tome and Principe,ST,STP,66,2015,4,Median,1,Male,26,15,null,15+,0,Not applicable,1,Model-based Estimates,3,Projection,57767.5
70,Population by age and sex - broad age groups,Population by age and sex - broad age groups,World Population Prospects,2024,United Nations Population Division,678,Sao Tome and Principe,ST,STP,66,2015,4,Median,2,Female,26,15,null,15+,0,Not applicable,1,Model-based Estimates,3,Projection,58561
70,Population by age and sex - broad age groups,Population by age and sex - broad age groups,World Population Prospects,2024,United Nations Population Division,678,Sao Tome and Principe,ST,STP,67,2016,4,Median,1,Male,26,15,null,15+,0,Not applicable,1,Model-based Estimates,3,Projection,58989.5
70,Population by age and sex - broad age groups,Population by age and sex - broad age groups,World Population Prospects,2024,United Nations Population Division,678,Sao Tome and Principe,ST,STP,67,2016,4,Median,2,Female,26,15,null,15+,0,Not applicable,1,Model-based Estimates,3,Projection,59779.5
70,Population by age and sex - broad age groups,Population by age and sex - broad age groups,World Population Prospects,2024,United Nations Population Division,678,Sao Tome and Principe,ST,STP,68,2017,4,Median,1,Male,26,15,null,15+,0,Not applicable,1,Model-based Estimates,3,Projection,60275
70,Population by age and sex - broad age groups,Population by age and sex - broad age groups,World Population Prospects,2024,United Nations Population Division,678,Sao Tome and Principe,ST,STP,68,2017,4,Median,2,Female,26,15,null,15+,0,Not applicable,1,Model-based Estimates,3,Projection,61097
70,Population by age and sex - broad age groups,Population by age and sex - broad age groups,World Population Prospects,2024,United Nations Population Division,678,Sao Tome and Principe,ST,STP,69,2018,4,Median,1,Male,26,15,null,15+,0,Not applicable,1,Model-based Estimates,3,Projection,61620
70,Population by age and sex - broad age groups,Population by age and sex - broad age groups,World Population Prospects,2024,United Nations Population Division,678,Sao Tome and Principe,ST,STP,69,2018,4,Median,2,Female,26,15,null,15+,0,Not applicable,1,Model-based Estimates,3,Projection,62497
70,Population by age and sex - broad age groups,Population by age and sex - broad age groups,World Population Prospects,2024,United Nations Population Division,678,Sao Tome and Principe,ST,STP,70,2019,4,Median,1,Male,26,15,null,15+,0,Not applicable,1,Model-based Estimates,3,Projection,63044.5
70,Population by age and sex - broad age groups,Population by age and sex - broad age groups,World Population Prospects,2024,United Nations Population Division,678,Sao Tome and Principe,ST,STP,70,2019,4,Median,2,Female,26,15,null,15+,0,Not applicable,1,Model-based Estimates,3,Projection,63981
70,Population by age and sex - broad age groups,Population by age and sex - broad age groups,World Population Prospects,2024,United Nations Population Division,678,Sao Tome and Principe,ST,STP,71,2020,4,Median,1,Male,26,15,null,15+,0,Not applicable,1,Model-based Estimates,3,Projection,64755.5
70,Population by age and sex - broad age groups,Population by age and sex - broad age groups,World Population Prospects,2024,United Nations Population Division,678,Sao Tome and Principe,ST,STP,71,2020,4,Median,2,Female,26,15,null,15+,0,Not applicable,1,Model-based Estimates,3,Projection,65847.5
70,Population by age and sex - broad age groups,Population by age and sex - broad age groups,World Population Prospects,2024,United Nations Population Division,678,Sao Tome and Principe,ST,STP,72,2021,4,Median,1,Male,26,15,null,15+,0,Not applicable,1,Model-based Estimates,3,Projection,66657.5
70,Population by age and sex - broad age groups,Population by age and sex - broad age groups,World Population Prospects,2024,United Nations Population Division,678,Sao Tome and Principe,ST,STP,72,2021,4,Median,2,Female,26,15,null,15+,0,Not applicable,1,Model-based Estimates,3,Projection,67956
70,Population by age and sex - broad age groups,Population by age and sex - broad age groups,World Population Prospects,2024,United Nations Population Division,678,Sao Tome and Principe,ST,STP,73,2022,4,Median,1,Male,26,15,null,15+,0,Not applicable,1,Model-based Estimates,3,Projection,68517.5
70,Population by age and sex - broad age groups,Population by age and sex - broad age groups,World Population Prospects,2024,United Nations Population Division,678,Sao Tome and Principe,ST,STP,73,2022,4,Median,2,Female,26,15,null,15+,0,Not applicable,1,Model-based Estimates,3,Projection,70011.5
70,Population by age and sex - broad age groups,Population by age and sex - broad age groups,World Population Prospects,2024,United Nations Population Division,678,Sao Tome and Principe,ST,STP,74,2023,4,Median,1,Male,26,15,null,15+,0,Not applicable,1,Model-based Estimates,3,Projection,70379.5
70,Population by age and sex - broad age groups,Population by age and sex - broad age groups,World Population Prospects,2024,United Nations Population Division,678,Sao Tome and Principe,ST,STP,74,2023,4,Median,2,Female,26,15,null,15+,0,Not applicable,1,Model-based Estimates,3,Projection,72113.5
70,Population by age and sex - broad age groups,Population by age and sex - broad age groups,World Population Prospects,2024,United Nations Population Division,686,Senegal,SN,SEN,41,1990,4,Median,1,Male,26,15,null,15+,0,Not applicable,1,Model-based Estimates,2,Interpolation,2028036.5
70,Population by age and sex - broad age groups,Population by age and sex - broad age groups,World Population Prospects,2024,United Nations Population Division,686,Senegal,SN,SEN,41,1990,4,Median,2,Female,26,15,null,15+,0,Not applicable,1,Model-based Estimates,2,Interpolation,2092770
70,Population by age and sex - broad age groups,Population by age and sex - broad age groups,World Population Prospects,2024,United Nations Population Division,686,Senegal,SN,SEN,42,1991,4,Median,1,Male,26,15,null,15+,0,Not applicable,1,Model-based Estimates,2,Interpolation,2095611.5
70,Population by age and sex - broad age groups,Population by age and sex - broad age groups,World Population Prospects,2024,United Nations Population Division,686,Senegal,SN,SEN,42,1991,4,Median,2,Female,26,15,null,15+,0,Not applicable,1,Model-based Estimates,2,Interpolation,2164672.5
70,Population by age and sex - broad age groups,Population by age and sex - broad age groups,World Population Prospects,2024,United Nations Population Division,686,Senegal,SN,SEN,43,1992,4,Median,1,Male,26,15,null,15+,0,Not applicable,1,Model-based Estimates,2,Interpolation,2165755
70,Population by age and sex - broad age groups,Population by age and sex - broad age groups,World Population Prospects,2024,United Nations Population Division,686,Senegal,SN,SEN,43,1992,4,Median,2,Female,26,15,null,15+,0,Not applicable,1,Model-based Estimates,2,Interpolation,2239486.5
70,Population by age and sex - broad age groups,Population by age and sex - broad age groups,World Population Prospects,2024,United Nations Population Division,686,Senegal,SN,SEN,44,1993,4,Median,1,Male,26,15,null,15+,0,Not applicable,1,Model-based Estimates,2,Interpolation,2237704.5
70,Population by age and sex - broad age groups,Population by age and sex - broad age groups,World Population Prospects,2024,United Nations Population Division,686,Senegal,SN,SEN,44,1993,4,Median,2,Female,26,15,null,15+,0,Not applicable,1,Model-based Estimates,2,Interpolation,2316663.5
70,Population by age and sex - broad age groups,Population by age and sex - broad age groups,World Population Prospects,2024,United Nations Population Division,686,Senegal,SN,SEN,45,1994,4,Median,1,Male,26,15,null,15+,0,Not applicable,1,Model-based Estimates,2,Interpolation,2309716
70,Population by age and sex - broad age groups,Population by age and sex - broad age groups,World Population Prospects,2024,United Nations Population Division,686,Senegal,SN,SEN,45,1994,4,Median,2,Female,26,15,null,15+,0,Not applicable,1,Model-based Estimates,2,Interpolation,2395093.5
70,Population by age and sex - broad age groups,Population by age and sex - broad age groups,World Population Prospects,2024,United Nations Population Division,686,Senegal,SN,SEN,46,1995,4,Median,1,Male,26,15,null,15+,0,Not applicable,1,Model-based Estimates,2,Interpolation,2379781.5
70,Population by age and sex - broad age groups,Population by age and sex - broad age groups,World Population Prospects,2024,United Nations Population Division,686,Senegal,SN,SEN,46,1995,4,Median,2,Female,26,15,null,15+,0,Not applicable,1,Model-based Estimates,2,Interpolation,2473564
70,Population by age and sex - broad age groups,Population by age and sex - broad age groups,World Population Prospects,2024,United Nations Population Division,686,Senegal,SN,SEN,47,1996,4,Median,1,Male,26,15,null,15+,0,Not applicable,1,Model-based Estimates,2,Interpolation,2447168.5
70,Population by age and sex - broad age groups,Population by age and sex - broad age groups,World Population Prospects,2024,United Nations Population Division,686,Senegal,SN,SEN,47,1996,4,Median,2,Female,26,15,null,15+,0,Not applicable,1,Model-based Estimates,2,Interpolation,2551556.5
70,Population by age and sex - broad age groups,Population by age and sex - broad age groups,World Population Prospects,2024,United Nations Population Division,686,Senegal,SN,SEN,48,1997,4,Median,1,Male,26,15,null,15+,0,Not applicable,1,Model-based Estimates,2,Interpolation,2512493.5
70,Population by age and sex - broad age groups,Population by age and sex - broad age groups,World Population Prospects,2024,United Nations Population Division,686,Senegal,SN,SEN,48,1997,4,Median,2,Female,26,15,null,15+,0,Not applicable,1,Model-based Estimates,2,Interpolation,2629413
70,Population by age and sex - broad age groups,Population by age and sex - broad age groups,World Population Prospects,2024,United Nations Population Division,686,Senegal,SN,SEN,49,1998,4,Median,1,Male,26,15,null,15+,0,Not applicable,1,Model-based Estimates,2,Interpolation,2577891
70,Population by age and sex - broad age groups,Population by age and sex - broad age groups,World Population Prospects,2024,United Nations Population Division,686,Senegal,SN,SEN,49,1998,4,Median,2,Female,26,15,null,15+,0,Not applicable,1,Model-based Estimates,2,Interpolation,2708260.5
70,Population by age and sex - broad age groups,Population by age and sex - broad age groups,World Population Prospects,2024,United Nations Population Division,686,Senegal,SN,SEN,50,1999,4,Median,1,Male,26,15,null,15+,0,Not applicable,1,Model-based Estimates,2,Interpolation,2645527.5
70,Population by age and sex - broad age groups,Population by age and sex - broad age groups,World Population Prospects,2024,United Nations Population Division,686,Senegal,SN,SEN,50,1999,4,Median,2,Female,26,15,null,15+,0,Not applicable,1,Model-based Estimates,2,Interpolation,2788976
70,Population by age and sex - broad age groups,Population by age and sex - broad age groups,World Population Prospects,2024,United Nations Population Division,686,Senegal,SN,SEN,51,2000,4,Median,1,Male,26,15,null,15+,0,Not applicable,1,Model-based Estimates,2,Interpolation,2715654.5
70,Population by age and sex - broad age groups,Population by age and sex - broad age groups,World Population Prospects,2024,United Nations Population Division,686,Senegal,SN,SEN,51,2000,4,Median,2,Female,26,15,null,15+,0,Not applicable,1,Model-based Estimates,2,Interpolation,2871951
70,Population by age and sex - broad age groups,Population by age and sex - broad age groups,World Population Prospects,2024,United Nations Population Division,686,Senegal,SN,SEN,52,2001,4,Median,1,Male,26,15,null,15+,0,Not applicable,1,Model-based Estimates,2,Interpolation,2787867
70,Population by age and sex - broad age groups,Population by age and sex - broad age groups,World Population Prospects,2024,United Nations Population Division,686,Senegal,SN,SEN,52,2001,4,Median,2,Female,26,15,null,15+,0,Not applicable,1,Model-based Estimates,2,Interpolation,2957102.5
70,Population by age and sex - broad age groups,Population by age and sex - broad age groups,World Population Prospects,2024,United Nations Population Division,686,Senegal,SN,SEN,53,2002,4,Median,1,Male,26,15,null,15+,0,Not applicable,1,Model-based Estimates,2,Interpolation,2871121.5
70,Population by age and sex - broad age groups,Population by age and sex - broad age groups,World Population Prospects,2024,United Nations Population Division,686,Senegal,SN,SEN,53,2002,4,Median,2,Female,26,15,null,15+,0,Not applicable,1,Model-based Estimates,2,Interpolation,3044646
70,Population by age and sex - broad age groups,Population by age and sex - broad age groups,World Population Prospects,2024,United Nations Population Division,686,Senegal,SN,SEN,54,2003,4,Median,1,Male,26,15,null,15+,0,Not applicable,1,Model-based Estimates,2,Interpolation,2957677.5
70,Population by age and sex - broad age groups,Population by age and sex - broad age groups,World Population Prospects,2024,United Nations Population Division,686,Senegal,SN,SEN,54,2003,4,Median,2,Female,26,15,null,15+,0,Not applicable,1,Model-based Estimates,2,Interpolation,3129272.5
70,Population by age and sex - broad age groups,Population by age and sex - broad age groups,World Population Prospects,2024,United Nations Population Division,686,Senegal,SN,SEN,55,2004,4,Median,1,Male,26,15,null,15+,0,Not applicable,1,Model-based Estimates,2,Interpolation,3037900.5
70,Population by age and sex - broad age groups,Population by age and sex - broad age groups,World Population Prospects,2024,United Nations Population Division,686,Senegal,SN,SEN,55,2004,4,Median,2,Female,26,15,null,15+,0,Not applicable,1,Model-based Estimates,2,Interpolation,3209873.5
70,Population by age and sex - broad age groups,Population by age and sex - broad age groups,World Population Prospects,2024,United Nations Population Division,686,Senegal,SN,SEN,56,2005,4,Median,1,Male,26,15,null,15+,0,Not applicable,1,Model-based Estimates,2,Interpolation,3119176.5
70,Population by age and sex - broad age groups,Population by age and sex - broad age groups,World Population Prospects,2024,United Nations Population Division,686,Senegal,SN,SEN,56,2005,4,Median,2,Female,26,15,null,15+,0,Not applicable,1,Model-based Estimates,2,Interpolation,3291314.5
70,Population by age and sex - broad age groups,Population by age and sex - broad age groups,World Population Prospects,2024,United Nations Population Division,686,Senegal,SN,SEN,57,2006,4,Median,1,Male,26,15,null,15+,0,Not applicable,1,Model-based Estimates,2,Interpolation,3201161.5
70,Population by age and sex - broad age groups,Population by age and sex - broad age groups,World Population Prospects,2024,United Nations Population Division,686,Senegal,SN,SEN,57,2006,4,Median,2,Female,26,15,null,15+,0,Not applicable,1,Model-based Estimates,2,Interpolation,3373242.5
70,Population by age and sex - broad age groups,Population by age and sex - broad age groups,World Population Prospects,2024,United Nations Population Division,686,Senegal,SN,SEN,58,2007,4,Median,1,Male,26,15,null,15+,0,Not applicable,1,Model-based Estimates,2,Interpolation,3283603
70,Population by age and sex - broad age groups,Population by age and sex - broad age groups,World Population Prospects,2024,United Nations Population Division,686,Senegal,SN,SEN,58,2007,4,Median,2,Female,26,15,null,15+,0,Not applicable,1,Model-based Estimates,2,Interpolation,3455290.5
70,Population by age and sex - broad age groups,Population by age and sex - broad age groups,World Population Prospects,2024,United Nations Population Division,686,Senegal,SN,SEN,59,2008,4,Median,1,Male,26,15,null,15+,0,Not applicable,1,Model-based Estimates,2,Interpolation,3366959
70,Population by age and sex - broad age groups,Population by age and sex - broad age groups,World Population Prospects,2024,United Nations Population Division,686,Senegal,SN,SEN,59,2008,4,Median,2,Female,26,15,null,15+,0,Not applicable,1,Model-based Estimates,2,Interpolation,3538089
70,Population by age and sex - broad age groups,Population by age and sex - broad age groups,World Population Prospects,2024,United Nations Population Division,686,Senegal,SN,SEN,60,2009,4,Median,1,Male,26,15,null,15+,0,Not applicable,1,Model-based Estimates,2,Interpolation,3450961.5
70,Population by age and sex - broad age groups,Population by age and sex - broad age groups,World Population Prospects,2024,United Nations Population Division,686,Senegal,SN,SEN,60,2009,4,Median,2,Female,26,15,null,15+,0,Not applicable,1,Model-based Estimates,2,Interpolation,3622125.5
70,Population by age and sex - broad age groups,Population by age and sex - broad age groups,World Population Prospects,2024,United Nations Population Division,686,Senegal,SN,SEN,61,2010,4,Median,1,Male,26,15,null,15+,0,Not applicable,1,Model-based Estimates,2,Interpolation,3535903.5
70,Population by age and sex - broad age groups,Population by age and sex - broad age groups,World Population Prospects,2024,United Nations Population Division,686,Senegal,SN,SEN,61,2010,4,Median,2,Female,26,15,null,15+,0,Not applicable,1,Model-based Estimates,2,Interpolation,3707595
70,Population by age and sex - broad age groups,Population by age and sex - broad age groups,World Population Prospects,2024,United Nations Population Division,686,Senegal,SN,SEN,62,2011,4,Median,1,Male,26,15,null,15+,0,Not applicable,1,Model-based Estimates,2,Interpolation,3627463.5
70,Population by age and sex - broad age groups,Population by age and sex - broad age groups,World Population Prospects,2024,United Nations Population Division,686,Senegal,SN,SEN,62,2011,4,Median,2,Female,26,15,null,15+,0,Not applicable,1,Model-based Estimates,2,Interpolation,3799945
70,Population by age and sex - broad age groups,Population by age and sex - broad age groups,World Population Prospects,2024,United Nations Population Division,686,Senegal,SN,SEN,63,2012,4,Median,1,Male,26,15,null,15+,0,Not applicable,1,Model-based Estimates,2,Interpolation,3726712
70,Population by age and sex - broad age groups,Population by age and sex - broad age groups,World Population Prospects,2024,United Nations Population Division,686,Senegal,SN,SEN,63,2012,4,Median,2,Female,26,15,null,15+,0,Not applicable,1,Model-based Estimates,2,Interpolation,3900134
70,Population by age and sex - broad age groups,Population by age and sex - broad age groups,World Population Prospects,2024,United Nations Population Division,686,Senegal,SN,SEN,64,2013,4,Median,1,Male,26,15,null,15+,0,Not applicable,1,Model-based Estimates,2,Interpolation,3847022.5
70,Population by age and sex - broad age groups,Population by age and sex - broad age groups,World Population Prospects,2024,United Nations Population Division,686,Senegal,SN,SEN,64,2013,4,Median,2,Female,26,15,null,15+,0,Not applicable,1,Model-based Estimates,2,Interpolation,4011943.5
70,Population by age and sex - broad age groups,Population by age and sex - broad age groups,World Population Prospects,2024,United Nations Population Division,686,Senegal,SN,SEN,65,2014,4,Median,1,Male,26,15,null,15+,0,Not applicable,1,Model-based Estimates,2,Interpolation,3990546
70,Population by age and sex - broad age groups,Population by age and sex - broad age groups,World Population Prospects,2024,United Nations Population Division,686,Senegal,SN,SEN,65,2014,4,Median,2,Female,26,15,null,15+,0,Not applicable,1,Model-based Estimates,2,Interpolation,4137434.5
70,Population by age and sex - broad age groups,Population by age and sex - broad age groups,World Population Prospects,2024,United Nations Population Division,686,Senegal,SN,SEN,66,2015,4,Median,1,Male,26,15,null,15+,0,Not applicable,1,Model-based Estimates,2,Interpolation,4141179.5
70,Population by age and sex - broad age groups,Population by age and sex - broad age groups,World Population Prospects,2024,United Nations Population Division,686,Senegal,SN,SEN,66,2015,4,Median,2,Female,26,15,null,15+,0,Not applicable,1,Model-based Estimates,2,Interpolation,4269781.5
70,Population by age and sex - broad age groups,Population by age and sex - broad age groups,World Population Prospects,2024,United Nations Population Division,686,Senegal,SN,SEN,67,2016,4,Median,1,Male,26,15,null,15+,0,Not applicable,1,Model-based Estimates,2,Interpolation,4297891
70,Population by age and sex - broad age groups,Population by age and sex - broad age groups,World Population Prospects,2024,United Nations Population Division,686,Senegal,SN,SEN,67,2016,4,Median,2,Female,26,15,null,15+,0,Not applicable,1,Model-based Estimates,2,Interpolation,4407658
70,Population by age and sex - broad age groups,Population by age and sex - broad age groups,World Population Prospects,2024,United Nations Population Division,686,Senegal,SN,SEN,68,2017,4,Median,1,Male,26,15,null,15+,0,Not applicable,1,Model-based Estimates,2,Interpolation,4461589.5
70,Population by age and sex - broad age groups,Population by age and sex - broad age groups,World Population Prospects,2024,United Nations Population Division,686,Senegal,SN,SEN,68,2017,4,Median,2,Female,26,15,null,15+,0,Not applicable,1,Model-based Estimates,2,Interpolation,4551649.5
70,Population by age and sex - broad age groups,Population by age and sex - broad age groups,World Population Prospects,2024,United Nations Population Division,686,Senegal,SN,SEN,69,2018,4,Median,1,Male,26,15,null,15+,0,Not applicable,1,Model-based Estimates,2,Interpolation,4633151
70,Population by age and sex - broad age groups,Population by age and sex - broad age groups,World Population Prospects,2024,United Nations Population Division,686,Senegal,SN,SEN,69,2018,4,Median,2,Female,26,15,null,15+,0,Not applicable,1,Model-based Estimates,2,Interpolation,4702470
70,Population by age and sex - broad age groups,Population by age and sex - broad age groups,World Population Prospects,2024,United Nations Population Division,686,Senegal,SN,SEN,70,2019,4,Median,1,Male,26,15,null,15+,0,Not applicable,1,Model-based Estimates,2,Interpolation,4812096
70,Population by age and sex - broad age groups,Population by age and sex - broad age groups,World Population Prospects,2024,United Nations Population Division,686,Senegal,SN,SEN,70,2019,4,Median,2,Female,26,15,null,15+,0,Not applicable,1,Model-based Estimates,2,Interpolation,4859102
70,Population by age and sex - broad age groups,Population by age and sex - broad age groups,World Population Prospects,2024,United Nations Population Division,686,Senegal,SN,SEN,71,2020,4,Median,1,Male,26,15,null,15+,0,Not applicable,1,Model-based Estimates,2,Interpolation,4997349
70,Population by age and sex - broad age groups,Population by age and sex - broad age groups,World Population Prospects,2024,United Nations Population Division,686,Senegal,SN,SEN,71,2020,4,Median,2,Female,26,15,null,15+,0,Not applicable,1,Model-based Estimates,2,Interpolation,5020599
70,Population by age and sex - broad age groups,Population by age and sex - broad age groups,World Population Prospects,2024,United Nations Population Division,686,Senegal,SN,SEN,72,2021,4,Median,1,Male,26,15,null,15+,0,Not applicable,1,Model-based Estimates,2,Interpolation,5187747
70,Population by age and sex - broad age groups,Population by age and sex - broad age groups,World Population Prospects,2024,United Nations Population Division,686,Senegal,SN,SEN,72,2021,4,Median,2,Female,26,15,null,15+,0,Not applicable,1,Model-based Estimates,2,Interpolation,5185711
70,Population by age and sex - broad age groups,Population by age and sex - broad age groups,World Population Prospects,2024,United Nations Population Division,686,Senegal,SN,SEN,73,2022,4,Median,1,Male,26,15,null,15+,0,Not applicable,1,Model-based Estimates,2,Interpolation,5384132
70,Population by age and sex - broad age groups,Population by age and sex - broad age groups,World Population Prospects,2024,United Nations Population Division,686,Senegal,SN,SEN,73,2022,4,Median,2,Female,26,15,null,15+,0,Not applicable,1,Model-based Estimates,2,Interpolation,5354745.5
70,Population by age and sex - broad age groups,Population by age and sex - broad age groups,World Population Prospects,2024,United Nations Population Division,686,Senegal,SN,SEN,74,2023,4,Median,1,Male,26,15,null,15+,0,Not applicable,1,Model-based Estimates,2,Interpolation,5569467
70,Population by age and sex - broad age groups,Population by age and sex - broad age groups,World Population Prospects,2024,United Nations Population Division,686,Senegal,SN,SEN,74,2023,4,Median,2,Female,26,15,null,15+,0,Not applicable,1,Model-based Estimates,2,Interpolation,5524812.5
70,Population by age and sex - broad age groups,Population by age and sex - broad age groups,World Population Prospects,2024,United Nations Population Division,690,Seychelles,SC,SYC,41,1990,4,Median,1,Male,26,15,null,15+,0,Not applicable,1,Model-based Estimates,2,Interpolation,25471
70,Population by age and sex - broad age groups,Population by age and sex - broad age groups,World Population Prospects,2024,United Nations Population Division,690,Seychelles,SC,SYC,41,1990,4,Median,2,Female,26,15,null,15+,0,Not applicable,1,Model-based Estimates,2,Interpolation,24551
70,Population by age and sex - broad age groups,Population by age and sex - broad age groups,World Population Prospects,2024,United Nations Population Division,690,Seychelles,SC,SYC,42,1991,4,Median,1,Male,26,15,null,15+,0,Not applicable,1,Model-based Estimates,2,Interpolation,25951.5
70,Population by age and sex - broad age groups,Population by age and sex - broad age groups,World Population Prospects,2024,United Nations Population Division,690,Seychelles,SC,SYC,42,1991,4,Median,2,Female,26,15,null,15+,0,Not applicable,1,Model-based Estimates,2,Interpolation,24997
70,Population by age and sex - broad age groups,Population by age and sex - broad age groups,World Population Prospects,2024,United Nations Population Division,690,Seychelles,SC,SYC,43,1992,4,Median,1,Male,26,15,null,15+,0,Not applicable,1,Model-based Estimates,2,Interpolation,26403.5
70,Population by age and sex - broad age groups,Population by age and sex - broad age groups,World Population Prospects,2024,United Nations Population Division,690,Seychelles,SC,SYC,43,1992,4,Median,2,Female,26,15,null,15+,0,Not applicable,1,Model-based Estimates,2,Interpolation,25428
70,Population by age and sex - broad age groups,Population by age and sex - broad age groups,World Population Prospects,2024,United Nations Population Division,690,Seychelles,SC,SYC,44,1993,4,Median,1,Male,26,15,null,15+,0,Not applicable,1,Model-based Estimates,2,Interpolation,26854
70,Population by age and sex - broad age groups,Population by age and sex - broad age groups,World Population Prospects,2024,United Nations Population Division,690,Seychelles,SC,SYC,44,1993,4,Median,2,Female,26,15,null,15+,0,Not applicable,1,Model-based Estimates,2,Interpolation,25856
70,Population by age and sex - broad age groups,Population by age and sex - broad age groups,World Population Prospects,2024,United Nations Population Division,690,Seychelles,SC,SYC,45,1994,4,Median,1,Male,26,15,null,15+,0,Not applicable,1,Model-based Estimates,2,Interpolation,27294
70,Population by age and sex - broad age groups,Population by age and sex - broad age groups,World Population Prospects,2024,United Nations Population Division,690,Seychelles,SC,SYC,45,1994,4,Median,2,Female,26,15,null,15+,0,Not applicable,1,Model-based Estimates,2,Interpolation,26308.5
70,Population by age and sex - broad age groups,Population by age and sex - broad age groups,World Population Prospects,2024,United Nations Population Division,690,Seychelles,SC,SYC,46,1995,4,Median,1,Male,26,15,null,15+,0,Not applicable,1,Model-based Estimates,2,Interpolation,27657.5
70,Population by age and sex - broad age groups,Population by age and sex - broad age groups,World Population Prospects,2024,United Nations Population Division,690,Seychelles,SC,SYC,46,1995,4,Median,2,Female,26,15,null,15+,0,Not applicable,1,Model-based Estimates,2,Interpolation,26829.5
70,Population by age and sex - broad age groups,Population by age and sex - broad age groups,World Population Prospects,2024,United Nations Population Division,690,Seychelles,SC,SYC,47,1996,4,Median,1,Male,26,15,null,15+,0,Not applicable,1,Model-based Estimates,2,Interpolation,27969
70,Population by age and sex - broad age groups,Population by age and sex - broad age groups,World Population Prospects,2024,United Nations Population Division,690,Seychelles,SC,SYC,47,1996,4,Median,2,Female,26,15,null,15+,0,Not applicable,1,Model-based Estimates,2,Interpolation,27379.5
70,Population by age and sex - broad age groups,Population by age and sex - broad age groups,World Population Prospects,2024,United Nations Population Division,690,Seychelles,SC,SYC,48,1997,4,Median,1,Male,26,15,null,15+,0,Not applicable,1,Model-based Estimates,2,Interpolation,28364.5
70,Population by age and sex - broad age groups,Population by age and sex - broad age groups,World Population Prospects,2024,United Nations Population Division,690,Seychelles,SC,SYC,48,1997,4,Median,2,Female,26,15,null,15+,0,Not applicable,1,Model-based Estimates,2,Interpolation,27909
70,Population by age and sex - broad age groups,Population by age and sex - broad age groups,World Population Prospects,2024,United Nations Population Division,690,Seychelles,SC,SYC,49,1998,4,Median,1,Male,26,15,null,15+,0,Not applicable,1,Model-based Estimates,2,Interpolation,29011
70,Population by age and sex - broad age groups,Population by age and sex - broad age groups,World Population Prospects,2024,United Nations Population Division,690,Seychelles,SC,SYC,49,1998,4,Median,2,Female,26,15,null,15+,0,Not applicable,1,Model-based Estimates,2,Interpolation,28457.5
70,Population by age and sex - broad age groups,Population by age and sex - broad age groups,World Population Prospects,2024,United Nations Population Division,690,Seychelles,SC,SYC,50,1999,4,Median,1,Male,26,15,null,15+,0,Not applicable,1,Model-based Estimates,2,Interpolation,29824
70,Population by age and sex - broad age groups,Population by age and sex - broad age groups,World Population Prospects,2024,United Nations Population Division,690,Seychelles,SC,SYC,50,1999,4,Median,2,Female,26,15,null,15+,0,Not applicable,1,Model-based Estimates,2,Interpolation,29056
70,Population by age and sex - broad age groups,Population by age and sex - broad age groups,World Population Prospects,2024,United Nations Population Division,690,Seychelles,SC,SYC,51,2000,4,Median,1,Male,26,15,null,15+,0,Not applicable,1,Model-based Estimates,2,Interpolation,30634.5
70,Population by age and sex - broad age groups,Population by age and sex - broad age groups,World Population Prospects,2024,United Nations Population Division,690,Seychelles,SC,SYC,51,2000,4,Median,2,Female,26,15,null,15+,0,Not applicable,1,Model-based Estimates,2,Interpolation,29677
70,Population by age and sex - broad age groups,Population by age and sex - broad age groups,World Population Prospects,2024,United Nations Population Division,690,Seychelles,SC,SYC,52,2001,4,Median,1,Male,26,15,null,15+,0,Not applicable,1,Model-based Estimates,2,Interpolation,31443.5
70,Population by age and sex - broad age groups,Population by age and sex - broad age groups,World Population Prospects,2024,United Nations Population Division,690,Seychelles,SC,SYC,52,2001,4,Median,2,Female,26,15,null,15+,0,Not applicable,1,Model-based Estimates,2,Interpolation,30287
70,Population by age and sex - broad age groups,Population by age and sex - broad age groups,World Population Prospects,2024,United Nations Population Division,690,Seychelles,SC,SYC,53,2002,4,Median,1,Male,26,15,null,15+,0,Not applicable,1,Model-based Estimates,2,Interpolation,32238
70,Population by age and sex - broad age groups,Population by age and sex - broad age groups,World Population Prospects,2024,United Nations Population Division,690,Seychelles,SC,SYC,53,2002,4,Median,2,Female,26,15,null,15+,0,Not applicable,1,Model-based Estimates,2,Interpolation,30862
70,Population by age and sex - broad age groups,Population by age and sex - broad age groups,World Population Prospects,2024,United Nations Population Division,690,Seychelles,SC,SYC,54,2003,4,Median,1,Male,26,15,null,15+,0,Not applicable,1,Model-based Estimates,2,Interpolation,33024.5
70,Population by age and sex - broad age groups,Population by age and sex - broad age groups,World Population Prospects,2024,United Nations Population Division,690,Seychelles,SC,SYC,54,2003,4,Median,2,Female,26,15,null,15+,0,Not applicable,1,Model-based Estimates,2,Interpolation,31374
70,Population by age and sex - broad age groups,Population by age and sex - broad age groups,World Population Prospects,2024,United Nations Population Division,690,Seychelles,SC,SYC,55,2004,4,Median,1,Male,26,15,null,15+,0,Not applicable,1,Model-based Estimates,2,Interpolation,33821.5
70,Population by age and sex - broad age groups,Population by age and sex - broad age groups,World Population Prospects,2024,United Nations Population Division,690,Seychelles,SC,SYC,55,2004,4,Median,2,Female,26,15,null,15+,0,Not applicable,1,Model-based Estimates,2,Interpolation,31837
70,Population by age and sex - broad age groups,Population by age and sex - broad age groups,World Population Prospects,2024,United Nations Population Division,690,Seychelles,SC,SYC,56,2005,4,Median,1,Male,26,15,null,15+,0,Not applicable,1,Model-based Estimates,2,Interpolation,34637
70,Population by age and sex - broad age groups,Population by age and sex - broad age groups,World Population Prospects,2024,United Nations Population Division,690,Seychelles,SC,SYC,56,2005,4,Median,2,Female,26,15,null,15+,0,Not applicable,1,Model-based Estimates,2,Interpolation,32294.5
70,Population by age and sex - broad age groups,Population by age and sex - broad age groups,World Population Prospects,2024,United Nations Population Division,690,Seychelles,SC,SYC,57,2006,4,Median,1,Male,26,15,null,15+,0,Not applicable,1,Model-based Estimates,2,Interpolation,35467.5
70,Population by age and sex - broad age groups,Population by age and sex - broad age groups,World Population Prospects,2024,United Nations Population Division,690,Seychelles,SC,SYC,57,2006,4,Median,2,Female,26,15,null,15+,0,Not applicable,1,Model-based Estimates,2,Interpolation,32765
70,Population by age and sex - broad age groups,Population by age and sex - broad age groups,World Population Prospects,2024,United Nations Population Division,690,Seychelles,SC,SYC,58,2007,4,Median,1,Male,26,15,null,15+,0,Not applicable,1,Model-based Estimates,2,Interpolation,36292
70,Population by age and sex - broad age groups,Population by age and sex - broad age groups,World Population Prospects,2024,United Nations Population Division,690,Seychelles,SC,SYC,58,2007,4,Median,2,Female,26,15,null,15+,0,Not applicable,1,Model-based Estimates,2,Interpolation,33238
70,Population by age and sex - broad age groups,Population by age and sex - broad age groups,World Population Prospects,2024,United Nations Population Division,690,Seychelles,SC,SYC,59,2008,4,Median,1,Male,26,15,null,15+,0,Not applicable,1,Model-based Estimates,2,Interpolation,37115
70,Population by age and sex - broad age groups,Population by age and sex - broad age groups,World Population Prospects,2024,United Nations Population Division,690,Seychelles,SC,SYC,59,2008,4,Median,2,Female,26,15,null,15+,0,Not applicable,1,Model-based Estimates,2,Interpolation,33719.5
70,Population by age and sex - broad age groups,Population by age and sex - broad age groups,World Population Prospects,2024,United Nations Population Division,690,Seychelles,SC,SYC,60,2009,4,Median,1,Male,26,15,null,15+,0,Not applicable,1,Model-based Estimates,2,Interpolation,37945.5
70,Population by age and sex - broad age groups,Population by age and sex - broad age groups,World Population Prospects,2024,United Nations Population Division,690,Seychelles,SC,SYC,60,2009,4,Median,2,Female,26,15,null,15+,0,Not applicable,1,Model-based Estimates,2,Interpolation,34212.5
70,Population by age and sex - broad age groups,Population by age and sex - broad age groups,World Population Prospects,2024,United Nations Population Division,690,Seychelles,SC,SYC,61,2010,4,Median,1,Male,26,15,null,15+,0,Not applicable,1,Model-based Estimates,2,Interpolation,38870.5
70,Population by age and sex - broad age groups,Population by age and sex - broad age groups,World Population Prospects,2024,United Nations Population Division,690,Seychelles,SC,SYC,61,2010,4,Median,2,Female,26,15,null,15+,0,Not applicable,1,Model-based Estimates,2,Interpolation,34743.5
70,Population by age and sex - broad age groups,Population by age and sex - broad age groups,World Population Prospects,2024,United Nations Population Division,690,Seychelles,SC,SYC,62,2011,4,Median,1,Male,26,15,null,15+,0,Not applicable,1,Model-based Estimates,2,Interpolation,40092
70,Population by age and sex - broad age groups,Population by age and sex - broad age groups,World Population Prospects,2024,United Nations Population Division,690,Seychelles,SC,SYC,62,2011,4,Median,2,Female,26,15,null,15+,0,Not applicable,1,Model-based Estimates,2,Interpolation,35411.5
70,Population by age and sex - broad age groups,Population by age and sex - broad age groups,World Population Prospects,2024,United Nations Population Division,690,Seychelles,SC,SYC,63,2012,4,Median,1,Male,26,15,null,15+,0,Not applicable,1,Model-based Estimates,2,Interpolation,41526
70,Population by age and sex - broad age groups,Population by age and sex - broad age groups,World Population Prospects,2024,United Nations Population Division,690,Seychelles,SC,SYC,63,2012,4,Median,2,Female,26,15,null,15+,0,Not applicable,1,Model-based Estimates,2,Interpolation,36165
70,Population by age and sex - broad age groups,Population by age and sex - broad age groups,World Population Prospects,2024,United Nations Population Division,690,Seychelles,SC,SYC,64,2013,4,Median,1,Male,26,15,null,15+,0,Not applicable,1,Model-based Estimates,2,Interpolation,42973
70,Population by age and sex - broad age groups,Population by age and sex - broad age groups,World Population Prospects,2024,United Nations Population Division,690,Seychelles,SC,SYC,64,2013,4,Median,2,Female,26,15,null,15+,0,Not applicable,1,Model-based Estimates,2,Interpolation,36896
70,Population by age and sex - broad age groups,Population by age and sex - broad age groups,World Population Prospects,2024,United Nations Population Division,690,Seychelles,SC,SYC,65,2014,4,Median,1,Male,26,15,null,15+,0,Not applicable,1,Model-based Estimates,2,Interpolation,44432.5
70,Population by age and sex - broad age groups,Population by age and sex - broad age groups,World Population Prospects,2024,United Nations Population Division,690,Seychelles,SC,SYC,65,2014,4,Median,2,Female,26,15,null,15+,0,Not applicable,1,Model-based Estimates,2,Interpolation,37629
70,Population by age and sex - broad age groups,Population by age and sex - broad age groups,World Population Prospects,2024,United Nations Population Division,690,Seychelles,SC,SYC,66,2015,4,Median,1,Male,26,15,null,15+,0,Not applicable,1,Model-based Estimates,2,Interpolation,45923.5
70,Population by age and sex - broad age groups,Population by age and sex - broad age groups,World Population Prospects,2024,United Nations Population Division,690,Seychelles,SC,SYC,66,2015,4,Median,2,Female,26,15,null,15+,0,Not applicable,1,Model-based Estimates,2,Interpolation,38387.5
70,Population by age and sex - broad age groups,Population by age and sex - broad age groups,World Population Prospects,2024,United Nations Population Division,690,Seychelles,SC,SYC,67,2016,4,Median,1,Male,26,15,null,15+,0,Not applicable,1,Model-based Estimates,2,Interpolation,47418
70,Population by age and sex - broad age groups,Population by age and sex - broad age groups,World Population Prospects,2024,United Nations Population Division,690,Seychelles,SC,SYC,67,2016,4,Median,2,Female,26,15,null,15+,0,Not applicable,1,Model-based Estimates,2,Interpolation,39150
70,Population by age and sex - broad age groups,Population by age and sex - broad age groups,World Population Prospects,2024,United Nations Population Division,690,Seychelles,SC,SYC,68,2017,4,Median,1,Male,26,15,null,15+,0,Not applicable,1,Model-based Estimates,2,Interpolation,48893.5
70,Population by age and sex - broad age groups,Population by age and sex - broad age groups,World Population Prospects,2024,United Nations Population Division,690,Seychelles,SC,SYC,68,2017,4,Median,2,Female,26,15,null,15+,0,Not applicable,1,Model-based Estimates,2,Interpolation,39905.5
70,Population by age and sex - broad age groups,Population by age and sex - broad age groups,World Population Prospects,2024,United Nations Population Division,690,Seychelles,SC,SYC,69,2018,4,Median,1,Male,26,15,null,15+,0,Not applicable,1,Model-based Estimates,2,Interpolation,50358
70,Population by age and sex - broad age groups,Population by age and sex - broad age groups,World Population Prospects,2024,United Nations Population Division,690,Seychelles,SC,SYC,69,2018,4,Median,2,Female,26,15,null,15+,0,Not applicable,1,Model-based Estimates,2,Interpolation,40667
70,Population by age and sex - broad age groups,Population by age and sex - broad age groups,World Population Prospects,2024,United Nations Population Division,690,Seychelles,SC,SYC,70,2019,4,Median,1,Male,26,15,null,15+,0,Not applicable,1,Model-based Estimates,2,Interpolation,51811.5
70,Population by age and sex - broad age groups,Population by age and sex - broad age groups,World Population Prospects,2024,United Nations Population Division,690,Seychelles,SC,SYC,70,2019,4,Median,2,Female,26,15,null,15+,0,Not applicable,1,Model-based Estimates,2,Interpolation,41442.5
70,Population by age and sex - broad age groups,Population by age and sex - broad age groups,World Population Prospects,2024,United Nations Population Division,690,Seychelles,SC,SYC,71,2020,4,Median,1,Male,26,15,null,15+,0,Not applicable,1,Model-based Estimates,2,Interpolation,53274.5
70,Population by age and sex - broad age groups,Population by age and sex - broad age groups,World Population Prospects,2024,United Nations Population Division,690,Seychelles,SC,SYC,71,2020,4,Median,2,Female,26,15,null,15+,0,Not applicable,1,Model-based Estimates,2,Interpolation,42249.5
70,Population by age and sex - broad age groups,Population by age and sex - broad age groups,World Population Prospects,2024,United Nations Population Division,690,Seychelles,SC,SYC,72,2021,4,Median,1,Male,26,15,null,15+,0,Not applicable,1,Model-based Estimates,2,Interpolation,54755
70,Population by age and sex - broad age groups,Population by age and sex - broad age groups,World Population Prospects,2024,United Nations Population Division,690,Seychelles,SC,SYC,72,2021,4,Median,2,Female,26,15,null,15+,0,Not applicable,1,Model-based Estimates,2,Interpolation,43083.5
70,Population by age and sex - broad age groups,Population by age and sex - broad age groups,World Population Prospects,2024,United Nations Population Division,690,Seychelles,SC,SYC,73,2022,4,Median,1,Male,26,15,null,15+,0,Not applicable,1,Model-based Estimates,2,Interpolation,56137.5
70,Population by age and sex - broad age groups,Population by age and sex - broad age groups,World Population Prospects,2024,United Nations Population Division,690,Seychelles,SC,SYC,73,2022,4,Median,2,Female,26,15,null,15+,0,Not applicable,1,Model-based Estimates,2,Interpolation,43891
70,Population by age and sex - broad age groups,Population by age and sex - broad age groups,World Population Prospects,2024,United Nations Population Division,690,Seychelles,SC,SYC,74,2023,4,Median,1,Male,26,15,null,15+,0,Not applicable,1,Model-based Estimates,3,Projection,57446.5
70,Population by age and sex - broad age groups,Population by age and sex - broad age groups,World Population Prospects,2024,United Nations Population Division,690,Seychelles,SC,SYC,74,2023,4,Median,2,Female,26,15,null,15+,0,Not applicable,1,Model-based Estimates,3,Projection,44735
70,Population by age and sex - broad age groups,Population by age and sex - broad age groups,World Population Prospects,2024,United Nations Population Division,694,Sierra Leone,SL,SLE,41,1990,4,Median,1,Male,26,15,null,15+,0,Not applicable,1,Model-based Estimates,2,Interpolation,1167532.5
70,Population by age and sex - broad age groups,Population by age and sex - broad age groups,World Population Prospects,2024,United Nations Population Division,694,Sierra Leone,SL,SLE,41,1990,4,Median,2,Female,26,15,null,15+,0,Not applicable,1,Model-based Estimates,2,Interpolation,1227498.5
70,Population by age and sex - broad age groups,Population by age and sex - broad age groups,World Population Prospects,2024,United Nations Population Division,694,Sierra Leone,SL,SLE,42,1991,4,Median,1,Male,26,15,null,15+,0,Not applicable,1,Model-based Estimates,2,Interpolation,1180029
70,Population by age and sex - broad age groups,Population by age and sex - broad age groups,World Population Prospects,2024,United Nations Population Division,694,Sierra Leone,SL,SLE,42,1991,4,Median,2,Female,26,15,null,15+,0,Not applicable,1,Model-based Estimates,2,Interpolation,1239922.5
70,Population by age and sex - broad age groups,Population by age and sex - broad age groups,World Population Prospects,2024,United Nations Population Division,694,Sierra Leone,SL,SLE,43,1992,4,Median,1,Male,26,15,null,15+,0,Not applicable,1,Model-based Estimates,2,Interpolation,1156307
70,Population by age and sex - broad age groups,Population by age and sex - broad age groups,World Population Prospects,2024,United Nations Population Division,694,Sierra Leone,SL,SLE,43,1992,4,Median,2,Female,26,15,null,15+,0,Not applicable,1,Model-based Estimates,2,Interpolation,1214455.5
70,Population by age and sex - broad age groups,Population by age and sex - broad age groups,World Population Prospects,2024,United Nations Population Division,694,Sierra Leone,SL,SLE,44,1993,4,Median,1,Male,26,15,null,15+,0,Not applicable,1,Model-based Estimates,2,Interpolation,1152227.5
70,Population by age and sex - broad age groups,Population by age and sex - broad age groups,World Population Prospects,2024,United Nations Population Division,694,Sierra Leone,SL,SLE,44,1993,4,Median,2,Female,26,15,null,15+,0,Not applicable,1,Model-based Estimates,2,Interpolation,1209603.5
70,Population by age and sex - broad age groups,Population by age and sex - broad age groups,World Population Prospects,2024,United Nations Population Division,694,Sierra Leone,SL,SLE,45,1994,4,Median,1,Male,26,15,null,15+,0,Not applicable,1,Model-based Estimates,2,Interpolation,1154981
70,Population by age and sex - broad age groups,Population by age and sex - broad age groups,World Population Prospects,2024,United Nations Population Division,694,Sierra Leone,SL,SLE,45,1994,4,Median,2,Female,26,15,null,15+,0,Not applicable,1,Model-based Estimates,2,Interpolation,1212131.5
70,Population by age and sex - broad age groups,Population by age and sex - broad age groups,World Population Prospects,2024,United Nations Population Division,694,Sierra Leone,SL,SLE,46,1995,4,Median,1,Male,26,15,null,15+,0,Not applicable,1,Model-based Estimates,2,Interpolation,1154714.5
70,Population by age and sex - broad age groups,Population by age and sex - broad age groups,World Population Prospects,2024,United Nations Population Division,694,Sierra Leone,SL,SLE,46,1995,4,Median,2,Female,26,15,null,15+,0,Not applicable,1,Model-based Estimates,2,Interpolation,1211967
70,Population by age and sex - broad age groups,Population by age and sex - broad age groups,World Population Prospects,2024,United Nations Population Division,694,Sierra Leone,SL,SLE,47,1996,4,Median,1,Male,26,15,null,15+,0,Not applicable,1,Model-based Estimates,2,Interpolation,1158525.5
70,Population by age and sex - broad age groups,Population by age and sex - broad age groups,World Population Prospects,2024,United Nations Population Division,694,Sierra Leone,SL,SLE,47,1996,4,Median,2,Female,26,15,null,15+,0,Not applicable,1,Model-based Estimates,2,Interpolation,1215701
70,Population by age and sex - broad age groups,Population by age and sex - broad age groups,World Population Prospects,2024,United Nations Population Division,694,Sierra Leone,SL,SLE,48,1997,4,Median,1,Male,26,15,null,15+,0,Not applicable,1,Model-based Estimates,2,Interpolation,1172264
70,Population by age and sex - broad age groups,Population by age and sex - broad age groups,World Population Prospects,2024,United Nations Population Division,694,Sierra Leone,SL,SLE,48,1997,4,Median,2,Female,26,15,null,15+,0,Not applicable,1,Model-based Estimates,2,Interpolation,1229245.5
70,Population by age and sex - broad age groups,Population by age and sex - broad age groups,World Population Prospects,2024,United Nations Population Division,694,Sierra Leone,SL,SLE,49,1998,4,Median,1,Male,26,15,null,15+,0,Not applicable,1,Model-based Estimates,2,Interpolation,1181894.5
70,Population by age and sex - broad age groups,Population by age and sex - broad age groups,World Population Prospects,2024,United Nations Population Division,694,Sierra Leone,SL,SLE,49,1998,4,Median,2,Female,26,15,null,15+,0,Not applicable,1,Model-based Estimates,2,Interpolation,1239594
70,Population by age and sex - broad age groups,Population by age and sex - broad age groups,World Population Prospects,2024,United Nations Population Division,694,Sierra Leone,SL,SLE,50,1999,4,Median,1,Male,26,15,null,15+,0,Not applicable,1,Model-based Estimates,2,Interpolation,1183831.5
70,Population by age and sex - broad age groups,Population by age and sex - broad age groups,World Population Prospects,2024,United Nations Population Division,694,Sierra Leone,SL,SLE,50,1999,4,Median,2,Female,26,15,null,15+,0,Not applicable,1,Model-based Estimates,2,Interpolation,1245180.5
70,Population by age and sex - broad age groups,Population by age and sex - broad age groups,World Population Prospects,2024,United Nations Population Division,694,Sierra Leone,SL,SLE,51,2000,4,Median,1,Male,26,15,null,15+,0,Not applicable,1,Model-based Estimates,2,Interpolation,1209727
70,Population by age and sex - broad age groups,Population by age and sex - broad age groups,World Population Prospects,2024,United Nations Population Division,694,Sierra Leone,SL,SLE,51,2000,4,Median,2,Female,26,15,null,15+,0,Not applicable,1,Model-based Estimates,2,Interpolation,1274514
70,Population by age and sex - broad age groups,Population by age and sex - broad age groups,World Population Prospects,2024,United Nations Population Division,694,Sierra Leone,SL,SLE,52,2001,4,Median,1,Male,26,15,null,15+,0,Not applicable,1,Model-based Estimates,2,Interpolation,1283185.5
70,Population by age and sex - broad age groups,Population by age and sex - broad age groups,World Population Prospects,2024,United Nations Population Division,694,Sierra Leone,SL,SLE,52,2001,4,Median,2,Female,26,15,null,15+,0,Not applicable,1,Model-based Estimates,2,Interpolation,1350117
70,Population by age and sex - broad age groups,Population by age and sex - broad age groups,World Population Prospects,2024,United Nations Population Division,694,Sierra Leone,SL,SLE,53,2002,4,Median,1,Male,26,15,null,15+,0,Not applicable,1,Model-based Estimates,2,Interpolation,1359833
70,Population by age and sex - broad age groups,Population by age and sex - broad age groups,World Population Prospects,2024,United Nations Population Division,694,Sierra Leone,SL,SLE,53,2002,4,Median,2,Female,26,15,null,15+,0,Not applicable,1,Model-based Estimates,2,Interpolation,1428571
70,Population by age and sex - broad age groups,Population by age and sex - broad age groups,World Population Prospects,2024,United Nations Population Division,694,Sierra Leone,SL,SLE,54,2003,4,Median,1,Male,26,15,null,15+,0,Not applicable,1,Model-based Estimates,2,Interpolation,1417490
70,Population by age and sex - broad age groups,Population by age and sex - broad age groups,World Population Prospects,2024,United Nations Population Division,694,Sierra Leone,SL,SLE,54,2003,4,Median,2,Female,26,15,null,15+,0,Not applicable,1,Model-based Estimates,2,Interpolation,1486491.5
70,Population by age and sex - broad age groups,Population by age and sex - broad age groups,World Population Prospects,2024,United Nations Population Division,694,Sierra Leone,SL,SLE,55,2004,4,Median,1,Male,26,15,null,15+,0,Not applicable,1,Model-based Estimates,2,Interpolation,1468465
70,Population by age and sex - broad age groups,Population by age and sex - broad age groups,World Population Prospects,2024,United Nations Population Division,694,Sierra Leone,SL,SLE,55,2004,4,Median,2,Female,26,15,null,15+,0,Not applicable,1,Model-based Estimates,2,Interpolation,1537142
70,Population by age and sex - broad age groups,Population by age and sex - broad age groups,World Population Prospects,2024,United Nations Population Division,694,Sierra Leone,SL,SLE,56,2005,4,Median,1,Male,26,15,null,15+,0,Not applicable,1,Model-based Estimates,2,Interpolation,1511694.5
70,Population by age and sex - broad age groups,Population by age and sex - broad age groups,World Population Prospects,2024,United Nations Population Division,694,Sierra Leone,SL,SLE,56,2005,4,Median,2,Female,26,15,null,15+,0,Not applicable,1,Model-based Estimates,2,Interpolation,1579437
70,Population by age and sex - broad age groups,Population by age and sex - broad age groups,World Population Prospects,2024,United Nations Population Division,694,Sierra Leone,SL,SLE,57,2006,4,Median,1,Male,26,15,null,15+,0,Not applicable,1,Model-based Estimates,2,Interpolation,1549217.5
70,Population by age and sex - broad age groups,Population by age and sex - broad age groups,World Population Prospects,2024,United Nations Population Division,694,Sierra Leone,SL,SLE,57,2006,4,Median,2,Female,26,15,null,15+,0,Not applicable,1,Model-based Estimates,2,Interpolation,1615625
70,Population by age and sex - broad age groups,Population by age and sex - broad age groups,World Population Prospects,2024,United Nations Population Division,694,Sierra Leone,SL,SLE,58,2007,4,Median,1,Male,26,15,null,15+,0,Not applicable,1,Model-based Estimates,2,Interpolation,1587983
70,Population by age and sex - broad age groups,Population by age and sex - broad age groups,World Population Prospects,2024,United Nations Population Division,694,Sierra Leone,SL,SLE,58,2007,4,Median,2,Female,26,15,null,15+,0,Not applicable,1,Model-based Estimates,2,Interpolation,1653108
70,Population by age and sex - broad age groups,Population by age and sex - broad age groups,World Population Prospects,2024,United Nations Population Division,694,Sierra Leone,SL,SLE,59,2008,4,Median,1,Male,26,15,null,15+,0,Not applicable,1,Model-based Estimates,2,Interpolation,1633137.5
70,Population by age and sex - broad age groups,Population by age and sex - broad age groups,World Population Prospects,2024,United Nations Population Division,694,Sierra Leone,SL,SLE,59,2008,4,Median,2,Female,26,15,null,15+,0,Not applicable,1,Model-based Estimates,2,Interpolation,1697249
70,Population by age and sex - broad age groups,Population by age and sex - broad age groups,World Population Prospects,2024,United Nations Population Division,694,Sierra Leone,SL,SLE,60,2009,4,Median,1,Male,26,15,null,15+,0,Not applicable,1,Model-based Estimates,2,Interpolation,1683247
70,Population by age and sex - broad age groups,Population by age and sex - broad age groups,World Population Prospects,2024,United Nations Population Division,694,Sierra Leone,SL,SLE,60,2009,4,Median,2,Female,26,15,null,15+,0,Not applicable,1,Model-based Estimates,2,Interpolation,1746647
70,Population by age and sex - broad age groups,Population by age and sex - broad age groups,World Population Prospects,2024,United Nations Population Division,694,Sierra Leone,SL,SLE,61,2010,4,Median,1,Male,26,15,null,15+,0,Not applicable,1,Model-based Estimates,2,Interpolation,1735620.5
70,Population by age and sex - broad age groups,Population by age and sex - broad age groups,World Population Prospects,2024,United Nations Population Division,694,Sierra Leone,SL,SLE,61,2010,4,Median,2,Female,26,15,null,15+,0,Not applicable,1,Model-based Estimates,2,Interpolation,1798708
70,Population by age and sex - broad age groups,Population by age and sex - broad age groups,World Population Prospects,2024,United Nations Population Division,694,Sierra Leone,SL,SLE,62,2011,4,Median,1,Male,26,15,null,15+,0,Not applicable,1,Model-based Estimates,2,Interpolation,1788474
70,Population by age and sex - broad age groups,Population by age and sex - broad age groups,World Population Prospects,2024,United Nations Population Division,694,Sierra Leone,SL,SLE,62,2011,4,Median,2,Female,26,15,null,15+,0,Not applicable,1,Model-based Estimates,2,Interpolation,1851076.5
70,Population by age and sex - broad age groups,Population by age and sex - broad age groups,World Population Prospects,2024,United Nations Population Division,694,Sierra Leone,SL,SLE,63,2012,4,Median,1,Male,26,15,null,15+,0,Not applicable,1,Model-based Estimates,2,Interpolation,1842955
70,Population by age and sex - broad age groups,Population by age and sex - broad age groups,World Population Prospects,2024,United Nations Population Division,694,Sierra Leone,SL,SLE,63,2012,4,Median,2,Female,26,15,null,15+,0,Not applicable,1,Model-based Estimates,2,Interpolation,1904483
70,Population by age and sex - broad age groups,Population by age and sex - broad age groups,World Population Prospects,2024,United Nations Population Division,694,Sierra Leone,SL,SLE,64,2013,4,Median,1,Male,26,15,null,15+,0,Not applicable,1,Model-based Estimates,2,Interpolation,1899376.5
70,Population by age and sex - broad age groups,Population by age and sex - broad age groups,World Population Prospects,2024,United Nations Population Division,694,Sierra Leone,SL,SLE,64,2013,4,Median,2,Female,26,15,null,15+,0,Not applicable,1,Model-based Estimates,2,Interpolation,1959460.5
70,Population by age and sex - broad age groups,Population by age and sex - broad age groups,World Population Prospects,2024,United Nations Population Division,694,Sierra Leone,SL,SLE,65,2014,4,Median,1,Male,26,15,null,15+,0,Not applicable,1,Model-based Estimates,2,Interpolation,1958006
70,Population by age and sex - broad age groups,Population by age and sex - broad age groups,World Population Prospects,2024,United Nations Population Division,694,Sierra Leone,SL,SLE,65,2014,4,Median,2,Female,26,15,null,15+,0,Not applicable,1,Model-based Estimates,2,Interpolation,2016366.5
70,Population by age and sex - broad age groups,Population by age and sex - broad age groups,World Population Prospects,2024,United Nations Population Division,694,Sierra Leone,SL,SLE,66,2015,4,Median,1,Male,26,15,null,15+,0,Not applicable,1,Model-based Estimates,2,Interpolation,2018681.5
70,Population by age and sex - broad age groups,Population by age and sex - broad age groups,World Population Prospects,2024,United Nations Population Division,694,Sierra Leone,SL,SLE,66,2015,4,Median,2,Female,26,15,null,15+,0,Not applicable,1,Model-based Estimates,2,Interpolation,2074891.5
70,Population by age and sex - broad age groups,Population by age and sex - broad age groups,World Population Prospects,2024,United Nations Population Division,694,Sierra Leone,SL,SLE,67,2016,4,Median,1,Male,26,15,null,15+,0,Not applicable,1,Model-based Estimates,3,Projection,2083063.5
70,Population by age and sex - broad age groups,Population by age and sex - broad age groups,World Population Prospects,2024,United Nations Population Division,694,Sierra Leone,SL,SLE,67,2016,4,Median,2,Female,26,15,null,15+,0,Not applicable,1,Model-based Estimates,3,Projection,2136667
70,Population by age and sex - broad age groups,Population by age and sex - broad age groups,World Population Prospects,2024,United Nations Population Division,694,Sierra Leone,SL,SLE,68,2017,4,Median,1,Male,26,15,null,15+,0,Not applicable,1,Model-based Estimates,3,Projection,2150461
70,Population by age and sex - broad age groups,Population by age and sex - broad age groups,World Population Prospects,2024,United Nations Population Division,694,Sierra Leone,SL,SLE,68,2017,4,Median,2,Female,26,15,null,15+,0,Not applicable,1,Model-based Estimates,3,Projection,2201535
70,Population by age and sex - broad age groups,Population by age and sex - broad age groups,World Population Prospects,2024,United Nations Population Division,694,Sierra Leone,SL,SLE,69,2018,4,Median,1,Male,26,15,null,15+,0,Not applicable,1,Model-based Estimates,3,Projection,2218913
70,Population by age and sex - broad age groups,Population by age and sex - broad age groups,World Population Prospects,2024,United Nations Population Division,694,Sierra Leone,SL,SLE,69,2018,4,Median,2,Female,26,15,null,15+,0,Not applicable,1,Model-based Estimates,3,Projection,2268125.5
70,Population by age and sex - broad age groups,Population by age and sex - broad age groups,World Population Prospects,2024,United Nations Population Division,694,Sierra Leone,SL,SLE,70,2019,4,Median,1,Male,26,15,null,15+,0,Not applicable,1,Model-based Estimates,3,Projection,2287893
70,Population by age and sex - broad age groups,Population by age and sex - broad age groups,World Population Prospects,2024,United Nations Population Division,694,Sierra Leone,SL,SLE,70,2019,4,Median,2,Female,26,15,null,15+,0,Not applicable,1,Model-based Estimates,3,Projection,2335730
70,Population by age and sex - broad age groups,Population by age and sex - broad age groups,World Population Prospects,2024,United Nations Population Division,694,Sierra Leone,SL,SLE,71,2020,4,Median,1,Male,26,15,null,15+,0,Not applicable,1,Model-based Estimates,3,Projection,2357728
70,Population by age and sex - broad age groups,Population by age and sex - broad age groups,World Population Prospects,2024,United Nations Population Division,694,Sierra Leone,SL,SLE,71,2020,4,Median,2,Female,26,15,null,15+,0,Not applicable,1,Model-based Estimates,3,Projection,2404750
70,Population by age and sex - broad age groups,Population by age and sex - broad age groups,World Population Prospects,2024,United Nations Population Division,694,Sierra Leone,SL,SLE,72,2021,4,Median,1,Male,26,15,null,15+,0,Not applicable,1,Model-based Estimates,3,Projection,2429220.5
70,Population by age and sex - broad age groups,Population by age and sex - broad age groups,World Population Prospects,2024,United Nations Population Division,694,Sierra Leone,SL,SLE,72,2021,4,Median,2,Female,26,15,null,15+,0,Not applicable,1,Model-based Estimates,3,Projection,2475682
70,Population by age and sex - broad age groups,Population by age and sex - broad age groups,World Population Prospects,2024,United Nations Population Division,694,Sierra Leone,SL,SLE,73,2022,4,Median,1,Male,26,15,null,15+,0,Not applicable,1,Model-based Estimates,3,Projection,2502334
70,Population by age and sex - broad age groups,Population by age and sex - broad age groups,World Population Prospects,2024,United Nations Population Division,694,Sierra Leone,SL,SLE,73,2022,4,Median,2,Female,26,15,null,15+,0,Not applicable,1,Model-based Estimates,3,Projection,2548485
70,Population by age and sex - broad age groups,Population by age and sex - broad age groups,World Population Prospects,2024,United Nations Population Division,694,Sierra Leone,SL,SLE,74,2023,4,Median,1,Male,26,15,null,15+,0,Not applicable,1,Model-based Estimates,3,Projection,2577126.5
70,Population by age and sex - broad age groups,Population by age and sex - broad age groups,World Population Prospects,2024,United Nations Population Division,694,Sierra Leone,SL,SLE,74,2023,4,Median,2,Female,26,15,null,15+,0,Not applicable,1,Model-based Estimates,3,Projection,2623405.5
70,Population by age and sex - broad age groups,Population by age and sex - broad age groups,World Population Prospects,2024,United Nations Population Division,706,Somalia,SO,SOM,41,1990,4,Median,1,Male,26,15,null,15+,0,Not applicable,1,Model-based Estimates,3,Projection,1845654
70,Population by age and sex - broad age groups,Population by age and sex - broad age groups,World Population Prospects,2024,United Nations Population Division,706,Somalia,SO,SOM,41,1990,4,Median,2,Female,26,15,null,15+,0,Not applicable,1,Model-based Estimates,3,Projection,1907378
70,Population by age and sex - broad age groups,Population by age and sex - broad age groups,World Population Prospects,2024,United Nations Population Division,706,Somalia,SO,SOM,42,1991,4,Median,1,Male,26,15,null,15+,0,Not applicable,1,Model-based Estimates,3,Projection,1772349.5
70,Population by age and sex - broad age groups,Population by age and sex - broad age groups,World Population Prospects,2024,United Nations Population Division,706,Somalia,SO,SOM,42,1991,4,Median,2,Female,26,15,null,15+,0,Not applicable,1,Model-based Estimates,3,Projection,1841680.5
70,Population by age and sex - broad age groups,Population by age and sex - broad age groups,World Population Prospects,2024,United Nations Population Division,706,Somalia,SO,SOM,43,1992,4,Median,1,Male,26,15,null,15+,0,Not applicable,1,Model-based Estimates,3,Projection,1700403.5
70,Population by age and sex - broad age groups,Population by age and sex - broad age groups,World Population Prospects,2024,United Nations Population Division,706,Somalia,SO,SOM,43,1992,4,Median,2,Female,26,15,null,15+,0,Not applicable,1,Model-based Estimates,3,Projection,1774728
70,Population by age and sex - broad age groups,Population by age and sex - broad age groups,World Population Prospects,2024,United Nations Population Division,706,Somalia,SO,SOM,44,1993,4,Median,1,Male,26,15,null,15+,0,Not applicable,1,Model-based Estimates,3,Projection,1753170.5
70,Population by age and sex - broad age groups,Population by age and sex - broad age groups,World Population Prospects,2024,United Nations Population Division,706,Somalia,SO,SOM,44,1993,4,Median,2,Female,26,15,null,15+,0,Not applicable,1,Model-based Estimates,3,Projection,1830568
70,Population by age and sex - broad age groups,Population by age and sex - broad age groups,World Population Prospects,2024,United Nations Population Division,706,Somalia,SO,SOM,45,1994,4,Median,1,Male,26,15,null,15+,0,Not applicable,1,Model-based Estimates,3,Projection,1838830
70,Population by age and sex - broad age groups,Population by age and sex - broad age groups,World Population Prospects,2024,United Nations Population Division,706,Somalia,SO,SOM,45,1994,4,Median,2,Female,26,15,null,15+,0,Not applicable,1,Model-based Estimates,3,Projection,1917065.5
70,Population by age and sex - broad age groups,Population by age and sex - broad age groups,World Population Prospects,2024,United Nations Population Division,706,Somalia,SO,SOM,46,1995,4,Median,1,Male,26,15,null,15+,0,Not applicable,1,Model-based Estimates,3,Projection,1901791.5
70,Population by age and sex - broad age groups,Population by age and sex - broad age groups,World Population Prospects,2024,United Nations Population Division,706,Somalia,SO,SOM,46,1995,4,Median,2,Female,26,15,null,15+,0,Not applicable,1,Model-based Estimates,3,Projection,1979742.5
70,Population by age and sex - broad age groups,Population by age and sex - broad age groups,World Population Prospects,2024,United Nations Population Division,706,Somalia,SO,SOM,47,1996,4,Median,1,Male,26,15,null,15+,0,Not applicable,1,Model-based Estimates,3,Projection,1967982.5
70,Population by age and sex - broad age groups,Population by age and sex - broad age groups,World Population Prospects,2024,United Nations Population Division,706,Somalia,SO,SOM,47,1996,4,Median,2,Female,26,15,null,15+,0,Not applicable,1,Model-based Estimates,3,Projection,2045772
70,Population by age and sex - broad age groups,Population by age and sex - broad age groups,World Population Prospects,2024,United Nations Population Division,706,Somalia,SO,SOM,48,1997,4,Median,1,Male,26,15,null,15+,0,Not applicable,1,Model-based Estimates,3,Projection,2034682.5
70,Population by age and sex - broad age groups,Population by age and sex - broad age groups,World Population Prospects,2024,United Nations Population Division,706,Somalia,SO,SOM,48,1997,4,Median,2,Female,26,15,null,15+,0,Not applicable,1,Model-based Estimates,3,Projection,2112048.5
70,Population by age and sex - broad age groups,Population by age and sex - broad age groups,World Population Prospects,2024,United Nations Population Division,706,Somalia,SO,SOM,49,1998,4,Median,1,Male,26,15,null,15+,0,Not applicable,1,Model-based Estimates,3,Projection,2117326.5
70,Population by age and sex - broad age groups,Population by age and sex - broad age groups,World Population Prospects,2024,United Nations Population Division,706,Somalia,SO,SOM,49,1998,4,Median,2,Female,26,15,null,15+,0,Not applicable,1,Model-based Estimates,3,Projection,2194583.5
70,Population by age and sex - broad age groups,Population by age and sex - broad age groups,World Population Prospects,2024,United Nations Population Division,706,Somalia,SO,SOM,50,1999,4,Median,1,Male,26,15,null,15+,0,Not applicable,1,Model-based Estimates,3,Projection,2201409
70,Population by age and sex - broad age groups,Population by age and sex - broad age groups,World Population Prospects,2024,United Nations Population Division,706,Somalia,SO,SOM,50,1999,4,Median,2,Female,26,15,null,15+,0,Not applicable,1,Model-based Estimates,3,Projection,2278422
70,Population by age and sex - broad age groups,Population by age and sex - broad age groups,World Population Prospects,2024,United Nations Population Division,706,Somalia,SO,SOM,51,2000,4,Median,1,Male,26,15,null,15+,0,Not applicable,1,Model-based Estimates,3,Projection,2288213
70,Population by age and sex - broad age groups,Population by age and sex - broad age groups,World Population Prospects,2024,United Nations Population Division,706,Somalia,SO,SOM,51,2000,4,Median,2,Female,26,15,null,15+,0,Not applicable,1,Model-based Estimates,3,Projection,2364817
70,Population by age and sex - broad age groups,Population by age and sex - broad age groups,World Population Prospects,2024,United Nations Population Division,706,Somalia,SO,SOM,52,2001,4,Median,1,Male,26,15,null,15+,0,Not applicable,1,Model-based Estimates,3,Projection,2378465.5
70,Population by age and sex - broad age groups,Population by age and sex - broad age groups,World Population Prospects,2024,United Nations Population Division,706,Somalia,SO,SOM,52,2001,4,Median,2,Female,26,15,null,15+,0,Not applicable,1,Model-based Estimates,3,Projection,2454397
70,Population by age and sex - broad age groups,Population by age and sex - broad age groups,World Population Prospects,2024,United Nations Population Division,706,Somalia,SO,SOM,53,2002,4,Median,1,Male,26,15,null,15+,0,Not applicable,1,Model-based Estimates,3,Projection,2466227
70,Population by age and sex - broad age groups,Population by age and sex - broad age groups,World Population Prospects,2024,United Nations Population Division,706,Somalia,SO,SOM,53,2002,4,Median,2,Female,26,15,null,15+,0,Not applicable,1,Model-based Estimates,3,Projection,2541000
70,Population by age and sex - broad age groups,Population by age and sex - broad age groups,World Population Prospects,2024,United Nations Population Division,706,Somalia,SO,SOM,54,2003,4,Median,1,Male,26,15,null,15+,0,Not applicable,1,Model-based Estimates,3,Projection,2554872.5
70,Population by age and sex - broad age groups,Population by age and sex - broad age groups,World Population Prospects,2024,United Nations Population Division,706,Somalia,SO,SOM,54,2003,4,Median,2,Female,26,15,null,15+,0,Not applicable,1,Model-based Estimates,3,Projection,2628228.5
70,Population by age and sex - broad age groups,Population by age and sex - broad age groups,World Population Prospects,2024,United Nations Population Division,706,Somalia,SO,SOM,55,2004,4,Median,1,Male,26,15,null,15+,0,Not applicable,1,Model-based Estimates,3,Projection,2643415.5
70,Population by age and sex - broad age groups,Population by age and sex - broad age groups,World Population Prospects,2024,United Nations Population Division,706,Somalia,SO,SOM,55,2004,4,Median,2,Female,26,15,null,15+,0,Not applicable,1,Model-based Estimates,3,Projection,2715407.5
70,Population by age and sex - broad age groups,Population by age and sex - broad age groups,World Population Prospects,2024,United Nations Population Division,706,Somalia,SO,SOM,56,2005,4,Median,1,Male,26,15,null,15+,0,Not applicable,1,Model-based Estimates,3,Projection,2722726
70,Population by age and sex - broad age groups,Population by age and sex - broad age groups,World Population Prospects,2024,United Nations Population Division,706,Somalia,SO,SOM,56,2005,4,Median,2,Female,26,15,null,15+,0,Not applicable,1,Model-based Estimates,3,Projection,2793339
70,Population by age and sex - broad age groups,Population by age and sex - broad age groups,World Population Prospects,2024,United Nations Population Division,706,Somalia,SO,SOM,57,2006,4,Median,1,Male,26,15,null,15+,0,Not applicable,1,Model-based Estimates,3,Projection,2787164
70,Population by age and sex - broad age groups,Population by age and sex - broad age groups,World Population Prospects,2024,United Nations Population Division,706,Somalia,SO,SOM,57,2006,4,Median,2,Female,26,15,null,15+,0,Not applicable,1,Model-based Estimates,3,Projection,2856822.5
70,Population by age and sex - broad age groups,Population by age and sex - broad age groups,World Population Prospects,2024,United Nations Population Division,706,Somalia,SO,SOM,58,2007,4,Median,1,Male,26,15,null,15+,0,Not applicable,1,Model-based Estimates,3,Projection,2859626.5
70,Population by age and sex - broad age groups,Population by age and sex - broad age groups,World Population Prospects,2024,United Nations Population Division,706,Somalia,SO,SOM,58,2007,4,Median,2,Female,26,15,null,15+,0,Not applicable,1,Model-based Estimates,3,Projection,2929281
70,Population by age and sex - broad age groups,Population by age and sex - broad age groups,World Population Prospects,2024,United Nations Population Division,706,Somalia,SO,SOM,59,2008,4,Median,1,Male,26,15,null,15+,0,Not applicable,1,Model-based Estimates,3,Projection,2944312.5
70,Population by age and sex - broad age groups,Population by age and sex - broad age groups,World Population Prospects,2024,United Nations Population Division,706,Somalia,SO,SOM,59,2008,4,Median,2,Female,26,15,null,15+,0,Not applicable,1,Model-based Estimates,3,Projection,3013681
70,Population by age and sex - broad age groups,Population by age and sex - broad age groups,World Population Prospects,2024,United Nations Population Division,706,Somalia,SO,SOM,60,2009,4,Median,1,Male,26,15,null,15+,0,Not applicable,1,Model-based Estimates,3,Projection,3026637
70,Population by age and sex - broad age groups,Population by age and sex - broad age groups,World Population Prospects,2024,United Nations Population Division,706,Somalia,SO,SOM,60,2009,4,Median,2,Female,26,15,null,15+,0,Not applicable,1,Model-based Estimates,3,Projection,3094625.5
70,Population by age and sex - broad age groups,Population by age and sex - broad age groups,World Population Prospects,2024,United Nations Population Division,706,Somalia,SO,SOM,61,2010,4,Median,1,Male,26,15,null,15+,0,Not applicable,1,Model-based Estimates,3,Projection,3111902.5
70,Population by age and sex - broad age groups,Population by age and sex - broad age groups,World Population Prospects,2024,United Nations Population Division,706,Somalia,SO,SOM,61,2010,4,Median,2,Female,26,15,null,15+,0,Not applicable,1,Model-based Estimates,3,Projection,3179393.5
70,Population by age and sex - broad age groups,Population by age and sex - broad age groups,World Population Prospects,2024,United Nations Population Division,706,Somalia,SO,SOM,62,2011,4,Median,1,Male,26,15,null,15+,0,Not applicable,1,Model-based Estimates,3,Projection,3157793
70,Population by age and sex - broad age groups,Population by age and sex - broad age groups,World Population Prospects,2024,United Nations Population Division,706,Somalia,SO,SOM,62,2011,4,Median,2,Female,26,15,null,15+,0,Not applicable,1,Model-based Estimates,3,Projection,3226098.5
70,Population by age and sex - broad age groups,Population by age and sex - broad age groups,World Population Prospects,2024,United Nations Population Division,706,Somalia,SO,SOM,63,2012,4,Median,1,Male,26,15,null,15+,0,Not applicable,1,Model-based Estimates,3,Projection,3210896.5
70,Population by age and sex - broad age groups,Population by age and sex - broad age groups,World Population Prospects,2024,United Nations Population Division,706,Somalia,SO,SOM,63,2012,4,Median,2,Female,26,15,null,15+,0,Not applicable,1,Model-based Estimates,3,Projection,3280090.5
70,Population by age and sex - broad age groups,Population by age and sex - broad age groups,World Population Prospects,2024,United Nations Population Division,706,Somalia,SO,SOM,64,2013,4,Median,1,Male,26,15,null,15+,0,Not applicable,1,Model-based Estimates,3,Projection,3324936
70,Population by age and sex - broad age groups,Population by age and sex - broad age groups,World Population Prospects,2024,United Nations Population Division,706,Somalia,SO,SOM,64,2013,4,Median,2,Female,26,15,null,15+,0,Not applicable,1,Model-based Estimates,3,Projection,3394684.5
70,Population by age and sex - broad age groups,Population by age and sex - broad age groups,World Population Prospects,2024,United Nations Population Division,706,Somalia,SO,SOM,65,2014,4,Median,1,Male,26,15,null,15+,0,Not applicable,1,Model-based Estimates,3,Projection,3452810.5
70,Population by age and sex - broad age groups,Population by age and sex - broad age groups,World Population Prospects,2024,United Nations Population Division,706,Somalia,SO,SOM,65,2014,4,Median,2,Female,26,15,null,15+,0,Not applicable,1,Model-based Estimates,3,Projection,3523258.5
70,Population by age and sex - broad age groups,Population by age and sex - broad age groups,World Population Prospects,2024,United Nations Population Division,706,Somalia,SO,SOM,66,2015,4,Median,1,Male,26,15,null,15+,0,Not applicable,1,Model-based Estimates,3,Projection,3580198
70,Population by age and sex - broad age groups,Population by age and sex - broad age groups,World Population Prospects,2024,United Nations Population Division,706,Somalia,SO,SOM,66,2015,4,Median,2,Female,26,15,null,15+,0,Not applicable,1,Model-based Estimates,3,Projection,3651664
70,Population by age and sex - broad age groups,Population by age and sex - broad age groups,World Population Prospects,2024,United Nations Population Division,706,Somalia,SO,SOM,67,2016,4,Median,1,Male,26,15,null,15+,0,Not applicable,1,Model-based Estimates,3,Projection,3727016
70,Population by age and sex - broad age groups,Population by age and sex - broad age groups,World Population Prospects,2024,United Nations Population Division,706,Somalia,SO,SOM,67,2016,4,Median,2,Female,26,15,null,15+,0,Not applicable,1,Model-based Estimates,3,Projection,3800357.5
70,Population by age and sex - broad age groups,Population by age and sex - broad age groups,World Population Prospects,2024,United Nations Population Division,706,Somalia,SO,SOM,68,2017,4,Median,1,Male,26,15,null,15+,0,Not applicable,1,Model-based Estimates,3,Projection,3884047.5
70,Population by age and sex - broad age groups,Population by age and sex - broad age groups,World Population Prospects,2024,United Nations Population Division,706,Somalia,SO,SOM,68,2017,4,Median,2,Female,26,15,null,15+,0,Not applicable,1,Model-based Estimates,3,Projection,3960024
70,Population by age and sex - broad age groups,Population by age and sex - broad age groups,World Population Prospects,2024,United Nations Population Division,706,Somalia,SO,SOM,69,2018,4,Median,1,Male,26,15,null,15+,0,Not applicable,1,Model-based Estimates,3,Projection,4035533.5
70,Population by age and sex - broad age groups,Population by age and sex - broad age groups,World Population Prospects,2024,United Nations Population Division,706,Somalia,SO,SOM,69,2018,4,Median,2,Female,26,15,null,15+,0,Not applicable,1,Model-based Estimates,3,Projection,4113867
70,Population by age and sex - broad age groups,Population by age and sex - broad age groups,World Population Prospects,2024,United Nations Population Division,706,Somalia,SO,SOM,70,2019,4,Median,1,Male,26,15,null,15+,0,Not applicable,1,Model-based Estimates,3,Projection,4197072.5
70,Population by age and sex - broad age groups,Population by age and sex - broad age groups,World Population Prospects,2024,United Nations Population Division,706,Somalia,SO,SOM,70,2019,4,Median,2,Female,26,15,null,15+,0,Not applicable,1,Model-based Estimates,3,Projection,4277209.5
70,Population by age and sex - broad age groups,Population by age and sex - broad age groups,World Population Prospects,2024,United Nations Population Division,706,Somalia,SO,SOM,71,2020,4,Median,1,Male,26,15,null,15+,0,Not applicable,1,Model-based Estimates,3,Projection,4369045.5
70,Population by age and sex - broad age groups,Population by age and sex - broad age groups,World Population Prospects,2024,United Nations Population Division,706,Somalia,SO,SOM,71,2020,4,Median,2,Female,26,15,null,15+,0,Not applicable,1,Model-based Estimates,3,Projection,4450659
70,Population by age and sex - broad age groups,Population by age and sex - broad age groups,World Population Prospects,2024,United Nations Population Division,706,Somalia,SO,SOM,72,2021,4,Median,1,Male,26,15,null,15+,0,Not applicable,1,Model-based Estimates,3,Projection,4539691.5
70,Population by age and sex - broad age groups,Population by age and sex - broad age groups,World Population Prospects,2024,United Nations Population Division,706,Somalia,SO,SOM,72,2021,4,Median,2,Female,26,15,null,15+,0,Not applicable,1,Model-based Estimates,3,Projection,4622726.5
70,Population by age and sex - broad age groups,Population by age and sex - broad age groups,World Population Prospects,2024,United Nations Population Division,706,Somalia,SO,SOM,73,2022,4,Median,1,Male,26,15,null,15+,0,Not applicable,1,Model-based Estimates,3,Projection,4690881.5
70,Population by age and sex - broad age groups,Population by age and sex - broad age groups,World Population Prospects,2024,United Nations Population Division,706,Somalia,SO,SOM,73,2022,4,Median,2,Female,26,15,null,15+,0,Not applicable,1,Model-based Estimates,3,Projection,4775909.5
70,Population by age and sex - broad age groups,Population by age and sex - broad age groups,World Population Prospects,2024,United Nations Population Division,706,Somalia,SO,SOM,74,2023,4,Median,1,Male,26,15,null,15+,0,Not applicable,1,Model-based Estimates,3,Projection,4850264
70,Population by age and sex - broad age groups,Population by age and sex - broad age groups,World Population Prospects,2024,United Nations Population Division,706,Somalia,SO,SOM,74,2023,4,Median,2,Female,26,15,null,15+,0,Not applicable,1,Model-based Estimates,3,Projection,4938786
70,Population by age and sex - broad age groups,Population by age and sex - broad age groups,World Population Prospects,2024,United Nations Population Division,710,South Africa,ZA,ZAF,41,1990,4,Median,1,Male,26,15,null,15+,0,Not applicable,1,Model-based Estimates,2,Interpolation,12923388.5
70,Population by age and sex - broad age groups,Population by age and sex - broad age groups,World Population Prospects,2024,United Nations Population Division,710,South Africa,ZA,ZAF,41,1990,4,Median,2,Female,26,15,null,15+,0,Not applicable,1,Model-based Estimates,2,Interpolation,12448528.5
70,Population by age and sex - broad age groups,Population by age and sex - broad age groups,World Population Prospects,2024,United Nations Population Division,710,South Africa,ZA,ZAF,42,1991,4,Median,1,Male,26,15,null,15+,0,Not applicable,1,Model-based Estimates,2,Interpolation,13262292.5
70,Population by age and sex - broad age groups,Population by age and sex - broad age groups,World Population Prospects,2024,United Nations Population Division,710,South Africa,ZA,ZAF,42,1991,4,Median,2,Female,26,15,null,15+,0,Not applicable,1,Model-based Estimates,2,Interpolation,12783249
70,Population by age and sex - broad age groups,Population by age and sex - broad age groups,World Population Prospects,2024,United Nations Population Division,710,South Africa,ZA,ZAF,43,1992,4,Median,1,Male,26,15,null,15+,0,Not applicable,1,Model-based Estimates,2,Interpolation,13357649.5
70,Population by age and sex - broad age groups,Population by age and sex - broad age groups,World Population Prospects,2024,United Nations Population Division,710,South Africa,ZA,ZAF,43,1992,4,Median,2,Female,26,15,null,15+,0,Not applicable,1,Model-based Estimates,2,Interpolation,13140924.5
70,Population by age and sex - broad age groups,Population by age and sex - broad age groups,World Population Prospects,2024,United Nations Population Division,710,South Africa,ZA,ZAF,44,1993,4,Median,1,Male,26,15,null,15+,0,Not applicable,1,Model-based Estimates,2,Interpolation,13872601
70,Population by age and sex - broad age groups,Population by age and sex - broad age groups,World Population Prospects,2024,United Nations Population Division,710,South Africa,ZA,ZAF,44,1993,4,Median,2,Female,26,15,null,15+,0,Not applicable,1,Model-based Estimates,2,Interpolation,13294490.5
70,Population by age and sex - broad age groups,Population by age and sex - broad age groups,World Population Prospects,2024,United Nations Population Division,710,South Africa,ZA,ZAF,45,1994,4,Median,1,Male,26,15,null,15+,0,Not applicable,1,Model-based Estimates,2,Interpolation,13974705
70,Population by age and sex - broad age groups,Population by age and sex - broad age groups,World Population Prospects,2024,United Nations Population Division,710,South Africa,ZA,ZAF,45,1994,4,Median,2,Female,26,15,null,15+,0,Not applicable,1,Model-based Estimates,2,Interpolation,13664012
70,Population by age and sex - broad age groups,Population by age and sex - broad age groups,World Population Prospects,2024,United Nations Population Division,710,South Africa,ZA,ZAF,46,1995,4,Median,1,Male,26,15,null,15+,0,Not applicable,1,Model-based Estimates,2,Interpolation,13479919.5
70,Population by age and sex - broad age groups,Population by age and sex - broad age groups,World Population Prospects,2024,United Nations Population Division,710,South Africa,ZA,ZAF,46,1995,4,Median,2,Female,26,15,null,15+,0,Not applicable,1,Model-based Estimates,2,Interpolation,14362019
70,Population by age and sex - broad age groups,Population by age and sex - broad age groups,World Population Prospects,2024,United Nations Population Division,710,South Africa,ZA,ZAF,47,1996,4,Median,1,Male,26,15,null,15+,0,Not applicable,1,Model-based Estimates,2,Interpolation,13181307.5
70,Population by age and sex - broad age groups,Population by age and sex - broad age groups,World Population Prospects,2024,United Nations Population Division,710,South Africa,ZA,ZAF,47,1996,4,Median,2,Female,26,15,null,15+,0,Not applicable,1,Model-based Estimates,2,Interpolation,15004896
70,Population by age and sex - broad age groups,Population by age and sex - broad age groups,World Population Prospects,2024,United Nations Population Division,710,South Africa,ZA,ZAF,48,1997,4,Median,1,Male,26,15,null,15+,0,Not applicable,1,Model-based Estimates,2,Interpolation,13098448.5
70,Population by age and sex - broad age groups,Population by age and sex - broad age groups,World Population Prospects,2024,United Nations Population Division,710,South Africa,ZA,ZAF,48,1997,4,Median,2,Female,26,15,null,15+,0,Not applicable,1,Model-based Estimates,2,Interpolation,15557774.5
70,Population by age and sex - broad age groups,Population by age and sex - broad age groups,World Population Prospects,2024,United Nations Population Division,710,South Africa,ZA,ZAF,49,1998,4,Median,1,Male,26,15,null,15+,0,Not applicable,1,Model-based Estimates,2,Interpolation,13424391
70,Population by age and sex - broad age groups,Population by age and sex - broad age groups,World Population Prospects,2024,United Nations Population Division,710,South Africa,ZA,ZAF,49,1998,4,Median,2,Female,26,15,null,15+,0,Not applicable,1,Model-based Estimates,2,Interpolation,15912661.5
70,Population by age and sex - broad age groups,Population by age and sex - broad age groups,World Population Prospects,2024,United Nations Population Division,710,South Africa,ZA,ZAF,50,1999,4,Median,1,Male,26,15,null,15+,0,Not applicable,1,Model-based Estimates,2,Interpolation,13755148
70,Population by age and sex - broad age groups,Population by age and sex - broad age groups,World Population Prospects,2024,United Nations Population Division,710,South Africa,ZA,ZAF,50,1999,4,Median,2,Female,26,15,null,15+,0,Not applicable,1,Model-based Estimates,2,Interpolation,16274245
70,Population by age and sex - broad age groups,Population by age and sex - broad age groups,World Population Prospects,2024,United Nations Population Division,710,South Africa,ZA,ZAF,51,2000,4,Median,1,Male,26,15,null,15+,0,Not applicable,1,Model-based Estimates,2,Interpolation,14071744
70,Population by age and sex - broad age groups,Population by age and sex - broad age groups,World Population Prospects,2024,United Nations Population Division,710,South Africa,ZA,ZAF,51,2000,4,Median,2,Female,26,15,null,15+,0,Not applicable,1,Model-based Estimates,2,Interpolation,16627141.5
70,Population by age and sex - broad age groups,Population by age and sex - broad age groups,World Population Prospects,2024,United Nations Population Division,710,South Africa,ZA,ZAF,52,2001,4,Median,1,Male,26,15,null,15+,0,Not applicable,1,Model-based Estimates,2,Interpolation,14400552.5
70,Population by age and sex - broad age groups,Population by age and sex - broad age groups,World Population Prospects,2024,United Nations Population Division,710,South Africa,ZA,ZAF,52,2001,4,Median,2,Female,26,15,null,15+,0,Not applicable,1,Model-based Estimates,2,Interpolation,16975742.5
70,Population by age and sex - broad age groups,Population by age and sex - broad age groups,World Population Prospects,2024,United Nations Population Division,710,South Africa,ZA,ZAF,53,2002,4,Median,1,Male,26,15,null,15+,0,Not applicable,1,Model-based Estimates,2,Interpolation,14769070.5
70,Population by age and sex - broad age groups,Population by age and sex - broad age groups,World Population Prospects,2024,United Nations Population Division,710,South Africa,ZA,ZAF,53,2002,4,Median,2,Female,26,15,null,15+,0,Not applicable,1,Model-based Estimates,2,Interpolation,17326775
70,Population by age and sex - broad age groups,Population by age and sex - broad age groups,World Population Prospects,2024,United Nations Population Division,710,South Africa,ZA,ZAF,54,2003,4,Median,1,Male,26,15,null,15+,0,Not applicable,1,Model-based Estimates,2,Interpolation,15151385
70,Population by age and sex - broad age groups,Population by age and sex - broad age groups,World Population Prospects,2024,United Nations Population Division,710,South Africa,ZA,ZAF,54,2003,4,Median,2,Female,26,15,null,15+,0,Not applicable,1,Model-based Estimates,2,Interpolation,17666536
70,Population by age and sex - broad age groups,Population by age and sex - broad age groups,World Population Prospects,2024,United Nations Population Division,710,South Africa,ZA,ZAF,55,2004,4,Median,1,Male,26,15,null,15+,0,Not applicable,1,Model-based Estimates,2,Interpolation,15514735
70,Population by age and sex - broad age groups,Population by age and sex - broad age groups,World Population Prospects,2024,United Nations Population Division,710,South Africa,ZA,ZAF,55,2004,4,Median,2,Female,26,15,null,15+,0,Not applicable,1,Model-based Estimates,2,Interpolation,17981087.5
70,Population by age and sex - broad age groups,Population by age and sex - broad age groups,World Population Prospects,2024,United Nations Population Division,710,South Africa,ZA,ZAF,56,2005,4,Median,1,Male,26,15,null,15+,0,Not applicable,1,Model-based Estimates,2,Interpolation,15848893.5
70,Population by age and sex - broad age groups,Population by age and sex - broad age groups,World Population Prospects,2024,United Nations Population Division,710,South Africa,ZA,ZAF,56,2005,4,Median,2,Female,26,15,null,15+,0,Not applicable,1,Model-based Estimates,2,Interpolation,18265459.5
70,Population by age and sex - broad age groups,Population by age and sex - broad age groups,World Population Prospects,2024,United Nations Population Division,710,South Africa,ZA,ZAF,57,2006,4,Median,1,Male,26,15,null,15+,0,Not applicable,1,Model-based Estimates,2,Interpolation,16161630
70,Population by age and sex - broad age groups,Population by age and sex - broad age groups,World Population Prospects,2024,United Nations Population Division,710,South Africa,ZA,ZAF,57,2006,4,Median,2,Female,26,15,null,15+,0,Not applicable,1,Model-based Estimates,2,Interpolation,18530685
70,Population by age and sex - broad age groups,Population by age and sex - broad age groups,World Population Prospects,2024,United Nations Population Division,710,South Africa,ZA,ZAF,58,2007,4,Median,1,Male,26,15,null,15+,0,Not applicable,1,Model-based Estimates,2,Interpolation,16466342
70,Population by age and sex - broad age groups,Population by age and sex - broad age groups,World Population Prospects,2024,United Nations Population Division,710,South Africa,ZA,ZAF,58,2007,4,Median,2,Female,26,15,null,15+,0,Not applicable,1,Model-based Estimates,2,Interpolation,18792857.5
70,Population by age and sex - broad age groups,Population by age and sex - broad age groups,World Population Prospects,2024,United Nations Population Division,710,South Africa,ZA,ZAF,59,2008,4,Median,1,Male,26,15,null,15+,0,Not applicable,1,Model-based Estimates,2,Interpolation,16766743
70,Population by age and sex - broad age groups,Population by age and sex - broad age groups,World Population Prospects,2024,United Nations Population Division,710,South Africa,ZA,ZAF,59,2008,4,Median,2,Female,26,15,null,15+,0,Not applicable,1,Model-based Estimates,2,Interpolation,19057931
70,Population by age and sex - broad age groups,Population by age and sex - broad age groups,World Population Prospects,2024,United Nations Population Division,710,South Africa,ZA,ZAF,60,2009,4,Median,1,Male,26,15,null,15+,0,Not applicable,1,Model-based Estimates,2,Interpolation,17058825.5
70,Population by age and sex - broad age groups,Population by age and sex - broad age groups,World Population Prospects,2024,United Nations Population Division,710,South Africa,ZA,ZAF,60,2009,4,Median,2,Female,26,15,null,15+,0,Not applicable,1,Model-based Estimates,2,Interpolation,19318854.5
70,Population by age and sex - broad age groups,Population by age and sex - broad age groups,World Population Prospects,2024,United Nations Population Division,710,South Africa,ZA,ZAF,61,2010,4,Median,1,Male,26,15,null,15+,0,Not applicable,1,Model-based Estimates,2,Interpolation,17363582
70,Population by age and sex - broad age groups,Population by age and sex - broad age groups,World Population Prospects,2024,United Nations Population Division,710,South Africa,ZA,ZAF,61,2010,4,Median,2,Female,26,15,null,15+,0,Not applicable,1,Model-based Estimates,2,Interpolation,19589643.5
70,Population by age and sex - broad age groups,Population by age and sex - broad age groups,World Population Prospects,2024,United Nations Population Division,710,South Africa,ZA,ZAF,62,2011,4,Median,1,Male,26,15,null,15+,0,Not applicable,1,Model-based Estimates,2,Interpolation,17684320
70,Population by age and sex - broad age groups,Population by age and sex - broad age groups,World Population Prospects,2024,United Nations Population Division,710,South Africa,ZA,ZAF,62,2011,4,Median,2,Female,26,15,null,15+,0,Not applicable,1,Model-based Estimates,2,Interpolation,19876092
70,Population by age and sex - broad age groups,Population by age and sex - broad age groups,World Population Prospects,2024,United Nations Population Division,710,South Africa,ZA,ZAF,63,2012,4,Median,1,Male,26,15,null,15+,0,Not applicable,1,Model-based Estimates,2,Interpolation,18040973
70,Population by age and sex - broad age groups,Population by age and sex - broad age groups,World Population Prospects,2024,United Nations Population Division,710,South Africa,ZA,ZAF,63,2012,4,Median,2,Female,26,15,null,15+,0,Not applicable,1,Model-based Estimates,2,Interpolation,20197335
70,Population by age and sex - broad age groups,Population by age and sex - broad age groups,World Population Prospects,2024,United Nations Population Division,710,South Africa,ZA,ZAF,64,2013,4,Median,1,Male,26,15,null,15+,0,Not applicable,1,Model-based Estimates,2,Interpolation,18437169
70,Population by age and sex - broad age groups,Population by age and sex - broad age groups,World Population Prospects,2024,United Nations Population Division,710,South Africa,ZA,ZAF,64,2013,4,Median,2,Female,26,15,null,15+,0,Not applicable,1,Model-based Estimates,2,Interpolation,20555295
70,Population by age and sex - broad age groups,Population by age and sex - broad age groups,World Population Prospects,2024,United Nations Population Division,710,South Africa,ZA,ZAF,65,2014,4,Median,1,Male,26,15,null,15+,0,Not applicable,1,Model-based Estimates,2,Interpolation,18845242.5
70,Population by age and sex - broad age groups,Population by age and sex - broad age groups,World Population Prospects,2024,United Nations Population Division,710,South Africa,ZA,ZAF,65,2014,4,Median,2,Female,26,15,null,15+,0,Not applicable,1,Model-based Estimates,2,Interpolation,20902514.5
70,Population by age and sex - broad age groups,Population by age and sex - broad age groups,World Population Prospects,2024,United Nations Population Division,710,South Africa,ZA,ZAF,66,2015,4,Median,1,Male,26,15,null,15+,0,Not applicable,1,Model-based Estimates,2,Interpolation,19375176
70,Population by age and sex - broad age groups,Population by age and sex - broad age groups,World Population Prospects,2024,United Nations Population Division,710,South Africa,ZA,ZAF,66,2015,4,Median,2,Female,26,15,null,15+,0,Not applicable,1,Model-based Estimates,2,Interpolation,21290771
70,Population by age and sex - broad age groups,Population by age and sex - broad age groups,World Population Prospects,2024,United Nations Population Division,710,South Africa,ZA,ZAF,67,2016,4,Median,1,Male,26,15,null,15+,0,Not applicable,1,Model-based Estimates,2,Interpolation,19543703.5
70,Population by age and sex - broad age groups,Population by age and sex - broad age groups,World Population Prospects,2024,United Nations Population Division,710,South Africa,ZA,ZAF,67,2016,4,Median,2,Female,26,15,null,15+,0,Not applicable,1,Model-based Estimates,2,Interpolation,21495851
70,Population by age and sex - broad age groups,Population by age and sex - broad age groups,World Population Prospects,2024,United Nations Population Division,710,South Africa,ZA,ZAF,68,2017,4,Median,1,Male,26,15,null,15+,0,Not applicable,1,Model-based Estimates,2,Interpolation,19641302.5
70,Population by age and sex - broad age groups,Population by age and sex - broad age groups,World Population Prospects,2024,United Nations Population Division,710,South Africa,ZA,ZAF,68,2017,4,Median,2,Female,26,15,null,15+,0,Not applicable,1,Model-based Estimates,2,Interpolation,21704099
70,Population by age and sex - broad age groups,Population by age and sex - broad age groups,World Population Prospects,2024,United Nations Population Division,710,South Africa,ZA,ZAF,69,2018,4,Median,1,Male,26,15,null,15+,0,Not applicable,1,Model-based Estimates,2,Interpolation,20136095
70,Population by age and sex - broad age groups,Population by age and sex - broad age groups,World Population Prospects,2024,United Nations Population Division,710,South Africa,ZA,ZAF,69,2018,4,Median,2,Female,26,15,null,15+,0,Not applicable,1,Model-based Estimates,2,Interpolation,22149404.5
70,Population by age and sex - broad age groups,Population by age and sex - broad age groups,World Population Prospects,2024,United Nations Population Division,710,South Africa,ZA,ZAF,70,2019,4,Median,1,Male,26,15,null,15+,0,Not applicable,1,Model-based Estimates,2,Interpolation,20638523.5
70,Population by age and sex - broad age groups,Population by age and sex - broad age groups,World Population Prospects,2024,United Nations Population Division,710,South Africa,ZA,ZAF,70,2019,4,Median,2,Female,26,15,null,15+,0,Not applicable,1,Model-based Estimates,2,Interpolation,22604396
70,Population by age and sex - broad age groups,Population by age and sex - broad age groups,World Population Prospects,2024,United Nations Population Division,710,South Africa,ZA,ZAF,71,2020,4,Median,1,Male,26,15,null,15+,0,Not applicable,1,Model-based Estimates,2,Interpolation,21146690.5
70,Population by age and sex - broad age groups,Population by age and sex - broad age groups,World Population Prospects,2024,United Nations Population Division,710,South Africa,ZA,ZAF,71,2020,4,Median,2,Female,26,15,null,15+,0,Not applicable,1,Model-based Estimates,2,Interpolation,23064361
70,Population by age and sex - broad age groups,Population by age and sex - broad age groups,World Population Prospects,2024,United Nations Population Division,710,South Africa,ZA,ZAF,72,2021,4,Median,1,Male,26,15,null,15+,0,Not applicable,1,Model-based Estimates,2,Interpolation,21634995.5
70,Population by age and sex - broad age groups,Population by age and sex - broad age groups,World Population Prospects,2024,United Nations Population Division,710,South Africa,ZA,ZAF,72,2021,4,Median,2,Female,26,15,null,15+,0,Not applicable,1,Model-based Estimates,2,Interpolation,23499580.5
70,Population by age and sex - broad age groups,Population by age and sex - broad age groups,World Population Prospects,2024,United Nations Population Division,710,South Africa,ZA,ZAF,73,2022,4,Median,1,Male,26,15,null,15+,0,Not applicable,1,Model-based Estimates,2,Interpolation,22070966.5
70,Population by age and sex - broad age groups,Population by age and sex - broad age groups,World Population Prospects,2024,United Nations Population Division,710,South Africa,ZA,ZAF,73,2022,4,Median,2,Female,26,15,null,15+,0,Not applicable,1,Model-based Estimates,2,Interpolation,23888708
70,Population by age and sex - broad age groups,Population by age and sex - broad age groups,World Population Prospects,2024,United Nations Population Division,710,South Africa,ZA,ZAF,74,2023,4,Median,1,Male,26,15,null,15+,0,Not applicable,1,Model-based Estimates,3,Projection,22472626.5
70,Population by age and sex - broad age groups,Population by age and sex - broad age groups,World Population Prospects,2024,United Nations Population Division,710,South Africa,ZA,ZAF,74,2023,4,Median,2,Female,26,15,null,15+,0,Not applicable,1,Model-based Estimates,3,Projection,24250871
70,Population by age and sex - broad age groups,Population by age and sex - broad age groups,World Population Prospects,2024,United Nations Population Division,716,Zimbabwe,ZW,ZWE,41,1990,4,Median,1,Male,26,15,null,15+,0,Not applicable,1,Model-based Estimates,2,Interpolation,2545803
70,Population by age and sex - broad age groups,Population by age and sex - broad age groups,World Population Prospects,2024,United Nations Population Division,716,Zimbabwe,ZW,ZWE,41,1990,4,Median,2,Female,26,15,null,15+,0,Not applicable,1,Model-based Estimates,2,Interpolation,2813299
70,Population by age and sex - broad age groups,Population by age and sex - broad age groups,World Population Prospects,2024,United Nations Population Division,716,Zimbabwe,ZW,ZWE,42,1991,4,Median,1,Male,26,15,null,15+,0,Not applicable,1,Model-based Estimates,2,Interpolation,2637196
70,Population by age and sex - broad age groups,Population by age and sex - broad age groups,World Population Prospects,2024,United Nations Population Division,716,Zimbabwe,ZW,ZWE,42,1991,4,Median,2,Female,26,15,null,15+,0,Not applicable,1,Model-based Estimates,2,Interpolation,2919729.5
70,Population by age and sex - broad age groups,Population by age and sex - broad age groups,World Population Prospects,2024,United Nations Population Division,716,Zimbabwe,ZW,ZWE,43,1992,4,Median,1,Male,26,15,null,15+,0,Not applicable,1,Model-based Estimates,2,Interpolation,2691383
70,Population by age and sex - broad age groups,Population by age and sex - broad age groups,World Population Prospects,2024,United Nations Population Division,716,Zimbabwe,ZW,ZWE,43,1992,4,Median,2,Female,26,15,null,15+,0,Not applicable,1,Model-based Estimates,2,Interpolation,3005122.5
70,Population by age and sex - broad age groups,Population by age and sex - broad age groups,World Population Prospects,2024,United Nations Population Division,716,Zimbabwe,ZW,ZWE,44,1993,4,Median,1,Male,26,15,null,15+,0,Not applicable,1,Model-based Estimates,2,Interpolation,2690301.5
70,Population by age and sex - broad age groups,Population by age and sex - broad age groups,World Population Prospects,2024,United Nations Population Division,716,Zimbabwe,ZW,ZWE,44,1993,4,Median,2,Female,26,15,null,15+,0,Not applicable,1,Model-based Estimates,2,Interpolation,3059760
70,Population by age and sex - broad age groups,Population by age and sex - broad age groups,World Population Prospects,2024,United Nations Population Division,716,Zimbabwe,ZW,ZWE,45,1994,4,Median,1,Male,26,15,null,15+,0,Not applicable,1,Model-based Estimates,2,Interpolation,2688662
70,Population by age and sex - broad age groups,Population by age and sex - broad age groups,World Population Prospects,2024,United Nations Population Division,716,Zimbabwe,ZW,ZWE,45,1994,4,Median,2,Female,26,15,null,15+,0,Not applicable,1,Model-based Estimates,2,Interpolation,3116336
70,Population by age and sex - broad age groups,Population by age and sex - broad age groups,World Population Prospects,2024,United Nations Population Division,716,Zimbabwe,ZW,ZWE,46,1995,4,Median,1,Male,26,15,null,15+,0,Not applicable,1,Model-based Estimates,2,Interpolation,2732442.5
70,Population by age and sex - broad age groups,Population by age and sex - broad age groups,World Population Prospects,2024,United Nations Population Division,716,Zimbabwe,ZW,ZWE,46,1995,4,Median,2,Female,26,15,null,15+,0,Not applicable,1,Model-based Estimates,2,Interpolation,3202839.5
70,Population by age and sex - broad age groups,Population by age and sex - broad age groups,World Population Prospects,2024,United Nations Population Division,716,Zimbabwe,ZW,ZWE,47,1996,4,Median,1,Male,26,15,null,15+,0,Not applicable,1,Model-based Estimates,2,Interpolation,2820235.5
70,Population by age and sex - broad age groups,Population by age and sex - broad age groups,World Population Prospects,2024,United Nations Population Division,716,Zimbabwe,ZW,ZWE,47,1996,4,Median,2,Female,26,15,null,15+,0,Not applicable,1,Model-based Estimates,2,Interpolation,3319342.5
70,Population by age and sex - broad age groups,Population by age and sex - broad age groups,World Population Prospects,2024,United Nations Population Division,716,Zimbabwe,ZW,ZWE,48,1997,4,Median,1,Male,26,15,null,15+,0,Not applicable,1,Model-based Estimates,2,Interpolation,2923860.5
70,Population by age and sex - broad age groups,Population by age and sex - broad age groups,World Population Prospects,2024,United Nations Population Division,716,Zimbabwe,ZW,ZWE,48,1997,4,Median,2,Female,26,15,null,15+,0,Not applicable,1,Model-based Estimates,2,Interpolation,3443666
70,Population by age and sex - broad age groups,Population by age and sex - broad age groups,World Population Prospects,2024,United Nations Population Division,716,Zimbabwe,ZW,ZWE,49,1998,4,Median,1,Male,26,15,null,15+,0,Not applicable,1,Model-based Estimates,2,Interpolation,3032120
70,Population by age and sex - broad age groups,Population by age and sex - broad age groups,World Population Prospects,2024,United Nations Population Division,716,Zimbabwe,ZW,ZWE,49,1998,4,Median,2,Female,26,15,null,15+,0,Not applicable,1,Model-based Estimates,2,Interpolation,3565813
70,Population by age and sex - broad age groups,Population by age and sex - broad age groups,World Population Prospects,2024,United Nations Population Division,716,Zimbabwe,ZW,ZWE,50,1999,4,Median,1,Male,26,15,null,15+,0,Not applicable,1,Model-based Estimates,2,Interpolation,3121553.5
70,Population by age and sex - broad age groups,Population by age and sex - broad age groups,World Population Prospects,2024,United Nations Population Division,716,Zimbabwe,ZW,ZWE,50,1999,4,Median,2,Female,26,15,null,15+,0,Not applicable,1,Model-based Estimates,2,Interpolation,3671019.5
70,Population by age and sex - broad age groups,Population by age and sex - broad age groups,World Population Prospects,2024,United Nations Population Division,716,Zimbabwe,ZW,ZWE,51,2000,4,Median,1,Male,26,15,null,15+,0,Not applicable,1,Model-based Estimates,2,Interpolation,3170033.5
70,Population by age and sex - broad age groups,Population by age and sex - broad age groups,World Population Prospects,2024,United Nations Population Division,716,Zimbabwe,ZW,ZWE,51,2000,4,Median,2,Female,26,15,null,15+,0,Not applicable,1,Model-based Estimates,2,Interpolation,3744832.5
70,Population by age and sex - broad age groups,Population by age and sex - broad age groups,World Population Prospects,2024,United Nations Population Division,716,Zimbabwe,ZW,ZWE,52,2001,4,Median,1,Male,26,15,null,15+,0,Not applicable,1,Model-based Estimates,2,Interpolation,3200480.5
70,Population by age and sex - broad age groups,Population by age and sex - broad age groups,World Population Prospects,2024,United Nations Population Division,716,Zimbabwe,ZW,ZWE,52,2001,4,Median,2,Female,26,15,null,15+,0,Not applicable,1,Model-based Estimates,2,Interpolation,3801474.5
70,Population by age and sex - broad age groups,Population by age and sex - broad age groups,World Population Prospects,2024,United Nations Population Division,716,Zimbabwe,ZW,ZWE,53,2002,4,Median,1,Male,26,15,null,15+,0,Not applicable,1,Model-based Estimates,2,Interpolation,3233540
70,Population by age and sex - broad age groups,Population by age and sex - broad age groups,World Population Prospects,2024,United Nations Population Division,716,Zimbabwe,ZW,ZWE,53,2002,4,Median,2,Female,26,15,null,15+,0,Not applicable,1,Model-based Estimates,2,Interpolation,3850549
70,Population by age and sex - broad age groups,Population by age and sex - broad age groups,World Population Prospects,2024,United Nations Population Division,716,Zimbabwe,ZW,ZWE,54,2003,4,Median,1,Male,26,15,null,15+,0,Not applicable,1,Model-based Estimates,2,Interpolation,3263853.5
70,Population by age and sex - broad age groups,Population by age and sex - broad age groups,World Population Prospects,2024,United Nations Population Division,716,Zimbabwe,ZW,ZWE,54,2003,4,Median,2,Female,26,15,null,15+,0,Not applicable,1,Model-based Estimates,2,Interpolation,3892756.5
70,Population by age and sex - broad age groups,Population by age and sex - broad age groups,World Population Prospects,2024,United Nations Population Division,716,Zimbabwe,ZW,ZWE,55,2004,4,Median,1,Male,26,15,null,15+,0,Not applicable,1,Model-based Estimates,2,Interpolation,3282824.5
70,Population by age and sex - broad age groups,Population by age and sex - broad age groups,World Population Prospects,2024,United Nations Population Division,716,Zimbabwe,ZW,ZWE,55,2004,4,Median,2,Female,26,15,null,15+,0,Not applicable,1,Model-based Estimates,2,Interpolation,3928900
70,Population by age and sex - broad age groups,Population by age and sex - broad age groups,World Population Prospects,2024,United Nations Population Division,716,Zimbabwe,ZW,ZWE,56,2005,4,Median,1,Male,26,15,null,15+,0,Not applicable,1,Model-based Estimates,2,Interpolation,3293611
70,Population by age and sex - broad age groups,Population by age and sex - broad age groups,World Population Prospects,2024,United Nations Population Division,716,Zimbabwe,ZW,ZWE,56,2005,4,Median,2,Female,26,15,null,15+,0,Not applicable,1,Model-based Estimates,2,Interpolation,3960076
70,Population by age and sex - broad age groups,Population by age and sex - broad age groups,World Population Prospects,2024,United Nations Population Division,716,Zimbabwe,ZW,ZWE,57,2006,4,Median,1,Male,26,15,null,15+,0,Not applicable,1,Model-based Estimates,2,Interpolation,3324598
70,Population by age and sex - broad age groups,Population by age and sex - broad age groups,World Population Prospects,2024,United Nations Population Division,716,Zimbabwe,ZW,ZWE,57,2006,4,Median,2,Female,26,15,null,15+,0,Not applicable,1,Model-based Estimates,2,Interpolation,4001706.5
70,Population by age and sex - broad age groups,Population by age and sex - broad age groups,World Population Prospects,2024,United Nations Population Division,716,Zimbabwe,ZW,ZWE,58,2007,4,Median,1,Male,26,15,null,15+,0,Not applicable,1,Model-based Estimates,2,Interpolation,3362982
70,Population by age and sex - broad age groups,Population by age and sex - broad age groups,World Population Prospects,2024,United Nations Population Division,716,Zimbabwe,ZW,ZWE,58,2007,4,Median,2,Female,26,15,null,15+,0,Not applicable,1,Model-based Estimates,2,Interpolation,4046451.5
70,Population by age and sex - broad age groups,Population by age and sex - broad age groups,World Population Prospects,2024,United Nations Population Division,716,Zimbabwe,ZW,ZWE,59,2008,4,Median,1,Male,26,15,null,15+,0,Not applicable,1,Model-based Estimates,2,Interpolation,3386921
70,Population by age and sex - broad age groups,Population by age and sex - broad age groups,World Population Prospects,2024,United Nations Population Division,716,Zimbabwe,ZW,ZWE,59,2008,4,Median,2,Female,26,15,null,15+,0,Not applicable,1,Model-based Estimates,2,Interpolation,4082964
70,Population by age and sex - broad age groups,Population by age and sex - broad age groups,World Population Prospects,2024,United Nations Population Division,716,Zimbabwe,ZW,ZWE,60,2009,4,Median,1,Male,26,15,null,15+,0,Not applicable,1,Model-based Estimates,2,Interpolation,3412118
70,Population by age and sex - broad age groups,Population by age and sex - broad age groups,World Population Prospects,2024,United Nations Population Division,716,Zimbabwe,ZW,ZWE,60,2009,4,Median,2,Female,26,15,null,15+,0,Not applicable,1,Model-based Estimates,2,Interpolation,4121874
70,Population by age and sex - broad age groups,Population by age and sex - broad age groups,World Population Prospects,2024,United Nations Population Division,716,Zimbabwe,ZW,ZWE,61,2010,4,Median,1,Male,26,15,null,15+,0,Not applicable,1,Model-based Estimates,2,Interpolation,3441591
70,Population by age and sex - broad age groups,Population by age and sex - broad age groups,World Population Prospects,2024,United Nations Population Division,716,Zimbabwe,ZW,ZWE,61,2010,4,Median,2,Female,26,15,null,15+,0,Not applicable,1,Model-based Estimates,2,Interpolation,4166419
70,Population by age and sex - broad age groups,Population by age and sex - broad age groups,World Population Prospects,2024,United Nations Population Division,716,Zimbabwe,ZW,ZWE,62,2011,4,Median,1,Male,26,15,null,15+,0,Not applicable,1,Model-based Estimates,2,Interpolation,3477491.5
70,Population by age and sex - broad age groups,Population by age and sex - broad age groups,World Population Prospects,2024,United Nations Population Division,716,Zimbabwe,ZW,ZWE,62,2011,4,Median,2,Female,26,15,null,15+,0,Not applicable,1,Model-based Estimates,2,Interpolation,4220815
70,Population by age and sex - broad age groups,Population by age and sex - broad age groups,World Population Prospects,2024,United Nations Population Division,716,Zimbabwe,ZW,ZWE,63,2012,4,Median,1,Male,26,15,null,15+,0,Not applicable,1,Model-based Estimates,2,Interpolation,3505236.5
70,Population by age and sex - broad age groups,Population by age and sex - broad age groups,World Population Prospects,2024,United Nations Population Division,716,Zimbabwe,ZW,ZWE,63,2012,4,Median,2,Female,26,15,null,15+,0,Not applicable,1,Model-based Estimates,2,Interpolation,4277038.5
70,Population by age and sex - broad age groups,Population by age and sex - broad age groups,World Population Prospects,2024,United Nations Population Division,716,Zimbabwe,ZW,ZWE,64,2013,4,Median,1,Male,26,15,null,15+,0,Not applicable,1,Model-based Estimates,2,Interpolation,3535002.5
70,Population by age and sex - broad age groups,Population by age and sex - broad age groups,World Population Prospects,2024,United Nations Population Division,716,Zimbabwe,ZW,ZWE,64,2013,4,Median,2,Female,26,15,null,15+,0,Not applicable,1,Model-based Estimates,2,Interpolation,4327615
70,Population by age and sex - broad age groups,Population by age and sex - broad age groups,World Population Prospects,2024,United Nations Population Division,716,Zimbabwe,ZW,ZWE,65,2014,4,Median,1,Male,26,15,null,15+,0,Not applicable,1,Model-based Estimates,2,Interpolation,3583847
70,Population by age and sex - broad age groups,Population by age and sex - broad age groups,World Population Prospects,2024,United Nations Population Division,716,Zimbabwe,ZW,ZWE,65,2014,4,Median,2,Female,26,15,null,15+,0,Not applicable,1,Model-based Estimates,2,Interpolation,4381997.5
70,Population by age and sex - broad age groups,Population by age and sex - broad age groups,World Population Prospects,2024,United Nations Population Division,716,Zimbabwe,ZW,ZWE,66,2015,4,Median,1,Male,26,15,null,15+,0,Not applicable,1,Model-based Estimates,2,Interpolation,3642867
70,Population by age and sex - broad age groups,Population by age and sex - broad age groups,World Population Prospects,2024,United Nations Population Division,716,Zimbabwe,ZW,ZWE,66,2015,4,Median,2,Female,26,15,null,15+,0,Not applicable,1,Model-based Estimates,2,Interpolation,4446123.5
70,Population by age and sex - broad age groups,Population by age and sex - broad age groups,World Population Prospects,2024,United Nations Population Division,716,Zimbabwe,ZW,ZWE,67,2016,4,Median,1,Male,26,15,null,15+,0,Not applicable,1,Model-based Estimates,2,Interpolation,3713798.5
70,Population by age and sex - broad age groups,Population by age and sex - broad age groups,World Population Prospects,2024,United Nations Population Division,716,Zimbabwe,ZW,ZWE,67,2016,4,Median,2,Female,26,15,null,15+,0,Not applicable,1,Model-based Estimates,2,Interpolation,4521463
70,Population by age and sex - broad age groups,Population by age and sex - broad age groups,World Population Prospects,2024,United Nations Population Division,716,Zimbabwe,ZW,ZWE,68,2017,4,Median,1,Male,26,15,null,15+,0,Not applicable,1,Model-based Estimates,2,Interpolation,3794994.5
70,Population by age and sex - broad age groups,Population by age and sex - broad age groups,World Population Prospects,2024,United Nations Population Division,716,Zimbabwe,ZW,ZWE,68,2017,4,Median,2,Female,26,15,null,15+,0,Not applicable,1,Model-based Estimates,2,Interpolation,4606242.5
70,Population by age and sex - broad age groups,Population by age and sex - broad age groups,World Population Prospects,2024,United Nations Population Division,716,Zimbabwe,ZW,ZWE,69,2018,4,Median,1,Male,26,15,null,15+,0,Not applicable,1,Model-based Estimates,2,Interpolation,3883625
70,Population by age and sex - broad age groups,Population by age and sex - broad age groups,World Population Prospects,2024,United Nations Population Division,716,Zimbabwe,ZW,ZWE,69,2018,4,Median,2,Female,26,15,null,15+,0,Not applicable,1,Model-based Estimates,2,Interpolation,4697974.5
70,Population by age and sex - broad age groups,Population by age and sex - broad age groups,World Population Prospects,2024,United Nations Population Division,716,Zimbabwe,ZW,ZWE,70,2019,4,Median,1,Male,26,15,null,15+,0,Not applicable,1,Model-based Estimates,2,Interpolation,3978547
70,Population by age and sex - broad age groups,Population by age and sex - broad age groups,World Population Prospects,2024,United Nations Population Division,716,Zimbabwe,ZW,ZWE,70,2019,4,Median,2,Female,26,15,null,15+,0,Not applicable,1,Model-based Estimates,2,Interpolation,4796036
70,Population by age and sex - broad age groups,Population by age and sex - broad age groups,World Population Prospects,2024,United Nations Population Division,716,Zimbabwe,ZW,ZWE,71,2020,4,Median,1,Male,26,15,null,15+,0,Not applicable,1,Model-based Estimates,2,Interpolation,4077986
70,Population by age and sex - broad age groups,Population by age and sex - broad age groups,World Population Prospects,2024,United Nations Population Division,716,Zimbabwe,ZW,ZWE,71,2020,4,Median,2,Female,26,15,null,15+,0,Not applicable,1,Model-based Estimates,2,Interpolation,4899071
70,Population by age and sex - broad age groups,Population by age and sex - broad age groups,World Population Prospects,2024,United Nations Population Division,716,Zimbabwe,ZW,ZWE,72,2021,4,Median,1,Male,26,15,null,15+,0,Not applicable,1,Model-based Estimates,2,Interpolation,4179252.5
70,Population by age and sex - broad age groups,Population by age and sex - broad age groups,World Population Prospects,2024,United Nations Population Division,716,Zimbabwe,ZW,ZWE,72,2021,4,Median,2,Female,26,15,null,15+,0,Not applicable,1,Model-based Estimates,2,Interpolation,5003361.5
70,Population by age and sex - broad age groups,Population by age and sex - broad age groups,World Population Prospects,2024,United Nations Population Division,716,Zimbabwe,ZW,ZWE,73,2022,4,Median,1,Male,26,15,null,15+,0,Not applicable,1,Model-based Estimates,2,Interpolation,4279049
70,Population by age and sex - broad age groups,Population by age and sex - broad age groups,World Population Prospects,2024,United Nations Population Division,716,Zimbabwe,ZW,ZWE,73,2022,4,Median,2,Female,26,15,null,15+,0,Not applicable,1,Model-based Estimates,2,Interpolation,5103424.5
70,Population by age and sex - broad age groups,Population by age and sex - broad age groups,World Population Prospects,2024,United Nations Population Division,716,Zimbabwe,ZW,ZWE,74,2023,4,Median,1,Male,26,15,null,15+,0,Not applicable,1,Model-based Estimates,3,Projection,4382798
70,Population by age and sex - broad age groups,Population by age and sex - broad age groups,World Population Prospects,2024,United Nations Population Division,716,Zimbabwe,ZW,ZWE,74,2023,4,Median,2,Female,26,15,null,15+,0,Not applicable,1,Model-based Estimates,3,Projection,5205459.5
70,Population by age and sex - broad age groups,Population by age and sex - broad age groups,World Population Prospects,2024,United Nations Population Division,728,South Sudan,SS,SSD,41,1990,4,Median,1,Male,26,15,null,15+,0,Not applicable,1,Model-based Estimates,3,Projection,1228481.5
70,Population by age and sex - broad age groups,Population by age and sex - broad age groups,World Population Prospects,2024,United Nations Population Division,728,South Sudan,SS,SSD,41,1990,4,Median,2,Female,26,15,null,15+,0,Not applicable,1,Model-based Estimates,3,Projection,1356571.5
70,Population by age and sex - broad age groups,Population by age and sex - broad age groups,World Population Prospects,2024,United Nations Population Division,728,South Sudan,SS,SSD,42,1991,4,Median,1,Male,26,15,null,15+,0,Not applicable,1,Model-based Estimates,3,Projection,1252516
70,Population by age and sex - broad age groups,Population by age and sex - broad age groups,World Population Prospects,2024,United Nations Population Division,728,South Sudan,SS,SSD,42,1991,4,Median,2,Female,26,15,null,15+,0,Not applicable,1,Model-based Estimates,3,Projection,1385535
70,Population by age and sex - broad age groups,Population by age and sex - broad age groups,World Population Prospects,2024,United Nations Population Division,728,South Sudan,SS,SSD,43,1992,4,Median,1,Male,26,15,null,15+,0,Not applicable,1,Model-based Estimates,3,Projection,1266340
70,Population by age and sex - broad age groups,Population by age and sex - broad age groups,World Population Prospects,2024,United Nations Population Division,728,South Sudan,SS,SSD,43,1992,4,Median,2,Female,26,15,null,15+,0,Not applicable,1,Model-based Estimates,3,Projection,1407018
70,Population by age and sex - broad age groups,Population by age and sex - broad age groups,World Population Prospects,2024,United Nations Population Division,728,South Sudan,SS,SSD,44,1993,4,Median,1,Male,26,15,null,15+,0,Not applicable,1,Model-based Estimates,2,Interpolation,1269596
70,Population by age and sex - broad age groups,Population by age and sex - broad age groups,World Population Prospects,2024,United Nations Population Division,728,South Sudan,SS,SSD,44,1993,4,Median,2,Female,26,15,null,15+,0,Not applicable,1,Model-based Estimates,2,Interpolation,1420714
70,Population by age and sex - broad age groups,Population by age and sex - broad age groups,World Population Prospects,2024,United Nations Population Division,728,South Sudan,SS,SSD,45,1994,4,Median,1,Male,26,15,null,15+,0,Not applicable,1,Model-based Estimates,2,Interpolation,1295982.5
70,Population by age and sex - broad age groups,Population by age and sex - broad age groups,World Population Prospects,2024,United Nations Population Division,728,South Sudan,SS,SSD,45,1994,4,Median,2,Female,26,15,null,15+,0,Not applicable,1,Model-based Estimates,2,Interpolation,1452909.5
70,Population by age and sex - broad age groups,Population by age and sex - broad age groups,World Population Prospects,2024,United Nations Population Division,728,South Sudan,SS,SSD,46,1995,4,Median,1,Male,26,15,null,15+,0,Not applicable,1,Model-based Estimates,2,Interpolation,1334896
70,Population by age and sex - broad age groups,Population by age and sex - broad age groups,World Population Prospects,2024,United Nations Population Division,728,South Sudan,SS,SSD,46,1995,4,Median,2,Female,26,15,null,15+,0,Not applicable,1,Model-based Estimates,2,Interpolation,1494978
70,Population by age and sex - broad age groups,Population by age and sex - broad age groups,World Population Prospects,2024,United Nations Population Division,728,South Sudan,SS,SSD,47,1996,4,Median,1,Male,26,15,null,15+,0,Not applicable,1,Model-based Estimates,2,Interpolation,1364046.5
70,Population by age and sex - broad age groups,Population by age and sex - broad age groups,World Population Prospects,2024,United Nations Population Division,728,South Sudan,SS,SSD,47,1996,4,Median,2,Female,26,15,null,15+,0,Not applicable,1,Model-based Estimates,2,Interpolation,1529388.5
70,Population by age and sex - broad age groups,Population by age and sex - broad age groups,World Population Prospects,2024,United Nations Population Division,728,South Sudan,SS,SSD,48,1997,4,Median,1,Male,26,15,null,15+,0,Not applicable,1,Model-based Estimates,2,Interpolation,1401183
70,Population by age and sex - broad age groups,Population by age and sex - broad age groups,World Population Prospects,2024,United Nations Population Division,728,South Sudan,SS,SSD,48,1997,4,Median,2,Female,26,15,null,15+,0,Not applicable,1,Model-based Estimates,2,Interpolation,1571372
70,Population by age and sex - broad age groups,Population by age and sex - broad age groups,World Population Prospects,2024,United Nations Population Division,728,South Sudan,SS,SSD,49,1998,4,Median,1,Male,26,15,null,15+,0,Not applicable,1,Model-based Estimates,2,Interpolation,1433889.5
70,Population by age and sex - broad age groups,Population by age and sex - broad age groups,World Population Prospects,2024,United Nations Population Division,728,South Sudan,SS,SSD,49,1998,4,Median,2,Female,26,15,null,15+,0,Not applicable,1,Model-based Estimates,2,Interpolation,1610845
70,Population by age and sex - broad age groups,Population by age and sex - broad age groups,World Population Prospects,2024,United Nations Population Division,728,South Sudan,SS,SSD,50,1999,4,Median,1,Male,26,15,null,15+,0,Not applicable,1,Model-based Estimates,2,Interpolation,1480099
70,Population by age and sex - broad age groups,Population by age and sex - broad age groups,World Population Prospects,2024,United Nations Population Division,728,South Sudan,SS,SSD,50,1999,4,Median,2,Female,26,15,null,15+,0,Not applicable,1,Model-based Estimates,2,Interpolation,1661576
70,Population by age and sex - broad age groups,Population by age and sex - broad age groups,World Population Prospects,2024,United Nations Population Division,728,South Sudan,SS,SSD,51,2000,4,Median,1,Male,26,15,null,15+,0,Not applicable,1,Model-based Estimates,2,Interpolation,1553820.5
70,Population by age and sex - broad age groups,Population by age and sex - broad age groups,World Population Prospects,2024,United Nations Population Division,728,South Sudan,SS,SSD,51,2000,4,Median,2,Female,26,15,null,15+,0,Not applicable,1,Model-based Estimates,2,Interpolation,1734857
70,Population by age and sex - broad age groups,Population by age and sex - broad age groups,World Population Prospects,2024,United Nations Population Division,728,South Sudan,SS,SSD,52,2001,4,Median,1,Male,26,15,null,15+,0,Not applicable,1,Model-based Estimates,2,Interpolation,1628475
70,Population by age and sex - broad age groups,Population by age and sex - broad age groups,World Population Prospects,2024,United Nations Population Division,728,South Sudan,SS,SSD,52,2001,4,Median,2,Female,26,15,null,15+,0,Not applicable,1,Model-based Estimates,2,Interpolation,1808513.5
70,Population by age and sex - broad age groups,Population by age and sex - broad age groups,World Population Prospects,2024,United Nations Population Division,728,South Sudan,SS,SSD,53,2002,4,Median,1,Male,26,15,null,15+,0,Not applicable,1,Model-based Estimates,2,Interpolation,1700942.5
70,Population by age and sex - broad age groups,Population by age and sex - broad age groups,World Population Prospects,2024,United Nations Population Division,728,South Sudan,SS,SSD,53,2002,4,Median,2,Female,26,15,null,15+,0,Not applicable,1,Model-based Estimates,2,Interpolation,1879741
70,Population by age and sex - broad age groups,Population by age and sex - broad age groups,World Population Prospects,2024,United Nations Population Division,728,South Sudan,SS,SSD,54,2003,4,Median,1,Male,26,15,null,15+,0,Not applicable,1,Model-based Estimates,2,Interpolation,1778014
70,Population by age and sex - broad age groups,Population by age and sex - broad age groups,World Population Prospects,2024,United Nations Population Division,728,South Sudan,SS,SSD,54,2003,4,Median,2,Female,26,15,null,15+,0,Not applicable,1,Model-based Estimates,2,Interpolation,1955275.5
70,Population by age and sex - broad age groups,Population by age and sex - broad age groups,World Population Prospects,2024,United Nations Population Division,728,South Sudan,SS,SSD,55,2004,4,Median,1,Male,26,15,null,15+,0,Not applicable,1,Model-based Estimates,2,Interpolation,1873368
70,Population by age and sex - broad age groups,Population by age and sex - broad age groups,World Population Prospects,2024,United Nations Population Division,728,South Sudan,SS,SSD,55,2004,4,Median,2,Female,26,15,null,15+,0,Not applicable,1,Model-based Estimates,2,Interpolation,2048672.5
70,Population by age and sex - broad age groups,Population by age and sex - broad age groups,World Population Prospects,2024,United Nations Population Division,728,South Sudan,SS,SSD,56,2005,4,Median,1,Male,26,15,null,15+,0,Not applicable,1,Model-based Estimates,2,Interpolation,1987675.5
70,Population by age and sex - broad age groups,Population by age and sex - broad age groups,World Population Prospects,2024,United Nations Population Division,728,South Sudan,SS,SSD,56,2005,4,Median,2,Female,26,15,null,15+,0,Not applicable,1,Model-based Estimates,2,Interpolation,2160545.5
70,Population by age and sex - broad age groups,Population by age and sex - broad age groups,World Population Prospects,2024,United Nations Population Division,728,South Sudan,SS,SSD,57,2006,4,Median,1,Male,26,15,null,15+,0,Not applicable,1,Model-based Estimates,2,Interpolation,2114425
70,Population by age and sex - broad age groups,Population by age and sex - broad age groups,World Population Prospects,2024,United Nations Population Division,728,South Sudan,SS,SSD,57,2006,4,Median,2,Female,26,15,null,15+,0,Not applicable,1,Model-based Estimates,2,Interpolation,2284649
70,Population by age and sex - broad age groups,Population by age and sex - broad age groups,World Population Prospects,2024,United Nations Population Division,728,South Sudan,SS,SSD,58,2007,4,Median,1,Male,26,15,null,15+,0,Not applicable,1,Model-based Estimates,2,Interpolation,2251953
70,Population by age and sex - broad age groups,Population by age and sex - broad age groups,World Population Prospects,2024,United Nations Population Division,728,South Sudan,SS,SSD,58,2007,4,Median,2,Female,26,15,null,15+,0,Not applicable,1,Model-based Estimates,2,Interpolation,2419336.5
70,Population by age and sex - broad age groups,Population by age and sex - broad age groups,World Population Prospects,2024,United Nations Population Division,728,South Sudan,SS,SSD,59,2008,4,Median,1,Male,26,15,null,15+,0,Not applicable,1,Model-based Estimates,2,Interpolation,2395140.5
70,Population by age and sex - broad age groups,Population by age and sex - broad age groups,World Population Prospects,2024,United Nations Population Division,728,South Sudan,SS,SSD,59,2008,4,Median,2,Female,26,15,null,15+,0,Not applicable,1,Model-based Estimates,2,Interpolation,2559661
70,Population by age and sex - broad age groups,Population by age and sex - broad age groups,World Population Prospects,2024,United Nations Population Division,728,South Sudan,SS,SSD,60,2009,4,Median,1,Male,26,15,null,15+,0,Not applicable,1,Model-based Estimates,3,Projection,2535361.5
70,Population by age and sex - broad age groups,Population by age and sex - broad age groups,World Population Prospects,2024,United Nations Population Division,728,South Sudan,SS,SSD,60,2009,4,Median,2,Female,26,15,null,15+,0,Not applicable,1,Model-based Estimates,3,Projection,2697158.5
70,Population by age and sex - broad age groups,Population by age and sex - broad age groups,World Population Prospects,2024,United Nations Population Division,728,South Sudan,SS,SSD,61,2010,4,Median,1,Male,26,15,null,15+,0,Not applicable,1,Model-based Estimates,3,Projection,2708836
70,Population by age and sex - broad age groups,Population by age and sex - broad age groups,World Population Prospects,2024,United Nations Population Division,728,South Sudan,SS,SSD,61,2010,4,Median,2,Female,26,15,null,15+,0,Not applicable,1,Model-based Estimates,3,Projection,2867772.5
70,Population by age and sex - broad age groups,Population by age and sex - broad age groups,World Population Prospects,2024,United Nations Population Division,728,South Sudan,SS,SSD,62,2011,4,Median,1,Male,26,15,null,15+,0,Not applicable,1,Model-based Estimates,3,Projection,2896644.5
70,Population by age and sex - broad age groups,Population by age and sex - broad age groups,World Population Prospects,2024,United Nations Population Division,728,South Sudan,SS,SSD,62,2011,4,Median,2,Female,26,15,null,15+,0,Not applicable,1,Model-based Estimates,3,Projection,3053229
70,Population by age and sex - broad age groups,Population by age and sex - broad age groups,World Population Prospects,2024,United Nations Population Division,728,South Sudan,SS,SSD,63,2012,4,Median,1,Male,26,15,null,15+,0,Not applicable,1,Model-based Estimates,3,Projection,3046611
70,Population by age and sex - broad age groups,Population by age and sex - broad age groups,World Population Prospects,2024,United Nations Population Division,728,South Sudan,SS,SSD,63,2012,4,Median,2,Female,26,15,null,15+,0,Not applicable,1,Model-based Estimates,3,Projection,3201401
70,Population by age and sex - broad age groups,Population by age and sex - broad age groups,World Population Prospects,2024,United Nations Population Division,728,South Sudan,SS,SSD,64,2013,4,Median,1,Male,26,15,null,15+,0,Not applicable,1,Model-based Estimates,3,Projection,3169334
70,Population by age and sex - broad age groups,Population by age and sex - broad age groups,World Population Prospects,2024,United Nations Population Division,728,South Sudan,SS,SSD,64,2013,4,Median,2,Female,26,15,null,15+,0,Not applicable,1,Model-based Estimates,3,Projection,3322816
70,Population by age and sex - broad age groups,Population by age and sex - broad age groups,World Population Prospects,2024,United Nations Population Division,728,South Sudan,SS,SSD,65,2014,4,Median,1,Male,26,15,null,15+,0,Not applicable,1,Model-based Estimates,3,Projection,3151966.5
70,Population by age and sex - broad age groups,Population by age and sex - broad age groups,World Population Prospects,2024,United Nations Population Division,728,South Sudan,SS,SSD,65,2014,4,Median,2,Female,26,15,null,15+,0,Not applicable,1,Model-based Estimates,3,Projection,3312238
70,Population by age and sex - broad age groups,Population by age and sex - broad age groups,World Population Prospects,2024,United Nations Population Division,728,South Sudan,SS,SSD,66,2015,4,Median,1,Male,26,15,null,15+,0,Not applicable,1,Model-based Estimates,3,Projection,3073498
70,Population by age and sex - broad age groups,Population by age and sex - broad age groups,World Population Prospects,2024,United Nations Population Division,728,South Sudan,SS,SSD,66,2015,4,Median,2,Female,26,15,null,15+,0,Not applicable,1,Model-based Estimates,3,Projection,3248681
70,Population by age and sex - broad age groups,Population by age and sex - broad age groups,World Population Prospects,2024,United Nations Population Division,728,South Sudan,SS,SSD,67,2016,4,Median,1,Male,26,15,null,15+,0,Not applicable,1,Model-based Estimates,3,Projection,2949785.5
70,Population by age and sex - broad age groups,Population by age and sex - broad age groups,World Population Prospects,2024,United Nations Population Division,728,South Sudan,SS,SSD,67,2016,4,Median,2,Female,26,15,null,15+,0,Not applicable,1,Model-based Estimates,3,Projection,3142701
70,Population by age and sex - broad age groups,Population by age and sex - broad age groups,World Population Prospects,2024,United Nations Population Division,728,South Sudan,SS,SSD,68,2017,4,Median,1,Male,26,15,null,15+,0,Not applicable,1,Model-based Estimates,3,Projection,2712789.5
70,Population by age and sex - broad age groups,Population by age and sex - broad age groups,World Population Prospects,2024,United Nations Population Division,728,South Sudan,SS,SSD,68,2017,4,Median,2,Female,26,15,null,15+,0,Not applicable,1,Model-based Estimates,3,Projection,2924951.5
70,Population by age and sex - broad age groups,Population by age and sex - broad age groups,World Population Prospects,2024,United Nations Population Division,728,South Sudan,SS,SSD,69,2018,4,Median,1,Male,26,15,null,15+,0,Not applicable,1,Model-based Estimates,3,Projection,2677054.5
70,Population by age and sex - broad age groups,Population by age and sex - broad age groups,World Population Prospects,2024,United Nations Population Division,728,South Sudan,SS,SSD,69,2018,4,Median,2,Female,26,15,null,15+,0,Not applicable,1,Model-based Estimates,3,Projection,2899730
70,Population by age and sex - broad age groups,Population by age and sex - broad age groups,World Population Prospects,2024,United Nations Population Division,728,South Sudan,SS,SSD,70,2019,4,Median,1,Male,26,15,null,15+,0,Not applicable,1,Model-based Estimates,3,Projection,2829467.5
70,Population by age and sex - broad age groups,Population by age and sex - broad age groups,World Population Prospects,2024,United Nations Population Division,728,South Sudan,SS,SSD,70,2019,4,Median,2,Female,26,15,null,15+,0,Not applicable,1,Model-based Estimates,3,Projection,3053397.5
70,Population by age and sex - broad age groups,Population by age and sex - broad age groups,World Population Prospects,2024,United Nations Population Division,728,South Sudan,SS,SSD,71,2020,4,Median,1,Male,26,15,null,15+,0,Not applicable,1,Model-based Estimates,3,Projection,2967208.5
70,Population by age and sex - broad age groups,Population by age and sex - broad age groups,World Population Prospects,2024,United Nations Population Division,728,South Sudan,SS,SSD,71,2020,4,Median,2,Female,26,15,null,15+,0,Not applicable,1,Model-based Estimates,3,Projection,3192360
70,Population by age and sex - broad age groups,Population by age and sex - broad age groups,World Population Prospects,2024,United Nations Population Division,728,South Sudan,SS,SSD,72,2021,4,Median,1,Male,26,15,null,15+,0,Not applicable,1,Model-based Estimates,3,Projection,3057169.5
70,Population by age and sex - broad age groups,Population by age and sex - broad age groups,World Population Prospects,2024,United Nations Population Division,728,South Sudan,SS,SSD,72,2021,4,Median,2,Female,26,15,null,15+,0,Not applicable,1,Model-based Estimates,3,Projection,3284701
70,Population by age and sex - broad age groups,Population by age and sex - broad age groups,World Population Prospects,2024,United Nations Population Division,728,South Sudan,SS,SSD,73,2022,4,Median,1,Male,26,15,null,15+,0,Not applicable,1,Model-based Estimates,3,Projection,3144202.5
70,Population by age and sex - broad age groups,Population by age and sex - broad age groups,World Population Prospects,2024,United Nations Population Division,728,South Sudan,SS,SSD,73,2022,4,Median,2,Female,26,15,null,15+,0,Not applicable,1,Model-based Estimates,3,Projection,3374371.5
70,Population by age and sex - broad age groups,Population by age and sex - broad age groups,World Population Prospects,2024,United Nations Population Division,728,South Sudan,SS,SSD,74,2023,4,Median,1,Male,26,15,null,15+,0,Not applicable,1,Model-based Estimates,3,Projection,3334509.5
70,Population by age and sex - broad age groups,Population by age and sex - broad age groups,World Population Prospects,2024,United Nations Population Division,728,South Sudan,SS,SSD,74,2023,4,Median,2,Female,26,15,null,15+,0,Not applicable,1,Model-based Estimates,3,Projection,3572563.5
70,Population by age and sex - broad age groups,Population by age and sex - broad age groups,World Population Prospects,2024,United Nations Population Division,748,Eswatini,SZ,SWZ,41,1990,4,Median,1,Male,26,15,null,15+,0,Not applicable,1,Model-based Estimates,2,Interpolation,213658
70,Population by age and sex - broad age groups,Population by age and sex - broad age groups,World Population Prospects,2024,United Nations Population Division,748,Eswatini,SZ,SWZ,41,1990,4,Median,2,Female,26,15,null,15+,0,Not applicable,1,Model-based Estimates,2,Interpolation,243122.5
70,Population by age and sex - broad age groups,Population by age and sex - broad age groups,World Population Prospects,2024,United Nations Population Division,748,Eswatini,SZ,SWZ,42,1991,4,Median,1,Male,26,15,null,15+,0,Not applicable,1,Model-based Estimates,2,Interpolation,225333.5
70,Population by age and sex - broad age groups,Population by age and sex - broad age groups,World Population Prospects,2024,United Nations Population Division,748,Eswatini,SZ,SWZ,42,1991,4,Median,2,Female,26,15,null,15+,0,Not applicable,1,Model-based Estimates,2,Interpolation,254867.5
70,Population by age and sex - broad age groups,Population by age and sex - broad age groups,World Population Prospects,2024,United Nations Population Division,748,Eswatini,SZ,SWZ,43,1992,4,Median,1,Male,26,15,null,15+,0,Not applicable,1,Model-based Estimates,2,Interpolation,236987.5
70,Population by age and sex - broad age groups,Population by age and sex - broad age groups,World Population Prospects,2024,United Nations Population Division,748,Eswatini,SZ,SWZ,43,1992,4,Median,2,Female,26,15,null,15+,0,Not applicable,1,Model-based Estimates,2,Interpolation,266566
70,Population by age and sex - broad age groups,Population by age and sex - broad age groups,World Population Prospects,2024,United Nations Population Division,748,Eswatini,SZ,SWZ,44,1993,4,Median,1,Male,26,15,null,15+,0,Not applicable,1,Model-based Estimates,2,Interpolation,245691
70,Population by age and sex - broad age groups,Population by age and sex - broad age groups,World Population Prospects,2024,United Nations Population Division,748,Eswatini,SZ,SWZ,44,1993,4,Median,2,Female,26,15,null,15+,0,Not applicable,1,Model-based Estimates,2,Interpolation,275270
70,Population by age and sex - broad age groups,Population by age and sex - broad age groups,World Population Prospects,2024,United Nations Population Division,748,Eswatini,SZ,SWZ,45,1994,4,Median,1,Male,26,15,null,15+,0,Not applicable,1,Model-based Estimates,2,Interpolation,242548.5
70,Population by age and sex - broad age groups,Population by age and sex - broad age groups,World Population Prospects,2024,United Nations Population Division,748,Eswatini,SZ,SWZ,45,1994,4,Median,2,Female,26,15,null,15+,0,Not applicable,1,Model-based Estimates,2,Interpolation,272027
70,Population by age and sex - broad age groups,Population by age and sex - broad age groups,World Population Prospects,2024,United Nations Population Division,748,Eswatini,SZ,SWZ,46,1995,4,Median,1,Male,26,15,null,15+,0,Not applicable,1,Model-based Estimates,2,Interpolation,240372
70,Population by age and sex - broad age groups,Population by age and sex - broad age groups,World Population Prospects,2024,United Nations Population Division,748,Eswatini,SZ,SWZ,46,1995,4,Median,2,Female,26,15,null,15+,0,Not applicable,1,Model-based Estimates,2,Interpolation,269635.5
70,Population by age and sex - broad age groups,Population by age and sex - broad age groups,World Population Prospects,2024,United Nations Population Division,748,Eswatini,SZ,SWZ,47,1996,4,Median,1,Male,26,15,null,15+,0,Not applicable,1,Model-based Estimates,2,Interpolation,248389.5
70,Population by age and sex - broad age groups,Population by age and sex - broad age groups,World Population Prospects,2024,United Nations Population Division,748,Eswatini,SZ,SWZ,47,1996,4,Median,2,Female,26,15,null,15+,0,Not applicable,1,Model-based Estimates,2,Interpolation,277342
70,Population by age and sex - broad age groups,Population by age and sex - broad age groups,World Population Prospects,2024,United Nations Population Division,748,Eswatini,SZ,SWZ,48,1997,4,Median,1,Male,26,15,null,15+,0,Not applicable,1,Model-based Estimates,2,Interpolation,256179
70,Population by age and sex - broad age groups,Population by age and sex - broad age groups,World Population Prospects,2024,United Nations Population Division,748,Eswatini,SZ,SWZ,48,1997,4,Median,2,Female,26,15,null,15+,0,Not applicable,1,Model-based Estimates,2,Interpolation,285602.5
70,Population by age and sex - broad age groups,Population by age and sex - broad age groups,World Population Prospects,2024,United Nations Population Division,748,Eswatini,SZ,SWZ,49,1998,4,Median,1,Male,26,15,null,15+,0,Not applicable,1,Model-based Estimates,2,Interpolation,263594.5
70,Population by age and sex - broad age groups,Population by age and sex - broad age groups,World Population Prospects,2024,United Nations Population Division,748,Eswatini,SZ,SWZ,49,1998,4,Median,2,Female,26,15,null,15+,0,Not applicable,1,Model-based Estimates,2,Interpolation,294005
70,Population by age and sex - broad age groups,Population by age and sex - broad age groups,World Population Prospects,2024,United Nations Population Division,748,Eswatini,SZ,SWZ,50,1999,4,Median,1,Male,26,15,null,15+,0,Not applicable,1,Model-based Estimates,2,Interpolation,270817
70,Population by age and sex - broad age groups,Population by age and sex - broad age groups,World Population Prospects,2024,United Nations Population Division,748,Eswatini,SZ,SWZ,50,1999,4,Median,2,Female,26,15,null,15+,0,Not applicable,1,Model-based Estimates,2,Interpolation,302083.5
70,Population by age and sex - broad age groups,Population by age and sex - broad age groups,World Population Prospects,2024,United Nations Population Division,748,Eswatini,SZ,SWZ,51,2000,4,Median,1,Male,26,15,null,15+,0,Not applicable,1,Model-based Estimates,2,Interpolation,277417.5
70,Population by age and sex - broad age groups,Population by age and sex - broad age groups,World Population Prospects,2024,United Nations Population Division,748,Eswatini,SZ,SWZ,51,2000,4,Median,2,Female,26,15,null,15+,0,Not applicable,1,Model-based Estimates,2,Interpolation,309942
70,Population by age and sex - broad age groups,Population by age and sex - broad age groups,World Population Prospects,2024,United Nations Population Division,748,Eswatini,SZ,SWZ,52,2001,4,Median,1,Male,26,15,null,15+,0,Not applicable,1,Model-based Estimates,2,Interpolation,283016.5
70,Population by age and sex - broad age groups,Population by age and sex - broad age groups,World Population Prospects,2024,United Nations Population Division,748,Eswatini,SZ,SWZ,52,2001,4,Median,2,Female,26,15,null,15+,0,Not applicable,1,Model-based Estimates,2,Interpolation,317215
70,Population by age and sex - broad age groups,Population by age and sex - broad age groups,World Population Prospects,2024,United Nations Population Division,748,Eswatini,SZ,SWZ,53,2002,4,Median,1,Male,26,15,null,15+,0,Not applicable,1,Model-based Estimates,2,Interpolation,287515.5
70,Population by age and sex - broad age groups,Population by age and sex - broad age groups,World Population Prospects,2024,United Nations Population Division,748,Eswatini,SZ,SWZ,53,2002,4,Median,2,Female,26,15,null,15+,0,Not applicable,1,Model-based Estimates,2,Interpolation,323839.5
70,Population by age and sex - broad age groups,Population by age and sex - broad age groups,World Population Prospects,2024,United Nations Population Division,748,Eswatini,SZ,SWZ,54,2003,4,Median,1,Male,26,15,null,15+,0,Not applicable,1,Model-based Estimates,2,Interpolation,290981
70,Population by age and sex - broad age groups,Population by age and sex - broad age groups,World Population Prospects,2024,United Nations Population Division,748,Eswatini,SZ,SWZ,54,2003,4,Median,2,Female,26,15,null,15+,0,Not applicable,1,Model-based Estimates,2,Interpolation,329818
70,Population by age and sex - broad age groups,Population by age and sex - broad age groups,World Population Prospects,2024,United Nations Population Division,748,Eswatini,SZ,SWZ,55,2004,4,Median,1,Male,26,15,null,15+,0,Not applicable,1,Model-based Estimates,2,Interpolation,293775.5
70,Population by age and sex - broad age groups,Population by age and sex - broad age groups,World Population Prospects,2024,United Nations Population Division,748,Eswatini,SZ,SWZ,55,2004,4,Median,2,Female,26,15,null,15+,0,Not applicable,1,Model-based Estimates,2,Interpolation,335157.5
70,Population by age and sex - broad age groups,Population by age and sex - broad age groups,World Population Prospects,2024,United Nations Population Division,748,Eswatini,SZ,SWZ,56,2005,4,Median,1,Male,26,15,null,15+,0,Not applicable,1,Model-based Estimates,2,Interpolation,296174.5
70,Population by age and sex - broad age groups,Population by age and sex - broad age groups,World Population Prospects,2024,United Nations Population Division,748,Eswatini,SZ,SWZ,56,2005,4,Median,2,Female,26,15,null,15+,0,Not applicable,1,Model-based Estimates,2,Interpolation,339879
70,Population by age and sex - broad age groups,Population by age and sex - broad age groups,World Population Prospects,2024,United Nations Population Division,748,Eswatini,SZ,SWZ,57,2006,4,Median,1,Male,26,15,null,15+,0,Not applicable,1,Model-based Estimates,2,Interpolation,298186
70,Population by age and sex - broad age groups,Population by age and sex - broad age groups,World Population Prospects,2024,United Nations Population Division,748,Eswatini,SZ,SWZ,57,2006,4,Median,2,Female,26,15,null,15+,0,Not applicable,1,Model-based Estimates,2,Interpolation,344206
70,Population by age and sex - broad age groups,Population by age and sex - broad age groups,World Population Prospects,2024,United Nations Population Division,748,Eswatini,SZ,SWZ,58,2007,4,Median,1,Male,26,15,null,15+,0,Not applicable,1,Model-based Estimates,2,Interpolation,301462
70,Population by age and sex - broad age groups,Population by age and sex - broad age groups,World Population Prospects,2024,United Nations Population Division,748,Eswatini,SZ,SWZ,58,2007,4,Median,2,Female,26,15,null,15+,0,Not applicable,1,Model-based Estimates,2,Interpolation,348743
70,Population by age and sex - broad age groups,Population by age and sex - broad age groups,World Population Prospects,2024,United Nations Population Division,748,Eswatini,SZ,SWZ,59,2008,4,Median,1,Male,26,15,null,15+,0,Not applicable,1,Model-based Estimates,2,Interpolation,306888.5
70,Population by age and sex - broad age groups,Population by age and sex - broad age groups,World Population Prospects,2024,United Nations Population Division,748,Eswatini,SZ,SWZ,59,2008,4,Median,2,Female,26,15,null,15+,0,Not applicable,1,Model-based Estimates,2,Interpolation,353486
70,Population by age and sex - broad age groups,Population by age and sex - broad age groups,World Population Prospects,2024,United Nations Population Division,748,Eswatini,SZ,SWZ,60,2009,4,Median,1,Male,26,15,null,15+,0,Not applicable,1,Model-based Estimates,2,Interpolation,312893
70,Population by age and sex - broad age groups,Population by age and sex - broad age groups,World Population Prospects,2024,United Nations Population Division,748,Eswatini,SZ,SWZ,60,2009,4,Median,2,Female,26,15,null,15+,0,Not applicable,1,Model-based Estimates,2,Interpolation,357837
70,Population by age and sex - broad age groups,Population by age and sex - broad age groups,World Population Prospects,2024,United Nations Population Division,748,Eswatini,SZ,SWZ,61,2010,4,Median,1,Male,26,15,null,15+,0,Not applicable,1,Model-based Estimates,2,Interpolation,318636.5
70,Population by age and sex - broad age groups,Population by age and sex - broad age groups,World Population Prospects,2024,United Nations Population Division,748,Eswatini,SZ,SWZ,61,2010,4,Median,2,Female,26,15,null,15+,0,Not applicable,1,Model-based Estimates,2,Interpolation,361681
70,Population by age and sex - broad age groups,Population by age and sex - broad age groups,World Population Prospects,2024,United Nations Population Division,748,Eswatini,SZ,SWZ,62,2011,4,Median,1,Male,26,15,null,15+,0,Not applicable,1,Model-based Estimates,2,Interpolation,324084.5
70,Population by age and sex - broad age groups,Population by age and sex - broad age groups,World Population Prospects,2024,United Nations Population Division,748,Eswatini,SZ,SWZ,62,2011,4,Median,2,Female,26,15,null,15+,0,Not applicable,1,Model-based Estimates,2,Interpolation,365033.5
70,Population by age and sex - broad age groups,Population by age and sex - broad age groups,World Population Prospects,2024,United Nations Population Division,748,Eswatini,SZ,SWZ,63,2012,4,Median,1,Male,26,15,null,15+,0,Not applicable,1,Model-based Estimates,2,Interpolation,329225.5
70,Population by age and sex - broad age groups,Population by age and sex - broad age groups,World Population Prospects,2024,United Nations Population Division,748,Eswatini,SZ,SWZ,63,2012,4,Median,2,Female,26,15,null,15+,0,Not applicable,1,Model-based Estimates,2,Interpolation,367895.5
70,Population by age and sex - broad age groups,Population by age and sex - broad age groups,World Population Prospects,2024,United Nations Population Division,748,Eswatini,SZ,SWZ,64,2013,4,Median,1,Male,26,15,null,15+,0,Not applicable,1,Model-based Estimates,2,Interpolation,334299
70,Population by age and sex - broad age groups,Population by age and sex - broad age groups,World Population Prospects,2024,United Nations Population Division,748,Eswatini,SZ,SWZ,64,2013,4,Median,2,Female,26,15,null,15+,0,Not applicable,1,Model-based Estimates,2,Interpolation,370631
70,Population by age and sex - broad age groups,Population by age and sex - broad age groups,World Population Prospects,2024,United Nations Population Division,748,Eswatini,SZ,SWZ,65,2014,4,Median,1,Male,26,15,null,15+,0,Not applicable,1,Model-based Estimates,2,Interpolation,339798
70,Population by age and sex - broad age groups,Population by age and sex - broad age groups,World Population Prospects,2024,United Nations Population Division,748,Eswatini,SZ,SWZ,65,2014,4,Median,2,Female,26,15,null,15+,0,Not applicable,1,Model-based Estimates,2,Interpolation,373605.5
70,Population by age and sex - broad age groups,Population by age and sex - broad age groups,World Population Prospects,2024,United Nations Population Division,748,Eswatini,SZ,SWZ,66,2015,4,Median,1,Male,26,15,null,15+,0,Not applicable,1,Model-based Estimates,2,Interpolation,345673.5
70,Population by age and sex - broad age groups,Population by age and sex - broad age groups,World Population Prospects,2024,United Nations Population Division,748,Eswatini,SZ,SWZ,66,2015,4,Median,2,Female,26,15,null,15+,0,Not applicable,1,Model-based Estimates,2,Interpolation,376792
70,Population by age and sex - broad age groups,Population by age and sex - broad age groups,World Population Prospects,2024,United Nations Population Division,748,Eswatini,SZ,SWZ,67,2016,4,Median,1,Male,26,15,null,15+,0,Not applicable,1,Model-based Estimates,2,Interpolation,351402.5
70,Population by age and sex - broad age groups,Population by age and sex - broad age groups,World Population Prospects,2024,United Nations Population Division,748,Eswatini,SZ,SWZ,67,2016,4,Median,2,Female,26,15,null,15+,0,Not applicable,1,Model-based Estimates,2,Interpolation,379958
70,Population by age and sex - broad age groups,Population by age and sex - broad age groups,World Population Prospects,2024,United Nations Population Division,748,Eswatini,SZ,SWZ,68,2017,4,Median,1,Male,26,15,null,15+,0,Not applicable,1,Model-based Estimates,2,Interpolation,357393
70,Population by age and sex - broad age groups,Population by age and sex - broad age groups,World Population Prospects,2024,United Nations Population Division,748,Eswatini,SZ,SWZ,68,2017,4,Median,2,Female,26,15,null,15+,0,Not applicable,1,Model-based Estimates,2,Interpolation,384088.5
70,Population by age and sex - broad age groups,Population by age and sex - broad age groups,World Population Prospects,2024,United Nations Population Division,748,Eswatini,SZ,SWZ,69,2018,4,Median,1,Male,26,15,null,15+,0,Not applicable,1,Model-based Estimates,3,Projection,363921.5
70,Population by age and sex - broad age groups,Population by age and sex - broad age groups,World Population Prospects,2024,United Nations Population Division,748,Eswatini,SZ,SWZ,69,2018,4,Median,2,Female,26,15,null,15+,0,Not applicable,1,Model-based Estimates,3,Projection,389371.5
70,Population by age and sex - broad age groups,Population by age and sex - broad age groups,World Population Prospects,2024,United Nations Population Division,748,Eswatini,SZ,SWZ,70,2019,4,Median,1,Male,26,15,null,15+,0,Not applicable,1,Model-based Estimates,3,Projection,370653.5
70,Population by age and sex - broad age groups,Population by age and sex - broad age groups,World Population Prospects,2024,United Nations Population Division,748,Eswatini,SZ,SWZ,70,2019,4,Median,2,Female,26,15,null,15+,0,Not applicable,1,Model-based Estimates,3,Projection,394878
70,Population by age and sex - broad age groups,Population by age and sex - broad age groups,World Population Prospects,2024,United Nations Population Division,748,Eswatini,SZ,SWZ,71,2020,4,Median,1,Male,26,15,null,15+,0,Not applicable,1,Model-based Estimates,3,Projection,377770
70,Population by age and sex - broad age groups,Population by age and sex - broad age groups,World Population Prospects,2024,United Nations Population Division,748,Eswatini,SZ,SWZ,71,2020,4,Median,2,Female,26,15,null,15+,0,Not applicable,1,Model-based Estimates,3,Projection,401247.5
70,Population by age and sex - broad age groups,Population by age and sex - broad age groups,World Population Prospects,2024,United Nations Population Division,748,Eswatini,SZ,SWZ,72,2021,4,Median,1,Male,26,15,null,15+,0,Not applicable,1,Model-based Estimates,3,Projection,384772.5
70,Population by age and sex - broad age groups,Population by age and sex - broad age groups,World Population Prospects,2024,United Nations Population Division,748,Eswatini,SZ,SWZ,72,2021,4,Median,2,Female,26,15,null,15+,0,Not applicable,1,Model-based Estimates,3,Projection,408140.5
70,Population by age and sex - broad age groups,Population by age and sex - broad age groups,World Population Prospects,2024,United Nations Population Division,748,Eswatini,SZ,SWZ,73,2022,4,Median,1,Male,26,15,null,15+,0,Not applicable,1,Model-based Estimates,3,Projection,390669
70,Population by age and sex - broad age groups,Population by age and sex - broad age groups,World Population Prospects,2024,United Nations Population Division,748,Eswatini,SZ,SWZ,73,2022,4,Median,2,Female,26,15,null,15+,0,Not applicable,1,Model-based Estimates,3,Projection,414418.5
70,Population by age and sex - broad age groups,Population by age and sex - broad age groups,World Population Prospects,2024,United Nations Population Division,748,Eswatini,SZ,SWZ,74,2023,4,Median,1,Male,26,15,null,15+,0,Not applicable,1,Model-based Estimates,3,Projection,395881.5
70,Population by age and sex - broad age groups,Population by age and sex - broad age groups,World Population Prospects,2024,United Nations Population Division,748,Eswatini,SZ,SWZ,74,2023,4,Median,2,Female,26,15,null,15+,0,Not applicable,1,Model-based Estimates,3,Projection,420325.5
70,Population by age and sex - broad age groups,Population by age and sex - broad age groups,World Population Prospects,2024,United Nations Population Division,768,Togo,TG,TGO,41,1990,4,Median,1,Male,26,15,null,15+,0,Not applicable,1,Model-based Estimates,2,Interpolation,1077857
70,Population by age and sex - broad age groups,Population by age and sex - broad age groups,World Population Prospects,2024,United Nations Population Division,768,Togo,TG,TGO,41,1990,4,Median,2,Female,26,15,null,15+,0,Not applicable,1,Model-based Estimates,2,Interpolation,1115456
70,Population by age and sex - broad age groups,Population by age and sex - broad age groups,World Population Prospects,2024,United Nations Population Division,768,Togo,TG,TGO,42,1991,4,Median,1,Male,26,15,null,15+,0,Not applicable,1,Model-based Estimates,2,Interpolation,1114338
70,Population by age and sex - broad age groups,Population by age and sex - broad age groups,World Population Prospects,2024,United Nations Population Division,768,Togo,TG,TGO,42,1991,4,Median,2,Female,26,15,null,15+,0,Not applicable,1,Model-based Estimates,2,Interpolation,1151720
70,Population by age and sex - broad age groups,Population by age and sex - broad age groups,World Population Prospects,2024,United Nations Population Division,768,Togo,TG,TGO,43,1992,4,Median,1,Male,26,15,null,15+,0,Not applicable,1,Model-based Estimates,2,Interpolation,1151733.5
70,Population by age and sex - broad age groups,Population by age and sex - broad age groups,World Population Prospects,2024,United Nations Population Division,768,Togo,TG,TGO,43,1992,4,Median,2,Female,26,15,null,15+,0,Not applicable,1,Model-based Estimates,2,Interpolation,1188627
70,Population by age and sex - broad age groups,Population by age and sex - broad age groups,World Population Prospects,2024,United Nations Population Division,768,Togo,TG,TGO,44,1993,4,Median,1,Male,26,15,null,15+,0,Not applicable,1,Model-based Estimates,2,Interpolation,1150305
70,Population by age and sex - broad age groups,Population by age and sex - broad age groups,World Population Prospects,2024,United Nations Population Division,768,Togo,TG,TGO,44,1993,4,Median,2,Female,26,15,null,15+,0,Not applicable,1,Model-based Estimates,2,Interpolation,1185233.5
70,Population by age and sex - broad age groups,Population by age and sex - broad age groups,World Population Prospects,2024,United Nations Population Division,768,Togo,TG,TGO,45,1994,4,Median,1,Male,26,15,null,15+,0,Not applicable,1,Model-based Estimates,2,Interpolation,1160590
70,Population by age and sex - broad age groups,Population by age and sex - broad age groups,World Population Prospects,2024,United Nations Population Division,768,Togo,TG,TGO,45,1994,4,Median,2,Female,26,15,null,15+,0,Not applicable,1,Model-based Estimates,2,Interpolation,1193775
70,Population by age and sex - broad age groups,Population by age and sex - broad age groups,World Population Prospects,2024,United Nations Population Division,768,Togo,TG,TGO,46,1995,4,Median,1,Male,26,15,null,15+,0,Not applicable,1,Model-based Estimates,2,Interpolation,1218351.5
70,Population by age and sex - broad age groups,Population by age and sex - broad age groups,World Population Prospects,2024,United Nations Population Division,768,Togo,TG,TGO,46,1995,4,Median,2,Female,26,15,null,15+,0,Not applicable,1,Model-based Estimates,2,Interpolation,1251112
70,Population by age and sex - broad age groups,Population by age and sex - broad age groups,World Population Prospects,2024,United Nations Population Division,768,Togo,TG,TGO,47,1996,4,Median,1,Male,26,15,null,15+,0,Not applicable,1,Model-based Estimates,2,Interpolation,1271107.5
70,Population by age and sex - broad age groups,Population by age and sex - broad age groups,World Population Prospects,2024,United Nations Population Division,768,Togo,TG,TGO,47,1996,4,Median,2,Female,26,15,null,15+,0,Not applicable,1,Model-based Estimates,2,Interpolation,1303111.5
70,Population by age and sex - broad age groups,Population by age and sex - broad age groups,World Population Prospects,2024,United Nations Population Division,768,Togo,TG,TGO,48,1997,4,Median,1,Male,26,15,null,15+,0,Not applicable,1,Model-based Estimates,2,Interpolation,1319923.5
70,Population by age and sex - broad age groups,Population by age and sex - broad age groups,World Population Prospects,2024,United Nations Population Division,768,Togo,TG,TGO,48,1997,4,Median,2,Female,26,15,null,15+,0,Not applicable,1,Model-based Estimates,2,Interpolation,1350821
70,Population by age and sex - broad age groups,Population by age and sex - broad age groups,World Population Prospects,2024,United Nations Population Division,768,Togo,TG,TGO,49,1998,4,Median,1,Male,26,15,null,15+,0,Not applicable,1,Model-based Estimates,2,Interpolation,1366781.5
70,Population by age and sex - broad age groups,Population by age and sex - broad age groups,World Population Prospects,2024,United Nations Population Division,768,Togo,TG,TGO,49,1998,4,Median,2,Female,26,15,null,15+,0,Not applicable,1,Model-based Estimates,2,Interpolation,1396335
70,Population by age and sex - broad age groups,Population by age and sex - broad age groups,World Population Prospects,2024,United Nations Population Division,768,Togo,TG,TGO,50,1999,4,Median,1,Male,26,15,null,15+,0,Not applicable,1,Model-based Estimates,2,Interpolation,1414312.5
70,Population by age and sex - broad age groups,Population by age and sex - broad age groups,World Population Prospects,2024,United Nations Population Division,768,Togo,TG,TGO,50,1999,4,Median,2,Female,26,15,null,15+,0,Not applicable,1,Model-based Estimates,2,Interpolation,1442516
70,Population by age and sex - broad age groups,Population by age and sex - broad age groups,World Population Prospects,2024,United Nations Population Division,768,Togo,TG,TGO,51,2000,4,Median,1,Male,26,15,null,15+,0,Not applicable,1,Model-based Estimates,2,Interpolation,1461046
70,Population by age and sex - broad age groups,Population by age and sex - broad age groups,World Population Prospects,2024,United Nations Population Division,768,Togo,TG,TGO,51,2000,4,Median,2,Female,26,15,null,15+,0,Not applicable,1,Model-based Estimates,2,Interpolation,1487876
70,Population by age and sex - broad age groups,Population by age and sex - broad age groups,World Population Prospects,2024,United Nations Population Division,768,Togo,TG,TGO,52,2001,4,Median,1,Male,26,15,null,15+,0,Not applicable,1,Model-based Estimates,2,Interpolation,1505931.5
70,Population by age and sex - broad age groups,Population by age and sex - broad age groups,World Population Prospects,2024,United Nations Population Division,768,Togo,TG,TGO,52,2001,4,Median,2,Female,26,15,null,15+,0,Not applicable,1,Model-based Estimates,2,Interpolation,1531287
70,Population by age and sex - broad age groups,Population by age and sex - broad age groups,World Population Prospects,2024,United Nations Population Division,768,Togo,TG,TGO,53,2002,4,Median,1,Male,26,15,null,15+,0,Not applicable,1,Model-based Estimates,2,Interpolation,1549598.5
70,Population by age and sex - broad age groups,Population by age and sex - broad age groups,World Population Prospects,2024,United Nations Population Division,768,Togo,TG,TGO,53,2002,4,Median,2,Female,26,15,null,15+,0,Not applicable,1,Model-based Estimates,2,Interpolation,1573363
70,Population by age and sex - broad age groups,Population by age and sex - broad age groups,World Population Prospects,2024,United Nations Population Division,768,Togo,TG,TGO,54,2003,4,Median,1,Male,26,15,null,15+,0,Not applicable,1,Model-based Estimates,2,Interpolation,1594138
70,Population by age and sex - broad age groups,Population by age and sex - broad age groups,World Population Prospects,2024,United Nations Population Division,768,Togo,TG,TGO,54,2003,4,Median,2,Female,26,15,null,15+,0,Not applicable,1,Model-based Estimates,2,Interpolation,1616225.5
70,Population by age and sex - broad age groups,Population by age and sex - broad age groups,World Population Prospects,2024,United Nations Population Division,768,Togo,TG,TGO,55,2004,4,Median,1,Male,26,15,null,15+,0,Not applicable,1,Model-based Estimates,2,Interpolation,1640773
70,Population by age and sex - broad age groups,Population by age and sex - broad age groups,World Population Prospects,2024,United Nations Population Division,768,Togo,TG,TGO,55,2004,4,Median,2,Female,26,15,null,15+,0,Not applicable,1,Model-based Estimates,2,Interpolation,1661175
70,Population by age and sex - broad age groups,Population by age and sex - broad age groups,World Population Prospects,2024,United Nations Population Division,768,Togo,TG,TGO,56,2005,4,Median,1,Male,26,15,null,15+,0,Not applicable,1,Model-based Estimates,2,Interpolation,1688074
70,Population by age and sex - broad age groups,Population by age and sex - broad age groups,World Population Prospects,2024,United Nations Population Division,768,Togo,TG,TGO,56,2005,4,Median,2,Female,26,15,null,15+,0,Not applicable,1,Model-based Estimates,2,Interpolation,1706859
70,Population by age and sex - broad age groups,Population by age and sex - broad age groups,World Population Prospects,2024,United Nations Population Division,768,Togo,TG,TGO,57,2006,4,Median,1,Male,26,15,null,15+,0,Not applicable,1,Model-based Estimates,2,Interpolation,1741531
70,Population by age and sex - broad age groups,Population by age and sex - broad age groups,World Population Prospects,2024,United Nations Population Division,768,Togo,TG,TGO,57,2006,4,Median,2,Female,26,15,null,15+,0,Not applicable,1,Model-based Estimates,2,Interpolation,1758595.5
70,Population by age and sex - broad age groups,Population by age and sex - broad age groups,World Population Prospects,2024,United Nations Population Division,768,Togo,TG,TGO,58,2007,4,Median,1,Male,26,15,null,15+,0,Not applicable,1,Model-based Estimates,2,Interpolation,1798118.5
70,Population by age and sex - broad age groups,Population by age and sex - broad age groups,World Population Prospects,2024,United Nations Population Division,768,Togo,TG,TGO,58,2007,4,Median,2,Female,26,15,null,15+,0,Not applicable,1,Model-based Estimates,2,Interpolation,1813272.5
70,Population by age and sex - broad age groups,Population by age and sex - broad age groups,World Population Prospects,2024,United Nations Population Division,768,Togo,TG,TGO,59,2008,4,Median,1,Male,26,15,null,15+,0,Not applicable,1,Model-based Estimates,2,Interpolation,1854057
70,Population by age and sex - broad age groups,Population by age and sex - broad age groups,World Population Prospects,2024,United Nations Population Division,768,Togo,TG,TGO,59,2008,4,Median,2,Female,26,15,null,15+,0,Not applicable,1,Model-based Estimates,2,Interpolation,1867201
70,Population by age and sex - broad age groups,Population by age and sex - broad age groups,World Population Prospects,2024,United Nations Population Division,768,Togo,TG,TGO,60,2009,4,Median,1,Male,26,15,null,15+,0,Not applicable,1,Model-based Estimates,2,Interpolation,1909415.5
70,Population by age and sex - broad age groups,Population by age and sex - broad age groups,World Population Prospects,2024,United Nations Population Division,768,Togo,TG,TGO,60,2009,4,Median,2,Female,26,15,null,15+,0,Not applicable,1,Model-based Estimates,2,Interpolation,1920511.5
70,Population by age and sex - broad age groups,Population by age and sex - broad age groups,World Population Prospects,2024,United Nations Population Division,768,Togo,TG,TGO,61,2010,4,Median,1,Male,26,15,null,15+,0,Not applicable,1,Model-based Estimates,2,Interpolation,1961970.5
70,Population by age and sex - broad age groups,Population by age and sex - broad age groups,World Population Prospects,2024,United Nations Population Division,768,Togo,TG,TGO,61,2010,4,Median,2,Female,26,15,null,15+,0,Not applicable,1,Model-based Estimates,2,Interpolation,1971027
70,Population by age and sex - broad age groups,Population by age and sex - broad age groups,World Population Prospects,2024,United Nations Population Division,768,Togo,TG,TGO,62,2011,4,Median,1,Male,26,15,null,15+,0,Not applicable,1,Model-based Estimates,3,Projection,2015411.5
70,Population by age and sex - broad age groups,Population by age and sex - broad age groups,World Population Prospects,2024,United Nations Population Division,768,Togo,TG,TGO,62,2011,4,Median,2,Female,26,15,null,15+,0,Not applicable,1,Model-based Estimates,3,Projection,2022373.5
70,Population by age and sex - broad age groups,Population by age and sex - broad age groups,World Population Prospects,2024,United Nations Population Division,768,Togo,TG,TGO,63,2012,4,Median,1,Male,26,15,null,15+,0,Not applicable,1,Model-based Estimates,3,Projection,2069883.5
70,Population by age and sex - broad age groups,Population by age and sex - broad age groups,World Population Prospects,2024,United Nations Population Division,768,Togo,TG,TGO,63,2012,4,Median,2,Female,26,15,null,15+,0,Not applicable,1,Model-based Estimates,3,Projection,2074765
70,Population by age and sex - broad age groups,Population by age and sex - broad age groups,World Population Prospects,2024,United Nations Population Division,768,Togo,TG,TGO,64,2013,4,Median,1,Male,26,15,null,15+,0,Not applicable,1,Model-based Estimates,3,Projection,2125806.5
70,Population by age and sex - broad age groups,Population by age and sex - broad age groups,World Population Prospects,2024,United Nations Population Division,768,Togo,TG,TGO,64,2013,4,Median,2,Female,26,15,null,15+,0,Not applicable,1,Model-based Estimates,3,Projection,2128617.5
70,Population by age and sex - broad age groups,Population by age and sex - broad age groups,World Population Prospects,2024,United Nations Population Division,768,Togo,TG,TGO,65,2014,4,Median,1,Male,26,15,null,15+,0,Not applicable,1,Model-based Estimates,3,Projection,2183754.5
70,Population by age and sex - broad age groups,Population by age and sex - broad age groups,World Population Prospects,2024,United Nations Population Division,768,Togo,TG,TGO,65,2014,4,Median,2,Female,26,15,null,15+,0,Not applicable,1,Model-based Estimates,3,Projection,2184406.5
70,Population by age and sex - broad age groups,Population by age and sex - broad age groups,World Population Prospects,2024,United Nations Population Division,768,Togo,TG,TGO,66,2015,4,Median,1,Male,26,15,null,15+,0,Not applicable,1,Model-based Estimates,3,Projection,2243869.5
70,Population by age and sex - broad age groups,Population by age and sex - broad age groups,World Population Prospects,2024,United Nations Population Division,768,Togo,TG,TGO,66,2015,4,Median,2,Female,26,15,null,15+,0,Not applicable,1,Model-based Estimates,3,Projection,2242266
70,Population by age and sex - broad age groups,Population by age and sex - broad age groups,World Population Prospects,2024,United Nations Population Division,768,Togo,TG,TGO,67,2016,4,Median,1,Male,26,15,null,15+,0,Not applicable,1,Model-based Estimates,3,Projection,2306228
70,Population by age and sex - broad age groups,Population by age and sex - broad age groups,World Population Prospects,2024,United Nations Population Division,768,Togo,TG,TGO,67,2016,4,Median,2,Female,26,15,null,15+,0,Not applicable,1,Model-based Estimates,3,Projection,2302203
70,Population by age and sex - broad age groups,Population by age and sex - broad age groups,World Population Prospects,2024,United Nations Population Division,768,Togo,TG,TGO,68,2017,4,Median,1,Male,26,15,null,15+,0,Not applicable,1,Model-based Estimates,3,Projection,2370787.5
70,Population by age and sex - broad age groups,Population by age and sex - broad age groups,World Population Prospects,2024,United Nations Population Division,768,Togo,TG,TGO,68,2017,4,Median,2,Female,26,15,null,15+,0,Not applicable,1,Model-based Estimates,3,Projection,2364215
70,Population by age and sex - broad age groups,Population by age and sex - broad age groups,World Population Prospects,2024,United Nations Population Division,768,Togo,TG,TGO,69,2018,4,Median,1,Male,26,15,null,15+,0,Not applicable,1,Model-based Estimates,3,Projection,2437398.5
70,Population by age and sex - broad age groups,Population by age and sex - broad age groups,World Population Prospects,2024,United Nations Population Division,768,Togo,TG,TGO,69,2018,4,Median,2,Female,26,15,null,15+,0,Not applicable,1,Model-based Estimates,3,Projection,2428105.5
70,Population by age and sex - broad age groups,Population by age and sex - broad age groups,World Population Prospects,2024,United Nations Population Division,768,Togo,TG,TGO,70,2019,4,Median,1,Male,26,15,null,15+,0,Not applicable,1,Model-based Estimates,3,Projection,2505831.5
70,Population by age and sex - broad age groups,Population by age and sex - broad age groups,World Population Prospects,2024,United Nations Population Division,768,Togo,TG,TGO,70,2019,4,Median,2,Female,26,15,null,15+,0,Not applicable,1,Model-based Estimates,3,Projection,2493580
70,Population by age and sex - broad age groups,Population by age and sex - broad age groups,World Population Prospects,2024,United Nations Population Division,768,Togo,TG,TGO,71,2020,4,Median,1,Male,26,15,null,15+,0,Not applicable,1,Model-based Estimates,3,Projection,2576387.5
70,Population by age and sex - broad age groups,Population by age and sex - broad age groups,World Population Prospects,2024,United Nations Population Division,768,Togo,TG,TGO,71,2020,4,Median,2,Female,26,15,null,15+,0,Not applicable,1,Model-based Estimates,3,Projection,2561407.5
70,Population by age and sex - broad age groups,Population by age and sex - broad age groups,World Population Prospects,2024,United Nations Population Division,768,Togo,TG,TGO,72,2021,4,Median,1,Male,26,15,null,15+,0,Not applicable,1,Model-based Estimates,3,Projection,2649901
70,Population by age and sex - broad age groups,Population by age and sex - broad age groups,World Population Prospects,2024,United Nations Population Division,768,Togo,TG,TGO,72,2021,4,Median,2,Female,26,15,null,15+,0,Not applicable,1,Model-based Estimates,3,Projection,2632275
70,Population by age and sex - broad age groups,Population by age and sex - broad age groups,World Population Prospects,2024,United Nations Population Division,768,Togo,TG,TGO,73,2022,4,Median,1,Male,26,15,null,15+,0,Not applicable,1,Model-based Estimates,3,Projection,2727396
70,Population by age and sex - broad age groups,Population by age and sex - broad age groups,World Population Prospects,2024,United Nations Population Division,768,Togo,TG,TGO,73,2022,4,Median,2,Female,26,15,null,15+,0,Not applicable,1,Model-based Estimates,3,Projection,2706726
70,Population by age and sex - broad age groups,Population by age and sex - broad age groups,World Population Prospects,2024,United Nations Population Division,768,Togo,TG,TGO,74,2023,4,Median,1,Male,26,15,null,15+,0,Not applicable,1,Model-based Estimates,3,Projection,2808724
70,Population by age and sex - broad age groups,Population by age and sex - broad age groups,World Population Prospects,2024,United Nations Population Division,768,Togo,TG,TGO,74,2023,4,Median,2,Female,26,15,null,15+,0,Not applicable,1,Model-based Estimates,3,Projection,2784806.5
70,Population by age and sex - broad age groups,Population by age and sex - broad age groups,World Population Prospects,2024,United Nations Population Division,800,Uganda,UG,UGA,41,1990,4,Median,1,Male,26,15,null,15+,0,Not applicable,1,Model-based Estimates,2,Interpolation,4383289
70,Population by age and sex - broad age groups,Population by age and sex - broad age groups,World Population Prospects,2024,United Nations Population Division,800,Uganda,UG,UGA,41,1990,4,Median,2,Female,26,15,null,15+,0,Not applicable,1,Model-based Estimates,2,Interpolation,4713638
70,Population by age and sex - broad age groups,Population by age and sex - broad age groups,World Population Prospects,2024,United Nations Population Division,800,Uganda,UG,UGA,42,1991,4,Median,1,Male,26,15,null,15+,0,Not applicable,1,Model-based Estimates,2,Interpolation,4522339
70,Population by age and sex - broad age groups,Population by age and sex - broad age groups,World Population Prospects,2024,United Nations Population Division,800,Uganda,UG,UGA,42,1991,4,Median,2,Female,26,15,null,15+,0,Not applicable,1,Model-based Estimates,2,Interpolation,4860619
70,Population by age and sex - broad age groups,Population by age and sex - broad age groups,World Population Prospects,2024,United Nations Population Division,800,Uganda,UG,UGA,43,1992,4,Median,1,Male,26,15,null,15+,0,Not applicable,1,Model-based Estimates,2,Interpolation,4674147.5
70,Population by age and sex - broad age groups,Population by age and sex - broad age groups,World Population Prospects,2024,United Nations Population Division,800,Uganda,UG,UGA,43,1992,4,Median,2,Female,26,15,null,15+,0,Not applicable,1,Model-based Estimates,2,Interpolation,5019931.5
70,Population by age and sex - broad age groups,Population by age and sex - broad age groups,World Population Prospects,2024,United Nations Population Division,800,Uganda,UG,UGA,44,1993,4,Median,1,Male,26,15,null,15+,0,Not applicable,1,Model-based Estimates,2,Interpolation,4832114
70,Population by age and sex - broad age groups,Population by age and sex - broad age groups,World Population Prospects,2024,United Nations Population Division,800,Uganda,UG,UGA,44,1993,4,Median,2,Female,26,15,null,15+,0,Not applicable,1,Model-based Estimates,2,Interpolation,5184828
70,Population by age and sex - broad age groups,Population by age and sex - broad age groups,World Population Prospects,2024,United Nations Population Division,800,Uganda,UG,UGA,45,1994,4,Median,1,Male,26,15,null,15+,0,Not applicable,1,Model-based Estimates,2,Interpolation,4984107
70,Population by age and sex - broad age groups,Population by age and sex - broad age groups,World Population Prospects,2024,United Nations Population Division,800,Uganda,UG,UGA,45,1994,4,Median,2,Female,26,15,null,15+,0,Not applicable,1,Model-based Estimates,2,Interpolation,5343510.5
70,Population by age and sex - broad age groups,Population by age and sex - broad age groups,World Population Prospects,2024,United Nations Population Division,800,Uganda,UG,UGA,46,1995,4,Median,1,Male,26,15,null,15+,0,Not applicable,1,Model-based Estimates,2,Interpolation,5081319
70,Population by age and sex - broad age groups,Population by age and sex - broad age groups,World Population Prospects,2024,United Nations Population Division,800,Uganda,UG,UGA,46,1995,4,Median,2,Female,26,15,null,15+,0,Not applicable,1,Model-based Estimates,2,Interpolation,5447066
70,Population by age and sex - broad age groups,Population by age and sex - broad age groups,World Population Prospects,2024,United Nations Population Division,800,Uganda,UG,UGA,47,1996,4,Median,1,Male,26,15,null,15+,0,Not applicable,1,Model-based Estimates,2,Interpolation,5181495
70,Population by age and sex - broad age groups,Population by age and sex - broad age groups,World Population Prospects,2024,United Nations Population Division,800,Uganda,UG,UGA,47,1996,4,Median,2,Female,26,15,null,15+,0,Not applicable,1,Model-based Estimates,2,Interpolation,5552978.5
70,Population by age and sex - broad age groups,Population by age and sex - broad age groups,World Population Prospects,2024,United Nations Population Division,800,Uganda,UG,UGA,48,1997,4,Median,1,Male,26,15,null,15+,0,Not applicable,1,Model-based Estimates,2,Interpolation,5307965.5
70,Population by age and sex - broad age groups,Population by age and sex - broad age groups,World Population Prospects,2024,United Nations Population Division,800,Uganda,UG,UGA,48,1997,4,Median,2,Female,26,15,null,15+,0,Not applicable,1,Model-based Estimates,2,Interpolation,5684405.5
70,Population by age and sex - broad age groups,Population by age and sex - broad age groups,World Population Prospects,2024,United Nations Population Division,800,Uganda,UG,UGA,49,1998,4,Median,1,Male,26,15,null,15+,0,Not applicable,1,Model-based Estimates,2,Interpolation,5448858.5
70,Population by age and sex - broad age groups,Population by age and sex - broad age groups,World Population Prospects,2024,United Nations Population Division,800,Uganda,UG,UGA,49,1998,4,Median,2,Female,26,15,null,15+,0,Not applicable,1,Model-based Estimates,2,Interpolation,5829290
70,Population by age and sex - broad age groups,Population by age and sex - broad age groups,World Population Prospects,2024,United Nations Population Division,800,Uganda,UG,UGA,50,1999,4,Median,1,Male,26,15,null,15+,0,Not applicable,1,Model-based Estimates,2,Interpolation,5624765
70,Population by age and sex - broad age groups,Population by age and sex - broad age groups,World Population Prospects,2024,United Nations Population Division,800,Uganda,UG,UGA,50,1999,4,Median,2,Female,26,15,null,15+,0,Not applicable,1,Model-based Estimates,2,Interpolation,6008500
70,Population by age and sex - broad age groups,Population by age and sex - broad age groups,World Population Prospects,2024,United Nations Population Division,800,Uganda,UG,UGA,51,2000,4,Median,1,Male,26,15,null,15+,0,Not applicable,1,Model-based Estimates,2,Interpolation,5799184
70,Population by age and sex - broad age groups,Population by age and sex - broad age groups,World Population Prospects,2024,United Nations Population Division,800,Uganda,UG,UGA,51,2000,4,Median,2,Female,26,15,null,15+,0,Not applicable,1,Model-based Estimates,2,Interpolation,6186519.5
70,Population by age and sex - broad age groups,Population by age and sex - broad age groups,World Population Prospects,2024,United Nations Population Division,800,Uganda,UG,UGA,52,2001,4,Median,1,Male,26,15,null,15+,0,Not applicable,1,Model-based Estimates,2,Interpolation,5974992
70,Population by age and sex - broad age groups,Population by age and sex - broad age groups,World Population Prospects,2024,United Nations Population Division,800,Uganda,UG,UGA,52,2001,4,Median,2,Female,26,15,null,15+,0,Not applicable,1,Model-based Estimates,2,Interpolation,6366219
70,Population by age and sex - broad age groups,Population by age and sex - broad age groups,World Population Prospects,2024,United Nations Population Division,800,Uganda,UG,UGA,53,2002,4,Median,1,Male,26,15,null,15+,0,Not applicable,1,Model-based Estimates,2,Interpolation,6168997.5
70,Population by age and sex - broad age groups,Population by age and sex - broad age groups,World Population Prospects,2024,United Nations Population Division,800,Uganda,UG,UGA,53,2002,4,Median,2,Female,26,15,null,15+,0,Not applicable,1,Model-based Estimates,2,Interpolation,6564875
70,Population by age and sex - broad age groups,Population by age and sex - broad age groups,World Population Prospects,2024,United Nations Population Division,800,Uganda,UG,UGA,54,2003,4,Median,1,Male,26,15,null,15+,0,Not applicable,1,Model-based Estimates,2,Interpolation,6376126.5
70,Population by age and sex - broad age groups,Population by age and sex - broad age groups,World Population Prospects,2024,United Nations Population Division,800,Uganda,UG,UGA,54,2003,4,Median,2,Female,26,15,null,15+,0,Not applicable,1,Model-based Estimates,2,Interpolation,6777929.5
70,Population by age and sex - broad age groups,Population by age and sex - broad age groups,World Population Prospects,2024,United Nations Population Division,800,Uganda,UG,UGA,55,2004,4,Median,1,Male,26,15,null,15+,0,Not applicable,1,Model-based Estimates,2,Interpolation,6573597.5
70,Population by age and sex - broad age groups,Population by age and sex - broad age groups,World Population Prospects,2024,United Nations Population Division,800,Uganda,UG,UGA,55,2004,4,Median,2,Female,26,15,null,15+,0,Not applicable,1,Model-based Estimates,2,Interpolation,6981454.5
70,Population by age and sex - broad age groups,Population by age and sex - broad age groups,World Population Prospects,2024,United Nations Population Division,800,Uganda,UG,UGA,56,2005,4,Median,1,Male,26,15,null,15+,0,Not applicable,1,Model-based Estimates,2,Interpolation,6773437.5
70,Population by age and sex - broad age groups,Population by age and sex - broad age groups,World Population Prospects,2024,United Nations Population Division,800,Uganda,UG,UGA,56,2005,4,Median,2,Female,26,15,null,15+,0,Not applicable,1,Model-based Estimates,2,Interpolation,7186987.5
70,Population by age and sex - broad age groups,Population by age and sex - broad age groups,World Population Prospects,2024,United Nations Population Division,800,Uganda,UG,UGA,57,2006,4,Median,1,Male,26,15,null,15+,0,Not applicable,1,Model-based Estimates,2,Interpolation,6983493.5
70,Population by age and sex - broad age groups,Population by age and sex - broad age groups,World Population Prospects,2024,United Nations Population Division,800,Uganda,UG,UGA,57,2006,4,Median,2,Female,26,15,null,15+,0,Not applicable,1,Model-based Estimates,2,Interpolation,7402314
70,Population by age and sex - broad age groups,Population by age and sex - broad age groups,World Population Prospects,2024,United Nations Population Division,800,Uganda,UG,UGA,58,2007,4,Median,1,Male,26,15,null,15+,0,Not applicable,1,Model-based Estimates,2,Interpolation,7207294.5
70,Population by age and sex - broad age groups,Population by age and sex - broad age groups,World Population Prospects,2024,United Nations Population Division,800,Uganda,UG,UGA,58,2007,4,Median,2,Female,26,15,null,15+,0,Not applicable,1,Model-based Estimates,2,Interpolation,7630727.5
70,Population by age and sex - broad age groups,Population by age and sex - broad age groups,World Population Prospects,2024,United Nations Population Division,800,Uganda,UG,UGA,59,2008,4,Median,1,Male,26,15,null,15+,0,Not applicable,1,Model-based Estimates,2,Interpolation,7446091.5
70,Population by age and sex - broad age groups,Population by age and sex - broad age groups,World Population Prospects,2024,United Nations Population Division,800,Uganda,UG,UGA,59,2008,4,Median,2,Female,26,15,null,15+,0,Not applicable,1,Model-based Estimates,2,Interpolation,7873800
70,Population by age and sex - broad age groups,Population by age and sex - broad age groups,World Population Prospects,2024,United Nations Population Division,800,Uganda,UG,UGA,60,2009,4,Median,1,Male,26,15,null,15+,0,Not applicable,1,Model-based Estimates,2,Interpolation,7698131
70,Population by age and sex - broad age groups,Population by age and sex - broad age groups,World Population Prospects,2024,United Nations Population Division,800,Uganda,UG,UGA,60,2009,4,Median,2,Female,26,15,null,15+,0,Not applicable,1,Model-based Estimates,2,Interpolation,8130301
70,Population by age and sex - broad age groups,Population by age and sex - broad age groups,World Population Prospects,2024,United Nations Population Division,800,Uganda,UG,UGA,61,2010,4,Median,1,Male,26,15,null,15+,0,Not applicable,1,Model-based Estimates,2,Interpolation,7963000.5
70,Population by age and sex - broad age groups,Population by age and sex - broad age groups,World Population Prospects,2024,United Nations Population Division,800,Uganda,UG,UGA,61,2010,4,Median,2,Female,26,15,null,15+,0,Not applicable,1,Model-based Estimates,2,Interpolation,8400075
70,Population by age and sex - broad age groups,Population by age and sex - broad age groups,World Population Prospects,2024,United Nations Population Division,800,Uganda,UG,UGA,62,2011,4,Median,1,Male,26,15,null,15+,0,Not applicable,1,Model-based Estimates,2,Interpolation,8236400
70,Population by age and sex - broad age groups,Population by age and sex - broad age groups,World Population Prospects,2024,United Nations Population Division,800,Uganda,UG,UGA,62,2011,4,Median,2,Female,26,15,null,15+,0,Not applicable,1,Model-based Estimates,2,Interpolation,8678468.5
70,Population by age and sex - broad age groups,Population by age and sex - broad age groups,World Population Prospects,2024,United Nations Population Division,800,Uganda,UG,UGA,63,2012,4,Median,1,Male,26,15,null,15+,0,Not applicable,1,Model-based Estimates,2,Interpolation,8519390
70,Population by age and sex - broad age groups,Population by age and sex - broad age groups,World Population Prospects,2024,United Nations Population Division,800,Uganda,UG,UGA,63,2012,4,Median,2,Female,26,15,null,15+,0,Not applicable,1,Model-based Estimates,2,Interpolation,8966622.5
70,Population by age and sex - broad age groups,Population by age and sex - broad age groups,World Population Prospects,2024,United Nations Population Division,800,Uganda,UG,UGA,64,2013,4,Median,1,Male,26,15,null,15+,0,Not applicable,1,Model-based Estimates,2,Interpolation,8814735
70,Population by age and sex - broad age groups,Population by age and sex - broad age groups,World Population Prospects,2024,United Nations Population Division,800,Uganda,UG,UGA,64,2013,4,Median,2,Female,26,15,null,15+,0,Not applicable,1,Model-based Estimates,2,Interpolation,9268018
70,Population by age and sex - broad age groups,Population by age and sex - broad age groups,World Population Prospects,2024,United Nations Population Division,800,Uganda,UG,UGA,65,2014,4,Median,1,Male,26,15,null,15+,0,Not applicable,1,Model-based Estimates,2,Interpolation,9141978
70,Population by age and sex - broad age groups,Population by age and sex - broad age groups,World Population Prospects,2024,United Nations Population Division,800,Uganda,UG,UGA,65,2014,4,Median,2,Female,26,15,null,15+,0,Not applicable,1,Model-based Estimates,2,Interpolation,9602475.5
70,Population by age and sex - broad age groups,Population by age and sex - broad age groups,World Population Prospects,2024,United Nations Population Division,800,Uganda,UG,UGA,66,2015,4,Median,1,Male,26,15,null,15+,0,Not applicable,1,Model-based Estimates,3,Projection,9510108.5
70,Population by age and sex - broad age groups,Population by age and sex - broad age groups,World Population Prospects,2024,United Nations Population Division,800,Uganda,UG,UGA,66,2015,4,Median,2,Female,26,15,null,15+,0,Not applicable,1,Model-based Estimates,3,Projection,9978880.5
70,Population by age and sex - broad age groups,Population by age and sex - broad age groups,World Population Prospects,2024,United Nations Population Division,800,Uganda,UG,UGA,67,2016,4,Median,1,Male,26,15,null,15+,0,Not applicable,1,Model-based Estimates,3,Projection,9941253.5
70,Population by age and sex - broad age groups,Population by age and sex - broad age groups,World Population Prospects,2024,United Nations Population Division,800,Uganda,UG,UGA,67,2016,4,Median,2,Female,26,15,null,15+,0,Not applicable,1,Model-based Estimates,3,Projection,10419402
70,Population by age and sex - broad age groups,Population by age and sex - broad age groups,World Population Prospects,2024,United Nations Population Division,800,Uganda,UG,UGA,68,2017,4,Median,1,Male,26,15,null,15+,0,Not applicable,1,Model-based Estimates,3,Projection,10422198.5
70,Population by age and sex - broad age groups,Population by age and sex - broad age groups,World Population Prospects,2024,United Nations Population Division,800,Uganda,UG,UGA,68,2017,4,Median,2,Female,26,15,null,15+,0,Not applicable,1,Model-based Estimates,3,Projection,10911109
70,Population by age and sex - broad age groups,Population by age and sex - broad age groups,World Population Prospects,2024,United Nations Population Division,800,Uganda,UG,UGA,69,2018,4,Median,1,Male,26,15,null,15+,0,Not applicable,1,Model-based Estimates,3,Projection,10903982.5
70,Population by age and sex - broad age groups,Population by age and sex - broad age groups,World Population Prospects,2024,United Nations Population Division,800,Uganda,UG,UGA,69,2018,4,Median,2,Female,26,15,null,15+,0,Not applicable,1,Model-based Estimates,3,Projection,11405113
70,Population by age and sex - broad age groups,Population by age and sex - broad age groups,World Population Prospects,2024,United Nations Population Division,800,Uganda,UG,UGA,70,2019,4,Median,1,Male,26,15,null,15+,0,Not applicable,1,Model-based Estimates,3,Projection,11403535.5
70,Population by age and sex - broad age groups,Population by age and sex - broad age groups,World Population Prospects,2024,United Nations Population Division,800,Uganda,UG,UGA,70,2019,4,Median,2,Female,26,15,null,15+,0,Not applicable,1,Model-based Estimates,3,Projection,11918058
70,Population by age and sex - broad age groups,Population by age and sex - broad age groups,World Population Prospects,2024,United Nations Population Division,800,Uganda,UG,UGA,71,2020,4,Median,1,Male,26,15,null,15+,0,Not applicable,1,Model-based Estimates,3,Projection,11911222.5
70,Population by age and sex - broad age groups,Population by age and sex - broad age groups,World Population Prospects,2024,United Nations Population Division,800,Uganda,UG,UGA,71,2020,4,Median,2,Female,26,15,null,15+,0,Not applicable,1,Model-based Estimates,3,Projection,12440724.5
70,Population by age and sex - broad age groups,Population by age and sex - broad age groups,World Population Prospects,2024,United Nations Population Division,800,Uganda,UG,UGA,72,2021,4,Median,1,Male,26,15,null,15+,0,Not applicable,1,Model-based Estimates,3,Projection,12414722
70,Population by age and sex - broad age groups,Population by age and sex - broad age groups,World Population Prospects,2024,United Nations Population Division,800,Uganda,UG,UGA,72,2021,4,Median,2,Female,26,15,null,15+,0,Not applicable,1,Model-based Estimates,3,Projection,12959075
70,Population by age and sex - broad age groups,Population by age and sex - broad age groups,World Population Prospects,2024,United Nations Population Division,800,Uganda,UG,UGA,73,2022,4,Median,1,Male,26,15,null,15+,0,Not applicable,1,Model-based Estimates,3,Projection,12895893.5
70,Population by age and sex - broad age groups,Population by age and sex - broad age groups,World Population Prospects,2024,United Nations Population Division,800,Uganda,UG,UGA,73,2022,4,Median,2,Female,26,15,null,15+,0,Not applicable,1,Model-based Estimates,3,Projection,13453935
70,Population by age and sex - broad age groups,Population by age and sex - broad age groups,World Population Prospects,2024,United Nations Population Division,800,Uganda,UG,UGA,74,2023,4,Median,1,Male,26,15,null,15+,0,Not applicable,1,Model-based Estimates,3,Projection,13353273.5
70,Population by age and sex - broad age groups,Population by age and sex - broad age groups,World Population Prospects,2024,United Nations Population Division,800,Uganda,UG,UGA,74,2023,4,Median,2,Female,26,15,null,15+,0,Not applicable,1,Model-based Estimates,3,Projection,13924561
70,Population by age and sex - broad age groups,Population by age and sex - broad age groups,World Population Prospects,2024,United Nations Population Division,834,United Republic of Tanzania,TZ,TZA,41,1990,4,Median,1,Male,26,15,null,15+,0,Not applicable,1,Model-based Estimates,2,Interpolation,6896875
70,Population by age and sex - broad age groups,Population by age and sex - broad age groups,World Population Prospects,2024,United Nations Population Division,834,United Republic of Tanzania,TZ,TZA,41,1990,4,Median,2,Female,26,15,null,15+,0,Not applicable,1,Model-based Estimates,2,Interpolation,7115125.5
70,Population by age and sex - broad age groups,Population by age and sex - broad age groups,World Population Prospects,2024,United Nations Population Division,834,United Republic of Tanzania,TZ,TZA,42,1991,4,Median,1,Male,26,15,null,15+,0,Not applicable,1,Model-based Estimates,2,Interpolation,7089708.5
70,Population by age and sex - broad age groups,Population by age and sex - broad age groups,World Population Prospects,2024,United Nations Population Division,834,United Republic of Tanzania,TZ,TZA,42,1991,4,Median,2,Female,26,15,null,15+,0,Not applicable,1,Model-based Estimates,2,Interpolation,7329478
70,Population by age and sex - broad age groups,Population by age and sex - broad age groups,World Population Prospects,2024,United Nations Population Division,834,United Republic of Tanzania,TZ,TZA,43,1992,4,Median,1,Male,26,15,null,15+,0,Not applicable,1,Model-based Estimates,2,Interpolation,7284252.5
70,Population by age and sex - broad age groups,Population by age and sex - broad age groups,World Population Prospects,2024,United Nations Population Division,834,United Republic of Tanzania,TZ,TZA,43,1992,4,Median,2,Female,26,15,null,15+,0,Not applicable,1,Model-based Estimates,2,Interpolation,7549197.5
70,Population by age and sex - broad age groups,Population by age and sex - broad age groups,World Population Prospects,2024,United Nations Population Division,834,United Republic of Tanzania,TZ,TZA,44,1993,4,Median,1,Male,26,15,null,15+,0,Not applicable,1,Model-based Estimates,2,Interpolation,7597628
70,Population by age and sex - broad age groups,Population by age and sex - broad age groups,World Population Prospects,2024,United Nations Population Division,834,United Republic of Tanzania,TZ,TZA,44,1993,4,Median,2,Female,26,15,null,15+,0,Not applicable,1,Model-based Estimates,2,Interpolation,7832345
70,Population by age and sex - broad age groups,Population by age and sex - broad age groups,World Population Prospects,2024,United Nations Population Division,834,United Republic of Tanzania,TZ,TZA,45,1994,4,Median,1,Male,26,15,null,15+,0,Not applicable,1,Model-based Estimates,2,Interpolation,8046809.5
70,Population by age and sex - broad age groups,Population by age and sex - broad age groups,World Population Prospects,2024,United Nations Population Division,834,United Republic of Tanzania,TZ,TZA,45,1994,4,Median,2,Female,26,15,null,15+,0,Not applicable,1,Model-based Estimates,2,Interpolation,8186451
70,Population by age and sex - broad age groups,Population by age and sex - broad age groups,World Population Prospects,2024,United Nations Population Division,834,United Republic of Tanzania,TZ,TZA,46,1995,4,Median,1,Male,26,15,null,15+,0,Not applicable,1,Model-based Estimates,2,Interpolation,8378091
70,Population by age and sex - broad age groups,Population by age and sex - broad age groups,World Population Prospects,2024,United Nations Population Division,834,United Republic of Tanzania,TZ,TZA,46,1995,4,Median,2,Female,26,15,null,15+,0,Not applicable,1,Model-based Estimates,2,Interpolation,8483373.5
70,Population by age and sex - broad age groups,Population by age and sex - broad age groups,World Population Prospects,2024,United Nations Population Division,834,United Republic of Tanzania,TZ,TZA,47,1996,4,Median,1,Male,26,15,null,15+,0,Not applicable,1,Model-based Estimates,2,Interpolation,8461493.5
70,Population by age and sex - broad age groups,Population by age and sex - broad age groups,World Population Prospects,2024,United Nations Population Division,834,United Republic of Tanzania,TZ,TZA,47,1996,4,Median,2,Female,26,15,null,15+,0,Not applicable,1,Model-based Estimates,2,Interpolation,8657344
70,Population by age and sex - broad age groups,Population by age and sex - broad age groups,World Population Prospects,2024,United Nations Population Division,834,United Republic of Tanzania,TZ,TZA,48,1997,4,Median,1,Male,26,15,null,15+,0,Not applicable,1,Model-based Estimates,2,Interpolation,8578956
70,Population by age and sex - broad age groups,Population by age and sex - broad age groups,World Population Prospects,2024,United Nations Population Division,834,United Republic of Tanzania,TZ,TZA,48,1997,4,Median,2,Female,26,15,null,15+,0,Not applicable,1,Model-based Estimates,2,Interpolation,8849520.5
70,Population by age and sex - broad age groups,Population by age and sex - broad age groups,World Population Prospects,2024,United Nations Population Division,834,United Republic of Tanzania,TZ,TZA,49,1998,4,Median,1,Male,26,15,null,15+,0,Not applicable,1,Model-based Estimates,2,Interpolation,8816174.5
70,Population by age and sex - broad age groups,Population by age and sex - broad age groups,World Population Prospects,2024,United Nations Population Division,834,United Republic of Tanzania,TZ,TZA,49,1998,4,Median,2,Female,26,15,null,15+,0,Not applicable,1,Model-based Estimates,2,Interpolation,9103694
70,Population by age and sex - broad age groups,Population by age and sex - broad age groups,World Population Prospects,2024,United Nations Population Division,834,United Republic of Tanzania,TZ,TZA,50,1999,4,Median,1,Male,26,15,null,15+,0,Not applicable,1,Model-based Estimates,2,Interpolation,9064040
70,Population by age and sex - broad age groups,Population by age and sex - broad age groups,World Population Prospects,2024,United Nations Population Division,834,United Republic of Tanzania,TZ,TZA,50,1999,4,Median,2,Female,26,15,null,15+,0,Not applicable,1,Model-based Estimates,2,Interpolation,9365511
70,Population by age and sex - broad age groups,Population by age and sex - broad age groups,World Population Prospects,2024,United Nations Population Division,834,United Republic of Tanzania,TZ,TZA,51,2000,4,Median,1,Male,26,15,null,15+,0,Not applicable,1,Model-based Estimates,2,Interpolation,9348186
70,Population by age and sex - broad age groups,Population by age and sex - broad age groups,World Population Prospects,2024,United Nations Population Division,834,United Republic of Tanzania,TZ,TZA,51,2000,4,Median,2,Female,26,15,null,15+,0,Not applicable,1,Model-based Estimates,2,Interpolation,9648904
70,Population by age and sex - broad age groups,Population by age and sex - broad age groups,World Population Prospects,2024,United Nations Population Division,834,United Republic of Tanzania,TZ,TZA,52,2001,4,Median,1,Male,26,15,null,15+,0,Not applicable,1,Model-based Estimates,2,Interpolation,9602912.5
70,Population by age and sex - broad age groups,Population by age and sex - broad age groups,World Population Prospects,2024,United Nations Population Division,834,United Republic of Tanzania,TZ,TZA,52,2001,4,Median,2,Female,26,15,null,15+,0,Not applicable,1,Model-based Estimates,2,Interpolation,9921939.5
70,Population by age and sex - broad age groups,Population by age and sex - broad age groups,World Population Prospects,2024,United Nations Population Division,834,United Republic of Tanzania,TZ,TZA,53,2002,4,Median,1,Male,26,15,null,15+,0,Not applicable,1,Model-based Estimates,2,Interpolation,9832815
70,Population by age and sex - broad age groups,Population by age and sex - broad age groups,World Population Prospects,2024,United Nations Population Division,834,United Republic of Tanzania,TZ,TZA,53,2002,4,Median,2,Female,26,15,null,15+,0,Not applicable,1,Model-based Estimates,2,Interpolation,10186640
70,Population by age and sex - broad age groups,Population by age and sex - broad age groups,World Population Prospects,2024,United Nations Population Division,834,United Republic of Tanzania,TZ,TZA,54,2003,4,Median,1,Male,26,15,null,15+,0,Not applicable,1,Model-based Estimates,2,Interpolation,10073241.5
70,Population by age and sex - broad age groups,Population by age and sex - broad age groups,World Population Prospects,2024,United Nations Population Division,834,United Republic of Tanzania,TZ,TZA,54,2003,4,Median,2,Female,26,15,null,15+,0,Not applicable,1,Model-based Estimates,2,Interpolation,10461947.5
70,Population by age and sex - broad age groups,Population by age and sex - broad age groups,World Population Prospects,2024,United Nations Population Division,834,United Republic of Tanzania,TZ,TZA,55,2004,4,Median,1,Male,26,15,null,15+,0,Not applicable,1,Model-based Estimates,2,Interpolation,10321858.5
70,Population by age and sex - broad age groups,Population by age and sex - broad age groups,World Population Prospects,2024,United Nations Population Division,834,United Republic of Tanzania,TZ,TZA,55,2004,4,Median,2,Female,26,15,null,15+,0,Not applicable,1,Model-based Estimates,2,Interpolation,10746918.5
70,Population by age and sex - broad age groups,Population by age and sex - broad age groups,World Population Prospects,2024,United Nations Population Division,834,United Republic of Tanzania,TZ,TZA,56,2005,4,Median,1,Male,26,15,null,15+,0,Not applicable,1,Model-based Estimates,2,Interpolation,10578664.5
70,Population by age and sex - broad age groups,Population by age and sex - broad age groups,World Population Prospects,2024,United Nations Population Division,834,United Republic of Tanzania,TZ,TZA,56,2005,4,Median,2,Female,26,15,null,15+,0,Not applicable,1,Model-based Estimates,2,Interpolation,11040238.5
70,Population by age and sex - broad age groups,Population by age and sex - broad age groups,World Population Prospects,2024,United Nations Population Division,834,United Republic of Tanzania,TZ,TZA,57,2006,4,Median,1,Male,26,15,null,15+,0,Not applicable,1,Model-based Estimates,2,Interpolation,10844115
70,Population by age and sex - broad age groups,Population by age and sex - broad age groups,World Population Prospects,2024,United Nations Population Division,834,United Republic of Tanzania,TZ,TZA,57,2006,4,Median,2,Female,26,15,null,15+,0,Not applicable,1,Model-based Estimates,2,Interpolation,11343272.5
70,Population by age and sex - broad age groups,Population by age and sex - broad age groups,World Population Prospects,2024,United Nations Population Division,834,United Republic of Tanzania,TZ,TZA,58,2007,4,Median,1,Male,26,15,null,15+,0,Not applicable,1,Model-based Estimates,2,Interpolation,11119800
70,Population by age and sex - broad age groups,Population by age and sex - broad age groups,World Population Prospects,2024,United Nations Population Division,834,United Republic of Tanzania,TZ,TZA,58,2007,4,Median,2,Female,26,15,null,15+,0,Not applicable,1,Model-based Estimates,2,Interpolation,11657700
70,Population by age and sex - broad age groups,Population by age and sex - broad age groups,World Population Prospects,2024,United Nations Population Division,834,United Republic of Tanzania,TZ,TZA,59,2008,4,Median,1,Male,26,15,null,15+,0,Not applicable,1,Model-based Estimates,2,Interpolation,11388053
70,Population by age and sex - broad age groups,Population by age and sex - broad age groups,World Population Prospects,2024,United Nations Population Division,834,United Republic of Tanzania,TZ,TZA,59,2008,4,Median,2,Female,26,15,null,15+,0,Not applicable,1,Model-based Estimates,2,Interpolation,11973995.5
70,Population by age and sex - broad age groups,Population by age and sex - broad age groups,World Population Prospects,2024,United Nations Population Division,834,United Republic of Tanzania,TZ,TZA,60,2009,4,Median,1,Male,26,15,null,15+,0,Not applicable,1,Model-based Estimates,2,Interpolation,11609614.5
70,Population by age and sex - broad age groups,Population by age and sex - broad age groups,World Population Prospects,2024,United Nations Population Division,834,United Republic of Tanzania,TZ,TZA,60,2009,4,Median,2,Female,26,15,null,15+,0,Not applicable,1,Model-based Estimates,2,Interpolation,12273179
70,Population by age and sex - broad age groups,Population by age and sex - broad age groups,World Population Prospects,2024,United Nations Population Division,834,United Republic of Tanzania,TZ,TZA,61,2010,4,Median,1,Male,26,15,null,15+,0,Not applicable,1,Model-based Estimates,2,Interpolation,11869231
70,Population by age and sex - broad age groups,Population by age and sex - broad age groups,World Population Prospects,2024,United Nations Population Division,834,United Republic of Tanzania,TZ,TZA,61,2010,4,Median,2,Female,26,15,null,15+,0,Not applicable,1,Model-based Estimates,2,Interpolation,12600823.5
70,Population by age and sex - broad age groups,Population by age and sex - broad age groups,World Population Prospects,2024,United Nations Population Division,834,United Republic of Tanzania,TZ,TZA,62,2011,4,Median,1,Male,26,15,null,15+,0,Not applicable,1,Model-based Estimates,2,Interpolation,12221565.5
70,Population by age and sex - broad age groups,Population by age and sex - broad age groups,World Population Prospects,2024,United Nations Population Division,834,United Republic of Tanzania,TZ,TZA,62,2011,4,Median,2,Female,26,15,null,15+,0,Not applicable,1,Model-based Estimates,2,Interpolation,12985272
70,Population by age and sex - broad age groups,Population by age and sex - broad age groups,World Population Prospects,2024,United Nations Population Division,834,United Republic of Tanzania,TZ,TZA,63,2012,4,Median,1,Male,26,15,null,15+,0,Not applicable,1,Model-based Estimates,2,Interpolation,12611683.5
70,Population by age and sex - broad age groups,Population by age and sex - broad age groups,World Population Prospects,2024,United Nations Population Division,834,United Republic of Tanzania,TZ,TZA,63,2012,4,Median,2,Female,26,15,null,15+,0,Not applicable,1,Model-based Estimates,2,Interpolation,13397387
70,Population by age and sex - broad age groups,Population by age and sex - broad age groups,World Population Prospects,2024,United Nations Population Division,834,United Republic of Tanzania,TZ,TZA,64,2013,4,Median,1,Male,26,15,null,15+,0,Not applicable,1,Model-based Estimates,2,Interpolation,13044245.5
70,Population by age and sex - broad age groups,Population by age and sex - broad age groups,World Population Prospects,2024,United Nations Population Division,834,United Republic of Tanzania,TZ,TZA,64,2013,4,Median,2,Female,26,15,null,15+,0,Not applicable,1,Model-based Estimates,2,Interpolation,13840106
70,Population by age and sex - broad age groups,Population by age and sex - broad age groups,World Population Prospects,2024,United Nations Population Division,834,United Republic of Tanzania,TZ,TZA,65,2014,4,Median,1,Male,26,15,null,15+,0,Not applicable,1,Model-based Estimates,2,Interpolation,13502333.5
70,Population by age and sex - broad age groups,Population by age and sex - broad age groups,World Population Prospects,2024,United Nations Population Division,834,United Republic of Tanzania,TZ,TZA,65,2014,4,Median,2,Female,26,15,null,15+,0,Not applicable,1,Model-based Estimates,2,Interpolation,14306134
70,Population by age and sex - broad age groups,Population by age and sex - broad age groups,World Population Prospects,2024,United Nations Population Division,834,United Republic of Tanzania,TZ,TZA,66,2015,4,Median,1,Male,26,15,null,15+,0,Not applicable,1,Model-based Estimates,2,Interpolation,14036979.5
70,Population by age and sex - broad age groups,Population by age and sex - broad age groups,World Population Prospects,2024,United Nations Population Division,834,United Republic of Tanzania,TZ,TZA,66,2015,4,Median,2,Female,26,15,null,15+,0,Not applicable,1,Model-based Estimates,2,Interpolation,14820929.5
70,Population by age and sex - broad age groups,Population by age and sex - broad age groups,World Population Prospects,2024,United Nations Population Division,834,United Republic of Tanzania,TZ,TZA,67,2016,4,Median,1,Male,26,15,null,15+,0,Not applicable,1,Model-based Estimates,2,Interpolation,14641800
70,Population by age and sex - broad age groups,Population by age and sex - broad age groups,World Population Prospects,2024,United Nations Population Division,834,United Republic of Tanzania,TZ,TZA,67,2016,4,Median,2,Female,26,15,null,15+,0,Not applicable,1,Model-based Estimates,2,Interpolation,15381464.5
70,Population by age and sex - broad age groups,Population by age and sex - broad age groups,World Population Prospects,2024,United Nations Population Division,834,United Republic of Tanzania,TZ,TZA,68,2017,4,Median,1,Male,26,15,null,15+,0,Not applicable,1,Model-based Estimates,2,Interpolation,15238590
70,Population by age and sex - broad age groups,Population by age and sex - broad age groups,World Population Prospects,2024,United Nations Population Division,834,United Republic of Tanzania,TZ,TZA,68,2017,4,Median,2,Female,26,15,null,15+,0,Not applicable,1,Model-based Estimates,2,Interpolation,15949333
70,Population by age and sex - broad age groups,Population by age and sex - broad age groups,World Population Prospects,2024,United Nations Population Division,834,United Republic of Tanzania,TZ,TZA,69,2018,4,Median,1,Male,26,15,null,15+,0,Not applicable,1,Model-based Estimates,2,Interpolation,15791885
70,Population by age and sex - broad age groups,Population by age and sex - broad age groups,World Population Prospects,2024,United Nations Population Division,834,United Republic of Tanzania,TZ,TZA,69,2018,4,Median,2,Female,26,15,null,15+,0,Not applicable,1,Model-based Estimates,2,Interpolation,16508563
70,Population by age and sex - broad age groups,Population by age and sex - broad age groups,World Population Prospects,2024,United Nations Population Division,834,United Republic of Tanzania,TZ,TZA,70,2019,4,Median,1,Male,26,15,null,15+,0,Not applicable,1,Model-based Estimates,2,Interpolation,16313236
70,Population by age and sex - broad age groups,Population by age and sex - broad age groups,World Population Prospects,2024,United Nations Population Division,834,United Republic of Tanzania,TZ,TZA,70,2019,4,Median,2,Female,26,15,null,15+,0,Not applicable,1,Model-based Estimates,2,Interpolation,17066622
70,Population by age and sex - broad age groups,Population by age and sex - broad age groups,World Population Prospects,2024,United Nations Population Division,834,United Republic of Tanzania,TZ,TZA,71,2020,4,Median,1,Male,26,15,null,15+,0,Not applicable,1,Model-based Estimates,2,Interpolation,16869843
70,Population by age and sex - broad age groups,Population by age and sex - broad age groups,World Population Prospects,2024,United Nations Population Division,834,United Republic of Tanzania,TZ,TZA,71,2020,4,Median,2,Female,26,15,null,15+,0,Not applicable,1,Model-based Estimates,2,Interpolation,17657451.5
70,Population by age and sex - broad age groups,Population by age and sex - broad age groups,World Population Prospects,2024,United Nations Population Division,834,United Republic of Tanzania,TZ,TZA,72,2021,4,Median,1,Male,26,15,null,15+,0,Not applicable,1,Model-based Estimates,2,Interpolation,17458286
70,Population by age and sex - broad age groups,Population by age and sex - broad age groups,World Population Prospects,2024,United Nations Population Division,834,United Republic of Tanzania,TZ,TZA,72,2021,4,Median,2,Female,26,15,null,15+,0,Not applicable,1,Model-based Estimates,2,Interpolation,18271571
70,Population by age and sex - broad age groups,Population by age and sex - broad age groups,World Population Prospects,2024,United Nations Population Division,834,United Republic of Tanzania,TZ,TZA,73,2022,4,Median,1,Male,26,15,null,15+,0,Not applicable,1,Model-based Estimates,2,Interpolation,18051235
70,Population by age and sex - broad age groups,Population by age and sex - broad age groups,World Population Prospects,2024,United Nations Population Division,834,United Republic of Tanzania,TZ,TZA,73,2022,4,Median,2,Female,26,15,null,15+,0,Not applicable,1,Model-based Estimates,2,Interpolation,18888716.5
70,Population by age and sex - broad age groups,Population by age and sex - broad age groups,World Population Prospects,2024,United Nations Population Division,834,United Republic of Tanzania,TZ,TZA,74,2023,4,Median,1,Male,26,15,null,15+,0,Not applicable,1,Model-based Estimates,3,Projection,18646009.5
70,Population by age and sex - broad age groups,Population by age and sex - broad age groups,World Population Prospects,2024,United Nations Population Division,834,United Republic of Tanzania,TZ,TZA,74,2023,4,Median,2,Female,26,15,null,15+,0,Not applicable,1,Model-based Estimates,3,Projection,19509961
70,Population by age and sex - broad age groups,Population by age and sex - broad age groups,World Population Prospects,2024,United Nations Population Division,854,Burkina Faso,BF,BFA,41,1990,4,Median,1,Male,26,15,null,15+,0,Not applicable,1,Model-based Estimates,2,Interpolation,2330043
70,Population by age and sex - broad age groups,Population by age and sex - broad age groups,World Population Prospects,2024,United Nations Population Division,854,Burkina Faso,BF,BFA,41,1990,4,Median,2,Female,26,15,null,15+,0,Not applicable,1,Model-based Estimates,2,Interpolation,2530030
70,Population by age and sex - broad age groups,Population by age and sex - broad age groups,World Population Prospects,2024,United Nations Population Division,854,Burkina Faso,BF,BFA,42,1991,4,Median,1,Male,26,15,null,15+,0,Not applicable,1,Model-based Estimates,2,Interpolation,2379594
70,Population by age and sex - broad age groups,Population by age and sex - broad age groups,World Population Prospects,2024,United Nations Population Division,854,Burkina Faso,BF,BFA,42,1991,4,Median,2,Female,26,15,null,15+,0,Not applicable,1,Model-based Estimates,2,Interpolation,2589125
70,Population by age and sex - broad age groups,Population by age and sex - broad age groups,World Population Prospects,2024,United Nations Population Division,854,Burkina Faso,BF,BFA,43,1992,4,Median,1,Male,26,15,null,15+,0,Not applicable,1,Model-based Estimates,2,Interpolation,2429109
70,Population by age and sex - broad age groups,Population by age and sex - broad age groups,World Population Prospects,2024,United Nations Population Division,854,Burkina Faso,BF,BFA,43,1992,4,Median,2,Female,26,15,null,15+,0,Not applicable,1,Model-based Estimates,2,Interpolation,2649820
70,Population by age and sex - broad age groups,Population by age and sex - broad age groups,World Population Prospects,2024,United Nations Population Division,854,Burkina Faso,BF,BFA,44,1993,4,Median,1,Male,26,15,null,15+,0,Not applicable,1,Model-based Estimates,2,Interpolation,2485015.5
70,Population by age and sex - broad age groups,Population by age and sex - broad age groups,World Population Prospects,2024,United Nations Population Division,854,Burkina Faso,BF,BFA,44,1993,4,Median,2,Female,26,15,null,15+,0,Not applicable,1,Model-based Estimates,2,Interpolation,2715662.5
70,Population by age and sex - broad age groups,Population by age and sex - broad age groups,World Population Prospects,2024,United Nations Population Division,854,Burkina Faso,BF,BFA,45,1994,4,Median,1,Male,26,15,null,15+,0,Not applicable,1,Model-based Estimates,2,Interpolation,2547527.5
70,Population by age and sex - broad age groups,Population by age and sex - broad age groups,World Population Prospects,2024,United Nations Population Division,854,Burkina Faso,BF,BFA,45,1994,4,Median,2,Female,26,15,null,15+,0,Not applicable,1,Model-based Estimates,2,Interpolation,2786735.5
70,Population by age and sex - broad age groups,Population by age and sex - broad age groups,World Population Prospects,2024,United Nations Population Division,854,Burkina Faso,BF,BFA,46,1995,4,Median,1,Male,26,15,null,15+,0,Not applicable,1,Model-based Estimates,2,Interpolation,2615300
70,Population by age and sex - broad age groups,Population by age and sex - broad age groups,World Population Prospects,2024,United Nations Population Division,854,Burkina Faso,BF,BFA,46,1995,4,Median,2,Female,26,15,null,15+,0,Not applicable,1,Model-based Estimates,2,Interpolation,2862106.5
70,Population by age and sex - broad age groups,Population by age and sex - broad age groups,World Population Prospects,2024,United Nations Population Division,854,Burkina Faso,BF,BFA,47,1996,4,Median,1,Male,26,15,null,15+,0,Not applicable,1,Model-based Estimates,2,Interpolation,2684501
70,Population by age and sex - broad age groups,Population by age and sex - broad age groups,World Population Prospects,2024,United Nations Population Division,854,Burkina Faso,BF,BFA,47,1996,4,Median,2,Female,26,15,null,15+,0,Not applicable,1,Model-based Estimates,2,Interpolation,2939764.5
70,Population by age and sex - broad age groups,Population by age and sex - broad age groups,World Population Prospects,2024,United Nations Population Division,854,Burkina Faso,BF,BFA,48,1997,4,Median,1,Male,26,15,null,15+,0,Not applicable,1,Model-based Estimates,2,Interpolation,2757340
70,Population by age and sex - broad age groups,Population by age and sex - broad age groups,World Population Prospects,2024,United Nations Population Division,854,Burkina Faso,BF,BFA,48,1997,4,Median,2,Female,26,15,null,15+,0,Not applicable,1,Model-based Estimates,2,Interpolation,3020627
70,Population by age and sex - broad age groups,Population by age and sex - broad age groups,World Population Prospects,2024,United Nations Population Division,854,Burkina Faso,BF,BFA,49,1998,4,Median,1,Male,26,15,null,15+,0,Not applicable,1,Model-based Estimates,2,Interpolation,2845488.5
70,Population by age and sex - broad age groups,Population by age and sex - broad age groups,World Population Prospects,2024,United Nations Population Division,854,Burkina Faso,BF,BFA,49,1998,4,Median,2,Female,26,15,null,15+,0,Not applicable,1,Model-based Estimates,2,Interpolation,3110680.5
70,Population by age and sex - broad age groups,Population by age and sex - broad age groups,World Population Prospects,2024,United Nations Population Division,854,Burkina Faso,BF,BFA,50,1999,4,Median,1,Male,26,15,null,15+,0,Not applicable,1,Model-based Estimates,2,Interpolation,2948607.5
70,Population by age and sex - broad age groups,Population by age and sex - broad age groups,World Population Prospects,2024,United Nations Population Division,854,Burkina Faso,BF,BFA,50,1999,4,Median,2,Female,26,15,null,15+,0,Not applicable,1,Model-based Estimates,2,Interpolation,3210217.5
70,Population by age and sex - broad age groups,Population by age and sex - broad age groups,World Population Prospects,2024,United Nations Population Division,854,Burkina Faso,BF,BFA,51,2000,4,Median,1,Male,26,15,null,15+,0,Not applicable,1,Model-based Estimates,2,Interpolation,3058772
70,Population by age and sex - broad age groups,Population by age and sex - broad age groups,World Population Prospects,2024,United Nations Population Division,854,Burkina Faso,BF,BFA,51,2000,4,Median,2,Female,26,15,null,15+,0,Not applicable,1,Model-based Estimates,2,Interpolation,3315321.5
70,Population by age and sex - broad age groups,Population by age and sex - broad age groups,World Population Prospects,2024,United Nations Population Division,854,Burkina Faso,BF,BFA,52,2001,4,Median,1,Male,26,15,null,15+,0,Not applicable,1,Model-based Estimates,2,Interpolation,3176481
70,Population by age and sex - broad age groups,Population by age and sex - broad age groups,World Population Prospects,2024,United Nations Population Division,854,Burkina Faso,BF,BFA,52,2001,4,Median,2,Female,26,15,null,15+,0,Not applicable,1,Model-based Estimates,2,Interpolation,3425992
70,Population by age and sex - broad age groups,Population by age and sex - broad age groups,World Population Prospects,2024,United Nations Population Division,854,Burkina Faso,BF,BFA,53,2002,4,Median,1,Male,26,15,null,15+,0,Not applicable,1,Model-based Estimates,2,Interpolation,3300760
70,Population by age and sex - broad age groups,Population by age and sex - broad age groups,World Population Prospects,2024,United Nations Population Division,854,Burkina Faso,BF,BFA,53,2002,4,Median,2,Female,26,15,null,15+,0,Not applicable,1,Model-based Estimates,2,Interpolation,3541238.5
70,Population by age and sex - broad age groups,Population by age and sex - broad age groups,World Population Prospects,2024,United Nations Population Division,854,Burkina Faso,BF,BFA,54,2003,4,Median,1,Male,26,15,null,15+,0,Not applicable,1,Model-based Estimates,2,Interpolation,3428940
70,Population by age and sex - broad age groups,Population by age and sex - broad age groups,World Population Prospects,2024,United Nations Population Division,854,Burkina Faso,BF,BFA,54,2003,4,Median,2,Female,26,15,null,15+,0,Not applicable,1,Model-based Estimates,2,Interpolation,3659519
70,Population by age and sex - broad age groups,Population by age and sex - broad age groups,World Population Prospects,2024,United Nations Population Division,854,Burkina Faso,BF,BFA,55,2004,4,Median,1,Male,26,15,null,15+,0,Not applicable,1,Model-based Estimates,2,Interpolation,3560373
70,Population by age and sex - broad age groups,Population by age and sex - broad age groups,World Population Prospects,2024,United Nations Population Division,854,Burkina Faso,BF,BFA,55,2004,4,Median,2,Female,26,15,null,15+,0,Not applicable,1,Model-based Estimates,2,Interpolation,3780697
70,Population by age and sex - broad age groups,Population by age and sex - broad age groups,World Population Prospects,2024,United Nations Population Division,854,Burkina Faso,BF,BFA,56,2005,4,Median,1,Male,26,15,null,15+,0,Not applicable,1,Model-based Estimates,2,Interpolation,3693478
70,Population by age and sex - broad age groups,Population by age and sex - broad age groups,World Population Prospects,2024,United Nations Population Division,854,Burkina Faso,BF,BFA,56,2005,4,Median,2,Female,26,15,null,15+,0,Not applicable,1,Model-based Estimates,2,Interpolation,3904335.5
70,Population by age and sex - broad age groups,Population by age and sex - broad age groups,World Population Prospects,2024,United Nations Population Division,854,Burkina Faso,BF,BFA,57,2006,4,Median,1,Male,26,15,null,15+,0,Not applicable,1,Model-based Estimates,2,Interpolation,3823261.5
70,Population by age and sex - broad age groups,Population by age and sex - broad age groups,World Population Prospects,2024,United Nations Population Division,854,Burkina Faso,BF,BFA,57,2006,4,Median,2,Female,26,15,null,15+,0,Not applicable,1,Model-based Estimates,2,Interpolation,4028239.5
70,Population by age and sex - broad age groups,Population by age and sex - broad age groups,World Population Prospects,2024,United Nations Population Division,854,Burkina Faso,BF,BFA,58,2007,4,Median,1,Male,26,15,null,15+,0,Not applicable,1,Model-based Estimates,2,Interpolation,3944322.5
70,Population by age and sex - broad age groups,Population by age and sex - broad age groups,World Population Prospects,2024,United Nations Population Division,854,Burkina Faso,BF,BFA,58,2007,4,Median,2,Female,26,15,null,15+,0,Not applicable,1,Model-based Estimates,2,Interpolation,4149544.5
70,Population by age and sex - broad age groups,Population by age and sex - broad age groups,World Population Prospects,2024,United Nations Population Division,854,Burkina Faso,BF,BFA,59,2008,4,Median,1,Male,26,15,null,15+,0,Not applicable,1,Model-based Estimates,2,Interpolation,4057227.5
70,Population by age and sex - broad age groups,Population by age and sex - broad age groups,World Population Prospects,2024,United Nations Population Division,854,Burkina Faso,BF,BFA,59,2008,4,Median,2,Female,26,15,null,15+,0,Not applicable,1,Model-based Estimates,2,Interpolation,4268425.5
70,Population by age and sex - broad age groups,Population by age and sex - broad age groups,World Population Prospects,2024,United Nations Population Division,854,Burkina Faso,BF,BFA,60,2009,4,Median,1,Male,26,15,null,15+,0,Not applicable,1,Model-based Estimates,2,Interpolation,4170291.5
70,Population by age and sex - broad age groups,Population by age and sex - broad age groups,World Population Prospects,2024,United Nations Population Division,854,Burkina Faso,BF,BFA,60,2009,4,Median,2,Female,26,15,null,15+,0,Not applicable,1,Model-based Estimates,2,Interpolation,4389301.5
70,Population by age and sex - broad age groups,Population by age and sex - broad age groups,World Population Prospects,2024,United Nations Population Division,854,Burkina Faso,BF,BFA,61,2010,4,Median,1,Male,26,15,null,15+,0,Not applicable,1,Model-based Estimates,2,Interpolation,4287731.5
70,Population by age and sex - broad age groups,Population by age and sex - broad age groups,World Population Prospects,2024,United Nations Population Division,854,Burkina Faso,BF,BFA,61,2010,4,Median,2,Female,26,15,null,15+,0,Not applicable,1,Model-based Estimates,2,Interpolation,4514630.5
70,Population by age and sex - broad age groups,Population by age and sex - broad age groups,World Population Prospects,2024,United Nations Population Division,854,Burkina Faso,BF,BFA,62,2011,4,Median,1,Male,26,15,null,15+,0,Not applicable,1,Model-based Estimates,2,Interpolation,4412792
70,Population by age and sex - broad age groups,Population by age and sex - broad age groups,World Population Prospects,2024,United Nations Population Division,854,Burkina Faso,BF,BFA,62,2011,4,Median,2,Female,26,15,null,15+,0,Not applicable,1,Model-based Estimates,2,Interpolation,4646379
70,Population by age and sex - broad age groups,Population by age and sex - broad age groups,World Population Prospects,2024,United Nations Population Division,854,Burkina Faso,BF,BFA,63,2012,4,Median,1,Male,26,15,null,15+,0,Not applicable,1,Model-based Estimates,2,Interpolation,4549725
70,Population by age and sex - broad age groups,Population by age and sex - broad age groups,World Population Prospects,2024,United Nations Population Division,854,Burkina Faso,BF,BFA,63,2012,4,Median,2,Female,26,15,null,15+,0,Not applicable,1,Model-based Estimates,2,Interpolation,4786540
70,Population by age and sex - broad age groups,Population by age and sex - broad age groups,World Population Prospects,2024,United Nations Population Division,854,Burkina Faso,BF,BFA,64,2013,4,Median,1,Male,26,15,null,15+,0,Not applicable,1,Model-based Estimates,2,Interpolation,4691643
70,Population by age and sex - broad age groups,Population by age and sex - broad age groups,World Population Prospects,2024,United Nations Population Division,854,Burkina Faso,BF,BFA,64,2013,4,Median,2,Female,26,15,null,15+,0,Not applicable,1,Model-based Estimates,2,Interpolation,4931377
70,Population by age and sex - broad age groups,Population by age and sex - broad age groups,World Population Prospects,2024,United Nations Population Division,854,Burkina Faso,BF,BFA,65,2014,4,Median,1,Male,26,15,null,15+,0,Not applicable,1,Model-based Estimates,2,Interpolation,4839512.5
70,Population by age and sex - broad age groups,Population by age and sex - broad age groups,World Population Prospects,2024,United Nations Population Division,854,Burkina Faso,BF,BFA,65,2014,4,Median,2,Female,26,15,null,15+,0,Not applicable,1,Model-based Estimates,2,Interpolation,5081366
70,Population by age and sex - broad age groups,Population by age and sex - broad age groups,World Population Prospects,2024,United Nations Population Division,854,Burkina Faso,BF,BFA,66,2015,4,Median,1,Male,26,15,null,15+,0,Not applicable,1,Model-based Estimates,2,Interpolation,4997678.5
70,Population by age and sex - broad age groups,Population by age and sex - broad age groups,World Population Prospects,2024,United Nations Population Division,854,Burkina Faso,BF,BFA,66,2015,4,Median,2,Female,26,15,null,15+,0,Not applicable,1,Model-based Estimates,2,Interpolation,5239267
70,Population by age and sex - broad age groups,Population by age and sex - broad age groups,World Population Prospects,2024,United Nations Population Division,854,Burkina Faso,BF,BFA,67,2016,4,Median,1,Male,26,15,null,15+,0,Not applicable,1,Model-based Estimates,2,Interpolation,5165487.5
70,Population by age and sex - broad age groups,Population by age and sex - broad age groups,World Population Prospects,2024,United Nations Population Division,854,Burkina Faso,BF,BFA,67,2016,4,Median,2,Female,26,15,null,15+,0,Not applicable,1,Model-based Estimates,2,Interpolation,5404996.5
70,Population by age and sex - broad age groups,Population by age and sex - broad age groups,World Population Prospects,2024,United Nations Population Division,854,Burkina Faso,BF,BFA,68,2017,4,Median,1,Male,26,15,null,15+,0,Not applicable,1,Model-based Estimates,2,Interpolation,5340474.5
70,Population by age and sex - broad age groups,Population by age and sex - broad age groups,World Population Prospects,2024,United Nations Population Division,854,Burkina Faso,BF,BFA,68,2017,4,Median,2,Female,26,15,null,15+,0,Not applicable,1,Model-based Estimates,2,Interpolation,5577071.5
70,Population by age and sex - broad age groups,Population by age and sex - broad age groups,World Population Prospects,2024,United Nations Population Division,854,Burkina Faso,BF,BFA,69,2018,4,Median,1,Male,26,15,null,15+,0,Not applicable,1,Model-based Estimates,2,Interpolation,5517280.5
70,Population by age and sex - broad age groups,Population by age and sex - broad age groups,World Population Prospects,2024,United Nations Population Division,854,Burkina Faso,BF,BFA,69,2018,4,Median,2,Female,26,15,null,15+,0,Not applicable,1,Model-based Estimates,2,Interpolation,5753518
70,Population by age and sex - broad age groups,Population by age and sex - broad age groups,World Population Prospects,2024,United Nations Population Division,854,Burkina Faso,BF,BFA,70,2019,4,Median,1,Male,26,15,null,15+,0,Not applicable,1,Model-based Estimates,2,Interpolation,5697703
70,Population by age and sex - broad age groups,Population by age and sex - broad age groups,World Population Prospects,2024,United Nations Population Division,854,Burkina Faso,BF,BFA,70,2019,4,Median,2,Female,26,15,null,15+,0,Not applicable,1,Model-based Estimates,2,Interpolation,5935600
70,Population by age and sex - broad age groups,Population by age and sex - broad age groups,World Population Prospects,2024,United Nations Population Division,854,Burkina Faso,BF,BFA,71,2020,4,Median,1,Male,26,15,null,15+,0,Not applicable,1,Model-based Estimates,3,Projection,5890260
70,Population by age and sex - broad age groups,Population by age and sex - broad age groups,World Population Prospects,2024,United Nations Population Division,854,Burkina Faso,BF,BFA,71,2020,4,Median,2,Female,26,15,null,15+,0,Not applicable,1,Model-based Estimates,3,Projection,6127767.5
70,Population by age and sex - broad age groups,Population by age and sex - broad age groups,World Population Prospects,2024,United Nations Population Division,854,Burkina Faso,BF,BFA,72,2021,4,Median,1,Male,26,15,null,15+,0,Not applicable,1,Model-based Estimates,3,Projection,6094266
70,Population by age and sex - broad age groups,Population by age and sex - broad age groups,World Population Prospects,2024,United Nations Population Division,854,Burkina Faso,BF,BFA,72,2021,4,Median,2,Female,26,15,null,15+,0,Not applicable,1,Model-based Estimates,3,Projection,6329385.5
70,Population by age and sex - broad age groups,Population by age and sex - broad age groups,World Population Prospects,2024,United Nations Population Division,854,Burkina Faso,BF,BFA,73,2022,4,Median,1,Male,26,15,null,15+,0,Not applicable,1,Model-based Estimates,3,Projection,6300877
70,Population by age and sex - broad age groups,Population by age and sex - broad age groups,World Population Prospects,2024,United Nations Population Division,854,Burkina Faso,BF,BFA,73,2022,4,Median,2,Female,26,15,null,15+,0,Not applicable,1,Model-based Estimates,3,Projection,6536406.5
70,Population by age and sex - broad age groups,Population by age and sex - broad age groups,World Population Prospects,2024,United Nations Population Division,854,Burkina Faso,BF,BFA,74,2023,4,Median,1,Male,26,15,null,15+,0,Not applicable,1,Model-based Estimates,3,Projection,6511621
70,Population by age and sex - broad age groups,Population by age and sex - broad age groups,World Population Prospects,2024,United Nations Population Division,854,Burkina Faso,BF,BFA,74,2023,4,Median,2,Female,26,15,null,15+,0,Not applicable,1,Model-based Estimates,3,Projection,6750938
70,Population by age and sex - broad age groups,Population by age and sex - broad age groups,World Population Prospects,2024,United Nations Population Division,894,Zambia,ZM,ZMB,41,1990,4,Median,1,Male,26,15,null,15+,0,Not applicable,1,Model-based Estimates,2,Interpolation,1900997
70,Population by age and sex - broad age groups,Population by age and sex - broad age groups,World Population Prospects,2024,United Nations Population Division,894,Zambia,ZM,ZMB,41,1990,4,Median,2,Female,26,15,null,15+,0,Not applicable,1,Model-based Estimates,2,Interpolation,2117460.5
70,Population by age and sex - broad age groups,Population by age and sex - broad age groups,World Population Prospects,2024,United Nations Population Division,894,Zambia,ZM,ZMB,42,1991,4,Median,1,Male,26,15,null,15+,0,Not applicable,1,Model-based Estimates,2,Interpolation,1949129
70,Population by age and sex - broad age groups,Population by age and sex - broad age groups,World Population Prospects,2024,United Nations Population Division,894,Zambia,ZM,ZMB,42,1991,4,Median,2,Female,26,15,null,15+,0,Not applicable,1,Model-based Estimates,2,Interpolation,2176702
70,Population by age and sex - broad age groups,Population by age and sex - broad age groups,World Population Prospects,2024,United Nations Population Division,894,Zambia,ZM,ZMB,43,1992,4,Median,1,Male,26,15,null,15+,0,Not applicable,1,Model-based Estimates,2,Interpolation,1996447.5
70,Population by age and sex - broad age groups,Population by age and sex - broad age groups,World Population Prospects,2024,United Nations Population Division,894,Zambia,ZM,ZMB,43,1992,4,Median,2,Female,26,15,null,15+,0,Not applicable,1,Model-based Estimates,2,Interpolation,2235552
70,Population by age and sex - broad age groups,Population by age and sex - broad age groups,World Population Prospects,2024,United Nations Population Division,894,Zambia,ZM,ZMB,44,1993,4,Median,1,Male,26,15,null,15+,0,Not applicable,1,Model-based Estimates,2,Interpolation,2043387.5
70,Population by age and sex - broad age groups,Population by age and sex - broad age groups,World Population Prospects,2024,United Nations Population Division,894,Zambia,ZM,ZMB,44,1993,4,Median,2,Female,26,15,null,15+,0,Not applicable,1,Model-based Estimates,2,Interpolation,2294374
70,Population by age and sex - broad age groups,Population by age and sex - broad age groups,World Population Prospects,2024,United Nations Population Division,894,Zambia,ZM,ZMB,45,1994,4,Median,1,Male,26,15,null,15+,0,Not applicable,1,Model-based Estimates,2,Interpolation,2090239.5
70,Population by age and sex - broad age groups,Population by age and sex - broad age groups,World Population Prospects,2024,United Nations Population Division,894,Zambia,ZM,ZMB,45,1994,4,Median,2,Female,26,15,null,15+,0,Not applicable,1,Model-based Estimates,2,Interpolation,2353055.5
70,Population by age and sex - broad age groups,Population by age and sex - broad age groups,World Population Prospects,2024,United Nations Population Division,894,Zambia,ZM,ZMB,46,1995,4,Median,1,Male,26,15,null,15+,0,Not applicable,1,Model-based Estimates,2,Interpolation,2138010
70,Population by age and sex - broad age groups,Population by age and sex - broad age groups,World Population Prospects,2024,United Nations Population Division,894,Zambia,ZM,ZMB,46,1995,4,Median,2,Female,26,15,null,15+,0,Not applicable,1,Model-based Estimates,2,Interpolation,2411877.5
70,Population by age and sex - broad age groups,Population by age and sex - broad age groups,World Population Prospects,2024,United Nations Population Division,894,Zambia,ZM,ZMB,47,1996,4,Median,1,Male,26,15,null,15+,0,Not applicable,1,Model-based Estimates,2,Interpolation,2188480.5
70,Population by age and sex - broad age groups,Population by age and sex - broad age groups,World Population Prospects,2024,United Nations Population Division,894,Zambia,ZM,ZMB,47,1996,4,Median,2,Female,26,15,null,15+,0,Not applicable,1,Model-based Estimates,2,Interpolation,2471903
70,Population by age and sex - broad age groups,Population by age and sex - broad age groups,World Population Prospects,2024,United Nations Population Division,894,Zambia,ZM,ZMB,48,1997,4,Median,1,Male,26,15,null,15+,0,Not applicable,1,Model-based Estimates,2,Interpolation,2246299
70,Population by age and sex - broad age groups,Population by age and sex - broad age groups,World Population Prospects,2024,United Nations Population Division,894,Zambia,ZM,ZMB,48,1997,4,Median,2,Female,26,15,null,15+,0,Not applicable,1,Model-based Estimates,2,Interpolation,2536000.5
70,Population by age and sex - broad age groups,Population by age and sex - broad age groups,World Population Prospects,2024,United Nations Population Division,894,Zambia,ZM,ZMB,49,1998,4,Median,1,Male,26,15,null,15+,0,Not applicable,1,Model-based Estimates,2,Interpolation,2309673.5
70,Population by age and sex - broad age groups,Population by age and sex - broad age groups,World Population Prospects,2024,United Nations Population Division,894,Zambia,ZM,ZMB,49,1998,4,Median,2,Female,26,15,null,15+,0,Not applicable,1,Model-based Estimates,2,Interpolation,2603461.5
70,Population by age and sex - broad age groups,Population by age and sex - broad age groups,World Population Prospects,2024,United Nations Population Division,894,Zambia,ZM,ZMB,50,1999,4,Median,1,Male,26,15,null,15+,0,Not applicable,1,Model-based Estimates,2,Interpolation,2378178.5
70,Population by age and sex - broad age groups,Population by age and sex - broad age groups,World Population Prospects,2024,United Nations Population Division,894,Zambia,ZM,ZMB,50,1999,4,Median,2,Female,26,15,null,15+,0,Not applicable,1,Model-based Estimates,2,Interpolation,2674000
70,Population by age and sex - broad age groups,Population by age and sex - broad age groups,World Population Prospects,2024,United Nations Population Division,894,Zambia,ZM,ZMB,51,2000,4,Median,1,Male,26,15,null,15+,0,Not applicable,1,Model-based Estimates,2,Interpolation,2456416
70,Population by age and sex - broad age groups,Population by age and sex - broad age groups,World Population Prospects,2024,United Nations Population Division,894,Zambia,ZM,ZMB,51,2000,4,Median,2,Female,26,15,null,15+,0,Not applicable,1,Model-based Estimates,2,Interpolation,2750585
70,Population by age and sex - broad age groups,Population by age and sex - broad age groups,World Population Prospects,2024,United Nations Population Division,894,Zambia,ZM,ZMB,52,2001,4,Median,1,Male,26,15,null,15+,0,Not applicable,1,Model-based Estimates,2,Interpolation,2550307
70,Population by age and sex - broad age groups,Population by age and sex - broad age groups,World Population Prospects,2024,United Nations Population Division,894,Zambia,ZM,ZMB,52,2001,4,Median,2,Female,26,15,null,15+,0,Not applicable,1,Model-based Estimates,2,Interpolation,2836685
70,Population by age and sex - broad age groups,Population by age and sex - broad age groups,World Population Prospects,2024,United Nations Population Division,894,Zambia,ZM,ZMB,53,2002,4,Median,1,Male,26,15,null,15+,0,Not applicable,1,Model-based Estimates,2,Interpolation,2649762.5
70,Population by age and sex - broad age groups,Population by age and sex - broad age groups,World Population Prospects,2024,United Nations Population Division,894,Zambia,ZM,ZMB,53,2002,4,Median,2,Female,26,15,null,15+,0,Not applicable,1,Model-based Estimates,2,Interpolation,2927407
70,Population by age and sex - broad age groups,Population by age and sex - broad age groups,World Population Prospects,2024,United Nations Population Division,894,Zambia,ZM,ZMB,54,2003,4,Median,1,Male,26,15,null,15+,0,Not applicable,1,Model-based Estimates,2,Interpolation,2751547
70,Population by age and sex - broad age groups,Population by age and sex - broad age groups,World Population Prospects,2024,United Nations Population Division,894,Zambia,ZM,ZMB,54,2003,4,Median,2,Female,26,15,null,15+,0,Not applicable,1,Model-based Estimates,2,Interpolation,3021551
70,Population by age and sex - broad age groups,Population by age and sex - broad age groups,World Population Prospects,2024,United Nations Population Division,894,Zambia,ZM,ZMB,55,2004,4,Median,1,Male,26,15,null,15+,0,Not applicable,1,Model-based Estimates,2,Interpolation,2858340
70,Population by age and sex - broad age groups,Population by age and sex - broad age groups,World Population Prospects,2024,United Nations Population Division,894,Zambia,ZM,ZMB,55,2004,4,Median,2,Female,26,15,null,15+,0,Not applicable,1,Model-based Estimates,2,Interpolation,3119924.5
70,Population by age and sex - broad age groups,Population by age and sex - broad age groups,World Population Prospects,2024,United Nations Population Division,894,Zambia,ZM,ZMB,56,2005,4,Median,1,Male,26,15,null,15+,0,Not applicable,1,Model-based Estimates,2,Interpolation,2973506.5
70,Population by age and sex - broad age groups,Population by age and sex - broad age groups,World Population Prospects,2024,United Nations Population Division,894,Zambia,ZM,ZMB,56,2005,4,Median,2,Female,26,15,null,15+,0,Not applicable,1,Model-based Estimates,2,Interpolation,3223889.5
70,Population by age and sex - broad age groups,Population by age and sex - broad age groups,World Population Prospects,2024,United Nations Population Division,894,Zambia,ZM,ZMB,57,2006,4,Median,1,Male,26,15,null,15+,0,Not applicable,1,Model-based Estimates,2,Interpolation,3098990
70,Population by age and sex - broad age groups,Population by age and sex - broad age groups,World Population Prospects,2024,United Nations Population Division,894,Zambia,ZM,ZMB,57,2006,4,Median,2,Female,26,15,null,15+,0,Not applicable,1,Model-based Estimates,2,Interpolation,3335496.5
70,Population by age and sex - broad age groups,Population by age and sex - broad age groups,World Population Prospects,2024,United Nations Population Division,894,Zambia,ZM,ZMB,58,2007,4,Median,1,Male,26,15,null,15+,0,Not applicable,1,Model-based Estimates,2,Interpolation,3232463.5
70,Population by age and sex - broad age groups,Population by age and sex - broad age groups,World Population Prospects,2024,United Nations Population Division,894,Zambia,ZM,ZMB,58,2007,4,Median,2,Female,26,15,null,15+,0,Not applicable,1,Model-based Estimates,2,Interpolation,3453856
70,Population by age and sex - broad age groups,Population by age and sex - broad age groups,World Population Prospects,2024,United Nations Population Division,894,Zambia,ZM,ZMB,59,2008,4,Median,1,Male,26,15,null,15+,0,Not applicable,1,Model-based Estimates,2,Interpolation,3372930
70,Population by age and sex - broad age groups,Population by age and sex - broad age groups,World Population Prospects,2024,United Nations Population Division,894,Zambia,ZM,ZMB,59,2008,4,Median,2,Female,26,15,null,15+,0,Not applicable,1,Model-based Estimates,2,Interpolation,3579047.5
70,Population by age and sex - broad age groups,Population by age and sex - broad age groups,World Population Prospects,2024,United Nations Population Division,894,Zambia,ZM,ZMB,60,2009,4,Median,1,Male,26,15,null,15+,0,Not applicable,1,Model-based Estimates,2,Interpolation,3517021
70,Population by age and sex - broad age groups,Population by age and sex - broad age groups,World Population Prospects,2024,United Nations Population Division,894,Zambia,ZM,ZMB,60,2009,4,Median,2,Female,26,15,null,15+,0,Not applicable,1,Model-based Estimates,2,Interpolation,3709817.5
70,Population by age and sex - broad age groups,Population by age and sex - broad age groups,World Population Prospects,2024,United Nations Population Division,894,Zambia,ZM,ZMB,61,2010,4,Median,1,Male,26,15,null,15+,0,Not applicable,1,Model-based Estimates,2,Interpolation,3661574
70,Population by age and sex - broad age groups,Population by age and sex - broad age groups,World Population Prospects,2024,United Nations Population Division,894,Zambia,ZM,ZMB,61,2010,4,Median,2,Female,26,15,null,15+,0,Not applicable,1,Model-based Estimates,2,Interpolation,3844527.5
70,Population by age and sex - broad age groups,Population by age and sex - broad age groups,World Population Prospects,2024,United Nations Population Division,894,Zambia,ZM,ZMB,62,2011,4,Median,1,Male,26,15,null,15+,0,Not applicable,1,Model-based Estimates,3,Projection,3801636
70,Population by age and sex - broad age groups,Population by age and sex - broad age groups,World Population Prospects,2024,United Nations Population Division,894,Zambia,ZM,ZMB,62,2011,4,Median,2,Female,26,15,null,15+,0,Not applicable,1,Model-based Estimates,3,Projection,3981031
70,Population by age and sex - broad age groups,Population by age and sex - broad age groups,World Population Prospects,2024,United Nations Population Division,894,Zambia,ZM,ZMB,63,2012,4,Median,1,Male,26,15,null,15+,0,Not applicable,1,Model-based Estimates,3,Projection,3942537
70,Population by age and sex - broad age groups,Population by age and sex - broad age groups,World Population Prospects,2024,United Nations Population Division,894,Zambia,ZM,ZMB,63,2012,4,Median,2,Female,26,15,null,15+,0,Not applicable,1,Model-based Estimates,3,Projection,4121570
70,Population by age and sex - broad age groups,Population by age and sex - broad age groups,World Population Prospects,2024,United Nations Population Division,894,Zambia,ZM,ZMB,64,2013,4,Median,1,Male,26,15,null,15+,0,Not applicable,1,Model-based Estimates,3,Projection,4089672
70,Population by age and sex - broad age groups,Population by age and sex - broad age groups,World Population Prospects,2024,United Nations Population Division,894,Zambia,ZM,ZMB,64,2013,4,Median,2,Female,26,15,null,15+,0,Not applicable,1,Model-based Estimates,3,Projection,4268623.5
70,Population by age and sex - broad age groups,Population by age and sex - broad age groups,World Population Prospects,2024,United Nations Population Division,894,Zambia,ZM,ZMB,65,2014,4,Median,1,Male,26,15,null,15+,0,Not applicable,1,Model-based Estimates,3,Projection,4244789.5
70,Population by age and sex - broad age groups,Population by age and sex - broad age groups,World Population Prospects,2024,United Nations Population Division,894,Zambia,ZM,ZMB,65,2014,4,Median,2,Female,26,15,null,15+,0,Not applicable,1,Model-based Estimates,3,Projection,4423400.5
70,Population by age and sex - broad age groups,Population by age and sex - broad age groups,World Population Prospects,2024,United Nations Population Division,894,Zambia,ZM,ZMB,66,2015,4,Median,1,Male,26,15,null,15+,0,Not applicable,1,Model-based Estimates,3,Projection,4405445.5
70,Population by age and sex - broad age groups,Population by age and sex - broad age groups,World Population Prospects,2024,United Nations Population Division,894,Zambia,ZM,ZMB,66,2015,4,Median,2,Female,26,15,null,15+,0,Not applicable,1,Model-based Estimates,3,Projection,4584764.5
70,Population by age and sex - broad age groups,Population by age and sex - broad age groups,World Population Prospects,2024,United Nations Population Division,894,Zambia,ZM,ZMB,67,2016,4,Median,1,Male,26,15,null,15+,0,Not applicable,1,Model-based Estimates,3,Projection,4573780.5
70,Population by age and sex - broad age groups,Population by age and sex - broad age groups,World Population Prospects,2024,United Nations Population Division,894,Zambia,ZM,ZMB,67,2016,4,Median,2,Female,26,15,null,15+,0,Not applicable,1,Model-based Estimates,3,Projection,4753090
70,Population by age and sex - broad age groups,Population by age and sex - broad age groups,World Population Prospects,2024,United Nations Population Division,894,Zambia,ZM,ZMB,68,2017,4,Median,1,Male,26,15,null,15+,0,Not applicable,1,Model-based Estimates,3,Projection,4749884
70,Population by age and sex - broad age groups,Population by age and sex - broad age groups,World Population Prospects,2024,United Nations Population Division,894,Zambia,ZM,ZMB,68,2017,4,Median,2,Female,26,15,null,15+,0,Not applicable,1,Model-based Estimates,3,Projection,4928456.5
70,Population by age and sex - broad age groups,Population by age and sex - broad age groups,World Population Prospects,2024,United Nations Population Division,894,Zambia,ZM,ZMB,69,2018,4,Median,1,Male,26,15,null,15+,0,Not applicable,1,Model-based Estimates,3,Projection,4929703.5
70,Population by age and sex - broad age groups,Population by age and sex - broad age groups,World Population Prospects,2024,United Nations Population Division,894,Zambia,ZM,ZMB,69,2018,4,Median,2,Female,26,15,null,15+,0,Not applicable,1,Model-based Estimates,3,Projection,5109428
70,Population by age and sex - broad age groups,Population by age and sex - broad age groups,World Population Prospects,2024,United Nations Population Division,894,Zambia,ZM,ZMB,70,2019,4,Median,1,Male,26,15,null,15+,0,Not applicable,1,Model-based Estimates,3,Projection,5115135.5
70,Population by age and sex - broad age groups,Population by age and sex - broad age groups,World Population Prospects,2024,United Nations Population Division,894,Zambia,ZM,ZMB,70,2019,4,Median,2,Female,26,15,null,15+,0,Not applicable,1,Model-based Estimates,3,Projection,5297648
70,Population by age and sex - broad age groups,Population by age and sex - broad age groups,World Population Prospects,2024,United Nations Population Division,894,Zambia,ZM,ZMB,71,2020,4,Median,1,Male,26,15,null,15+,0,Not applicable,1,Model-based Estimates,3,Projection,5306452.5
70,Population by age and sex - broad age groups,Population by age and sex - broad age groups,World Population Prospects,2024,United Nations Population Division,894,Zambia,ZM,ZMB,71,2020,4,Median,2,Female,26,15,null,15+,0,Not applicable,1,Model-based Estimates,3,Projection,5493667.5
70,Population by age and sex - broad age groups,Population by age and sex - broad age groups,World Population Prospects,2024,United Nations Population Division,894,Zambia,ZM,ZMB,72,2021,4,Median,1,Male,26,15,null,15+,0,Not applicable,1,Model-based Estimates,3,Projection,5500588.5
70,Population by age and sex - broad age groups,Population by age and sex - broad age groups,World Population Prospects,2024,United Nations Population Division,894,Zambia,ZM,ZMB,72,2021,4,Median,2,Female,26,15,null,15+,0,Not applicable,1,Model-based Estimates,3,Projection,5694402
70,Population by age and sex - broad age groups,Population by age and sex - broad age groups,World Population Prospects,2024,United Nations Population Division,894,Zambia,ZM,ZMB,73,2022,4,Median,1,Male,26,15,null,15+,0,Not applicable,1,Model-based Estimates,3,Projection,5698991.5
70,Population by age and sex - broad age groups,Population by age and sex - broad age groups,World Population Prospects,2024,United Nations Population Division,894,Zambia,ZM,ZMB,73,2022,4,Median,2,Female,26,15,null,15+,0,Not applicable,1,Model-based Estimates,3,Projection,5901298.5
70,Population by age and sex - broad age groups,Population by age and sex - broad age groups,World Population Prospects,2024,United Nations Population Division,894,Zambia,ZM,ZMB,74,2023,4,Median,1,Male,26,15,null,15+,0,Not applicable,1,Model-based Estimates,3,Projection,5910075.5
70,Population by age and sex - broad age groups,Population by age and sex - broad age groups,World Population Prospects,2024,United Nations Population Division,894,Zambia,ZM,ZMB,74,2023,4,Median,2,Female,26,15,null,15+,0,Not applicable,1,Model-based Estimates,3,Projection,6119125