year,countrycode,location,Estimate children,Low children,High children,Estimate women adult,Low women  adult,High women adult,Estimate adult,Low adult,High adult
1990,AGO,Angola,3800.0,2100.0,6500.0,20000.0,12000.0,33000.0,30000.0,18000.0,49000.0
1991,AGO,Angola,4800.0,2700.0,8200.0,25000.0,15000.0,39000.0,36000.0,22000.0,58000.0
1992,AGO,Angola,6000.0,3500.0,9900.0,30000.0,19000.0,45000.0,43000.0,27000.0,66000.0
1993,AGO,Angola,7200.0,4400.0,12000.0,35000.0,23000.0,52000.0,51000.0,33000.0,75000.0
1994,AGO,Angola,8700.0,5400.0,14000.0,41000.0,27000.0,59000.0,59000.0,39000.0,83000.0
1995,AGO,Angola,10000.0,6600.0,15000.0,47000.0,33000.0,65000.0,67000.0,47000.0,93000.0
1996,AGO,Angola,12000.0,7800.0,17000.0,53000.0,38000.0,71000.0,76000.0,55000.0,100000.0
1997,AGO,Angola,14000.0,9300.0,19000.0,60000.0,44000.0,78000.0,85000.0,62000.0,110000.0
1998,AGO,Angola,16000.0,11000.0,21000.0,66000.0,50000.0,86000.0,93000.0,71000.0,120000.0
1999,AGO,Angola,17000.0,12000.0,23000.0,72000.0,56000.0,93000.0,100000.0,79000.0,130000.0
2000,AGO,Angola,20000.0,14000.0,25000.0,79000.0,61000.0,100000.0,110000.0,86000.0,140000.0
2001,AGO,Angola,22000.0,16000.0,28000.0,85000.0,67000.0,110000.0,120000.0,94000.0,150000.0
2002,AGO,Angola,24000.0,18000.0,30000.0,91000.0,73000.0,110000.0,130000.0,100000.0,160000.0
2003,AGO,Angola,26000.0,20000.0,33000.0,98000.0,80000.0,120000.0,140000.0,110000.0,170000.0
2004,AGO,Angola,28000.0,22000.0,35000.0,100000.0,87000.0,120000.0,150000.0,120000.0,180000.0
2005,AGO,Angola,30000.0,24000.0,37000.0,110000.0,94000.0,130000.0,160000.0,130000.0,190000.0
2006,AGO,Angola,32000.0,26000.0,39000.0,120000.0,100000.0,140000.0,170000.0,140000.0,190000.0
2007,AGO,Angola,34000.0,28000.0,41000.0,120000.0,110000.0,140000.0,170000.0,150000.0,200000.0
2008,AGO,Angola,36000.0,29000.0,42000.0,130000.0,110000.0,150000.0,190000.0,160000.0,210000.0
2009,AGO,Angola,37000.0,31000.0,44000.0,140000.0,120000.0,160000.0,200000.0,170000.0,230000.0
2010,AGO,Angola,39000.0,32000.0,45000.0,150000.0,130000.0,170000.0,210000.0,180000.0,230000.0
2011,AGO,Angola,40000.0,34000.0,47000.0,150000.0,130000.0,170000.0,220000.0,190000.0,250000.0
2012,AGO,Angola,42000.0,36000.0,49000.0,160000.0,140000.0,180000.0,230000.0,200000.0,260000.0
2013,AGO,Angola,43000.0,37000.0,50000.0,170000.0,150000.0,190000.0,240000.0,210000.0,270000.0
2014,AGO,Angola,44000.0,38000.0,51000.0,180000.0,160000.0,200000.0,250000.0,220000.0,280000.0
2015,AGO,Angola,45000.0,39000.0,51000.0,180000.0,160000.0,210000.0,260000.0,230000.0,290000.0
2016,AGO,Angola,46000.0,40000.0,53000.0,190000.0,170000.0,220000.0,270000.0,240000.0,310000.0
2017,AGO,Angola,46000.0,40000.0,54000.0,200000.0,180000.0,230000.0,280000.0,250000.0,320000.0
2018,AGO,Angola,46000.0,40000.0,54000.0,200000.0,180000.0,230000.0,290000.0,250000.0,330000.0
2019,AGO,Angola,46000.0,39000.0,53000.0,210000.0,190000.0,240000.0,290000.0,260000.0,330000.0
2020,AGO,Angola,45000.0,39000.0,52000.0,220000.0,190000.0,250000.0,300000.0,270000.0,340000.0
2021,AGO,Angola,44000.0,38000.0,52000.0,220000.0,200000.0,250000.0,310000.0,270000.0,350000.0
2022,AGO,Angola,43000.0,36000.0,50000.0,230000.0,200000.0,260000.0,310000.0,280000.0,360000.0
2023,AGO,Angola,41000.0,35000.0,49000.0,230000.0,210000.0,260000.0,320000.0,280000.0,360000.0
2024,AGO,Angola,40000.0,33000.0,48000.0,240000.0,210000.0,270000.0,330000.0,290000.0,370000.0
1990,BDI,Burundi,12000.0,5100.0,23000.0,62000.0,27000.0,100000.0,110000.0,51000.0,190000.0
1991,BDI,Burundi,14000.0,7000.0,26000.0,69000.0,37000.0,110000.0,130000.0,67000.0,200000.0
1992,BDI,Burundi,17000.0,9000.0,28000.0,77000.0,47000.0,110000.0,140000.0,86000.0,200000.0
1993,BDI,Burundi,17000.0,10000.0,28000.0,59000.0,41000.0,80000.0,110000.0,72000.0,140000.0
1994,BDI,Burundi,19000.0,12000.0,30000.0,81000.0,60000.0,110000.0,140000.0,100000.0,190000.0
1995,BDI,Burundi,21000.0,14000.0,30000.0,77000.0,60000.0,97000.0,140000.0,100000.0,170000.0
1996,BDI,Burundi,22000.0,15000.0,31000.0,71000.0,57000.0,87000.0,120000.0,99000.0,150000.0
1997,BDI,Burundi,22000.0,16000.0,32000.0,68000.0,57000.0,82000.0,120000.0,99000.0,140000.0
1998,BDI,Burundi,23000.0,17000.0,31000.0,68000.0,57000.0,80000.0,120000.0,99000.0,140000.0
1999,BDI,Burundi,23000.0,18000.0,31000.0,65000.0,56000.0,76000.0,110000.0,96000.0,130000.0
2000,BDI,Burundi,23000.0,18000.0,30000.0,62000.0,53000.0,71000.0,110000.0,92000.0,120000.0
2001,BDI,Burundi,23000.0,18000.0,29000.0,60000.0,52000.0,68000.0,100000.0,88000.0,120000.0
2002,BDI,Burundi,22000.0,18000.0,28000.0,57000.0,50000.0,65000.0,97000.0,84000.0,110000.0
2003,BDI,Burundi,22000.0,18000.0,26000.0,55000.0,48000.0,63000.0,93000.0,82000.0,110000.0
2004,BDI,Burundi,21000.0,17000.0,24000.0,53000.0,47000.0,61000.0,90000.0,80000.0,100000.0
2005,BDI,Burundi,20000.0,16000.0,23000.0,51000.0,46000.0,59000.0,87000.0,78000.0,100000.0
2006,BDI,Burundi,18000.0,15000.0,21000.0,50000.0,45000.0,57000.0,84000.0,76000.0,97000.0
2007,BDI,Burundi,17000.0,15000.0,20000.0,49000.0,44000.0,56000.0,83000.0,74000.0,95000.0
2008,BDI,Burundi,16000.0,14000.0,19000.0,49000.0,44000.0,56000.0,82000.0,74000.0,94000.0
2009,BDI,Burundi,15000.0,13000.0,17000.0,50000.0,44000.0,56000.0,84000.0,75000.0,96000.0
2010,BDI,Burundi,14000.0,12000.0,16000.0,49000.0,44000.0,56000.0,83000.0,74000.0,94000.0
2011,BDI,Burundi,13000.0,11000.0,15000.0,49000.0,44000.0,55000.0,82000.0,73000.0,93000.0
2012,BDI,Burundi,12000.0,10000.0,14000.0,49000.0,44000.0,55000.0,81000.0,73000.0,93000.0
2013,BDI,Burundi,11000.0,9200.0,13000.0,48000.0,44000.0,55000.0,81000.0,72000.0,92000.0
2014,BDI,Burundi,10000.0,8200.0,12000.0,49000.0,44000.0,55000.0,80000.0,72000.0,91000.0
2015,BDI,Burundi,9200.0,7400.0,11000.0,47000.0,42000.0,54000.0,77000.0,70000.0,88000.0
2016,BDI,Burundi,8300.0,6700.0,10000.0,47000.0,42000.0,54000.0,76000.0,68000.0,87000.0
2017,BDI,Burundi,7500.0,6000.0,9300.0,46000.0,42000.0,54000.0,75000.0,67000.0,86000.0
2018,BDI,Burundi,6700.0,5500.0,8400.0,47000.0,42000.0,55000.0,76000.0,68000.0,87000.0
2019,BDI,Burundi,6100.0,4900.0,7700.0,47000.0,42000.0,55000.0,76000.0,68000.0,87000.0
2020,BDI,Burundi,5500.0,4400.0,7100.0,47000.0,42000.0,55000.0,76000.0,68000.0,87000.0
2021,BDI,Burundi,5100.0,4100.0,6700.0,47000.0,42000.0,55000.0,75000.0,68000.0,87000.0
2022,BDI,Burundi,4700.0,3700.0,6300.0,47000.0,42000.0,56000.0,75000.0,68000.0,87000.0
2023,BDI,Burundi,4400.0,3400.0,5800.0,47000.0,42000.0,56000.0,75000.0,67000.0,87000.0
2024,BDI,Burundi,4100.0,3100.0,5400.0,47000.0,43000.0,56000.0,75000.0,67000.0,87000.0
1990,BEN,Benin,550.0,0.0,880.0,3600.0,2300.0,5400.0,6200.0,4100.0,9500.0
1991,BEN,Benin,840.0,570.0,1200.0,5400.0,3800.0,7700.0,9200.0,6400.0,13000.0
1992,BEN,Benin,1200.0,890.0,1700.0,7800.0,6100.0,11000.0,13000.0,10000.0,18000.0
1993,BEN,Benin,1700.0,1300.0,2300.0,12000.0,9200.0,15000.0,19000.0,15000.0,25000.0
1994,BEN,Benin,2400.0,1900.0,3100.0,15000.0,12000.0,19000.0,25000.0,20000.0,32000.0
1995,BEN,Benin,3100.0,2500.0,4000.0,19000.0,16000.0,23000.0,31000.0,26000.0,38000.0
1996,BEN,Benin,3900.0,3300.0,4800.0,22000.0,19000.0,27000.0,37000.0,32000.0,44000.0
1997,BEN,Benin,4700.0,3900.0,5700.0,26000.0,22000.0,30000.0,43000.0,37000.0,50000.0
1998,BEN,Benin,5500.0,4700.0,6500.0,28000.0,25000.0,33000.0,47000.0,41000.0,54000.0
1999,BEN,Benin,6200.0,5300.0,7300.0,30000.0,26000.0,35000.0,50000.0,44000.0,58000.0
2000,BEN,Benin,6900.0,5900.0,8200.0,31000.0,28000.0,36000.0,52000.0,46000.0,61000.0
2001,BEN,Benin,7600.0,6500.0,8800.0,32000.0,29000.0,38000.0,53000.0,47000.0,62000.0
2002,BEN,Benin,8200.0,7000.0,9600.0,33000.0,29000.0,38000.0,54000.0,48000.0,63000.0
2003,BEN,Benin,8800.0,7500.0,10000.0,33000.0,29000.0,38000.0,54000.0,49000.0,64000.0
2004,BEN,Benin,9300.0,8100.0,11000.0,33000.0,30000.0,38000.0,54000.0,48000.0,63000.0
2005,BEN,Benin,9800.0,8400.0,11000.0,33000.0,30000.0,38000.0,55000.0,49000.0,64000.0
2006,BEN,Benin,10000.0,8800.0,12000.0,33000.0,29000.0,38000.0,54000.0,47000.0,63000.0
2007,BEN,Benin,10000.0,9000.0,12000.0,32000.0,29000.0,37000.0,53000.0,47000.0,62000.0
2008,BEN,Benin,10000.0,8800.0,12000.0,33000.0,29000.0,38000.0,54000.0,48000.0,63000.0
2009,BEN,Benin,10000.0,8600.0,12000.0,34000.0,30000.0,39000.0,56000.0,49000.0,65000.0
2010,BEN,Benin,10000.0,8500.0,12000.0,35000.0,31000.0,41000.0,57000.0,51000.0,67000.0
2011,BEN,Benin,10000.0,8400.0,12000.0,36000.0,32000.0,42000.0,59000.0,52000.0,69000.0
2012,BEN,Benin,9900.0,8300.0,11000.0,37000.0,32000.0,43000.0,60000.0,53000.0,71000.0
2013,BEN,Benin,9900.0,8300.0,12000.0,38000.0,33000.0,45000.0,62000.0,54000.0,73000.0
2014,BEN,Benin,9600.0,8000.0,11000.0,39000.0,34000.0,46000.0,62000.0,55000.0,74000.0
2015,BEN,Benin,8900.0,7400.0,10000.0,40000.0,35000.0,47000.0,63000.0,56000.0,75000.0
2016,BEN,Benin,8300.0,6900.0,9700.0,40000.0,35000.0,47000.0,64000.0,56000.0,75000.0
2017,BEN,Benin,7800.0,6500.0,9200.0,40000.0,35000.0,47000.0,64000.0,56000.0,75000.0
2018,BEN,Benin,7400.0,6100.0,8700.0,41000.0,35000.0,48000.0,65000.0,56000.0,75000.0
2019,BEN,Benin,7000.0,5700.0,8300.0,41000.0,36000.0,48000.0,65000.0,57000.0,76000.0
2020,BEN,Benin,6500.0,5300.0,8000.0,41000.0,36000.0,49000.0,65000.0,56000.0,76000.0
2021,BEN,Benin,6200.0,4900.0,7600.0,41000.0,36000.0,49000.0,65000.0,56000.0,76000.0
2022,BEN,Benin,5800.0,4600.0,7300.0,42000.0,36000.0,49000.0,65000.0,56000.0,76000.0
2023,BEN,Benin,5600.0,4300.0,7000.0,42000.0,36000.0,49000.0,65000.0,56000.0,76000.0
2024,BEN,Benin,5200.0,4000.0,6600.0,42000.0,36000.0,50000.0,65000.0,56000.0,77000.0
1990,BFA,Burkina Faso,14000.0,8500.0,25000.0,56000.0,36000.0,89000.0,110000.0,70000.0,170000.0
1991,BFA,Burkina Faso,17000.0,10000.0,28000.0,61000.0,40000.0,93000.0,120000.0,77000.0,180000.0
1992,BFA,Burkina Faso,19000.0,12000.0,31000.0,65000.0,45000.0,94000.0,120000.0,86000.0,180000.0
1993,BFA,Burkina Faso,22000.0,14000.0,34000.0,68000.0,48000.0,92000.0,130000.0,91000.0,180000.0
1994,BFA,Burkina Faso,24000.0,16000.0,35000.0,69000.0,52000.0,91000.0,130000.0,96000.0,170000.0
1995,BFA,Burkina Faso,26000.0,18000.0,37000.0,69000.0,55000.0,90000.0,130000.0,99000.0,170000.0
1996,BFA,Burkina Faso,27000.0,20000.0,39000.0,68000.0,56000.0,87000.0,130000.0,100000.0,160000.0
1997,BFA,Burkina Faso,29000.0,21000.0,40000.0,67000.0,56000.0,85000.0,120000.0,100000.0,160000.0
1998,BFA,Burkina Faso,30000.0,23000.0,41000.0,66000.0,56000.0,82000.0,120000.0,100000.0,150000.0
1999,BFA,Burkina Faso,31000.0,24000.0,41000.0,64000.0,54000.0,78000.0,120000.0,98000.0,140000.0
2000,BFA,Burkina Faso,31000.0,24000.0,40000.0,62000.0,53000.0,75000.0,110000.0,96000.0,140000.0
2001,BFA,Burkina Faso,31000.0,25000.0,40000.0,59000.0,51000.0,72000.0,110000.0,92000.0,130000.0
2002,BFA,Burkina Faso,31000.0,25000.0,39000.0,57000.0,49000.0,70000.0,100000.0,89000.0,130000.0
2003,BFA,Burkina Faso,30000.0,25000.0,37000.0,55000.0,47000.0,67000.0,100000.0,85000.0,120000.0
2004,BFA,Burkina Faso,29000.0,24000.0,36000.0,53000.0,45000.0,63000.0,96000.0,82000.0,120000.0
2005,BFA,Burkina Faso,28000.0,24000.0,34000.0,51000.0,44000.0,61000.0,93000.0,79000.0,110000.0
2006,BFA,Burkina Faso,27000.0,23000.0,32000.0,50000.0,43000.0,59000.0,91000.0,78000.0,110000.0
2007,BFA,Burkina Faso,25000.0,21000.0,31000.0,49000.0,42000.0,57000.0,89000.0,77000.0,110000.0
2008,BFA,Burkina Faso,24000.0,20000.0,29000.0,48000.0,42000.0,57000.0,87000.0,75000.0,100000.0
2009,BFA,Burkina Faso,23000.0,19000.0,27000.0,48000.0,41000.0,56000.0,86000.0,74000.0,100000.0
2010,BFA,Burkina Faso,21000.0,18000.0,26000.0,48000.0,41000.0,56000.0,86000.0,74000.0,100000.0
2011,BFA,Burkina Faso,20000.0,17000.0,24000.0,48000.0,42000.0,56000.0,85000.0,73000.0,99000.0
2012,BFA,Burkina Faso,19000.0,16000.0,23000.0,48000.0,42000.0,56000.0,85000.0,73000.0,98000.0
2013,BFA,Burkina Faso,18000.0,15000.0,21000.0,49000.0,42000.0,57000.0,84000.0,73000.0,97000.0
2014,BFA,Burkina Faso,16000.0,14000.0,20000.0,49000.0,42000.0,57000.0,84000.0,73000.0,96000.0
2015,BFA,Burkina Faso,15000.0,13000.0,19000.0,49000.0,43000.0,57000.0,83000.0,73000.0,95000.0
2016,BFA,Burkina Faso,15000.0,12000.0,18000.0,50000.0,43000.0,57000.0,83000.0,72000.0,95000.0
2017,BFA,Burkina Faso,14000.0,11000.0,17000.0,50000.0,43000.0,57000.0,83000.0,72000.0,95000.0
2018,BFA,Burkina Faso,13000.0,10000.0,16000.0,51000.0,44000.0,58000.0,83000.0,72000.0,96000.0
2019,BFA,Burkina Faso,12000.0,9600.0,15000.0,51000.0,44000.0,59000.0,83000.0,72000.0,96000.0
2020,BFA,Burkina Faso,11000.0,8800.0,14000.0,52000.0,45000.0,60000.0,83000.0,72000.0,96000.0
2021,BFA,Burkina Faso,10000.0,8100.0,13000.0,52000.0,45000.0,61000.0,84000.0,72000.0,97000.0
2022,BFA,Burkina Faso,9500.0,7500.0,12000.0,53000.0,46000.0,62000.0,84000.0,73000.0,98000.0
2023,BFA,Burkina Faso,9000.0,7000.0,11000.0,54000.0,46000.0,63000.0,85000.0,73000.0,98000.0
2024,BFA,Burkina Faso,8400.0,6500.0,11000.0,54000.0,46000.0,63000.0,85000.0,73000.0,99000.0
1990,BWA,Botswana,2500.0,2100.0,3000.0,30000.0,27000.0,34000.0,51000.0,45000.0,58000.0
1991,BWA,Botswana,3500.0,3100.0,4100.0,42000.0,39000.0,47000.0,71000.0,64000.0,80000.0
1992,BWA,Botswana,4800.0,4200.0,5500.0,57000.0,53000.0,62000.0,95000.0,87000.0,110000.0
1993,BWA,Botswana,6300.0,5700.0,7100.0,73000.0,68000.0,79000.0,120000.0,110000.0,130000.0
1994,BWA,Botswana,8000.0,7300.0,8900.0,90000.0,84000.0,96000.0,150000.0,140000.0,160000.0
1995,BWA,Botswana,10000.0,9300.0,11000.0,110000.0,100000.0,110000.0,180000.0,170000.0,190000.0
1996,BWA,Botswana,12000.0,11000.0,14000.0,120000.0,110000.0,130000.0,200000.0,190000.0,210000.0
1997,BWA,Botswana,15000.0,14000.0,16000.0,130000.0,130000.0,140000.0,220000.0,210000.0,230000.0
1998,BWA,Botswana,17000.0,16000.0,18000.0,140000.0,130000.0,150000.0,240000.0,220000.0,250000.0
1999,BWA,Botswana,19000.0,18000.0,21000.0,150000.0,140000.0,160000.0,250000.0,230000.0,260000.0
2000,BWA,Botswana,21000.0,19000.0,23000.0,150000.0,150000.0,160000.0,260000.0,240000.0,270000.0
2001,BWA,Botswana,23000.0,21000.0,25000.0,160000.0,150000.0,170000.0,260000.0,250000.0,280000.0
2002,BWA,Botswana,24000.0,22000.0,26000.0,160000.0,150000.0,170000.0,270000.0,250000.0,280000.0
2003,BWA,Botswana,25000.0,22000.0,27000.0,160000.0,150000.0,170000.0,270000.0,250000.0,280000.0
2004,BWA,Botswana,25000.0,22000.0,27000.0,160000.0,150000.0,170000.0,270000.0,260000.0,290000.0
2005,BWA,Botswana,24000.0,22000.0,27000.0,160000.0,160000.0,170000.0,280000.0,260000.0,290000.0
2006,BWA,Botswana,23000.0,21000.0,26000.0,170000.0,160000.0,170000.0,280000.0,260000.0,300000.0
2007,BWA,Botswana,23000.0,19000.0,25000.0,170000.0,160000.0,180000.0,290000.0,270000.0,300000.0
2008,BWA,Botswana,22000.0,18000.0,24000.0,170000.0,160000.0,180000.0,290000.0,270000.0,310000.0
2009,BWA,Botswana,20000.0,17000.0,23000.0,180000.0,170000.0,190000.0,300000.0,280000.0,320000.0
2010,BWA,Botswana,19000.0,16000.0,21000.0,180000.0,170000.0,190000.0,310000.0,290000.0,320000.0
2011,BWA,Botswana,18000.0,15000.0,20000.0,190000.0,170000.0,200000.0,310000.0,290000.0,330000.0
2012,BWA,Botswana,17000.0,13000.0,19000.0,190000.0,180000.0,200000.0,320000.0,300000.0,340000.0
2013,BWA,Botswana,15000.0,12000.0,17000.0,190000.0,180000.0,210000.0,330000.0,310000.0,350000.0
2014,BWA,Botswana,14000.0,10000.0,16000.0,200000.0,190000.0,210000.0,330000.0,310000.0,350000.0
2015,BWA,Botswana,12000.0,8600.0,14000.0,200000.0,190000.0,210000.0,340000.0,320000.0,360000.0
2016,BWA,Botswana,11000.0,7300.0,13000.0,210000.0,190000.0,220000.0,350000.0,320000.0,360000.0
2017,BWA,Botswana,9700.0,6100.0,11000.0,210000.0,200000.0,220000.0,350000.0,330000.0,370000.0
2018,BWA,Botswana,8400.0,5100.0,10000.0,210000.0,200000.0,230000.0,360000.0,330000.0,370000.0
2019,BWA,Botswana,7300.0,4300.0,8700.0,220000.0,200000.0,230000.0,360000.0,340000.0,380000.0
2020,BWA,Botswana,6600.0,3900.0,7900.0,220000.0,210000.0,230000.0,360000.0,340000.0,380000.0
2021,BWA,Botswana,6000.0,3500.0,7200.0,220000.0,210000.0,230000.0,360000.0,340000.0,380000.0
2022,BWA,Botswana,5400.0,3100.0,6500.0,220000.0,210000.0,230000.0,360000.0,340000.0,380000.0
2023,BWA,Botswana,4800.0,2800.0,5800.0,220000.0,210000.0,230000.0,360000.0,330000.0,380000.0
2024,BWA,Botswana,4200.0,2500.0,5300.0,220000.0,210000.0,230000.0,350000.0,330000.0,380000.0
1990,CAF,Central African Republic,4900.0,3300.0,7200.0,38000.0,27000.0,55000.0,56000.0,41000.0,81000.0
1991,CAF,Central African Republic,6200.0,4300.0,9000.0,46000.0,34000.0,68000.0,69000.0,53000.0,100000.0
1992,CAF,Central African Republic,7700.0,5500.0,11000.0,55000.0,42000.0,78000.0,82000.0,64000.0,120000.0
1993,CAF,Central African Republic,9200.0,6700.0,13000.0,64000.0,49000.0,88000.0,95000.0,73000.0,130000.0
1994,CAF,Central African Republic,11000.0,8200.0,15000.0,72000.0,56000.0,98000.0,110000.0,85000.0,150000.0
1995,CAF,Central African Republic,13000.0,9400.0,17000.0,79000.0,62000.0,100000.0,120000.0,94000.0,160000.0
1996,CAF,Central African Republic,14000.0,11000.0,19000.0,84000.0,67000.0,110000.0,130000.0,100000.0,160000.0
1997,CAF,Central African Republic,16000.0,12000.0,20000.0,88000.0,71000.0,110000.0,130000.0,110000.0,170000.0
1998,CAF,Central African Republic,17000.0,13000.0,22000.0,91000.0,74000.0,110000.0,140000.0,110000.0,170000.0
1999,CAF,Central African Republic,18000.0,15000.0,23000.0,93000.0,76000.0,110000.0,140000.0,120000.0,170000.0
2000,CAF,Central African Republic,19000.0,16000.0,24000.0,94000.0,78000.0,110000.0,140000.0,120000.0,170000.0
2001,CAF,Central African Republic,20000.0,16000.0,25000.0,93000.0,78000.0,110000.0,140000.0,120000.0,170000.0
2002,CAF,Central African Republic,21000.0,17000.0,25000.0,92000.0,78000.0,110000.0,140000.0,120000.0,170000.0
2003,CAF,Central African Republic,21000.0,17000.0,26000.0,90000.0,77000.0,110000.0,140000.0,120000.0,160000.0
2004,CAF,Central African Republic,22000.0,18000.0,26000.0,88000.0,76000.0,100000.0,140000.0,120000.0,160000.0
2005,CAF,Central African Republic,22000.0,18000.0,26000.0,86000.0,73000.0,99000.0,130000.0,110000.0,150000.0
2006,CAF,Central African Republic,21000.0,18000.0,25000.0,83000.0,71000.0,95000.0,130000.0,110000.0,150000.0
2007,CAF,Central African Republic,21000.0,18000.0,25000.0,81000.0,70000.0,93000.0,130000.0,110000.0,140000.0
2008,CAF,Central African Republic,20000.0,17000.0,24000.0,79000.0,68000.0,90000.0,120000.0,110000.0,140000.0
2009,CAF,Central African Republic,20000.0,16000.0,23000.0,78000.0,66000.0,88000.0,120000.0,100000.0,140000.0
2010,CAF,Central African Republic,19000.0,16000.0,22000.0,77000.0,65000.0,87000.0,120000.0,100000.0,140000.0
2011,CAF,Central African Republic,18000.0,15000.0,21000.0,74000.0,63000.0,84000.0,120000.0,100000.0,130000.0
2012,CAF,Central African Republic,17000.0,14000.0,20000.0,70000.0,59000.0,81000.0,110000.0,95000.0,130000.0
2013,CAF,Central African Republic,16000.0,13000.0,19000.0,67000.0,57000.0,77000.0,110000.0,91000.0,120000.0
2014,CAF,Central African Republic,15000.0,13000.0,18000.0,62000.0,52000.0,73000.0,100000.0,85000.0,120000.0
2015,CAF,Central African Republic,14000.0,12000.0,17000.0,61000.0,51000.0,72000.0,98000.0,83000.0,120000.0
2016,CAF,Central African Republic,13000.0,11000.0,16000.0,60000.0,51000.0,72000.0,97000.0,81000.0,120000.0
2017,CAF,Central African Republic,13000.0,10000.0,15000.0,60000.0,50000.0,72000.0,95000.0,79000.0,110000.0
2018,CAF,Central African Republic,12000.0,9600.0,14000.0,59000.0,49000.0,72000.0,94000.0,77000.0,110000.0
2019,CAF,Central African Republic,11000.0,8800.0,14000.0,59000.0,49000.0,72000.0,93000.0,77000.0,110000.0
2020,CAF,Central African Republic,11000.0,8100.0,13000.0,59000.0,49000.0,74000.0,93000.0,76000.0,110000.0
2021,CAF,Central African Republic,10000.0,7600.0,13000.0,59000.0,48000.0,74000.0,91000.0,75000.0,110000.0
2022,CAF,Central African Republic,9800.0,7200.0,13000.0,59000.0,47000.0,75000.0,91000.0,75000.0,120000.0
2023,CAF,Central African Republic,9500.0,6900.0,13000.0,59000.0,47000.0,76000.0,91000.0,74000.0,120000.0
2024,CAF,Central African Republic,9100.0,6400.0,13000.0,60000.0,47000.0,78000.0,92000.0,73000.0,120000.0
1990,CIV,Cote dIvoire,23000.0,15000.0,38000.0,170000.0,110000.0,250000.0,310000.0,200000.0,470000.0
1991,CIV,Cote dIvoire,30000.0,20000.0,46000.0,210000.0,150000.0,300000.0,380000.0,260000.0,540000.0
1992,CIV,Cote dIvoire,36000.0,26000.0,54000.0,250000.0,180000.0,330000.0,440000.0,330000.0,600000.0
1993,CIV,Cote dIvoire,43000.0,32000.0,61000.0,290000.0,220000.0,370000.0,500000.0,390000.0,650000.0
1994,CIV,Cote dIvoire,50000.0,38000.0,69000.0,320000.0,260000.0,400000.0,560000.0,450000.0,690000.0
1995,CIV,Cote dIvoire,57000.0,45000.0,75000.0,350000.0,290000.0,410000.0,600000.0,500000.0,710000.0
1996,CIV,Cote dIvoire,64000.0,51000.0,81000.0,370000.0,320000.0,420000.0,630000.0,540000.0,740000.0
1997,CIV,Cote dIvoire,70000.0,57000.0,88000.0,380000.0,330000.0,440000.0,650000.0,560000.0,750000.0
1998,CIV,Cote dIvoire,76000.0,63000.0,92000.0,390000.0,340000.0,450000.0,660000.0,580000.0,750000.0
1999,CIV,Cote dIvoire,81000.0,68000.0,96000.0,390000.0,350000.0,450000.0,660000.0,580000.0,750000.0
2000,CIV,Cote dIvoire,85000.0,71000.0,100000.0,390000.0,340000.0,440000.0,650000.0,570000.0,730000.0
2001,CIV,Cote dIvoire,87000.0,73000.0,100000.0,380000.0,340000.0,430000.0,630000.0,560000.0,710000.0
2002,CIV,Cote dIvoire,89000.0,75000.0,100000.0,370000.0,330000.0,410000.0,610000.0,540000.0,690000.0
2003,CIV,Cote dIvoire,89000.0,76000.0,100000.0,360000.0,310000.0,400000.0,580000.0,520000.0,650000.0
2004,CIV,Cote dIvoire,89000.0,76000.0,100000.0,340000.0,300000.0,380000.0,560000.0,490000.0,630000.0
2005,CIV,Cote dIvoire,87000.0,75000.0,99000.0,330000.0,290000.0,370000.0,530000.0,470000.0,600000.0
2006,CIV,Cote dIvoire,85000.0,74000.0,97000.0,320000.0,280000.0,350000.0,510000.0,450000.0,570000.0
2007,CIV,Cote dIvoire,82000.0,70000.0,93000.0,310000.0,270000.0,340000.0,490000.0,440000.0,550000.0
2008,CIV,Cote dIvoire,76000.0,65000.0,86000.0,300000.0,270000.0,330000.0,480000.0,420000.0,540000.0
2009,CIV,Cote dIvoire,69000.0,59000.0,79000.0,290000.0,260000.0,330000.0,470000.0,420000.0,530000.0
2010,CIV,Cote dIvoire,63000.0,54000.0,73000.0,290000.0,260000.0,320000.0,470000.0,420000.0,520000.0
2011,CIV,Cote dIvoire,58000.0,50000.0,67000.0,280000.0,260000.0,320000.0,460000.0,410000.0,520000.0
2012,CIV,Cote dIvoire,52000.0,44000.0,61000.0,280000.0,250000.0,320000.0,450000.0,410000.0,510000.0
2013,CIV,Cote dIvoire,47000.0,39000.0,55000.0,280000.0,250000.0,310000.0,440000.0,400000.0,500000.0
2014,CIV,Cote dIvoire,43000.0,35000.0,51000.0,270000.0,240000.0,310000.0,430000.0,390000.0,490000.0
2015,CIV,Cote dIvoire,39000.0,32000.0,47000.0,270000.0,240000.0,300000.0,430000.0,380000.0,480000.0
2016,CIV,Cote dIvoire,36000.0,30000.0,44000.0,270000.0,240000.0,300000.0,420000.0,380000.0,480000.0
2017,CIV,Cote dIvoire,33000.0,27000.0,41000.0,270000.0,240000.0,310000.0,410000.0,370000.0,470000.0
2018,CIV,Cote dIvoire,30000.0,25000.0,39000.0,270000.0,240000.0,310000.0,410000.0,370000.0,470000.0
2019,CIV,Cote dIvoire,28000.0,22000.0,35000.0,270000.0,240000.0,300000.0,410000.0,360000.0,470000.0
2020,CIV,Cote dIvoire,25000.0,19000.0,33000.0,270000.0,240000.0,310000.0,400000.0,360000.0,460000.0
2021,CIV,Cote dIvoire,23000.0,17000.0,30000.0,270000.0,240000.0,310000.0,400000.0,360000.0,460000.0
2022,CIV,Cote dIvoire,20000.0,15000.0,28000.0,270000.0,240000.0,310000.0,400000.0,350000.0,460000.0
2023,CIV,Cote dIvoire,19000.0,13000.0,26000.0,270000.0,230000.0,310000.0,390000.0,350000.0,460000.0
2024,CIV,Cote dIvoire,17000.0,12000.0,24000.0,270000.0,230000.0,310000.0,390000.0,340000.0,450000.0
1990,CMR,Cameroon,3400.0,2300.0,4600.0,30000.0,21000.0,39000.0,54000.0,38000.0,71000.0
1991,CMR,Cameroon,4700.0,3300.0,6100.0,41000.0,30000.0,51000.0,74000.0,53000.0,92000.0
1992,CMR,Cameroon,6400.0,4700.0,8000.0,56000.0,42000.0,67000.0,99000.0,73000.0,120000.0
1993,CMR,Cameroon,8600.0,6400.0,10000.0,74000.0,57000.0,86000.0,130000.0,99000.0,150000.0
1994,CMR,Cameroon,11000.0,8700.0,13000.0,96000.0,76000.0,110000.0,170000.0,130000.0,190000.0
1995,CMR,Cameroon,14000.0,11000.0,16000.0,120000.0,98000.0,140000.0,210000.0,170000.0,240000.0
1996,CMR,Cameroon,18000.0,14000.0,20000.0,150000.0,120000.0,160000.0,250000.0,210000.0,290000.0
1997,CMR,Cameroon,21000.0,17000.0,24000.0,170000.0,150000.0,190000.0,300000.0,260000.0,340000.0
1998,CMR,Cameroon,25000.0,21000.0,28000.0,200000.0,170000.0,220000.0,340000.0,300000.0,390000.0
1999,CMR,Cameroon,29000.0,25000.0,32000.0,220000.0,200000.0,240000.0,380000.0,340000.0,430000.0
2000,CMR,Cameroon,32000.0,28000.0,36000.0,240000.0,210000.0,270000.0,410000.0,370000.0,460000.0
2001,CMR,Cameroon,36000.0,31000.0,40000.0,250000.0,230000.0,280000.0,440000.0,400000.0,490000.0
2002,CMR,Cameroon,39000.0,34000.0,43000.0,260000.0,240000.0,290000.0,460000.0,420000.0,510000.0
2003,CMR,Cameroon,42000.0,37000.0,47000.0,270000.0,250000.0,300000.0,470000.0,430000.0,520000.0
2004,CMR,Cameroon,44000.0,39000.0,49000.0,280000.0,260000.0,300000.0,480000.0,440000.0,530000.0
2005,CMR,Cameroon,47000.0,41000.0,52000.0,280000.0,260000.0,310000.0,490000.0,450000.0,540000.0
2006,CMR,Cameroon,48000.0,42000.0,53000.0,290000.0,270000.0,310000.0,500000.0,460000.0,550000.0
2007,CMR,Cameroon,50000.0,44000.0,55000.0,290000.0,270000.0,310000.0,500000.0,460000.0,550000.0
2008,CMR,Cameroon,50000.0,43000.0,56000.0,290000.0,270000.0,320000.0,510000.0,470000.0,560000.0
2009,CMR,Cameroon,50000.0,44000.0,56000.0,290000.0,280000.0,320000.0,510000.0,470000.0,560000.0
2010,CMR,Cameroon,49000.0,42000.0,55000.0,300000.0,280000.0,320000.0,510000.0,470000.0,560000.0
2011,CMR,Cameroon,47000.0,40000.0,53000.0,300000.0,280000.0,320000.0,510000.0,470000.0,560000.0
2012,CMR,Cameroon,45000.0,38000.0,51000.0,300000.0,280000.0,320000.0,510000.0,470000.0,560000.0
2013,CMR,Cameroon,42000.0,36000.0,48000.0,300000.0,280000.0,320000.0,510000.0,470000.0,550000.0
2014,CMR,Cameroon,39000.0,33000.0,45000.0,300000.0,280000.0,330000.0,500000.0,460000.0,550000.0
2015,CMR,Cameroon,37000.0,31000.0,42000.0,300000.0,280000.0,330000.0,500000.0,460000.0,550000.0
2016,CMR,Cameroon,35000.0,29000.0,40000.0,300000.0,280000.0,330000.0,490000.0,460000.0,540000.0
2017,CMR,Cameroon,32000.0,27000.0,37000.0,300000.0,280000.0,330000.0,490000.0,450000.0,540000.0
2018,CMR,Cameroon,30000.0,25000.0,35000.0,300000.0,280000.0,340000.0,490000.0,450000.0,540000.0
2019,CMR,Cameroon,29000.0,23000.0,33000.0,310000.0,280000.0,340000.0,490000.0,450000.0,540000.0
2020,CMR,Cameroon,27000.0,22000.0,31000.0,310000.0,290000.0,350000.0,490000.0,450000.0,550000.0
2021,CMR,Cameroon,25000.0,20000.0,30000.0,310000.0,290000.0,350000.0,490000.0,440000.0,550000.0
2022,CMR,Cameroon,24000.0,19000.0,28000.0,310000.0,290000.0,360000.0,490000.0,440000.0,550000.0
2023,CMR,Cameroon,22000.0,17000.0,26000.0,320000.0,290000.0,360000.0,490000.0,440000.0,560000.0
2024,CMR,Cameroon,20000.0,16000.0,24000.0,320000.0,290000.0,360000.0,490000.0,440000.0,560000.0
1990,COD,Democratic Republic of the Congo,38000.0,28000.0,51000.0,230000.0,170000.0,310000.0,420000.0,320000.0,560000.0
1991,COD,Democratic Republic of the Congo,44000.0,33000.0,58000.0,260000.0,200000.0,340000.0,470000.0,360000.0,630000.0
1992,COD,Democratic Republic of the Congo,51000.0,39000.0,66000.0,280000.0,220000.0,370000.0,510000.0,390000.0,670000.0
1993,COD,Democratic Republic of the Congo,57000.0,44000.0,74000.0,310000.0,240000.0,400000.0,550000.0,420000.0,710000.0
1994,COD,Democratic Republic of the Congo,64000.0,50000.0,82000.0,340000.0,270000.0,440000.0,600000.0,470000.0,780000.0
1995,COD,Democratic Republic of the Congo,71000.0,55000.0,91000.0,350000.0,280000.0,440000.0,620000.0,490000.0,790000.0
1996,COD,Democratic Republic of the Congo,77000.0,61000.0,98000.0,350000.0,280000.0,440000.0,620000.0,490000.0,790000.0
1997,COD,Democratic Republic of the Congo,82000.0,64000.0,100000.0,350000.0,280000.0,440000.0,620000.0,490000.0,780000.0
1998,COD,Democratic Republic of the Congo,86000.0,67000.0,110000.0,360000.0,280000.0,440000.0,620000.0,490000.0,780000.0
1999,COD,Democratic Republic of the Congo,90000.0,71000.0,110000.0,360000.0,280000.0,450000.0,620000.0,490000.0,770000.0
2000,COD,Democratic Republic of the Congo,93000.0,74000.0,120000.0,360000.0,280000.0,440000.0,620000.0,490000.0,760000.0
2001,COD,Democratic Republic of the Congo,95000.0,75000.0,120000.0,350000.0,280000.0,440000.0,610000.0,490000.0,750000.0
2002,COD,Democratic Republic of the Congo,97000.0,76000.0,120000.0,350000.0,280000.0,430000.0,600000.0,490000.0,740000.0
2003,COD,Democratic Republic of the Congo,97000.0,76000.0,120000.0,340000.0,280000.0,420000.0,590000.0,480000.0,720000.0
2004,COD,Democratic Republic of the Congo,97000.0,77000.0,120000.0,340000.0,280000.0,410000.0,580000.0,480000.0,710000.0
2005,COD,Democratic Republic of the Congo,97000.0,76000.0,120000.0,330000.0,280000.0,400000.0,570000.0,480000.0,690000.0
2006,COD,Democratic Republic of the Congo,96000.0,77000.0,120000.0,330000.0,270000.0,400000.0,560000.0,470000.0,680000.0
2007,COD,Democratic Republic of the Congo,94000.0,76000.0,120000.0,320000.0,270000.0,390000.0,550000.0,470000.0,670000.0
2008,COD,Democratic Republic of the Congo,93000.0,75000.0,110000.0,320000.0,270000.0,380000.0,540000.0,460000.0,650000.0
2009,COD,Democratic Republic of the Congo,91000.0,75000.0,110000.0,310000.0,270000.0,370000.0,530000.0,460000.0,640000.0
2010,COD,Democratic Republic of the Congo,88000.0,73000.0,110000.0,310000.0,260000.0,370000.0,520000.0,450000.0,630000.0
2011,COD,Democratic Republic of the Congo,86000.0,70000.0,100000.0,310000.0,260000.0,360000.0,520000.0,440000.0,620000.0
2012,COD,Democratic Republic of the Congo,83000.0,68000.0,100000.0,300000.0,260000.0,360000.0,510000.0,440000.0,610000.0
2013,COD,Democratic Republic of the Congo,80000.0,66000.0,99000.0,300000.0,260000.0,360000.0,510000.0,440000.0,600000.0
2014,COD,Democratic Republic of the Congo,76000.0,63000.0,94000.0,300000.0,260000.0,360000.0,500000.0,430000.0,590000.0
2015,COD,Democratic Republic of the Congo,74000.0,62000.0,92000.0,300000.0,260000.0,360000.0,500000.0,430000.0,590000.0
2016,COD,Democratic Republic of the Congo,73000.0,59000.0,90000.0,310000.0,260000.0,360000.0,500000.0,430000.0,590000.0
2017,COD,Democratic Republic of the Congo,72000.0,58000.0,88000.0,310000.0,270000.0,360000.0,500000.0,430000.0,600000.0
2018,COD,Democratic Republic of the Congo,72000.0,58000.0,87000.0,310000.0,270000.0,370000.0,510000.0,440000.0,600000.0
2019,COD,Democratic Republic of the Congo,69000.0,55000.0,85000.0,320000.0,270000.0,380000.0,510000.0,430000.0,600000.0
2020,COD,Democratic Republic of the Congo,69000.0,54000.0,84000.0,320000.0,280000.0,380000.0,510000.0,440000.0,610000.0
2021,COD,Democratic Republic of the Congo,69000.0,54000.0,84000.0,330000.0,280000.0,390000.0,520000.0,440000.0,620000.0
2022,COD,Democratic Republic of the Congo,69000.0,54000.0,85000.0,330000.0,280000.0,400000.0,530000.0,440000.0,640000.0
2023,COD,Democratic Republic of the Congo,69000.0,54000.0,86000.0,340000.0,280000.0,410000.0,540000.0,440000.0,650000.0
2024,COD,Democratic Republic of the Congo,69000.0,53000.0,87000.0,350000.0,280000.0,420000.0,540000.0,450000.0,660000.0
1990,COG,Congo,5200.0,3700.0,6900.0,38000.0,29000.0,48000.0,60000.0,46000.0,75000.0
1991,COG,Congo,6100.0,4400.0,7800.0,41000.0,33000.0,50000.0,65000.0,52000.0,78000.0
1992,COG,Congo,6900.0,5100.0,8800.0,44000.0,36000.0,53000.0,69000.0,56000.0,83000.0
1993,COG,Congo,7700.0,5900.0,9600.0,46000.0,38000.0,55000.0,72000.0,59000.0,85000.0
1994,COG,Congo,8400.0,6500.0,10000.0,48000.0,40000.0,57000.0,74000.0,61000.0,87000.0
1995,COG,Congo,9200.0,7000.0,11000.0,49000.0,41000.0,58000.0,75000.0,63000.0,90000.0
1996,COG,Congo,9800.0,7600.0,12000.0,50000.0,43000.0,60000.0,76000.0,65000.0,91000.0
1997,COG,Congo,10000.0,8100.0,13000.0,50000.0,43000.0,59000.0,75000.0,65000.0,91000.0
1998,COG,Congo,11000.0,8500.0,13000.0,50000.0,44000.0,60000.0,75000.0,66000.0,91000.0
1999,COG,Congo,11000.0,8800.0,13000.0,50000.0,44000.0,60000.0,75000.0,66000.0,89000.0
2000,COG,Congo,11000.0,9100.0,14000.0,52000.0,46000.0,62000.0,78000.0,69000.0,91000.0
2001,COG,Congo,12000.0,9300.0,14000.0,52000.0,46000.0,60000.0,77000.0,68000.0,88000.0
2002,COG,Congo,12000.0,9500.0,14000.0,51000.0,45000.0,59000.0,75000.0,68000.0,86000.0
2003,COG,Congo,12000.0,9700.0,14000.0,51000.0,46000.0,59000.0,76000.0,68000.0,87000.0
2004,COG,Congo,12000.0,9700.0,14000.0,51000.0,45000.0,59000.0,76000.0,68000.0,87000.0
2005,COG,Congo,12000.0,9700.0,14000.0,52000.0,46000.0,60000.0,77000.0,69000.0,88000.0
2006,COG,Congo,12000.0,9700.0,14000.0,52000.0,47000.0,60000.0,78000.0,69000.0,89000.0
2007,COG,Congo,11000.0,9600.0,14000.0,53000.0,47000.0,60000.0,79000.0,70000.0,90000.0
2008,COG,Congo,11000.0,9500.0,14000.0,53000.0,47000.0,60000.0,80000.0,71000.0,90000.0
2009,COG,Congo,11000.0,9400.0,14000.0,56000.0,49000.0,63000.0,83000.0,74000.0,94000.0
2010,COG,Congo,11000.0,9300.0,13000.0,57000.0,50000.0,64000.0,85000.0,75000.0,96000.0
2011,COG,Congo,11000.0,9000.0,13000.0,58000.0,51000.0,66000.0,87000.0,76000.0,98000.0
2012,COG,Congo,11000.0,9000.0,13000.0,59000.0,51000.0,66000.0,88000.0,76000.0,100000.0
2013,COG,Congo,11000.0,8800.0,13000.0,60000.0,51000.0,68000.0,89000.0,76000.0,100000.0
2014,COG,Congo,11000.0,8800.0,13000.0,61000.0,52000.0,70000.0,90000.0,76000.0,100000.0
2015,COG,Congo,11000.0,8700.0,13000.0,62000.0,52000.0,71000.0,91000.0,77000.0,110000.0
2016,COG,Congo,11000.0,8800.0,13000.0,63000.0,53000.0,74000.0,93000.0,78000.0,110000.0
2017,COG,Congo,11000.0,8800.0,13000.0,65000.0,53000.0,77000.0,95000.0,79000.0,110000.0
2018,COG,Congo,11000.0,8900.0,14000.0,67000.0,54000.0,82000.0,97000.0,80000.0,120000.0
2019,COG,Congo,11000.0,8900.0,14000.0,70000.0,55000.0,86000.0,100000.0,80000.0,120000.0
2020,COG,Congo,12000.0,8900.0,14000.0,72000.0,56000.0,90000.0,100000.0,81000.0,130000.0
2021,COG,Congo,12000.0,8800.0,14000.0,75000.0,57000.0,94000.0,110000.0,82000.0,130000.0
2022,COG,Congo,12000.0,8800.0,15000.0,78000.0,59000.0,100000.0,110000.0,84000.0,140000.0
2023,COG,Congo,12000.0,8500.0,15000.0,81000.0,60000.0,100000.0,120000.0,86000.0,150000.0
2024,COG,Congo,12000.0,8100.0,15000.0,85000.0,60000.0,110000.0,120000.0,86000.0,160000.0
1990,CPV,Cape Verde,0.0,0.0,0.0,0.0,0.0,530.0,850.0,0.0,1100.0
1991,CPV,Cape Verde,0.0,0.0,0.0,0.0,0.0,570.0,940.0,530.0,1200.0
1992,CPV,Cape Verde,0.0,0.0,0.0,0.0,0.0,600.0,1000.0,610.0,1300.0
1993,CPV,Cape Verde,0.0,0.0,0.0,520.0,0.0,640.0,1100.0,720.0,1400.0
1994,CPV,Cape Verde,0.0,0.0,0.0,550.0,0.0,680.0,1200.0,810.0,1500.0
1995,CPV,Cape Verde,0.0,0.0,0.0,590.0,0.0,730.0,1200.0,890.0,1500.0
1996,CPV,Cape Verde,0.0,0.0,0.0,620.0,0.0,760.0,1300.0,960.0,1600.0
1997,CPV,Cape Verde,0.0,0.0,0.0,650.0,0.0,790.0,1400.0,1000.0,1700.0
1998,CPV,Cape Verde,0.0,0.0,0.0,680.0,530.0,830.0,1400.0,1100.0,1700.0
1999,CPV,Cape Verde,0.0,0.0,0.0,710.0,580.0,860.0,1500.0,1200.0,1800.0
2000,CPV,Cape Verde,0.0,0.0,0.0,750.0,610.0,890.0,1600.0,1300.0,1900.0
2001,CPV,Cape Verde,0.0,0.0,0.0,780.0,640.0,920.0,1600.0,1300.0,2000.0
2002,CPV,Cape Verde,0.0,0.0,0.0,800.0,670.0,950.0,1700.0,1400.0,2000.0
2003,CPV,Cape Verde,0.0,0.0,0.0,830.0,700.0,970.0,1800.0,1500.0,2100.0
2004,CPV,Cape Verde,0.0,0.0,0.0,850.0,730.0,1000.0,1800.0,1600.0,2100.0
2005,CPV,Cape Verde,0.0,0.0,0.0,880.0,760.0,1000.0,1900.0,1600.0,2200.0
2006,CPV,Cape Verde,0.0,0.0,0.0,900.0,780.0,1100.0,2000.0,1700.0,2300.0
2007,CPV,Cape Verde,0.0,0.0,0.0,930.0,810.0,1100.0,2000.0,1800.0,2400.0
2008,CPV,Cape Verde,0.0,0.0,0.0,960.0,850.0,1100.0,2100.0,1800.0,2500.0
2009,CPV,Cape Verde,0.0,0.0,0.0,1000.0,880.0,1200.0,2200.0,1900.0,2600.0
2010,CPV,Cape Verde,0.0,0.0,0.0,1000.0,920.0,1200.0,2300.0,2000.0,2700.0
2011,CPV,Cape Verde,0.0,0.0,0.0,1100.0,960.0,1200.0,2400.0,2100.0,2800.0
2012,CPV,Cape Verde,0.0,0.0,0.0,1100.0,1000.0,1300.0,2500.0,2200.0,2900.0
2013,CPV,Cape Verde,0.0,0.0,0.0,1200.0,1000.0,1400.0,2600.0,2300.0,3000.0
2014,CPV,Cape Verde,0.0,0.0,0.0,1200.0,1100.0,1400.0,2700.0,2400.0,3200.0
2015,CPV,Cape Verde,0.0,0.0,0.0,1300.0,1100.0,1500.0,2800.0,2500.0,3300.0
2016,CPV,Cape Verde,0.0,0.0,0.0,1300.0,1200.0,1600.0,2900.0,2500.0,3400.0
2017,CPV,Cape Verde,0.0,0.0,0.0,1400.0,1200.0,1600.0,3000.0,2600.0,3600.0
2018,CPV,Cape Verde,0.0,0.0,0.0,1400.0,1300.0,1700.0,3100.0,2700.0,3700.0
2019,CPV,Cape Verde,0.0,0.0,0.0,1500.0,1300.0,1800.0,3200.0,2800.0,3800.0
2020,CPV,Cape Verde,0.0,0.0,0.0,1500.0,1300.0,1800.0,3300.0,2800.0,3900.0
2021,CPV,Cape Verde,0.0,0.0,0.0,1600.0,1400.0,1900.0,3400.0,2900.0,4100.0
2022,CPV,Cape Verde,0.0,0.0,0.0,1700.0,1400.0,2000.0,3500.0,3000.0,4200.0
2023,CPV,Cape Verde,0.0,0.0,0.0,1700.0,1400.0,2100.0,3700.0,3000.0,4500.0
2024,CPV,Cape Verde,0.0,0.0,0.0,1800.0,1500.0,2200.0,3800.0,3100.0,4600.0
1990,DJI,Djibouti,0.0,0.0,0.0,1100.0,620.0,1800.0,2800.0,1500.0,4400.0
1991,DJI,Djibouti,0.0,0.0,0.0,1600.0,920.0,2400.0,4000.0,2300.0,6100.0
1992,DJI,Djibouti,0.0,0.0,560.0,2100.0,1200.0,3000.0,4900.0,3000.0,7300.0
1993,DJI,Djibouti,0.0,0.0,700.0,2700.0,1600.0,3800.0,6300.0,3800.0,9000.0
1994,DJI,Djibouti,590.0,0.0,830.0,3200.0,2000.0,4300.0,7400.0,4600.0,10000.0
1995,DJI,Djibouti,710.0,0.0,960.0,3800.0,2500.0,5100.0,8700.0,5800.0,12000.0
1996,DJI,Djibouti,830.0,550.0,1100.0,4400.0,3100.0,5700.0,10000.0,7100.0,13000.0
1997,DJI,Djibouti,950.0,670.0,1300.0,5100.0,3800.0,6600.0,11000.0,8400.0,15000.0
1998,DJI,Djibouti,1100.0,770.0,1400.0,5700.0,4300.0,7400.0,13000.0,9600.0,16000.0
1999,DJI,Djibouti,1200.0,860.0,1600.0,6300.0,4800.0,8000.0,14000.0,11000.0,18000.0
2000,DJI,Djibouti,1300.0,960.0,1700.0,6800.0,5200.0,8600.0,15000.0,11000.0,19000.0
2001,DJI,Djibouti,1400.0,1000.0,1900.0,7200.0,5600.0,9300.0,16000.0,12000.0,20000.0
2002,DJI,Djibouti,1500.0,1100.0,2000.0,7400.0,5900.0,9600.0,16000.0,13000.0,21000.0
2003,DJI,Djibouti,1600.0,1200.0,2100.0,7400.0,5800.0,9500.0,16000.0,13000.0,21000.0
2004,DJI,Djibouti,1700.0,1300.0,2100.0,7400.0,5800.0,9500.0,16000.0,12000.0,21000.0
2005,DJI,Djibouti,1700.0,1300.0,2200.0,7300.0,5800.0,9500.0,16000.0,12000.0,20000.0
2006,DJI,Djibouti,1700.0,1300.0,2200.0,7300.0,5700.0,9500.0,16000.0,12000.0,20000.0
2007,DJI,Djibouti,1700.0,1300.0,2200.0,7200.0,5600.0,9300.0,15000.0,12000.0,20000.0
2008,DJI,Djibouti,1600.0,1200.0,2200.0,7100.0,5400.0,9100.0,15000.0,11000.0,19000.0
2009,DJI,Djibouti,1600.0,1200.0,2100.0,7000.0,5300.0,8900.0,15000.0,11000.0,19000.0
2010,DJI,Djibouti,1500.0,1200.0,2000.0,6800.0,5100.0,8700.0,14000.0,11000.0,18000.0
2011,DJI,Djibouti,1500.0,1100.0,2000.0,6600.0,5000.0,8400.0,14000.0,10000.0,18000.0
2012,DJI,Djibouti,1400.0,1100.0,1900.0,6300.0,4800.0,8100.0,13000.0,9800.0,17000.0
2013,DJI,Djibouti,1400.0,1000.0,1800.0,6100.0,4600.0,7800.0,12000.0,9300.0,16000.0
2014,DJI,Djibouti,1300.0,900.0,1700.0,5800.0,4400.0,7500.0,12000.0,8800.0,15000.0
2015,DJI,Djibouti,1200.0,820.0,1600.0,5600.0,4200.0,7300.0,11000.0,8500.0,15000.0
2016,DJI,Djibouti,1100.0,740.0,1400.0,5300.0,4000.0,7000.0,11000.0,7900.0,14000.0
2017,DJI,Djibouti,960.0,670.0,1300.0,5100.0,3900.0,6800.0,10000.0,7400.0,14000.0
2018,DJI,Djibouti,890.0,610.0,1200.0,5000.0,3700.0,6500.0,9900.0,7100.0,13000.0
2019,DJI,Djibouti,820.0,550.0,1100.0,4800.0,3600.0,6400.0,9600.0,6800.0,12000.0
2020,DJI,Djibouti,750.0,500.0,1000.0,4700.0,3500.0,6200.0,9200.0,6700.0,12000.0
2021,DJI,Djibouti,690.0,0.0,970.0,4500.0,3400.0,6000.0,8900.0,6500.0,12000.0
2022,DJI,Djibouti,640.0,0.0,890.0,4400.0,3300.0,5800.0,8500.0,6300.0,11000.0
2023,DJI,Djibouti,600.0,0.0,850.0,4200.0,3200.0,5600.0,8300.0,6100.0,11000.0
2024,DJI,Djibouti,550.0,0.0,810.0,4100.0,3100.0,5500.0,8000.0,6000.0,11000.0
1990,DZA,Algeria,0.0,0.0,0.0,0.0,0.0,0.0,0.0,0.0,520.0
1991,DZA,Algeria,0.0,0.0,0.0,0.0,0.0,0.0,560.0,510.0,610.0
1992,DZA,Algeria,0.0,0.0,0.0,0.0,0.0,0.0,660.0,600.0,720.0
1993,DZA,Algeria,0.0,0.0,0.0,0.0,0.0,0.0,780.0,720.0,840.0
1994,DZA,Algeria,0.0,0.0,0.0,0.0,0.0,0.0,920.0,850.0,980.0
1995,DZA,Algeria,0.0,0.0,0.0,0.0,0.0,510.0,1100.0,1000.0,1200.0
1996,DZA,Algeria,0.0,0.0,0.0,560.0,520.0,600.0,1300.0,1200.0,1400.0
1997,DZA,Algeria,0.0,0.0,0.0,660.0,620.0,700.0,1500.0,1400.0,1600.0
1998,DZA,Algeria,0.0,0.0,0.0,780.0,740.0,830.0,1800.0,1700.0,1900.0
1999,DZA,Algeria,0.0,0.0,0.0,930.0,880.0,980.0,2100.0,2000.0,2200.0
2000,DZA,Algeria,0.0,0.0,0.0,1100.0,1000.0,1200.0,2500.0,2400.0,2600.0
2001,DZA,Algeria,0.0,0.0,0.0,1300.0,1200.0,1400.0,3000.0,2800.0,3100.0
2002,DZA,Algeria,0.0,0.0,0.0,1500.0,1500.0,1600.0,3500.0,3300.0,3600.0
2003,DZA,Algeria,0.0,0.0,0.0,1800.0,1700.0,1900.0,4100.0,3900.0,4300.0
2004,DZA,Algeria,0.0,0.0,0.0,2100.0,2000.0,2200.0,4800.0,4500.0,5000.0
2005,DZA,Algeria,0.0,0.0,0.0,2500.0,2300.0,2600.0,5600.0,5200.0,5900.0
2006,DZA,Algeria,0.0,0.0,0.0,2900.0,2700.0,3000.0,6500.0,6100.0,6800.0
2007,DZA,Algeria,0.0,0.0,0.0,3300.0,3100.0,3500.0,7500.0,7000.0,7900.0
2008,DZA,Algeria,0.0,0.0,0.0,3800.0,3500.0,4000.0,8500.0,7900.0,9000.0
2009,DZA,Algeria,0.0,0.0,0.0,4200.0,3900.0,4500.0,9500.0,8800.0,10000.0
2010,DZA,Algeria,0.0,0.0,0.0,4700.0,4400.0,4900.0,10000.0,9700.0,11000.0
2011,DZA,Algeria,0.0,0.0,0.0,5100.0,4700.0,5400.0,11000.0,11000.0,12000.0
2012,DZA,Algeria,0.0,0.0,0.0,5500.0,5100.0,5800.0,12000.0,11000.0,13000.0
2013,DZA,Algeria,0.0,0.0,0.0,5900.0,5500.0,6100.0,13000.0,12000.0,13000.0
2014,DZA,Algeria,0.0,0.0,0.0,6300.0,5900.0,6600.0,14000.0,13000.0,14000.0
2015,DZA,Algeria,0.0,0.0,520.0,6800.0,6300.0,7100.0,14000.0,14000.0,15000.0
2016,DZA,Algeria,560.0,530.0,600.0,7300.0,6800.0,7700.0,16000.0,15000.0,16000.0
2017,DZA,Algeria,630.0,590.0,670.0,7800.0,7300.0,8400.0,17000.0,16000.0,18000.0
2018,DZA,Algeria,690.0,650.0,740.0,8400.0,7800.0,9100.0,18000.0,17000.0,19000.0
2019,DZA,Algeria,740.0,690.0,800.0,9100.0,8400.0,9900.0,19000.0,18000.0,21000.0
2020,DZA,Algeria,810.0,740.0,890.0,9800.0,9000.0,11000.0,21000.0,19000.0,23000.0
2021,DZA,Algeria,890.0,820.0,990.0,11000.0,9700.0,12000.0,23000.0,20000.0,25000.0
2022,DZA,Algeria,970.0,880.0,1100.0,11000.0,10000.0,13000.0,24000.0,22000.0,27000.0
2023,DZA,Algeria,1000.0,940.0,1200.0,12000.0,11000.0,14000.0,27000.0,24000.0,30000.0
2024,DZA,Algeria,1100.0,970.0,1300.0,13000.0,12000.0,15000.0,29000.0,25000.0,33000.0
1990,EGY,Egypt,0.0,0.0,0.0,2300.0,1500.0,3600.0,5300.0,3400.0,8500.0
1991,EGY,Egypt,0.0,0.0,520.0,2600.0,1700.0,4300.0,6100.0,4000.0,10000.0
1992,EGY,Egypt,0.0,0.0,630.0,2900.0,1900.0,4700.0,7000.0,4500.0,11000.0
1993,EGY,Egypt,0.0,0.0,710.0,3200.0,2000.0,5100.0,7800.0,5000.0,12000.0
1994,EGY,Egypt,0.0,0.0,800.0,3500.0,2200.0,5500.0,8600.0,5500.0,13000.0
1995,EGY,Egypt,550.0,0.0,870.0,3700.0,2500.0,5800.0,9400.0,6100.0,14000.0
1996,EGY,Egypt,600.0,0.0,940.0,3900.0,2600.0,6100.0,10000.0,6700.0,15000.0
1997,EGY,Egypt,650.0,0.0,1000.0,4100.0,2800.0,6200.0,11000.0,7400.0,16000.0
1998,EGY,Egypt,700.0,0.0,1100.0,4200.0,2900.0,6300.0,11000.0,7900.0,16000.0
1999,EGY,Egypt,740.0,0.0,1100.0,4300.0,3000.0,6300.0,12000.0,8500.0,17000.0
2000,EGY,Egypt,770.0,520.0,1100.0,4400.0,3100.0,6200.0,13000.0,9000.0,18000.0
2001,EGY,Egypt,780.0,520.0,1100.0,4400.0,3200.0,6200.0,13000.0,9600.0,18000.0
2002,EGY,Egypt,790.0,540.0,1200.0,4500.0,3300.0,6100.0,14000.0,10000.0,18000.0
2003,EGY,Egypt,800.0,550.0,1200.0,4500.0,3300.0,6000.0,15000.0,11000.0,19000.0
2004,EGY,Egypt,800.0,560.0,1100.0,4500.0,3300.0,5900.0,15000.0,11000.0,19000.0
2005,EGY,Egypt,790.0,570.0,1100.0,4400.0,3300.0,5700.0,16000.0,12000.0,20000.0
2006,EGY,Egypt,790.0,570.0,1100.0,4400.0,3300.0,5600.0,17000.0,13000.0,21000.0
2007,EGY,Egypt,780.0,560.0,1000.0,4300.0,3400.0,5500.0,17000.0,13000.0,22000.0
2008,EGY,Egypt,770.0,560.0,990.0,4300.0,3300.0,5400.0,18000.0,14000.0,23000.0
2009,EGY,Egypt,760.0,560.0,970.0,4200.0,3300.0,5400.0,19000.0,15000.0,24000.0
2010,EGY,Egypt,750.0,570.0,950.0,4200.0,3300.0,5400.0,20000.0,16000.0,26000.0
2011,EGY,Egypt,750.0,560.0,940.0,4200.0,3400.0,5400.0,21000.0,17000.0,27000.0
2012,EGY,Egypt,740.0,560.0,940.0,4300.0,3400.0,5500.0,22000.0,17000.0,29000.0
2013,EGY,Egypt,740.0,570.0,940.0,4400.0,3500.0,5500.0,24000.0,18000.0,31000.0
2014,EGY,Egypt,740.0,580.0,960.0,4400.0,3500.0,5700.0,25000.0,19000.0,33000.0
2015,EGY,Egypt,750.0,590.0,960.0,4600.0,3700.0,5800.0,27000.0,20000.0,36000.0
2016,EGY,Egypt,750.0,590.0,950.0,4700.0,3800.0,6100.0,29000.0,21000.0,38000.0
2017,EGY,Egypt,760.0,600.0,970.0,5000.0,4000.0,6500.0,31000.0,23000.0,41000.0
2018,EGY,Egypt,770.0,600.0,990.0,5400.0,4200.0,7000.0,33000.0,25000.0,44000.0
2019,EGY,Egypt,780.0,610.0,1000.0,5900.0,4500.0,7700.0,36000.0,27000.0,48000.0
2020,EGY,Egypt,800.0,630.0,1000.0,6400.0,4900.0,8400.0,39000.0,29000.0,53000.0
2021,EGY,Egypt,820.0,630.0,1100.0,7100.0,5300.0,9300.0,42000.0,32000.0,57000.0
2022,EGY,Egypt,850.0,640.0,1100.0,7800.0,5800.0,10000.0,46000.0,34000.0,62000.0
2023,EGY,Egypt,890.0,670.0,1200.0,8700.0,6500.0,12000.0,50000.0,37000.0,69000.0
2024,EGY,Egypt,940.0,690.0,1300.0,9800.0,7200.0,13000.0,55000.0,40000.0,76000.0
1990,ERI,Eritrea,930.0,530.0,1700.0,8500.0,4900.0,17000.0,15000.0,8900.0,30000.0
1991,ERI,Eritrea,950.0,560.0,1700.0,8700.0,5200.0,16000.0,15000.0,9300.0,28000.0
1992,ERI,Eritrea,1100.0,680.0,1900.0,9900.0,6200.0,17000.0,17000.0,11000.0,31000.0
1993,ERI,Eritrea,1300.0,810.0,2200.0,12000.0,7700.0,20000.0,20000.0,14000.0,35000.0
1994,ERI,Eritrea,1500.0,920.0,2400.0,13000.0,8400.0,20000.0,22000.0,15000.0,35000.0
1995,ERI,Eritrea,1700.0,1100.0,2700.0,16000.0,10000.0,24000.0,27000.0,18000.0,41000.0
1996,ERI,Eritrea,1800.0,1200.0,2800.0,15000.0,11000.0,23000.0,26000.0,19000.0,40000.0
1997,ERI,Eritrea,2000.0,1300.0,3000.0,16000.0,11000.0,23000.0,27000.0,19000.0,39000.0
1998,ERI,Eritrea,2100.0,1400.0,3100.0,16000.0,12000.0,22000.0,27000.0,20000.0,37000.0
1999,ERI,Eritrea,2100.0,1500.0,3100.0,16000.0,12000.0,21000.0,27000.0,20000.0,36000.0
2000,ERI,Eritrea,2200.0,1500.0,3100.0,15000.0,12000.0,20000.0,26000.0,19000.0,34000.0
2001,ERI,Eritrea,2200.0,1600.0,3100.0,16000.0,12000.0,20000.0,26000.0,19000.0,34000.0
2002,ERI,Eritrea,2200.0,1600.0,3100.0,15000.0,11000.0,19000.0,25000.0,19000.0,32000.0
2003,ERI,Eritrea,2200.0,1600.0,3000.0,15000.0,12000.0,19000.0,25000.0,20000.0,32000.0
2004,ERI,Eritrea,2100.0,1600.0,2800.0,14000.0,11000.0,18000.0,24000.0,18000.0,30000.0
2005,ERI,Eritrea,2000.0,1500.0,2700.0,13000.0,10000.0,17000.0,22000.0,17000.0,27000.0
2006,ERI,Eritrea,1900.0,1400.0,2500.0,12000.0,9600.0,15000.0,20000.0,16000.0,25000.0
2007,ERI,Eritrea,1800.0,1300.0,2300.0,11000.0,9000.0,14000.0,19000.0,15000.0,23000.0
2008,ERI,Eritrea,1600.0,1200.0,2100.0,11000.0,8700.0,14000.0,19000.0,15000.0,23000.0
2009,ERI,Eritrea,1500.0,1100.0,1900.0,10000.0,8200.0,13000.0,18000.0,14000.0,22000.0
2010,ERI,Eritrea,1300.0,1000.0,1700.0,10000.0,7800.0,12000.0,17000.0,13000.0,21000.0
2011,ERI,Eritrea,1200.0,900.0,1500.0,9600.0,7500.0,12000.0,16000.0,13000.0,20000.0
2012,ERI,Eritrea,1100.0,780.0,1400.0,9200.0,7200.0,11000.0,15000.0,12000.0,19000.0
2013,ERI,Eritrea,930.0,680.0,1200.0,8800.0,7000.0,11000.0,15000.0,12000.0,18000.0
2014,ERI,Eritrea,820.0,590.0,1100.0,8400.0,6700.0,10000.0,14000.0,11000.0,17000.0
2015,ERI,Eritrea,710.0,510.0,950.0,8100.0,6500.0,9900.0,14000.0,11000.0,17000.0
2016,ERI,Eritrea,620.0,0.0,830.0,7900.0,6400.0,9500.0,13000.0,11000.0,16000.0
2017,ERI,Eritrea,540.0,0.0,750.0,7700.0,6200.0,9300.0,13000.0,10000.0,16000.0
2018,ERI,Eritrea,0.0,0.0,670.0,7600.0,6200.0,9200.0,13000.0,10000.0,15000.0
2019,ERI,Eritrea,0.0,0.0,600.0,7600.0,6100.0,9100.0,13000.0,10000.0,15000.0
2020,ERI,Eritrea,0.0,0.0,540.0,7500.0,6100.0,9000.0,12000.0,10000.0,15000.0
2021,ERI,Eritrea,0.0,0.0,0.0,7500.0,6100.0,9000.0,12000.0,10000.0,15000.0
2022,ERI,Eritrea,0.0,0.0,0.0,7500.0,6100.0,8900.0,12000.0,10000.0,15000.0
2023,ERI,Eritrea,0.0,0.0,0.0,7500.0,6100.0,8900.0,12000.0,10000.0,15000.0
2024,ERI,Eritrea,0.0,0.0,0.0,7500.0,6100.0,8900.0,12000.0,9900.0,15000.0
1990,ETH,Ethiopia,40000.0,28000.0,61000.0,250000.0,210000.0,300000.0,430000.0,360000.0,520000.0
1991,ETH,Ethiopia,52000.0,36000.0,79000.0,320000.0,270000.0,380000.0,540000.0,450000.0,640000.0
1992,ETH,Ethiopia,64000.0,45000.0,97000.0,380000.0,320000.0,450000.0,630000.0,530000.0,760000.0
1993,ETH,Ethiopia,76000.0,53000.0,120000.0,430000.0,360000.0,510000.0,710000.0,600000.0,850000.0
1994,ETH,Ethiopia,88000.0,61000.0,130000.0,460000.0,390000.0,560000.0,760000.0,640000.0,920000.0
1995,ETH,Ethiopia,99000.0,69000.0,150000.0,490000.0,410000.0,580000.0,800000.0,670000.0,960000.0
1996,ETH,Ethiopia,110000.0,76000.0,170000.0,500000.0,420000.0,600000.0,810000.0,690000.0,980000.0
1997,ETH,Ethiopia,120000.0,83000.0,180000.0,500000.0,420000.0,600000.0,820000.0,690000.0,980000.0
1998,ETH,Ethiopia,130000.0,89000.0,190000.0,500000.0,420000.0,600000.0,810000.0,680000.0,970000.0
1999,ETH,Ethiopia,130000.0,93000.0,200000.0,490000.0,410000.0,590000.0,790000.0,660000.0,950000.0
2000,ETH,Ethiopia,140000.0,95000.0,210000.0,480000.0,400000.0,570000.0,760000.0,640000.0,920000.0
2001,ETH,Ethiopia,140000.0,96000.0,210000.0,460000.0,390000.0,550000.0,730000.0,620000.0,880000.0
2002,ETH,Ethiopia,140000.0,96000.0,210000.0,440000.0,370000.0,530000.0,700000.0,590000.0,840000.0
2003,ETH,Ethiopia,140000.0,95000.0,210000.0,420000.0,360000.0,510000.0,670000.0,560000.0,800000.0
2004,ETH,Ethiopia,130000.0,93000.0,200000.0,400000.0,340000.0,480000.0,630000.0,540000.0,760000.0
2005,ETH,Ethiopia,130000.0,90000.0,200000.0,390000.0,320000.0,460000.0,600000.0,510000.0,730000.0
2006,ETH,Ethiopia,120000.0,86000.0,190000.0,370000.0,310000.0,450000.0,580000.0,490000.0,700000.0
2007,ETH,Ethiopia,120000.0,81000.0,180000.0,360000.0,310000.0,430000.0,570000.0,480000.0,680000.0
2008,ETH,Ethiopia,110000.0,75000.0,160000.0,360000.0,300000.0,430000.0,560000.0,470000.0,680000.0
2009,ETH,Ethiopia,100000.0,70000.0,150000.0,360000.0,300000.0,430000.0,560000.0,470000.0,670000.0
2010,ETH,Ethiopia,93000.0,65000.0,140000.0,360000.0,300000.0,430000.0,570000.0,480000.0,680000.0
2011,ETH,Ethiopia,86000.0,60000.0,130000.0,360000.0,310000.0,440000.0,570000.0,480000.0,680000.0
2012,ETH,Ethiopia,78000.0,55000.0,120000.0,370000.0,310000.0,440000.0,580000.0,490000.0,690000.0
2013,ETH,Ethiopia,71000.0,50000.0,110000.0,370000.0,310000.0,440000.0,580000.0,490000.0,700000.0
2014,ETH,Ethiopia,66000.0,46000.0,99000.0,370000.0,310000.0,450000.0,580000.0,490000.0,700000.0
2015,ETH,Ethiopia,61000.0,42000.0,92000.0,370000.0,310000.0,450000.0,580000.0,490000.0,700000.0
2016,ETH,Ethiopia,56000.0,39000.0,86000.0,370000.0,310000.0,450000.0,580000.0,490000.0,700000.0
2017,ETH,Ethiopia,53000.0,37000.0,80000.0,370000.0,310000.0,450000.0,580000.0,490000.0,700000.0
2018,ETH,Ethiopia,49000.0,34000.0,74000.0,370000.0,310000.0,450000.0,580000.0,490000.0,700000.0
2019,ETH,Ethiopia,46000.0,32000.0,69000.0,370000.0,310000.0,450000.0,580000.0,490000.0,700000.0
2020,ETH,Ethiopia,42000.0,29000.0,63000.0,370000.0,310000.0,450000.0,580000.0,490000.0,690000.0
2021,ETH,Ethiopia,38000.0,27000.0,58000.0,370000.0,310000.0,450000.0,580000.0,490000.0,700000.0
2022,ETH,Ethiopia,35000.0,25000.0,53000.0,370000.0,310000.0,450000.0,580000.0,490000.0,690000.0
2023,ETH,Ethiopia,32000.0,22000.0,48000.0,370000.0,310000.0,450000.0,580000.0,490000.0,690000.0
2024,ETH,Ethiopia,28000.0,20000.0,43000.0,370000.0,310000.0,450000.0,570000.0,480000.0,690000.0
1990,GAB,Gabon,0.0,0.0,640.0,4200.0,2200.0,7600.0,6300.0,3300.0,12000.0
1991,GAB,Gabon,0.0,0.0,820.0,5600.0,3000.0,9600.0,8300.0,4500.0,14000.0
1992,GAB,Gabon,650.0,0.0,1100.0,7300.0,4100.0,12000.0,11000.0,5900.0,18000.0
1993,GAB,Gabon,830.0,0.0,1300.0,9200.0,5500.0,15000.0,13000.0,8000.0,22000.0
1994,GAB,Gabon,1000.0,600.0,1700.0,11000.0,7000.0,18000.0,17000.0,10000.0,26000.0
1995,GAB,Gabon,1300.0,770.0,2000.0,14000.0,8900.0,22000.0,20000.0,13000.0,32000.0
1996,GAB,Gabon,1500.0,970.0,2400.0,16000.0,11000.0,24000.0,23000.0,15000.0,35000.0
1997,GAB,Gabon,1800.0,1100.0,2700.0,18000.0,13000.0,27000.0,26000.0,18000.0,39000.0
1998,GAB,Gabon,2100.0,1400.0,3100.0,20000.0,14000.0,30000.0,29000.0,21000.0,42000.0
1999,GAB,Gabon,2300.0,1600.0,3400.0,22000.0,16000.0,31000.0,31000.0,22000.0,44000.0
2000,GAB,Gabon,2600.0,1800.0,3700.0,23000.0,17000.0,33000.0,33000.0,24000.0,46000.0
2001,GAB,Gabon,2800.0,2000.0,4000.0,24000.0,18000.0,33000.0,34000.0,25000.0,47000.0
2002,GAB,Gabon,3000.0,2100.0,4200.0,25000.0,19000.0,33000.0,36000.0,26000.0,47000.0
2003,GAB,Gabon,3300.0,2300.0,4500.0,26000.0,20000.0,33000.0,36000.0,28000.0,48000.0
2004,GAB,Gabon,3400.0,2500.0,4700.0,26000.0,20000.0,33000.0,37000.0,29000.0,48000.0
2005,GAB,Gabon,3600.0,2700.0,4900.0,27000.0,21000.0,34000.0,38000.0,29000.0,48000.0
2006,GAB,Gabon,3700.0,2800.0,5000.0,28000.0,21000.0,34000.0,40000.0,31000.0,48000.0
2007,GAB,Gabon,3800.0,2900.0,5100.0,28000.0,23000.0,34000.0,41000.0,33000.0,49000.0
2008,GAB,Gabon,3800.0,3000.0,5000.0,29000.0,24000.0,34000.0,42000.0,34000.0,50000.0
2009,GAB,Gabon,3900.0,3000.0,5000.0,30000.0,25000.0,35000.0,43000.0,36000.0,51000.0
2010,GAB,Gabon,3900.0,3100.0,5000.0,30000.0,26000.0,35000.0,44000.0,37000.0,52000.0
2011,GAB,Gabon,3900.0,3100.0,4900.0,31000.0,26000.0,36000.0,46000.0,38000.0,53000.0
2012,GAB,Gabon,3800.0,3000.0,4800.0,32000.0,27000.0,37000.0,47000.0,40000.0,55000.0
2013,GAB,Gabon,3700.0,2900.0,4600.0,33000.0,28000.0,38000.0,48000.0,41000.0,56000.0
2014,GAB,Gabon,3700.0,2900.0,4500.0,34000.0,29000.0,39000.0,49000.0,42000.0,57000.0
2015,GAB,Gabon,3600.0,2800.0,4400.0,34000.0,30000.0,40000.0,50000.0,43000.0,58000.0
2016,GAB,Gabon,3500.0,2700.0,4200.0,35000.0,30000.0,41000.0,51000.0,44000.0,59000.0
2017,GAB,Gabon,3300.0,2600.0,4100.0,35000.0,30000.0,41000.0,51000.0,44000.0,59000.0
2018,GAB,Gabon,3200.0,2500.0,3900.0,35000.0,30000.0,42000.0,51000.0,44000.0,60000.0
2019,GAB,Gabon,3100.0,2400.0,3900.0,35000.0,30000.0,42000.0,51000.0,44000.0,60000.0
2020,GAB,Gabon,2900.0,2200.0,3700.0,35000.0,30000.0,43000.0,51000.0,43000.0,61000.0
2021,GAB,Gabon,2800.0,2100.0,3600.0,35000.0,30000.0,43000.0,50000.0,43000.0,61000.0
2022,GAB,Gabon,2700.0,1900.0,3500.0,35000.0,30000.0,43000.0,50000.0,42000.0,61000.0
2023,GAB,Gabon,2600.0,1800.0,3500.0,36000.0,30000.0,44000.0,50000.0,42000.0,62000.0
2024,GAB,Gabon,2400.0,1700.0,3300.0,35000.0,30000.0,44000.0,50000.0,42000.0,62000.0
1990,GHA,Ghana,9300.0,4900.0,15000.0,57000.0,33000.0,87000.0,96000.0,54000.0,150000.0
1991,GHA,Ghana,12000.0,7000.0,19000.0,71000.0,45000.0,100000.0,120000.0,74000.0,170000.0
1992,GHA,Ghana,15000.0,9200.0,22000.0,86000.0,58000.0,110000.0,140000.0,96000.0,190000.0
1993,GHA,Ghana,18000.0,12000.0,25000.0,100000.0,73000.0,130000.0,160000.0,120000.0,210000.0
1994,GHA,Ghana,21000.0,15000.0,28000.0,110000.0,88000.0,140000.0,190000.0,140000.0,230000.0
1995,GHA,Ghana,24000.0,17000.0,31000.0,130000.0,100000.0,150000.0,200000.0,170000.0,250000.0
1996,GHA,Ghana,26000.0,20000.0,33000.0,140000.0,110000.0,160000.0,220000.0,190000.0,260000.0
1997,GHA,Ghana,29000.0,22000.0,36000.0,140000.0,130000.0,170000.0,230000.0,200000.0,270000.0
1998,GHA,Ghana,32000.0,25000.0,39000.0,150000.0,130000.0,180000.0,240000.0,210000.0,280000.0
1999,GHA,Ghana,34000.0,28000.0,42000.0,160000.0,140000.0,180000.0,250000.0,220000.0,290000.0
2000,GHA,Ghana,36000.0,30000.0,44000.0,160000.0,140000.0,180000.0,250000.0,230000.0,290000.0
2001,GHA,Ghana,39000.0,33000.0,46000.0,160000.0,150000.0,190000.0,260000.0,230000.0,300000.0
2002,GHA,Ghana,40000.0,34000.0,48000.0,160000.0,150000.0,190000.0,260000.0,230000.0,300000.0
2003,GHA,Ghana,42000.0,35000.0,49000.0,170000.0,150000.0,190000.0,260000.0,230000.0,300000.0
2004,GHA,Ghana,42000.0,36000.0,50000.0,170000.0,150000.0,190000.0,260000.0,230000.0,300000.0
2005,GHA,Ghana,43000.0,37000.0,50000.0,170000.0,150000.0,190000.0,260000.0,230000.0,300000.0
2006,GHA,Ghana,43000.0,38000.0,50000.0,170000.0,150000.0,190000.0,260000.0,230000.0,300000.0
2007,GHA,Ghana,42000.0,37000.0,49000.0,170000.0,150000.0,190000.0,260000.0,230000.0,300000.0
2008,GHA,Ghana,41000.0,35000.0,48000.0,170000.0,150000.0,190000.0,260000.0,230000.0,300000.0
2009,GHA,Ghana,40000.0,34000.0,47000.0,170000.0,150000.0,190000.0,260000.0,230000.0,300000.0
2010,GHA,Ghana,39000.0,33000.0,45000.0,170000.0,150000.0,200000.0,270000.0,240000.0,310000.0
2011,GHA,Ghana,37000.0,31000.0,43000.0,170000.0,150000.0,200000.0,270000.0,240000.0,310000.0
2012,GHA,Ghana,36000.0,30000.0,42000.0,170000.0,150000.0,200000.0,280000.0,240000.0,320000.0
2013,GHA,Ghana,35000.0,29000.0,41000.0,180000.0,160000.0,210000.0,280000.0,250000.0,320000.0
2014,GHA,Ghana,33000.0,27000.0,39000.0,180000.0,160000.0,210000.0,280000.0,250000.0,330000.0
2015,GHA,Ghana,32000.0,26000.0,38000.0,190000.0,170000.0,210000.0,290000.0,250000.0,330000.0
2016,GHA,Ghana,31000.0,25000.0,37000.0,190000.0,170000.0,220000.0,290000.0,260000.0,340000.0
2017,GHA,Ghana,29000.0,24000.0,35000.0,190000.0,170000.0,220000.0,300000.0,260000.0,340000.0
2018,GHA,Ghana,28000.0,22000.0,33000.0,200000.0,180000.0,230000.0,300000.0,260000.0,340000.0
2019,GHA,Ghana,26000.0,20000.0,31000.0,200000.0,180000.0,230000.0,300000.0,260000.0,350000.0
2020,GHA,Ghana,24000.0,19000.0,30000.0,210000.0,180000.0,240000.0,300000.0,270000.0,350000.0
2021,GHA,Ghana,22000.0,18000.0,28000.0,210000.0,180000.0,250000.0,310000.0,270000.0,360000.0
2022,GHA,Ghana,21000.0,16000.0,27000.0,210000.0,190000.0,250000.0,310000.0,270000.0,370000.0
2023,GHA,Ghana,20000.0,15000.0,25000.0,220000.0,190000.0,260000.0,310000.0,270000.0,380000.0
2024,GHA,Ghana,18000.0,14000.0,24000.0,220000.0,190000.0,270000.0,320000.0,270000.0,380000.0
1990,GIN,Guinea,960.0,0.0,1800.0,6100.0,2100.0,11000.0,11000.0,3900.0,20000.0
1991,GIN,Guinea,1300.0,0.0,2300.0,8000.0,3500.0,14000.0,15000.0,6200.0,25000.0
1992,GIN,Guinea,1700.0,750.0,2800.0,10000.0,4700.0,16000.0,19000.0,8400.0,30000.0
1993,GIN,Guinea,2200.0,1000.0,3500.0,13000.0,6100.0,19000.0,23000.0,11000.0,35000.0
1994,GIN,Guinea,2700.0,1400.0,4100.0,16000.0,8400.0,23000.0,28000.0,15000.0,40000.0
1995,GIN,Guinea,3300.0,1800.0,4900.0,19000.0,11000.0,27000.0,34000.0,19000.0,47000.0
1996,GIN,Guinea,4000.0,2400.0,5700.0,23000.0,14000.0,31000.0,40000.0,25000.0,53000.0
1997,GIN,Guinea,4800.0,3000.0,6600.0,26000.0,18000.0,35000.0,45000.0,31000.0,59000.0
1998,GIN,Guinea,5600.0,3700.0,7400.0,29000.0,22000.0,39000.0,51000.0,38000.0,66000.0
1999,GIN,Guinea,6400.0,4500.0,8400.0,33000.0,26000.0,42000.0,57000.0,44000.0,72000.0
2000,GIN,Guinea,7100.0,5300.0,9300.0,36000.0,29000.0,44000.0,61000.0,49000.0,76000.0
2001,GIN,Guinea,7900.0,6100.0,10000.0,38000.0,31000.0,46000.0,64000.0,53000.0,77000.0
2002,GIN,Guinea,8600.0,6800.0,11000.0,40000.0,34000.0,48000.0,68000.0,57000.0,81000.0
2003,GIN,Guinea,9300.0,7300.0,11000.0,43000.0,36000.0,50000.0,72000.0,61000.0,84000.0
2004,GIN,Guinea,10000.0,7900.0,12000.0,44000.0,37000.0,52000.0,75000.0,63000.0,87000.0
2005,GIN,Guinea,11000.0,8600.0,13000.0,46000.0,39000.0,53000.0,77000.0,66000.0,90000.0
2006,GIN,Guinea,11000.0,9200.0,13000.0,48000.0,41000.0,54000.0,80000.0,68000.0,93000.0
2007,GIN,Guinea,12000.0,9400.0,13000.0,50000.0,43000.0,57000.0,83000.0,71000.0,96000.0
2008,GIN,Guinea,12000.0,9700.0,14000.0,52000.0,45000.0,58000.0,86000.0,74000.0,99000.0
2009,GIN,Guinea,12000.0,10000.0,14000.0,54000.0,46000.0,60000.0,90000.0,78000.0,100000.0
2010,GIN,Guinea,13000.0,10000.0,15000.0,56000.0,49000.0,63000.0,94000.0,81000.0,110000.0
2011,GIN,Guinea,13000.0,10000.0,15000.0,58000.0,51000.0,66000.0,97000.0,84000.0,110000.0
2012,GIN,Guinea,13000.0,10000.0,15000.0,60000.0,53000.0,69000.0,100000.0,87000.0,120000.0
2013,GIN,Guinea,12000.0,10000.0,14000.0,63000.0,55000.0,71000.0,100000.0,90000.0,120000.0
2014,GIN,Guinea,13000.0,11000.0,15000.0,65000.0,57000.0,73000.0,110000.0,92000.0,120000.0
2015,GIN,Guinea,13000.0,11000.0,16000.0,67000.0,59000.0,76000.0,110000.0,95000.0,120000.0
2016,GIN,Guinea,14000.0,12000.0,16000.0,69000.0,61000.0,78000.0,110000.0,97000.0,130000.0
2017,GIN,Guinea,14000.0,12000.0,16000.0,70000.0,62000.0,81000.0,110000.0,98000.0,130000.0
2018,GIN,Guinea,14000.0,12000.0,16000.0,72000.0,63000.0,83000.0,110000.0,99000.0,130000.0
2019,GIN,Guinea,14000.0,12000.0,16000.0,73000.0,63000.0,85000.0,120000.0,99000.0,130000.0
2020,GIN,Guinea,13000.0,11000.0,16000.0,75000.0,64000.0,87000.0,120000.0,100000.0,140000.0
2021,GIN,Guinea,13000.0,11000.0,15000.0,76000.0,65000.0,89000.0,120000.0,100000.0,140000.0
2022,GIN,Guinea,13000.0,10000.0,15000.0,78000.0,66000.0,91000.0,120000.0,100000.0,140000.0
2023,GIN,Guinea,12000.0,9700.0,14000.0,79000.0,67000.0,93000.0,120000.0,100000.0,140000.0
2024,GIN,Guinea,11000.0,9100.0,14000.0,80000.0,68000.0,95000.0,120000.0,100000.0,140000.0
1990,GMB,Gambia,0.0,0.0,0.0,500.0,0.0,1100.0,960.0,0.0,2000.0
1991,GMB,Gambia,0.0,0.0,0.0,730.0,0.0,1400.0,1400.0,680.0,2700.0
1992,GMB,Gambia,0.0,0.0,0.0,1100.0,560.0,1900.0,2000.0,1000.0,3600.0
1993,GMB,Gambia,0.0,0.0,0.0,1500.0,870.0,2400.0,2800.0,1600.0,4700.0
1994,GMB,Gambia,0.0,0.0,0.0,2000.0,1200.0,3100.0,3700.0,2300.0,5900.0
1995,GMB,Gambia,0.0,0.0,620.0,2600.0,1700.0,3800.0,4800.0,3100.0,7200.0
1996,GMB,Gambia,520.0,0.0,780.0,3300.0,2200.0,4600.0,6100.0,4000.0,8800.0
1997,GMB,Gambia,650.0,0.0,940.0,4100.0,2800.0,5700.0,7400.0,5100.0,10000.0
1998,GMB,Gambia,800.0,550.0,1100.0,4900.0,3400.0,6800.0,8900.0,6200.0,12000.0
1999,GMB,Gambia,960.0,680.0,1300.0,5700.0,4000.0,7600.0,10000.0,7300.0,14000.0
2000,GMB,Gambia,1100.0,800.0,1500.0,6400.0,4600.0,8600.0,12000.0,8400.0,16000.0
2001,GMB,Gambia,1300.0,920.0,1700.0,7100.0,5300.0,9600.0,13000.0,9600.0,18000.0
2002,GMB,Gambia,1500.0,1100.0,2000.0,7800.0,5900.0,11000.0,14000.0,11000.0,19000.0
2003,GMB,Gambia,1600.0,1200.0,2200.0,8400.0,6500.0,11000.0,15000.0,12000.0,21000.0
2004,GMB,Gambia,1800.0,1300.0,2400.0,8900.0,6900.0,12000.0,16000.0,12000.0,22000.0
2005,GMB,Gambia,1900.0,1500.0,2600.0,9400.0,7300.0,13000.0,17000.0,13000.0,23000.0
2006,GMB,Gambia,2100.0,1600.0,2800.0,9900.0,7700.0,13000.0,18000.0,14000.0,24000.0
2007,GMB,Gambia,2200.0,1700.0,3000.0,10000.0,8100.0,14000.0,19000.0,15000.0,25000.0
2008,GMB,Gambia,2300.0,1800.0,3100.0,11000.0,8600.0,14000.0,20000.0,15000.0,26000.0
2009,GMB,Gambia,2400.0,1800.0,3200.0,11000.0,9000.0,15000.0,20000.0,16000.0,26000.0
2010,GMB,Gambia,2400.0,1800.0,3200.0,12000.0,9300.0,15000.0,21000.0,17000.0,27000.0
2011,GMB,Gambia,2400.0,1800.0,3200.0,12000.0,9600.0,16000.0,22000.0,17000.0,28000.0
2012,GMB,Gambia,2400.0,1800.0,3200.0,12000.0,10000.0,16000.0,22000.0,18000.0,29000.0
2013,GMB,Gambia,2400.0,1800.0,3200.0,13000.0,11000.0,17000.0,23000.0,19000.0,30000.0
2014,GMB,Gambia,2300.0,1700.0,3100.0,13000.0,11000.0,17000.0,23000.0,19000.0,30000.0
2015,GMB,Gambia,2200.0,1700.0,3100.0,14000.0,11000.0,17000.0,24000.0,19000.0,30000.0
2016,GMB,Gambia,2200.0,1600.0,3000.0,14000.0,11000.0,17000.0,24000.0,19000.0,30000.0
2017,GMB,Gambia,2200.0,1600.0,3000.0,14000.0,11000.0,18000.0,24000.0,19000.0,31000.0
2018,GMB,Gambia,2100.0,1500.0,2900.0,14000.0,12000.0,18000.0,24000.0,19000.0,30000.0
2019,GMB,Gambia,2000.0,1500.0,2800.0,14000.0,12000.0,18000.0,24000.0,19000.0,30000.0
2020,GMB,Gambia,2000.0,1400.0,2800.0,14000.0,12000.0,18000.0,24000.0,19000.0,31000.0
2021,GMB,Gambia,1900.0,1300.0,2700.0,14000.0,12000.0,18000.0,24000.0,19000.0,30000.0
2022,GMB,Gambia,1800.0,1200.0,2600.0,14000.0,11000.0,18000.0,24000.0,19000.0,30000.0
2023,GMB,Gambia,1700.0,1100.0,2400.0,14000.0,12000.0,18000.0,24000.0,19000.0,30000.0
2024,GMB,Gambia,1600.0,1100.0,2300.0,14000.0,12000.0,18000.0,24000.0,19000.0,30000.0
1990,GNB,Guinea-Bissau,0.0,0.0,0.0,620.0,0.0,920.0,1100.0,640.0,1600.0
1991,GNB,Guinea-Bissau,0.0,0.0,0.0,910.0,590.0,1300.0,1600.0,1000.0,2300.0
1992,GNB,Guinea-Bissau,0.0,0.0,0.0,1300.0,870.0,1900.0,2300.0,1500.0,3300.0
1993,GNB,Guinea-Bissau,0.0,0.0,0.0,1900.0,1300.0,2700.0,3300.0,2100.0,4600.0
1994,GNB,Guinea-Bissau,0.0,0.0,550.0,2800.0,1900.0,3800.0,4700.0,3200.0,6400.0
1995,GNB,Guinea-Bissau,580.0,0.0,770.0,4000.0,2700.0,5100.0,6600.0,4500.0,8600.0
1996,GNB,Guinea-Bissau,810.0,550.0,1000.0,5600.0,3700.0,6900.0,9200.0,6300.0,11000.0
1997,GNB,Guinea-Bissau,1100.0,760.0,1400.0,7500.0,5300.0,9100.0,12000.0,9000.0,15000.0
1998,GNB,Guinea-Bissau,1400.0,1000.0,1800.0,9800.0,7300.0,12000.0,16000.0,12000.0,19000.0
1999,GNB,Guinea-Bissau,1800.0,1400.0,2200.0,12000.0,9300.0,14000.0,20000.0,16000.0,24000.0
2000,GNB,Guinea-Bissau,2200.0,1700.0,2600.0,14000.0,12000.0,17000.0,24000.0,19000.0,28000.0
2001,GNB,Guinea-Bissau,2600.0,2100.0,3000.0,16000.0,14000.0,19000.0,27000.0,22000.0,31000.0
2002,GNB,Guinea-Bissau,3000.0,2400.0,3400.0,17000.0,15000.0,20000.0,29000.0,25000.0,33000.0
2003,GNB,Guinea-Bissau,3300.0,2700.0,3800.0,18000.0,16000.0,21000.0,30000.0,27000.0,35000.0
2004,GNB,Guinea-Bissau,3600.0,3000.0,4200.0,19000.0,17000.0,21000.0,31000.0,28000.0,36000.0
2005,GNB,Guinea-Bissau,3900.0,3200.0,4500.0,19000.0,17000.0,22000.0,32000.0,28000.0,36000.0
2006,GNB,Guinea-Bissau,4100.0,3500.0,4700.0,19000.0,17000.0,22000.0,32000.0,29000.0,37000.0
2007,GNB,Guinea-Bissau,4300.0,3700.0,4900.0,20000.0,18000.0,22000.0,32000.0,29000.0,37000.0
2008,GNB,Guinea-Bissau,4500.0,3800.0,5100.0,20000.0,18000.0,22000.0,33000.0,29000.0,37000.0
2009,GNB,Guinea-Bissau,4600.0,3900.0,5200.0,20000.0,18000.0,22000.0,33000.0,29000.0,37000.0
2010,GNB,Guinea-Bissau,4700.0,4000.0,5300.0,20000.0,18000.0,22000.0,33000.0,29000.0,37000.0
2011,GNB,Guinea-Bissau,4700.0,4000.0,5300.0,20000.0,18000.0,22000.0,33000.0,29000.0,37000.0
2012,GNB,Guinea-Bissau,4600.0,3900.0,5200.0,20000.0,18000.0,22000.0,33000.0,29000.0,38000.0
2013,GNB,Guinea-Bissau,4400.0,3700.0,5000.0,20000.0,18000.0,23000.0,33000.0,29000.0,37000.0
2014,GNB,Guinea-Bissau,4000.0,3400.0,4600.0,20000.0,18000.0,23000.0,33000.0,29000.0,37000.0
2015,GNB,Guinea-Bissau,3800.0,3100.0,4300.0,21000.0,18000.0,23000.0,33000.0,29000.0,38000.0
2016,GNB,Guinea-Bissau,3600.0,2900.0,4100.0,21000.0,18000.0,23000.0,33000.0,29000.0,37000.0
2017,GNB,Guinea-Bissau,3300.0,2700.0,3900.0,21000.0,18000.0,23000.0,33000.0,29000.0,37000.0
2018,GNB,Guinea-Bissau,3200.0,2600.0,3700.0,21000.0,18000.0,24000.0,33000.0,28000.0,37000.0
2019,GNB,Guinea-Bissau,3000.0,2400.0,3500.0,21000.0,18000.0,24000.0,32000.0,28000.0,37000.0
2020,GNB,Guinea-Bissau,2800.0,2200.0,3300.0,21000.0,18000.0,24000.0,32000.0,28000.0,37000.0
2021,GNB,Guinea-Bissau,2600.0,2000.0,3200.0,21000.0,18000.0,24000.0,32000.0,28000.0,37000.0
2022,GNB,Guinea-Bissau,2500.0,1900.0,3000.0,21000.0,18000.0,24000.0,32000.0,27000.0,37000.0
2023,GNB,Guinea-Bissau,2400.0,1800.0,2900.0,21000.0,18000.0,25000.0,32000.0,27000.0,37000.0
2024,GNB,Guinea-Bissau,2200.0,1700.0,2700.0,21000.0,18000.0,25000.0,32000.0,27000.0,37000.0
1990,KEN,Kenya,61000.0,49000.0,80000.0,360000.0,320000.0,420000.0,590000.0,530000.0,680000.0
1991,KEN,Kenya,81000.0,65000.0,110000.0,470000.0,420000.0,550000.0,770000.0,690000.0,880000.0
1992,KEN,Kenya,100000.0,83000.0,140000.0,590000.0,530000.0,680000.0,940000.0,850000.0,1100000.0
1993,KEN,Kenya,130000.0,100000.0,170000.0,690000.0,620000.0,800000.0,1100000.0,990000.0,1300000.0
1994,KEN,Kenya,150000.0,120000.0,200000.0,770000.0,690000.0,890000.0,1200000.0,1100000.0,1400000.0
1995,KEN,Kenya,170000.0,140000.0,230000.0,830000.0,740000.0,960000.0,1300000.0,1200000.0,1500000.0
1996,KEN,Kenya,190000.0,150000.0,250000.0,870000.0,780000.0,1000000.0,1400000.0,1200000.0,1600000.0
1997,KEN,Kenya,210000.0,170000.0,280000.0,890000.0,800000.0,1000000.0,1400000.0,1300000.0,1600000.0
1998,KEN,Kenya,230000.0,180000.0,300000.0,900000.0,810000.0,1000000.0,1400000.0,1300000.0,1600000.0
1999,KEN,Kenya,250000.0,200000.0,320000.0,900000.0,810000.0,1000000.0,1400000.0,1300000.0,1600000.0
2000,KEN,Kenya,260000.0,210000.0,340000.0,890000.0,800000.0,1000000.0,1400000.0,1300000.0,1600000.0
2001,KEN,Kenya,270000.0,220000.0,360000.0,870000.0,780000.0,1000000.0,1400000.0,1200000.0,1600000.0
2002,KEN,Kenya,280000.0,220000.0,370000.0,850000.0,760000.0,980000.0,1300000.0,1200000.0,1500000.0
2003,KEN,Kenya,290000.0,230000.0,380000.0,830000.0,740000.0,950000.0,1300000.0,1200000.0,1500000.0
2004,KEN,Kenya,290000.0,230000.0,380000.0,800000.0,720000.0,930000.0,1200000.0,1100000.0,1400000.0
2005,KEN,Kenya,280000.0,230000.0,370000.0,780000.0,700000.0,900000.0,1200000.0,1100000.0,1400000.0
2006,KEN,Kenya,270000.0,220000.0,360000.0,770000.0,690000.0,890000.0,1200000.0,1100000.0,1400000.0
2007,KEN,Kenya,260000.0,210000.0,350000.0,760000.0,680000.0,880000.0,1200000.0,1100000.0,1400000.0
2008,KEN,Kenya,250000.0,200000.0,320000.0,760000.0,680000.0,870000.0,1200000.0,1100000.0,1400000.0
2009,KEN,Kenya,230000.0,180000.0,300000.0,750000.0,670000.0,870000.0,1200000.0,1100000.0,1400000.0
2010,KEN,Kenya,210000.0,170000.0,280000.0,760000.0,680000.0,870000.0,1200000.0,1100000.0,1400000.0
2011,KEN,Kenya,200000.0,160000.0,260000.0,760000.0,680000.0,880000.0,1200000.0,1100000.0,1400000.0
2012,KEN,Kenya,180000.0,150000.0,240000.0,770000.0,690000.0,890000.0,1200000.0,1100000.0,1400000.0
2013,KEN,Kenya,170000.0,140000.0,220000.0,780000.0,700000.0,900000.0,1200000.0,1100000.0,1400000.0
2014,KEN,Kenya,160000.0,130000.0,210000.0,790000.0,710000.0,910000.0,1200000.0,1100000.0,1400000.0
2015,KEN,Kenya,140000.0,110000.0,190000.0,800000.0,710000.0,920000.0,1200000.0,1100000.0,1400000.0
2016,KEN,Kenya,130000.0,100000.0,170000.0,800000.0,720000.0,930000.0,1300000.0,1100000.0,1400000.0
2017,KEN,Kenya,120000.0,94000.0,150000.0,810000.0,720000.0,930000.0,1300000.0,1100000.0,1400000.0
2018,KEN,Kenya,110000.0,85000.0,140000.0,810000.0,730000.0,940000.0,1300000.0,1100000.0,1400000.0
2019,KEN,Kenya,96000.0,77000.0,130000.0,820000.0,730000.0,940000.0,1300000.0,1100000.0,1400000.0
2020,KEN,Kenya,86000.0,69000.0,110000.0,820000.0,730000.0,940000.0,1300000.0,1100000.0,1400000.0
2021,KEN,Kenya,79000.0,63000.0,100000.0,820000.0,740000.0,950000.0,1300000.0,1100000.0,1400000.0
2022,KEN,Kenya,72000.0,58000.0,96000.0,830000.0,740000.0,950000.0,1300000.0,1100000.0,1400000.0
2023,KEN,Kenya,67000.0,54000.0,88000.0,830000.0,740000.0,960000.0,1300000.0,1100000.0,1400000.0
2024,KEN,Kenya,62000.0,50000.0,82000.0,840000.0,750000.0,960000.0,1300000.0,1100000.0,1400000.0
1990,LBR,Liberia,1600.0,640.0,3200.0,9300.0,4000.0,17000.0,16000.0,7100.0,31000.0
1991,LBR,Liberia,2200.0,970.0,4100.0,12000.0,6100.0,21000.0,21000.0,11000.0,38000.0
1992,LBR,Liberia,2900.0,1400.0,4800.0,15000.0,8100.0,23000.0,26000.0,14000.0,42000.0
1993,LBR,Liberia,3400.0,1800.0,5700.0,17000.0,10000.0,25000.0,29000.0,18000.0,44000.0
1994,LBR,Liberia,3800.0,2100.0,5900.0,17000.0,12000.0,24000.0,29000.0,19000.0,42000.0
1995,LBR,Liberia,4400.0,2700.0,6800.0,18000.0,13000.0,25000.0,31000.0,23000.0,43000.0
1996,LBR,Liberia,4900.0,3100.0,7200.0,19000.0,14000.0,25000.0,32000.0,24000.0,43000.0
1997,LBR,Liberia,6000.0,4100.0,8700.0,22000.0,18000.0,28000.0,38000.0,30000.0,48000.0
1998,LBR,Liberia,6800.0,4800.0,9700.0,24000.0,19000.0,30000.0,40000.0,32000.0,50000.0
1999,LBR,Liberia,7500.0,5500.0,10000.0,24000.0,20000.0,30000.0,41000.0,34000.0,51000.0
2000,LBR,Liberia,8000.0,6000.0,11000.0,25000.0,21000.0,30000.0,41000.0,34000.0,50000.0
2001,LBR,Liberia,8400.0,6500.0,11000.0,24000.0,21000.0,29000.0,41000.0,34000.0,49000.0
2002,LBR,Liberia,8600.0,6800.0,11000.0,24000.0,21000.0,28000.0,40000.0,34000.0,47000.0
2003,LBR,Liberia,8600.0,6900.0,11000.0,23000.0,20000.0,27000.0,38000.0,33000.0,44000.0
2004,LBR,Liberia,8700.0,7100.0,11000.0,22000.0,20000.0,26000.0,37000.0,32000.0,43000.0
2005,LBR,Liberia,9000.0,7500.0,11000.0,22000.0,20000.0,26000.0,37000.0,32000.0,43000.0
2006,LBR,Liberia,9200.0,7700.0,11000.0,23000.0,20000.0,26000.0,37000.0,33000.0,43000.0
2007,LBR,Liberia,9300.0,7800.0,11000.0,22000.0,20000.0,26000.0,37000.0,33000.0,43000.0
2008,LBR,Liberia,9100.0,7700.0,11000.0,22000.0,19000.0,26000.0,37000.0,32000.0,43000.0
2009,LBR,Liberia,8800.0,7500.0,10000.0,22000.0,19000.0,25000.0,36000.0,32000.0,42000.0
2010,LBR,Liberia,8500.0,7300.0,10000.0,22000.0,19000.0,25000.0,36000.0,31000.0,41000.0
2011,LBR,Liberia,8200.0,7000.0,9700.0,22000.0,19000.0,26000.0,37000.0,32000.0,43000.0
2012,LBR,Liberia,7900.0,6800.0,9200.0,22000.0,19000.0,25000.0,36000.0,32000.0,42000.0
2013,LBR,Liberia,7600.0,6500.0,8800.0,22000.0,19000.0,25000.0,36000.0,31000.0,42000.0
2014,LBR,Liberia,7300.0,6300.0,8500.0,21000.0,18000.0,25000.0,35000.0,30000.0,41000.0
2015,LBR,Liberia,6800.0,5900.0,8000.0,21000.0,18000.0,25000.0,34000.0,29000.0,41000.0
2016,LBR,Liberia,6400.0,5400.0,7500.0,21000.0,18000.0,24000.0,34000.0,29000.0,40000.0
2017,LBR,Liberia,6000.0,5000.0,7000.0,21000.0,18000.0,24000.0,33000.0,28000.0,39000.0
2018,LBR,Liberia,5600.0,4700.0,6700.0,21000.0,18000.0,24000.0,33000.0,28000.0,39000.0
2019,LBR,Liberia,5200.0,4300.0,6300.0,21000.0,18000.0,25000.0,33000.0,28000.0,39000.0
2020,LBR,Liberia,4900.0,4000.0,6000.0,21000.0,18000.0,25000.0,33000.0,28000.0,39000.0
2021,LBR,Liberia,4600.0,3600.0,5700.0,21000.0,18000.0,25000.0,33000.0,28000.0,39000.0
2022,LBR,Liberia,4300.0,3300.0,5400.0,21000.0,18000.0,26000.0,33000.0,27000.0,40000.0
2023,LBR,Liberia,4000.0,3000.0,5100.0,21000.0,18000.0,26000.0,32000.0,27000.0,40000.0
2024,LBR,Liberia,3700.0,2700.0,4800.0,21000.0,18000.0,26000.0,32000.0,27000.0,40000.0
1990,LBY,Libya,0.0,0.0,0.0,0.0,0.0,0.0,0.0,0.0,0.0
1991,LBY,Libya,0.0,0.0,0.0,0.0,0.0,0.0,0.0,0.0,0.0
1992,LBY,Libya,0.0,0.0,0.0,0.0,0.0,0.0,0.0,0.0,0.0
1993,LBY,Libya,0.0,0.0,0.0,0.0,0.0,0.0,0.0,0.0,0.0
1994,LBY,Libya,0.0,0.0,0.0,0.0,0.0,0.0,0.0,0.0,0.0
1995,LBY,Libya,0.0,0.0,0.0,0.0,0.0,0.0,0.0,0.0,0.0
1996,LBY,Libya,0.0,0.0,0.0,0.0,0.0,0.0,0.0,0.0,0.0
1997,LBY,Libya,0.0,0.0,0.0,0.0,0.0,0.0,520.0,0.0,610.0
1998,LBY,Libya,0.0,0.0,0.0,0.0,0.0,0.0,680.0,540.0,780.0
1999,LBY,Libya,0.0,0.0,0.0,0.0,0.0,0.0,880.0,720.0,990.0
2000,LBY,Libya,0.0,0.0,0.0,0.0,0.0,0.0,1100.0,920.0,1200.0
2001,LBY,Libya,0.0,0.0,0.0,0.0,0.0,530.0,1300.0,1100.0,1500.0
2002,LBY,Libya,0.0,0.0,0.0,580.0,500.0,640.0,1600.0,1300.0,1800.0
2003,LBY,Libya,0.0,0.0,0.0,680.0,600.0,760.0,1800.0,1600.0,2000.0
2004,LBY,Libya,0.0,0.0,0.0,790.0,700.0,880.0,2100.0,1800.0,2300.0
2005,LBY,Libya,0.0,0.0,0.0,920.0,820.0,1000.0,2400.0,2100.0,2600.0
2006,LBY,Libya,0.0,0.0,0.0,1000.0,940.0,1100.0,2700.0,2400.0,2900.0
2007,LBY,Libya,0.0,0.0,0.0,1200.0,1100.0,1200.0,3000.0,2800.0,3200.0
2008,LBY,Libya,0.0,0.0,0.0,1300.0,1200.0,1400.0,3400.0,3100.0,3600.0
2009,LBY,Libya,0.0,0.0,0.0,1400.0,1300.0,1500.0,3700.0,3500.0,3900.0
2010,LBY,Libya,0.0,0.0,0.0,1600.0,1500.0,1600.0,4000.0,3800.0,4300.0
2011,LBY,Libya,0.0,0.0,0.0,1500.0,1400.0,1600.0,3900.0,3600.0,4100.0
2012,LBY,Libya,0.0,0.0,0.0,1600.0,1500.0,1700.0,4200.0,3900.0,4400.0
2013,LBY,Libya,0.0,0.0,0.0,1700.0,1600.0,1800.0,4500.0,4200.0,4700.0
2014,LBY,Libya,0.0,0.0,0.0,1800.0,1700.0,2000.0,4700.0,4500.0,5000.0
2015,LBY,Libya,0.0,0.0,0.0,2000.0,1800.0,2100.0,5000.0,4700.0,5300.0
2016,LBY,Libya,0.0,0.0,0.0,2100.0,1900.0,2200.0,5300.0,5000.0,5600.0
2017,LBY,Libya,0.0,0.0,0.0,2200.0,2100.0,2300.0,5600.0,5200.0,5900.0
2018,LBY,Libya,0.0,0.0,0.0,2300.0,2100.0,2500.0,5800.0,5400.0,6200.0
2019,LBY,Libya,0.0,0.0,0.0,2400.0,2200.0,2600.0,6100.0,5700.0,6500.0
2020,LBY,Libya,0.0,0.0,0.0,2500.0,2300.0,2700.0,6300.0,5800.0,6800.0
2021,LBY,Libya,0.0,0.0,0.0,2600.0,2400.0,2900.0,6600.0,6000.0,7100.0
2022,LBY,Libya,0.0,0.0,0.0,2700.0,2500.0,3000.0,6800.0,6300.0,7400.0
2023,LBY,Libya,0.0,0.0,0.0,2800.0,2500.0,3100.0,7000.0,6400.0,7700.0
2024,LBY,Libya,0.0,0.0,0.0,2900.0,2600.0,3300.0,7300.0,6600.0,8000.0
1990,LSO,Lesotho,1000.0,730.0,1400.0,11000.0,8300.0,14000.0,18000.0,13000.0,23000.0
1991,LSO,Lesotho,1700.0,1300.0,2200.0,18000.0,14000.0,22000.0,29000.0,23000.0,36000.0
1992,LSO,Lesotho,2600.0,2100.0,3200.0,28000.0,24000.0,34000.0,45000.0,37000.0,54000.0
1993,LSO,Lesotho,3900.0,3200.0,4600.0,42000.0,35000.0,49000.0,67000.0,56000.0,78000.0
1994,LSO,Lesotho,5500.0,4600.0,6400.0,57000.0,50000.0,68000.0,93000.0,80000.0,110000.0
1995,LSO,Lesotho,7300.0,6300.0,8500.0,74000.0,65000.0,87000.0,120000.0,100000.0,140000.0
1996,LSO,Lesotho,9300.0,8000.0,11000.0,89000.0,79000.0,100000.0,140000.0,130000.0,170000.0
1997,LSO,Lesotho,11000.0,9900.0,13000.0,100000.0,92000.0,120000.0,170000.0,150000.0,190000.0
1998,LSO,Lesotho,13000.0,12000.0,15000.0,110000.0,100000.0,130000.0,180000.0,160000.0,210000.0
1999,LSO,Lesotho,15000.0,13000.0,17000.0,120000.0,110000.0,130000.0,200000.0,180000.0,220000.0
2000,LSO,Lesotho,17000.0,15000.0,19000.0,130000.0,120000.0,140000.0,210000.0,190000.0,230000.0
2001,LSO,Lesotho,19000.0,17000.0,21000.0,130000.0,120000.0,150000.0,220000.0,200000.0,240000.0
2002,LSO,Lesotho,20000.0,18000.0,22000.0,140000.0,120000.0,150000.0,220000.0,200000.0,250000.0
2003,LSO,Lesotho,22000.0,19000.0,24000.0,140000.0,130000.0,150000.0,230000.0,210000.0,250000.0
2004,LSO,Lesotho,23000.0,21000.0,25000.0,140000.0,130000.0,150000.0,230000.0,210000.0,260000.0
2005,LSO,Lesotho,24000.0,22000.0,27000.0,140000.0,130000.0,160000.0,230000.0,210000.0,260000.0
2006,LSO,Lesotho,25000.0,22000.0,27000.0,140000.0,130000.0,160000.0,240000.0,220000.0,260000.0
2007,LSO,Lesotho,25000.0,22000.0,27000.0,150000.0,140000.0,160000.0,240000.0,220000.0,270000.0
2008,LSO,Lesotho,25000.0,22000.0,28000.0,150000.0,140000.0,170000.0,250000.0,230000.0,280000.0
2009,LSO,Lesotho,25000.0,21000.0,27000.0,150000.0,140000.0,170000.0,260000.0,240000.0,290000.0
2010,LSO,Lesotho,24000.0,21000.0,26000.0,160000.0,150000.0,180000.0,260000.0,240000.0,300000.0
2011,LSO,Lesotho,22000.0,19000.0,25000.0,160000.0,150000.0,180000.0,270000.0,250000.0,300000.0
2012,LSO,Lesotho,21000.0,18000.0,24000.0,170000.0,150000.0,180000.0,280000.0,250000.0,310000.0
2013,LSO,Lesotho,20000.0,17000.0,22000.0,170000.0,160000.0,190000.0,280000.0,260000.0,310000.0
2014,LSO,Lesotho,19000.0,16000.0,21000.0,170000.0,160000.0,190000.0,280000.0,260000.0,320000.0
2015,LSO,Lesotho,17000.0,15000.0,19000.0,170000.0,160000.0,190000.0,280000.0,260000.0,320000.0
2016,LSO,Lesotho,16000.0,13000.0,18000.0,170000.0,160000.0,190000.0,280000.0,260000.0,320000.0
2017,LSO,Lesotho,15000.0,12000.0,17000.0,170000.0,160000.0,190000.0,280000.0,260000.0,310000.0
2018,LSO,Lesotho,14000.0,11000.0,16000.0,170000.0,160000.0,190000.0,280000.0,260000.0,310000.0
2019,LSO,Lesotho,12000.0,9800.0,14000.0,170000.0,150000.0,190000.0,270000.0,250000.0,310000.0
2020,LSO,Lesotho,11000.0,8500.0,12000.0,170000.0,150000.0,190000.0,270000.0,250000.0,310000.0
2021,LSO,Lesotho,9500.0,7400.0,11000.0,160000.0,150000.0,190000.0,270000.0,250000.0,300000.0
2022,LSO,Lesotho,8400.0,6500.0,10000.0,160000.0,150000.0,180000.0,260000.0,240000.0,300000.0
2023,LSO,Lesotho,7200.0,5400.0,8600.0,160000.0,150000.0,180000.0,260000.0,240000.0,290000.0
2024,LSO,Lesotho,6100.0,4600.0,7300.0,160000.0,150000.0,180000.0,260000.0,240000.0,290000.0
1990,MAR,Morocco,0.0,0.0,0.0,1000.0,640.0,1800.0,2100.0,1400.0,3800.0
1991,MAR,Morocco,0.0,0.0,0.0,1200.0,800.0,2100.0,2700.0,1800.0,4400.0
1992,MAR,Morocco,0.0,0.0,0.0,1500.0,1000.0,2300.0,3300.0,2200.0,5100.0
1993,MAR,Morocco,0.0,0.0,0.0,1800.0,1200.0,2600.0,4000.0,2800.0,5900.0
1994,MAR,Morocco,0.0,0.0,0.0,2100.0,1500.0,3000.0,4700.0,3300.0,6600.0
1995,MAR,Morocco,0.0,0.0,0.0,2500.0,1800.0,3300.0,5500.0,4000.0,7400.0
1996,MAR,Morocco,0.0,0.0,540.0,2900.0,2200.0,3800.0,6400.0,4700.0,8200.0
1997,MAR,Morocco,0.0,0.0,600.0,3300.0,2500.0,4100.0,7200.0,5500.0,9000.0
1998,MAR,Morocco,0.0,0.0,660.0,3700.0,2900.0,4600.0,8100.0,6400.0,9900.0
1999,MAR,Morocco,540.0,0.0,700.0,4100.0,3400.0,5100.0,9000.0,7200.0,11000.0
2000,MAR,Morocco,590.0,0.0,760.0,4600.0,3800.0,5600.0,9900.0,8200.0,12000.0
2001,MAR,Morocco,650.0,500.0,820.0,5000.0,4200.0,6000.0,11000.0,9000.0,13000.0
2002,MAR,Morocco,700.0,560.0,870.0,5400.0,4600.0,6400.0,12000.0,9800.0,13000.0
2003,MAR,Morocco,750.0,600.0,910.0,5700.0,4900.0,6700.0,12000.0,11000.0,14000.0
2004,MAR,Morocco,790.0,650.0,950.0,6100.0,5300.0,7100.0,13000.0,12000.0,15000.0
2005,MAR,Morocco,840.0,700.0,990.0,6400.0,5700.0,7400.0,14000.0,12000.0,16000.0
2006,MAR,Morocco,880.0,750.0,1000.0,6700.0,6000.0,7700.0,15000.0,13000.0,16000.0
2007,MAR,Morocco,920.0,790.0,1100.0,6900.0,6200.0,7900.0,15000.0,14000.0,17000.0
2008,MAR,Morocco,950.0,830.0,1100.0,7100.0,6500.0,8100.0,16000.0,14000.0,18000.0
2009,MAR,Morocco,980.0,860.0,1100.0,7300.0,6600.0,8300.0,16000.0,15000.0,18000.0
2010,MAR,Morocco,1000.0,890.0,1100.0,7500.0,6800.0,8400.0,17000.0,15000.0,19000.0
2011,MAR,Morocco,1000.0,920.0,1200.0,7700.0,6900.0,8500.0,17000.0,16000.0,19000.0
2012,MAR,Morocco,1000.0,930.0,1200.0,7800.0,7000.0,8700.0,18000.0,16000.0,20000.0
2013,MAR,Morocco,1000.0,950.0,1200.0,7900.0,7200.0,8800.0,18000.0,17000.0,20000.0
2014,MAR,Morocco,1000.0,950.0,1200.0,8100.0,7300.0,8900.0,19000.0,17000.0,21000.0
2015,MAR,Morocco,1100.0,970.0,1200.0,8200.0,7400.0,9000.0,19000.0,17000.0,21000.0
2016,MAR,Morocco,1100.0,970.0,1200.0,8300.0,7500.0,9100.0,19000.0,18000.0,21000.0
2017,MAR,Morocco,1100.0,970.0,1200.0,8300.0,7600.0,9200.0,20000.0,18000.0,22000.0
2018,MAR,Morocco,1100.0,970.0,1200.0,8400.0,7700.0,9200.0,20000.0,18000.0,22000.0
2019,MAR,Morocco,1000.0,940.0,1100.0,8500.0,7700.0,9300.0,20000.0,19000.0,23000.0
2020,MAR,Morocco,1000.0,930.0,1100.0,8600.0,7800.0,9400.0,21000.0,19000.0,23000.0
2021,MAR,Morocco,1000.0,920.0,1100.0,8600.0,7900.0,9500.0,21000.0,19000.0,24000.0
2022,MAR,Morocco,990.0,900.0,1100.0,8700.0,7900.0,9600.0,22000.0,20000.0,24000.0
2023,MAR,Morocco,950.0,860.0,1100.0,8700.0,7900.0,9700.0,22000.0,20000.0,25000.0
2024,MAR,Morocco,900.0,810.0,1000.0,8800.0,8000.0,9800.0,23000.0,21000.0,25000.0
1990,MDG,Madagascar,0.0,0.0,0.0,0.0,0.0,0.0,0.0,0.0,940.0
1991,MDG,Madagascar,0.0,0.0,0.0,0.0,0.0,0.0,580.0,0.0,1200.0
1992,MDG,Madagascar,0.0,0.0,0.0,0.0,0.0,0.0,730.0,0.0,1500.0
1993,MDG,Madagascar,0.0,0.0,0.0,0.0,0.0,570.0,920.0,0.0,1900.0
1994,MDG,Madagascar,0.0,0.0,0.0,0.0,0.0,750.0,1100.0,0.0,2300.0
1995,MDG,Madagascar,0.0,0.0,0.0,0.0,0.0,970.0,1400.0,0.0,2900.0
1996,MDG,Madagascar,0.0,0.0,0.0,630.0,0.0,1200.0,1700.0,610.0,3500.0
1997,MDG,Madagascar,0.0,0.0,0.0,790.0,0.0,1600.0,2100.0,870.0,4200.0
1998,MDG,Madagascar,0.0,0.0,0.0,1000.0,0.0,2000.0,2600.0,1200.0,5000.0
1999,MDG,Madagascar,0.0,0.0,0.0,1300.0,650.0,2500.0,3200.0,1600.0,6300.0
2000,MDG,Madagascar,0.0,0.0,530.0,1600.0,870.0,3100.0,3900.0,2100.0,7600.0
2001,MDG,Madagascar,0.0,0.0,650.0,2000.0,1100.0,3800.0,4900.0,2700.0,8900.0
2002,MDG,Madagascar,0.0,0.0,770.0,2600.0,1500.0,4500.0,6100.0,3500.0,11000.0
2003,MDG,Madagascar,530.0,0.0,890.0,3300.0,2000.0,5400.0,7500.0,4500.0,12000.0
2004,MDG,Madagascar,650.0,0.0,1100.0,4000.0,2500.0,6300.0,9200.0,5600.0,15000.0
2005,MDG,Madagascar,790.0,0.0,1200.0,5000.0,3200.0,7300.0,11000.0,7200.0,17000.0
2006,MDG,Madagascar,940.0,610.0,1500.0,6000.0,4100.0,8600.0,13000.0,8900.0,19000.0
2007,MDG,Madagascar,1100.0,740.0,1700.0,7100.0,5000.0,9700.0,16000.0,11000.0,22000.0
2008,MDG,Madagascar,1300.0,910.0,1900.0,8300.0,5900.0,11000.0,18000.0,13000.0,24000.0
2009,MDG,Madagascar,1500.0,1100.0,2100.0,9500.0,6900.0,12000.0,21000.0,15000.0,27000.0
2010,MDG,Madagascar,1700.0,1200.0,2300.0,11000.0,8100.0,14000.0,23000.0,18000.0,30000.0
2011,MDG,Madagascar,1900.0,1400.0,2500.0,12000.0,9100.0,15000.0,26000.0,20000.0,32000.0
2012,MDG,Madagascar,2100.0,1500.0,2700.0,13000.0,10000.0,16000.0,28000.0,22000.0,35000.0
2013,MDG,Madagascar,2200.0,1700.0,2900.0,14000.0,11000.0,17000.0,30000.0,25000.0,38000.0
2014,MDG,Madagascar,2400.0,1900.0,3000.0,15000.0,12000.0,19000.0,33000.0,26000.0,41000.0
2015,MDG,Madagascar,2600.0,2100.0,3200.0,16000.0,13000.0,20000.0,35000.0,29000.0,44000.0
2016,MDG,Madagascar,2800.0,2300.0,3400.0,18000.0,14000.0,22000.0,38000.0,31000.0,49000.0
2017,MDG,Madagascar,3000.0,2400.0,3600.0,19000.0,16000.0,25000.0,41000.0,33000.0,53000.0
2018,MDG,Madagascar,3200.0,2500.0,3800.0,21000.0,17000.0,27000.0,45000.0,36000.0,58000.0
2019,MDG,Madagascar,3400.0,2700.0,4200.0,23000.0,18000.0,29000.0,49000.0,39000.0,63000.0
2020,MDG,Madagascar,3600.0,2800.0,4500.0,25000.0,20000.0,33000.0,53000.0,42000.0,69000.0
2021,MDG,Madagascar,3800.0,3100.0,4900.0,27000.0,22000.0,36000.0,58000.0,45000.0,76000.0
2022,MDG,Madagascar,4000.0,3200.0,5300.0,30000.0,23000.0,39000.0,63000.0,48000.0,82000.0
2023,MDG,Madagascar,4400.0,3400.0,5800.0,35000.0,27000.0,45000.0,73000.0,56000.0,96000.0
2024,MDG,Madagascar,4800.0,3700.0,6300.0,40000.0,31000.0,53000.0,85000.0,65000.0,110000.0
1990,MLI,Mali,3300.0,1400.0,6300.0,24000.0,11000.0,44000.0,43000.0,20000.0,79000.0
1991,MLI,Mali,4100.0,2000.0,7300.0,29000.0,15000.0,49000.0,52000.0,27000.0,91000.0
1992,MLI,Mali,4900.0,2700.0,8400.0,34000.0,20000.0,53000.0,61000.0,35000.0,97000.0
1993,MLI,Mali,5800.0,3500.0,9400.0,39000.0,24000.0,56000.0,69000.0,44000.0,100000.0
1994,MLI,Mali,6700.0,4400.0,10000.0,43000.0,29000.0,62000.0,76000.0,52000.0,110000.0
1995,MLI,Mali,7600.0,5200.0,11000.0,47000.0,34000.0,64000.0,82000.0,59000.0,110000.0
1996,MLI,Mali,8400.0,5800.0,12000.0,50000.0,37000.0,65000.0,87000.0,65000.0,110000.0
1997,MLI,Mali,9200.0,6500.0,12000.0,52000.0,41000.0,66000.0,90000.0,70000.0,110000.0
1998,MLI,Mali,9900.0,7200.0,13000.0,54000.0,43000.0,66000.0,92000.0,75000.0,110000.0
1999,MLI,Mali,11000.0,7800.0,14000.0,55000.0,46000.0,67000.0,94000.0,77000.0,110000.0
2000,MLI,Mali,11000.0,8500.0,14000.0,56000.0,47000.0,67000.0,95000.0,79000.0,110000.0
2001,MLI,Mali,12000.0,9200.0,15000.0,56000.0,48000.0,68000.0,96000.0,81000.0,110000.0
2002,MLI,Mali,12000.0,9900.0,15000.0,57000.0,49000.0,67000.0,96000.0,83000.0,110000.0
2003,MLI,Mali,13000.0,10000.0,16000.0,57000.0,49000.0,67000.0,96000.0,83000.0,110000.0
2004,MLI,Mali,13000.0,11000.0,16000.0,57000.0,50000.0,66000.0,96000.0,83000.0,110000.0
2005,MLI,Mali,13000.0,11000.0,16000.0,57000.0,50000.0,67000.0,96000.0,83000.0,110000.0
2006,MLI,Mali,13000.0,11000.0,16000.0,58000.0,51000.0,68000.0,97000.0,84000.0,110000.0
2007,MLI,Mali,13000.0,11000.0,16000.0,58000.0,52000.0,69000.0,98000.0,86000.0,120000.0
2008,MLI,Mali,13000.0,11000.0,16000.0,60000.0,53000.0,71000.0,100000.0,88000.0,120000.0
2009,MLI,Mali,13000.0,11000.0,15000.0,61000.0,54000.0,73000.0,100000.0,90000.0,120000.0
2010,MLI,Mali,13000.0,11000.0,15000.0,61000.0,55000.0,74000.0,100000.0,91000.0,120000.0
2011,MLI,Mali,12000.0,10000.0,15000.0,62000.0,55000.0,75000.0,100000.0,92000.0,130000.0
2012,MLI,Mali,12000.0,9800.0,14000.0,62000.0,56000.0,75000.0,100000.0,92000.0,130000.0
2013,MLI,Mali,12000.0,9700.0,14000.0,63000.0,56000.0,77000.0,100000.0,92000.0,130000.0
2014,MLI,Mali,11000.0,9500.0,14000.0,64000.0,56000.0,78000.0,100000.0,92000.0,130000.0
2015,MLI,Mali,11000.0,9300.0,14000.0,64000.0,57000.0,79000.0,100000.0,92000.0,130000.0
2016,MLI,Mali,11000.0,9100.0,14000.0,64000.0,57000.0,79000.0,100000.0,91000.0,130000.0
2017,MLI,Mali,11000.0,8900.0,14000.0,65000.0,57000.0,79000.0,100000.0,91000.0,130000.0
2018,MLI,Mali,11000.0,8600.0,14000.0,65000.0,57000.0,79000.0,100000.0,91000.0,130000.0
2019,MLI,Mali,10000.0,8500.0,14000.0,65000.0,57000.0,79000.0,100000.0,91000.0,130000.0
2020,MLI,Mali,10000.0,8400.0,13000.0,65000.0,57000.0,79000.0,100000.0,90000.0,130000.0
2021,MLI,Mali,9900.0,8000.0,13000.0,65000.0,56000.0,79000.0,100000.0,90000.0,130000.0
2022,MLI,Mali,9700.0,7800.0,13000.0,65000.0,56000.0,79000.0,100000.0,89000.0,130000.0
2023,MLI,Mali,9400.0,7500.0,13000.0,65000.0,56000.0,79000.0,100000.0,89000.0,130000.0
2024,MLI,Mali,9200.0,7300.0,12000.0,65000.0,56000.0,79000.0,100000.0,88000.0,130000.0
1990,MOZ,Mozambique,9700.0,7000.0,13000.0,67000.0,49000.0,89000.0,120000.0,84000.0,150000.0
1991,MOZ,Mozambique,13000.0,9600.0,17000.0,89000.0,68000.0,110000.0,150000.0,110000.0,190000.0
1992,MOZ,Mozambique,17000.0,13000.0,22000.0,110000.0,90000.0,140000.0,190000.0,150000.0,240000.0
1993,MOZ,Mozambique,22000.0,17000.0,28000.0,150000.0,120000.0,180000.0,250000.0,200000.0,310000.0
1994,MOZ,Mozambique,30000.0,24000.0,37000.0,190000.0,160000.0,240000.0,330000.0,270000.0,400000.0
1995,MOZ,Mozambique,38000.0,31000.0,46000.0,240000.0,200000.0,280000.0,400000.0,340000.0,480000.0
1996,MOZ,Mozambique,47000.0,39000.0,55000.0,290000.0,250000.0,340000.0,480000.0,410000.0,570000.0
1997,MOZ,Mozambique,56000.0,47000.0,65000.0,340000.0,300000.0,390000.0,560000.0,490000.0,650000.0
1998,MOZ,Mozambique,67000.0,57000.0,76000.0,390000.0,350000.0,440000.0,640000.0,570000.0,740000.0
1999,MOZ,Mozambique,78000.0,67000.0,89000.0,440000.0,400000.0,500000.0,720000.0,650000.0,820000.0
2000,MOZ,Mozambique,91000.0,78000.0,100000.0,490000.0,440000.0,550000.0,800000.0,730000.0,910000.0
2001,MOZ,Mozambique,100000.0,89000.0,110000.0,540000.0,490000.0,600000.0,880000.0,800000.0,990000.0
2002,MOZ,Mozambique,120000.0,100000.0,130000.0,580000.0,530000.0,640000.0,950000.0,860000.0,1100000.0
2003,MOZ,Mozambique,130000.0,110000.0,140000.0,620000.0,570000.0,690000.0,1000000.0,920000.0,1100000.0
2004,MOZ,Mozambique,140000.0,120000.0,150000.0,650000.0,600000.0,720000.0,1100000.0,970000.0,1200000.0
2005,MOZ,Mozambique,150000.0,130000.0,160000.0,680000.0,630000.0,760000.0,1100000.0,1000000.0,1200000.0
2006,MOZ,Mozambique,160000.0,140000.0,170000.0,710000.0,660000.0,790000.0,1200000.0,1100000.0,1300000.0
2007,MOZ,Mozambique,160000.0,140000.0,180000.0,750000.0,690000.0,820000.0,1200000.0,1100000.0,1300000.0
2008,MOZ,Mozambique,170000.0,150000.0,190000.0,790000.0,730000.0,860000.0,1300000.0,1200000.0,1400000.0
2009,MOZ,Mozambique,180000.0,150000.0,190000.0,820000.0,770000.0,900000.0,1300000.0,1300000.0,1500000.0
2010,MOZ,Mozambique,190000.0,160000.0,210000.0,870000.0,810000.0,930000.0,1400000.0,1300000.0,1500000.0
2011,MOZ,Mozambique,190000.0,170000.0,210000.0,910000.0,860000.0,990000.0,1500000.0,1400000.0,1600000.0
2012,MOZ,Mozambique,190000.0,170000.0,210000.0,960000.0,900000.0,1000000.0,1500000.0,1500000.0,1700000.0
2013,MOZ,Mozambique,190000.0,170000.0,210000.0,1000000.0,950000.0,1100000.0,1600000.0,1500000.0,1800000.0
2014,MOZ,Mozambique,190000.0,170000.0,210000.0,1100000.0,1000000.0,1100000.0,1700000.0,1600000.0,1800000.0
2015,MOZ,Mozambique,190000.0,170000.0,210000.0,1100000.0,1100000.0,1200000.0,1800000.0,1700000.0,1900000.0
2016,MOZ,Mozambique,200000.0,170000.0,210000.0,1200000.0,1100000.0,1300000.0,1900000.0,1700000.0,2000000.0
2017,MOZ,Mozambique,190000.0,170000.0,210000.0,1200000.0,1100000.0,1300000.0,1900000.0,1800000.0,2100000.0
2018,MOZ,Mozambique,190000.0,170000.0,210000.0,1300000.0,1200000.0,1400000.0,2000000.0,1900000.0,2200000.0
2019,MOZ,Mozambique,190000.0,170000.0,210000.0,1300000.0,1200000.0,1400000.0,2100000.0,1900000.0,2200000.0
2020,MOZ,Mozambique,190000.0,160000.0,210000.0,1400000.0,1300000.0,1500000.0,2100000.0,2000000.0,2300000.0
2021,MOZ,Mozambique,190000.0,160000.0,210000.0,1400000.0,1300000.0,1500000.0,2200000.0,2000000.0,2400000.0
2022,MOZ,Mozambique,190000.0,160000.0,210000.0,1400000.0,1300000.0,1600000.0,2200000.0,2100000.0,2400000.0
2023,MOZ,Mozambique,180000.0,150000.0,200000.0,1500000.0,1400000.0,1600000.0,2300000.0,2100000.0,2500000.0
2024,MOZ,Mozambique,180000.0,150000.0,200000.0,1500000.0,1400000.0,1700000.0,2300000.0,2100000.0,2500000.0
1990,MRT,Mauritania,0.0,0.0,0.0,900.0,560.0,2000.0,1800.0,1100.0,3900.0
1991,MRT,Mauritania,0.0,0.0,0.0,1200.0,760.0,2300.0,2200.0,1400.0,4500.0
1992,MRT,Mauritania,0.0,0.0,0.0,1500.0,1000.0,2700.0,2900.0,1900.0,5200.0
1993,MRT,Mauritania,0.0,0.0,570.0,1900.0,1300.0,3100.0,3500.0,2500.0,5800.0
1994,MRT,Mauritania,0.0,0.0,680.0,2300.0,1700.0,3500.0,4200.0,3100.0,6500.0
1995,MRT,Mauritania,0.0,0.0,760.0,2600.0,2000.0,3700.0,4900.0,3800.0,7200.0
1996,MRT,Mauritania,570.0,0.0,870.0,3000.0,2300.0,4100.0,5700.0,4500.0,7900.0
1997,MRT,Mauritania,650.0,0.0,960.0,3400.0,2600.0,4500.0,6500.0,5200.0,8500.0
1998,MRT,Mauritania,740.0,570.0,1100.0,3700.0,2900.0,4800.0,7300.0,5900.0,9200.0
1999,MRT,Mauritania,830.0,640.0,1200.0,4100.0,3200.0,5000.0,8100.0,6600.0,10000.0
2000,MRT,Mauritania,910.0,710.0,1200.0,4300.0,3500.0,5300.0,8800.0,7200.0,11000.0
2001,MRT,Mauritania,990.0,780.0,1300.0,4500.0,3700.0,5400.0,9200.0,7700.0,11000.0
2002,MRT,Mauritania,1100.0,840.0,1400.0,4600.0,3800.0,5400.0,9600.0,8000.0,11000.0
2003,MRT,Mauritania,1100.0,900.0,1400.0,4600.0,3900.0,5500.0,9700.0,8200.0,11000.0
2004,MRT,Mauritania,1200.0,950.0,1400.0,4600.0,3900.0,5300.0,9700.0,8400.0,11000.0
2005,MRT,Mauritania,1200.0,980.0,1400.0,4500.0,3900.0,5200.0,9600.0,8400.0,11000.0
2006,MRT,Mauritania,1200.0,1000.0,1500.0,4400.0,3800.0,5100.0,9500.0,8300.0,11000.0
2007,MRT,Mauritania,1200.0,1000.0,1400.0,4300.0,3700.0,5000.0,9300.0,8100.0,11000.0
2008,MRT,Mauritania,1200.0,1000.0,1400.0,4300.0,3700.0,4900.0,9100.0,8000.0,11000.0
2009,MRT,Mauritania,1200.0,1000.0,1400.0,4200.0,3600.0,4800.0,8800.0,7700.0,10000.0
2010,MRT,Mauritania,1200.0,990.0,1300.0,4100.0,3500.0,4700.0,8500.0,7300.0,9900.0
2011,MRT,Mauritania,1100.0,980.0,1300.0,3900.0,3400.0,4600.0,8100.0,6900.0,9500.0
2012,MRT,Mauritania,1100.0,950.0,1300.0,3800.0,3300.0,4400.0,7700.0,6600.0,9100.0
2013,MRT,Mauritania,1100.0,900.0,1200.0,3600.0,3200.0,4300.0,7300.0,6300.0,8700.0
2014,MRT,Mauritania,970.0,810.0,1100.0,3500.0,3100.0,4200.0,7000.0,6000.0,8300.0
2015,MRT,Mauritania,890.0,740.0,1000.0,3400.0,3000.0,4100.0,6600.0,5700.0,8000.0
2016,MRT,Mauritania,850.0,710.0,1000.0,3300.0,2900.0,4000.0,6400.0,5500.0,7600.0
2017,MRT,Mauritania,810.0,680.0,960.0,3200.0,2800.0,3900.0,6100.0,5300.0,7400.0
2018,MRT,Mauritania,770.0,630.0,920.0,3200.0,2700.0,3900.0,5900.0,5100.0,7100.0
2019,MRT,Mauritania,720.0,590.0,870.0,3100.0,2700.0,3800.0,5700.0,5000.0,6900.0
2020,MRT,Mauritania,680.0,560.0,840.0,3100.0,2600.0,3800.0,5600.0,4800.0,6700.0
2021,MRT,Mauritania,650.0,530.0,820.0,3100.0,2600.0,3700.0,5500.0,4800.0,6500.0
2022,MRT,Mauritania,620.0,0.0,780.0,3100.0,2600.0,3700.0,5400.0,4700.0,6500.0
2023,MRT,Mauritania,580.0,0.0,750.0,3100.0,2600.0,3700.0,5400.0,4700.0,6500.0
2024,MRT,Mauritania,550.0,0.0,720.0,3100.0,2600.0,3700.0,5400.0,4700.0,6400.0
1990,MWI,Malawi,38000.0,36000.0,42000.0,220000.0,210000.0,230000.0,400000.0,390000.0,430000.0
1991,MWI,Malawi,49000.0,45000.0,53000.0,270000.0,260000.0,280000.0,490000.0,470000.0,530000.0
1992,MWI,Malawi,60000.0,56000.0,65000.0,320000.0,310000.0,340000.0,580000.0,550000.0,620000.0
1993,MWI,Malawi,70000.0,66000.0,75000.0,360000.0,340000.0,380000.0,640000.0,610000.0,690000.0
1994,MWI,Malawi,79000.0,74000.0,84000.0,380000.0,370000.0,400000.0,680000.0,650000.0,720000.0
1995,MWI,Malawi,89000.0,84000.0,96000.0,420000.0,400000.0,440000.0,730000.0,700000.0,780000.0
1996,MWI,Malawi,100000.0,93000.0,110000.0,440000.0,420000.0,470000.0,770000.0,740000.0,830000.0
1997,MWI,Malawi,110000.0,100000.0,120000.0,460000.0,440000.0,490000.0,810000.0,770000.0,860000.0
1998,MWI,Malawi,120000.0,110000.0,130000.0,480000.0,460000.0,510000.0,830000.0,790000.0,890000.0
1999,MWI,Malawi,130000.0,120000.0,140000.0,480000.0,460000.0,510000.0,830000.0,790000.0,890000.0
2000,MWI,Malawi,130000.0,130000.0,140000.0,490000.0,460000.0,510000.0,830000.0,790000.0,890000.0
2001,MWI,Malawi,140000.0,130000.0,150000.0,480000.0,460000.0,510000.0,830000.0,790000.0,880000.0
2002,MWI,Malawi,150000.0,130000.0,160000.0,480000.0,460000.0,500000.0,810000.0,770000.0,870000.0
2003,MWI,Malawi,150000.0,140000.0,160000.0,470000.0,450000.0,500000.0,790000.0,760000.0,850000.0
2004,MWI,Malawi,150000.0,140000.0,160000.0,460000.0,440000.0,490000.0,780000.0,740000.0,830000.0
2005,MWI,Malawi,150000.0,140000.0,160000.0,460000.0,440000.0,480000.0,760000.0,720000.0,820000.0
2006,MWI,Malawi,150000.0,140000.0,160000.0,460000.0,430000.0,480000.0,750000.0,710000.0,800000.0
2007,MWI,Malawi,150000.0,140000.0,160000.0,460000.0,430000.0,480000.0,750000.0,710000.0,800000.0
2008,MWI,Malawi,150000.0,130000.0,160000.0,470000.0,440000.0,500000.0,760000.0,720000.0,810000.0
2009,MWI,Malawi,140000.0,130000.0,150000.0,480000.0,460000.0,510000.0,770000.0,740000.0,820000.0
2010,MWI,Malawi,140000.0,130000.0,150000.0,490000.0,470000.0,520000.0,790000.0,750000.0,840000.0
2011,MWI,Malawi,130000.0,120000.0,140000.0,510000.0,480000.0,540000.0,810000.0,770000.0,860000.0
2012,MWI,Malawi,130000.0,120000.0,140000.0,520000.0,500000.0,560000.0,830000.0,790000.0,890000.0
2013,MWI,Malawi,120000.0,110000.0,130000.0,540000.0,510000.0,570000.0,850000.0,810000.0,910000.0
2014,MWI,Malawi,120000.0,110000.0,130000.0,550000.0,530000.0,590000.0,870000.0,830000.0,930000.0
2015,MWI,Malawi,110000.0,100000.0,120000.0,560000.0,540000.0,610000.0,890000.0,850000.0,950000.0
2016,MWI,Malawi,110000.0,94000.0,120000.0,580000.0,550000.0,620000.0,910000.0,870000.0,970000.0
2017,MWI,Malawi,100000.0,87000.0,110000.0,590000.0,560000.0,630000.0,920000.0,880000.0,990000.0
2018,MWI,Malawi,92000.0,80000.0,100000.0,590000.0,570000.0,640000.0,930000.0,880000.0,1000000.0
2019,MWI,Malawi,85000.0,73000.0,94000.0,600000.0,570000.0,650000.0,940000.0,890000.0,1000000.0
2020,MWI,Malawi,78000.0,67000.0,87000.0,600000.0,570000.0,650000.0,940000.0,890000.0,1000000.0
2021,MWI,Malawi,71000.0,61000.0,80000.0,600000.0,570000.0,660000.0,940000.0,890000.0,1000000.0
2022,MWI,Malawi,65000.0,55000.0,74000.0,610000.0,570000.0,660000.0,940000.0,890000.0,1000000.0
2023,MWI,Malawi,59000.0,49000.0,67000.0,610000.0,570000.0,660000.0,940000.0,890000.0,1000000.0
2024,MWI,Malawi,53000.0,44000.0,61000.0,610000.0,570000.0,660000.0,940000.0,890000.0,1000000.0
1990,NAM,Namibia,1200.0,970.0,1400.0,9500.0,8100.0,11000.0,16000.0,14000.0,19000.0
1991,NAM,Namibia,1700.0,1500.0,2000.0,14000.0,12000.0,16000.0,23000.0,20000.0,26000.0
1992,NAM,Namibia,2500.0,2100.0,2900.0,19000.0,17000.0,22000.0,32000.0,28000.0,36000.0
1993,NAM,Namibia,3400.0,2900.0,3800.0,27000.0,24000.0,30000.0,44000.0,39000.0,49000.0
1994,NAM,Namibia,4500.0,3900.0,5000.0,35000.0,32000.0,39000.0,57000.0,51000.0,64000.0
1995,NAM,Namibia,5700.0,5000.0,6400.0,44000.0,40000.0,49000.0,73000.0,66000.0,81000.0
1996,NAM,Namibia,7000.0,6200.0,7700.0,54000.0,49000.0,60000.0,88000.0,80000.0,97000.0
1997,NAM,Namibia,8400.0,7500.0,9300.0,63000.0,58000.0,69000.0,100000.0,94000.0,110000.0
1998,NAM,Namibia,9900.0,8900.0,11000.0,71000.0,66000.0,78000.0,120000.0,110000.0,130000.0
1999,NAM,Namibia,11000.0,10000.0,13000.0,78000.0,72000.0,85000.0,130000.0,120000.0,140000.0
2000,NAM,Namibia,13000.0,12000.0,14000.0,83000.0,78000.0,91000.0,140000.0,130000.0,150000.0
2001,NAM,Namibia,14000.0,13000.0,16000.0,88000.0,81000.0,95000.0,140000.0,130000.0,150000.0
2002,NAM,Namibia,15000.0,14000.0,17000.0,90000.0,84000.0,98000.0,150000.0,140000.0,160000.0
2003,NAM,Namibia,16000.0,15000.0,18000.0,92000.0,86000.0,100000.0,150000.0,140000.0,160000.0
2004,NAM,Namibia,17000.0,15000.0,19000.0,94000.0,88000.0,100000.0,150000.0,140000.0,160000.0
2005,NAM,Namibia,17000.0,16000.0,19000.0,95000.0,89000.0,100000.0,150000.0,140000.0,170000.0
2006,NAM,Namibia,17000.0,16000.0,19000.0,97000.0,91000.0,100000.0,160000.0,150000.0,170000.0
2007,NAM,Namibia,17000.0,16000.0,19000.0,99000.0,93000.0,110000.0,160000.0,150000.0,170000.0
2008,NAM,Namibia,17000.0,15000.0,19000.0,100000.0,95000.0,110000.0,160000.0,150000.0,180000.0
2009,NAM,Namibia,17000.0,15000.0,19000.0,110000.0,98000.0,110000.0,170000.0,160000.0,180000.0
2010,NAM,Namibia,17000.0,15000.0,19000.0,110000.0,100000.0,120000.0,170000.0,160000.0,190000.0
2011,NAM,Namibia,17000.0,15000.0,19000.0,110000.0,100000.0,120000.0,180000.0,170000.0,200000.0
2012,NAM,Namibia,17000.0,15000.0,19000.0,110000.0,110000.0,130000.0,180000.0,170000.0,200000.0
2013,NAM,Namibia,17000.0,15000.0,19000.0,120000.0,110000.0,130000.0,190000.0,170000.0,210000.0
2014,NAM,Namibia,17000.0,14000.0,19000.0,120000.0,110000.0,130000.0,190000.0,180000.0,210000.0
2015,NAM,Namibia,16000.0,14000.0,18000.0,120000.0,110000.0,140000.0,200000.0,180000.0,220000.0
2016,NAM,Namibia,15000.0,13000.0,17000.0,130000.0,120000.0,140000.0,200000.0,180000.0,220000.0
2017,NAM,Namibia,14000.0,12000.0,16000.0,130000.0,120000.0,140000.0,200000.0,190000.0,230000.0
2018,NAM,Namibia,13000.0,11000.0,15000.0,130000.0,120000.0,150000.0,210000.0,190000.0,230000.0
2019,NAM,Namibia,12000.0,10000.0,14000.0,130000.0,120000.0,150000.0,210000.0,190000.0,230000.0
2020,NAM,Namibia,11000.0,9400.0,13000.0,130000.0,120000.0,150000.0,210000.0,190000.0,230000.0
2021,NAM,Namibia,11000.0,8800.0,12000.0,130000.0,120000.0,150000.0,210000.0,190000.0,240000.0
2022,NAM,Namibia,9700.0,8000.0,11000.0,140000.0,120000.0,150000.0,210000.0,190000.0,240000.0
2023,NAM,Namibia,8800.0,7300.0,10000.0,140000.0,130000.0,150000.0,210000.0,190000.0,240000.0
2024,NAM,Namibia,7700.0,6300.0,9200.0,140000.0,130000.0,160000.0,210000.0,200000.0,240000.0
1990,NER,Niger,850.0,540.0,1200.0,3900.0,2600.0,5300.0,9600.0,6600.0,13000.0
1991,NER,Niger,1200.0,810.0,1600.0,5400.0,3700.0,7100.0,13000.0,9800.0,18000.0
1992,NER,Niger,1600.0,1100.0,2100.0,7100.0,5300.0,9300.0,18000.0,13000.0,22000.0
1993,NER,Niger,2100.0,1500.0,2700.0,9100.0,7100.0,12000.0,22000.0,17000.0,27000.0
1994,NER,Niger,2700.0,2100.0,3400.0,11000.0,9000.0,14000.0,26000.0,21000.0,32000.0
1995,NER,Niger,3300.0,2700.0,4100.0,13000.0,11000.0,16000.0,30000.0,25000.0,36000.0
1996,NER,Niger,4000.0,3300.0,4800.0,15000.0,12000.0,18000.0,34000.0,28000.0,40000.0
1997,NER,Niger,4600.0,3800.0,5600.0,16000.0,14000.0,19000.0,36000.0,31000.0,42000.0
1998,NER,Niger,5200.0,4400.0,6200.0,17000.0,15000.0,20000.0,38000.0,32000.0,44000.0
1999,NER,Niger,5800.0,4900.0,6800.0,18000.0,15000.0,21000.0,39000.0,33000.0,45000.0
2000,NER,Niger,6300.0,5300.0,7500.0,18000.0,16000.0,21000.0,39000.0,34000.0,45000.0
2001,NER,Niger,6700.0,5700.0,7800.0,18000.0,16000.0,21000.0,39000.0,34000.0,45000.0
2002,NER,Niger,7100.0,6100.0,8300.0,18000.0,15000.0,21000.0,39000.0,33000.0,44000.0
2003,NER,Niger,7400.0,6300.0,8600.0,17000.0,15000.0,20000.0,38000.0,33000.0,43000.0
2004,NER,Niger,7600.0,6600.0,8800.0,17000.0,15000.0,19000.0,37000.0,32000.0,41000.0
2005,NER,Niger,7800.0,6700.0,8900.0,16000.0,14000.0,19000.0,36000.0,31000.0,40000.0
2006,NER,Niger,7800.0,6800.0,9000.0,16000.0,14000.0,18000.0,34000.0,30000.0,39000.0
2007,NER,Niger,7800.0,6700.0,8800.0,15000.0,13000.0,17000.0,33000.0,29000.0,38000.0
2008,NER,Niger,7600.0,6600.0,8600.0,15000.0,13000.0,17000.0,32000.0,29000.0,37000.0
2009,NER,Niger,7400.0,6400.0,8300.0,15000.0,13000.0,17000.0,31000.0,28000.0,36000.0
2010,NER,Niger,6700.0,5800.0,7700.0,14000.0,13000.0,16000.0,31000.0,28000.0,35000.0
2011,NER,Niger,6300.0,5400.0,7100.0,14000.0,13000.0,16000.0,30000.0,27000.0,34000.0
2012,NER,Niger,5900.0,5100.0,6700.0,14000.0,13000.0,16000.0,30000.0,27000.0,34000.0
2013,NER,Niger,5500.0,4700.0,6300.0,15000.0,13000.0,17000.0,30000.0,27000.0,34000.0
2014,NER,Niger,5100.0,4400.0,5900.0,15000.0,13000.0,17000.0,29000.0,27000.0,33000.0
2015,NER,Niger,4800.0,4100.0,5600.0,15000.0,13000.0,17000.0,29000.0,26000.0,33000.0
2016,NER,Niger,4400.0,3700.0,5100.0,15000.0,14000.0,17000.0,29000.0,26000.0,32000.0
2017,NER,Niger,4200.0,3600.0,4900.0,15000.0,14000.0,17000.0,29000.0,26000.0,32000.0
2018,NER,Niger,3900.0,3400.0,4700.0,15000.0,14000.0,17000.0,29000.0,26000.0,32000.0
2019,NER,Niger,3800.0,3200.0,4500.0,16000.0,14000.0,17000.0,29000.0,26000.0,32000.0
2020,NER,Niger,3700.0,3100.0,4400.0,16000.0,14000.0,18000.0,29000.0,26000.0,32000.0
2021,NER,Niger,3600.0,3000.0,4300.0,16000.0,14000.0,18000.0,29000.0,26000.0,32000.0
2022,NER,Niger,3400.0,2800.0,4100.0,16000.0,14000.0,18000.0,29000.0,26000.0,32000.0
2023,NER,Niger,3300.0,2700.0,4000.0,16000.0,15000.0,19000.0,29000.0,26000.0,32000.0
2024,NER,Niger,3200.0,2600.0,3900.0,17000.0,15000.0,19000.0,29000.0,26000.0,32000.0
1990,RWA,Rwanda,9800.0,6400.0,16000.0,50000.0,36000.0,83000.0,92000.0,67000.0,150000.0
1991,RWA,Rwanda,12000.0,8600.0,20000.0,63000.0,46000.0,96000.0,110000.0,84000.0,180000.0
1992,RWA,Rwanda,15000.0,11000.0,23000.0,76000.0,57000.0,110000.0,140000.0,100000.0,190000.0
1993,RWA,Rwanda,19000.0,14000.0,27000.0,92000.0,71000.0,120000.0,160000.0,130000.0,220000.0
1994,RWA,Rwanda,15000.0,12000.0,21000.0,64000.0,51000.0,81000.0,110000.0,84000.0,130000.0
1995,RWA,Rwanda,19000.0,15000.0,25000.0,78000.0,64000.0,93000.0,130000.0,110000.0,150000.0
1996,RWA,Rwanda,26000.0,20000.0,33000.0,100000.0,87000.0,120000.0,170000.0,140000.0,190000.0
1997,RWA,Rwanda,29000.0,24000.0,37000.0,120000.0,100000.0,130000.0,190000.0,160000.0,210000.0
1998,RWA,Rwanda,31000.0,25000.0,40000.0,120000.0,110000.0,140000.0,200000.0,170000.0,220000.0
1999,RWA,Rwanda,33000.0,27000.0,41000.0,120000.0,110000.0,140000.0,200000.0,180000.0,220000.0
2000,RWA,Rwanda,34000.0,28000.0,41000.0,130000.0,110000.0,140000.0,200000.0,180000.0,220000.0
2001,RWA,Rwanda,35000.0,30000.0,42000.0,130000.0,120000.0,140000.0,210000.0,190000.0,230000.0
2002,RWA,Rwanda,36000.0,30000.0,42000.0,130000.0,110000.0,140000.0,200000.0,190000.0,220000.0
2003,RWA,Rwanda,37000.0,32000.0,42000.0,120000.0,110000.0,130000.0,200000.0,190000.0,220000.0
2004,RWA,Rwanda,37000.0,32000.0,42000.0,120000.0,110000.0,130000.0,200000.0,180000.0,220000.0
2005,RWA,Rwanda,37000.0,32000.0,41000.0,120000.0,110000.0,130000.0,200000.0,190000.0,220000.0
2006,RWA,Rwanda,36000.0,32000.0,41000.0,120000.0,120000.0,130000.0,200000.0,190000.0,220000.0
2007,RWA,Rwanda,35000.0,32000.0,39000.0,130000.0,120000.0,140000.0,200000.0,190000.0,220000.0
2008,RWA,Rwanda,34000.0,30000.0,37000.0,130000.0,120000.0,140000.0,210000.0,190000.0,230000.0
2009,RWA,Rwanda,32000.0,28000.0,35000.0,130000.0,120000.0,140000.0,210000.0,200000.0,230000.0
2010,RWA,Rwanda,30000.0,27000.0,33000.0,130000.0,120000.0,140000.0,210000.0,200000.0,230000.0
2011,RWA,Rwanda,28000.0,25000.0,31000.0,130000.0,120000.0,150000.0,220000.0,200000.0,240000.0
2012,RWA,Rwanda,26000.0,23000.0,28000.0,140000.0,130000.0,150000.0,220000.0,210000.0,240000.0
2013,RWA,Rwanda,24000.0,21000.0,26000.0,140000.0,130000.0,150000.0,220000.0,210000.0,250000.0
2014,RWA,Rwanda,22000.0,20000.0,24000.0,140000.0,130000.0,160000.0,230000.0,210000.0,250000.0
2015,RWA,Rwanda,20000.0,18000.0,22000.0,140000.0,130000.0,160000.0,230000.0,210000.0,260000.0
2016,RWA,Rwanda,18000.0,16000.0,20000.0,140000.0,130000.0,160000.0,230000.0,220000.0,260000.0
2017,RWA,Rwanda,16000.0,14000.0,18000.0,150000.0,140000.0,160000.0,230000.0,220000.0,260000.0
2018,RWA,Rwanda,14000.0,13000.0,17000.0,150000.0,140000.0,170000.0,230000.0,220000.0,270000.0
2019,RWA,Rwanda,13000.0,11000.0,15000.0,150000.0,140000.0,170000.0,230000.0,220000.0,270000.0
2020,RWA,Rwanda,11000.0,9500.0,13000.0,150000.0,140000.0,170000.0,230000.0,220000.0,270000.0
2021,RWA,Rwanda,9500.0,8200.0,12000.0,150000.0,140000.0,170000.0,230000.0,220000.0,270000.0
2022,RWA,Rwanda,8300.0,7200.0,10000.0,150000.0,140000.0,170000.0,230000.0,220000.0,270000.0
2023,RWA,Rwanda,7500.0,6300.0,9400.0,150000.0,140000.0,170000.0,230000.0,210000.0,270000.0
2024,RWA,Rwanda,6500.0,5500.0,8500.0,150000.0,140000.0,170000.0,230000.0,210000.0,270000.0
1990,SDN,Sudan,0.0,0.0,970.0,2700.0,1700.0,5200.0,5300.0,3300.0,10000.0
1991,SDN,Sudan,590.0,0.0,1100.0,3200.0,2100.0,6000.0,6300.0,4000.0,11000.0
1992,SDN,Sudan,710.0,0.0,1300.0,3800.0,2500.0,6700.0,7500.0,4800.0,13000.0
1993,SDN,Sudan,820.0,530.0,1500.0,4400.0,2900.0,7500.0,8600.0,5600.0,14000.0
1994,SDN,Sudan,950.0,630.0,1700.0,5000.0,3400.0,8100.0,9700.0,6600.0,16000.0
1995,SDN,Sudan,1100.0,720.0,1900.0,5500.0,3900.0,8600.0,11000.0,7400.0,17000.0
1996,SDN,Sudan,1200.0,810.0,2000.0,6000.0,4300.0,9200.0,12000.0,8300.0,18000.0
1997,SDN,Sudan,1300.0,900.0,2200.0,6600.0,4800.0,9800.0,13000.0,9300.0,19000.0
1998,SDN,Sudan,1500.0,1000.0,2300.0,7100.0,5200.0,10000.0,14000.0,10000.0,20000.0
1999,SDN,Sudan,1600.0,1100.0,2400.0,7700.0,5700.0,11000.0,15000.0,11000.0,21000.0
2000,SDN,Sudan,1700.0,1200.0,2600.0,8200.0,6200.0,11000.0,16000.0,12000.0,22000.0
2001,SDN,Sudan,1900.0,1300.0,2800.0,8700.0,6600.0,12000.0,17000.0,13000.0,23000.0
2002,SDN,Sudan,2000.0,1400.0,2900.0,9100.0,7000.0,12000.0,18000.0,13000.0,24000.0
2003,SDN,Sudan,2100.0,1500.0,3100.0,9500.0,7300.0,12000.0,18000.0,14000.0,24000.0
2004,SDN,Sudan,2200.0,1600.0,3100.0,9800.0,7600.0,13000.0,19000.0,15000.0,25000.0
2005,SDN,Sudan,2300.0,1700.0,3200.0,10000.0,7900.0,13000.0,20000.0,15000.0,26000.0
2006,SDN,Sudan,2400.0,1800.0,3300.0,10000.0,8200.0,14000.0,20000.0,16000.0,26000.0
2007,SDN,Sudan,2400.0,1800.0,3300.0,11000.0,8500.0,14000.0,21000.0,17000.0,27000.0
2008,SDN,Sudan,2500.0,1900.0,3300.0,11000.0,8800.0,14000.0,22000.0,17000.0,28000.0
2009,SDN,Sudan,2600.0,2000.0,3400.0,11000.0,9200.0,15000.0,23000.0,18000.0,29000.0
2010,SDN,Sudan,2700.0,2000.0,3500.0,12000.0,9400.0,15000.0,23000.0,19000.0,30000.0
2011,SDN,Sudan,2700.0,2100.0,3500.0,12000.0,9700.0,16000.0,24000.0,19000.0,31000.0
2012,SDN,Sudan,2800.0,2200.0,3600.0,12000.0,10000.0,16000.0,25000.0,20000.0,32000.0
2013,SDN,Sudan,2900.0,2200.0,3700.0,13000.0,10000.0,16000.0,26000.0,21000.0,33000.0
2014,SDN,Sudan,2900.0,2200.0,3800.0,14000.0,11000.0,17000.0,27000.0,22000.0,36000.0
2015,SDN,Sudan,3000.0,2300.0,3900.0,14000.0,11000.0,18000.0,29000.0,23000.0,37000.0
2016,SDN,Sudan,3100.0,2400.0,4000.0,15000.0,12000.0,19000.0,30000.0,24000.0,39000.0
2017,SDN,Sudan,3200.0,2500.0,4100.0,16000.0,12000.0,21000.0,32000.0,25000.0,42000.0
2018,SDN,Sudan,3300.0,2500.0,4300.0,17000.0,13000.0,22000.0,34000.0,26000.0,45000.0
2019,SDN,Sudan,3400.0,2600.0,4500.0,17000.0,13000.0,23000.0,36000.0,27000.0,48000.0
2020,SDN,Sudan,3500.0,2700.0,4700.0,18000.0,14000.0,25000.0,38000.0,29000.0,52000.0
2021,SDN,Sudan,3700.0,2800.0,4900.0,19000.0,15000.0,27000.0,41000.0,31000.0,57000.0
2022,SDN,Sudan,3800.0,2900.0,5100.0,21000.0,16000.0,29000.0,44000.0,33000.0,62000.0
2023,SDN,Sudan,3900.0,2900.0,5300.0,21000.0,16000.0,31000.0,47000.0,35000.0,67000.0
2024,SDN,Sudan,4000.0,3000.0,5600.0,23000.0,17000.0,33000.0,50000.0,37000.0,73000.0
1990,SEN,Senegal,0.0,0.0,500.0,2300.0,2200.0,2500.0,5400.0,5200.0,6000.0
1991,SEN,Senegal,610.0,570.0,640.0,3000.0,2800.0,3300.0,6900.0,6500.0,7600.0
1992,SEN,Senegal,770.0,730.0,810.0,3900.0,3700.0,4200.0,8700.0,8300.0,9700.0
1993,SEN,Senegal,970.0,910.0,1000.0,4900.0,4700.0,5300.0,11000.0,10000.0,12000.0
1994,SEN,Senegal,1200.0,1100.0,1300.0,6100.0,5800.0,6600.0,13000.0,13000.0,15000.0
1995,SEN,Senegal,1500.0,1400.0,1500.0,7500.0,7100.0,8000.0,16000.0,16000.0,18000.0
1996,SEN,Senegal,1800.0,1700.0,1900.0,9000.0,8600.0,9700.0,20000.0,19000.0,21000.0
1997,SEN,Senegal,2100.0,2000.0,2200.0,11000.0,10000.0,12000.0,23000.0,22000.0,25000.0
1998,SEN,Senegal,2500.0,2400.0,2700.0,13000.0,12000.0,14000.0,27000.0,26000.0,30000.0
1999,SEN,Senegal,3000.0,2800.0,3100.0,15000.0,14000.0,16000.0,31000.0,30000.0,34000.0
2000,SEN,Senegal,3400.0,3200.0,3600.0,16000.0,15000.0,17000.0,34000.0,33000.0,38000.0
2001,SEN,Senegal,3800.0,3600.0,4000.0,18000.0,17000.0,19000.0,37000.0,35000.0,40000.0
2002,SEN,Senegal,4100.0,3900.0,4300.0,18000.0,17000.0,20000.0,39000.0,37000.0,42000.0
2003,SEN,Senegal,4400.0,4200.0,4600.0,19000.0,18000.0,20000.0,39000.0,38000.0,43000.0
2004,SEN,Senegal,4700.0,4500.0,4900.0,19000.0,18000.0,20000.0,39000.0,38000.0,42000.0
2005,SEN,Senegal,4900.0,4600.0,5100.0,18000.0,17000.0,20000.0,38000.0,37000.0,42000.0
2006,SEN,Senegal,5000.0,4700.0,5200.0,18000.0,17000.0,19000.0,38000.0,36000.0,41000.0
2007,SEN,Senegal,5100.0,4800.0,5300.0,18000.0,17000.0,19000.0,37000.0,36000.0,40000.0
2008,SEN,Senegal,5000.0,4800.0,5300.0,18000.0,17000.0,20000.0,37000.0,36000.0,40000.0
2009,SEN,Senegal,5000.0,4700.0,5200.0,18000.0,18000.0,20000.0,37000.0,36000.0,40000.0
2010,SEN,Senegal,4900.0,4700.0,5100.0,19000.0,18000.0,20000.0,37000.0,36000.0,40000.0
2011,SEN,Senegal,4800.0,4600.0,5100.0,19000.0,18000.0,21000.0,37000.0,36000.0,40000.0
2012,SEN,Senegal,4700.0,4500.0,4900.0,19000.0,19000.0,21000.0,37000.0,36000.0,40000.0
2013,SEN,Senegal,4500.0,4300.0,4700.0,20000.0,19000.0,21000.0,37000.0,36000.0,39000.0
2014,SEN,Senegal,4300.0,4000.0,4500.0,20000.0,19000.0,21000.0,36000.0,35000.0,39000.0
2015,SEN,Senegal,4000.0,3700.0,4200.0,20000.0,19000.0,21000.0,36000.0,35000.0,39000.0
2016,SEN,Senegal,3700.0,3500.0,3900.0,20000.0,19000.0,21000.0,36000.0,35000.0,39000.0
2017,SEN,Senegal,3400.0,3200.0,3600.0,20000.0,19000.0,22000.0,37000.0,35000.0,39000.0
2018,SEN,Senegal,3200.0,3000.0,3300.0,21000.0,20000.0,22000.0,37000.0,36000.0,39000.0
2019,SEN,Senegal,2900.0,2700.0,3100.0,21000.0,20000.0,22000.0,38000.0,36000.0,40000.0
2020,SEN,Senegal,2700.0,2500.0,2800.0,22000.0,21000.0,23000.0,38000.0,37000.0,41000.0
2021,SEN,Senegal,2500.0,2300.0,2600.0,22000.0,21000.0,24000.0,40000.0,38000.0,42000.0
2022,SEN,Senegal,2400.0,2200.0,2500.0,23000.0,22000.0,25000.0,42000.0,40000.0,44000.0
2023,SEN,Senegal,2300.0,2100.0,2400.0,24000.0,23000.0,26000.0,44000.0,42000.0,46000.0
2024,SEN,Senegal,2200.0,2000.0,2300.0,25000.0,24000.0,27000.0,46000.0,44000.0,48000.0
1990,SLE,Sierra Leone,1300.0,670.0,2300.0,7200.0,3800.0,12000.0,14000.0,7100.0,22000.0
1991,SLE,Sierra Leone,1600.0,860.0,2700.0,8500.0,4700.0,13000.0,16000.0,8600.0,24000.0
1992,SLE,Sierra Leone,2000.0,1100.0,3100.0,10000.0,5800.0,15000.0,18000.0,10000.0,27000.0
1993,SLE,Sierra Leone,2400.0,1300.0,3700.0,12000.0,7100.0,17000.0,21000.0,13000.0,31000.0
1994,SLE,Sierra Leone,2900.0,1700.0,4300.0,13000.0,8700.0,19000.0,24000.0,15000.0,34000.0
1995,SLE,Sierra Leone,3300.0,2000.0,4800.0,15000.0,10000.0,21000.0,27000.0,18000.0,37000.0
1996,SLE,Sierra Leone,3800.0,2300.0,5400.0,17000.0,12000.0,22000.0,30000.0,21000.0,39000.0
1997,SLE,Sierra Leone,4400.0,2800.0,6100.0,18000.0,13000.0,23000.0,32000.0,23000.0,42000.0
1998,SLE,Sierra Leone,4900.0,3200.0,6600.0,19000.0,15000.0,25000.0,34000.0,26000.0,44000.0
1999,SLE,Sierra Leone,5400.0,3700.0,7200.0,20000.0,16000.0,26000.0,36000.0,28000.0,45000.0
2000,SLE,Sierra Leone,6000.0,4400.0,8000.0,22000.0,18000.0,27000.0,38000.0,31000.0,48000.0
2001,SLE,Sierra Leone,6900.0,5100.0,9000.0,24000.0,20000.0,30000.0,42000.0,35000.0,52000.0
2002,SLE,Sierra Leone,7600.0,5700.0,9800.0,25000.0,22000.0,31000.0,44000.0,37000.0,55000.0
2003,SLE,Sierra Leone,8200.0,6200.0,10000.0,27000.0,23000.0,32000.0,46000.0,39000.0,56000.0
2004,SLE,Sierra Leone,8700.0,6800.0,11000.0,27000.0,24000.0,33000.0,47000.0,41000.0,57000.0
2005,SLE,Sierra Leone,9200.0,7400.0,11000.0,28000.0,24000.0,33000.0,48000.0,42000.0,58000.0
2006,SLE,Sierra Leone,9500.0,7700.0,11000.0,29000.0,25000.0,34000.0,49000.0,43000.0,58000.0
2007,SLE,Sierra Leone,9700.0,8000.0,12000.0,29000.0,26000.0,34000.0,50000.0,44000.0,59000.0
2008,SLE,Sierra Leone,9700.0,8000.0,12000.0,30000.0,26000.0,35000.0,51000.0,45000.0,60000.0
2009,SLE,Sierra Leone,9800.0,8100.0,11000.0,31000.0,27000.0,35000.0,53000.0,46000.0,61000.0
2010,SLE,Sierra Leone,9700.0,8000.0,11000.0,32000.0,28000.0,37000.0,54000.0,48000.0,63000.0
2011,SLE,Sierra Leone,9600.0,7900.0,11000.0,33000.0,29000.0,38000.0,56000.0,49000.0,64000.0
2012,SLE,Sierra Leone,9300.0,7600.0,11000.0,34000.0,30000.0,39000.0,58000.0,51000.0,66000.0
2013,SLE,Sierra Leone,9200.0,7500.0,11000.0,35000.0,31000.0,40000.0,59000.0,52000.0,67000.0
2014,SLE,Sierra Leone,9100.0,7400.0,11000.0,36000.0,32000.0,41000.0,61000.0,53000.0,69000.0
2015,SLE,Sierra Leone,8900.0,7200.0,10000.0,38000.0,33000.0,43000.0,62000.0,55000.0,71000.0
2016,SLE,Sierra Leone,8700.0,6900.0,10000.0,39000.0,35000.0,44000.0,64000.0,57000.0,73000.0
2017,SLE,Sierra Leone,8400.0,6600.0,9800.0,41000.0,36000.0,47000.0,66000.0,58000.0,76000.0
2018,SLE,Sierra Leone,8200.0,6400.0,9500.0,42000.0,37000.0,49000.0,68000.0,59000.0,78000.0
2019,SLE,Sierra Leone,8000.0,6200.0,9500.0,44000.0,38000.0,51000.0,70000.0,60000.0,80000.0
2020,SLE,Sierra Leone,7800.0,5900.0,9300.0,45000.0,39000.0,52000.0,71000.0,62000.0,83000.0
2021,SLE,Sierra Leone,7400.0,5500.0,8900.0,46000.0,40000.0,54000.0,73000.0,62000.0,85000.0
2022,SLE,Sierra Leone,7200.0,5200.0,8900.0,47000.0,41000.0,56000.0,74000.0,63000.0,87000.0
2023,SLE,Sierra Leone,6900.0,5000.0,8700.0,48000.0,41000.0,57000.0,74000.0,63000.0,88000.0
2024,SLE,Sierra Leone,6500.0,4800.0,8500.0,48000.0,41000.0,58000.0,75000.0,63000.0,89000.0
1990,SOM,Somalia,880.0,0.0,1700.0,4000.0,1800.0,8000.0,7500.0,3600.0,14000.0
1991,SOM,Somalia,920.0,0.0,1800.0,4200.0,2100.0,8100.0,7900.0,4100.0,15000.0
1992,SOM,Somalia,1000.0,510.0,1900.0,4500.0,2400.0,8300.0,8500.0,4700.0,16000.0
1993,SOM,Somalia,1200.0,650.0,2200.0,5100.0,2900.0,9000.0,9600.0,5600.0,17000.0
1994,SOM,Somalia,1300.0,750.0,2400.0,5400.0,3300.0,9300.0,10000.0,6100.0,17000.0
1995,SOM,Somalia,1500.0,870.0,2700.0,5700.0,3600.0,9500.0,11000.0,6700.0,18000.0
1996,SOM,Somalia,1600.0,970.0,2800.0,5900.0,3900.0,9300.0,11000.0,7200.0,18000.0
1997,SOM,Somalia,1700.0,1100.0,2900.0,6100.0,4100.0,9500.0,11000.0,7700.0,18000.0
1998,SOM,Somalia,1800.0,1200.0,3100.0,6200.0,4300.0,9500.0,12000.0,8000.0,17000.0
1999,SOM,Somalia,1900.0,1300.0,3200.0,6200.0,4400.0,9400.0,12000.0,8300.0,17000.0
2000,SOM,Somalia,2000.0,1300.0,3200.0,6200.0,4500.0,9300.0,12000.0,8500.0,17000.0
2001,SOM,Somalia,2100.0,1400.0,3200.0,6200.0,4500.0,9000.0,12000.0,8700.0,17000.0
2002,SOM,Somalia,2100.0,1500.0,3200.0,6100.0,4500.0,8700.0,12000.0,8700.0,16000.0
2003,SOM,Somalia,2100.0,1500.0,3100.0,6000.0,4400.0,8300.0,11000.0,8600.0,16000.0
2004,SOM,Somalia,2100.0,1500.0,3100.0,5800.0,4400.0,8000.0,11000.0,8600.0,15000.0
2005,SOM,Somalia,2100.0,1500.0,3000.0,5600.0,4300.0,7600.0,11000.0,8400.0,14000.0
2006,SOM,Somalia,2100.0,1500.0,2900.0,5400.0,4200.0,7200.0,10000.0,8200.0,13000.0
2007,SOM,Somalia,2000.0,1500.0,2800.0,5300.0,4200.0,6800.0,10000.0,8000.0,13000.0
2008,SOM,Somalia,1900.0,1500.0,2700.0,5100.0,4100.0,6400.0,9600.0,7800.0,12000.0
2009,SOM,Somalia,1900.0,1500.0,2500.0,4900.0,4000.0,6100.0,9300.0,7700.0,11000.0
2010,SOM,Somalia,1800.0,1400.0,2300.0,4700.0,3900.0,5800.0,8900.0,7700.0,11000.0
2011,SOM,Somalia,1600.0,1300.0,2100.0,4400.0,3700.0,5400.0,8400.0,7300.0,10000.0
2012,SOM,Somalia,1600.0,1300.0,2000.0,4300.0,3700.0,5200.0,8200.0,7100.0,9700.0
2013,SOM,Somalia,1500.0,1200.0,1900.0,4300.0,3700.0,5000.0,8100.0,7000.0,9400.0
2014,SOM,Somalia,1400.0,1200.0,1800.0,4200.0,3700.0,4900.0,7900.0,6900.0,9100.0
2015,SOM,Somalia,1400.0,1100.0,1700.0,4100.0,3600.0,4800.0,7700.0,6800.0,8800.0
2016,SOM,Somalia,1300.0,1100.0,1600.0,4100.0,3600.0,4700.0,7700.0,6800.0,8700.0
2017,SOM,Somalia,1300.0,1100.0,1500.0,4100.0,3600.0,4600.0,7600.0,6800.0,8600.0
2018,SOM,Somalia,1200.0,1000.0,1400.0,4100.0,3600.0,4600.0,7500.0,6700.0,8500.0
2019,SOM,Somalia,1100.0,980.0,1300.0,4100.0,3600.0,4600.0,7500.0,6600.0,8400.0
2020,SOM,Somalia,1100.0,940.0,1300.0,4100.0,3600.0,4600.0,7500.0,6600.0,8300.0
2021,SOM,Somalia,1000.0,900.0,1200.0,4000.0,3600.0,4500.0,7400.0,6500.0,8300.0
2022,SOM,Somalia,960.0,830.0,1100.0,4000.0,3600.0,4500.0,7300.0,6500.0,8200.0
2023,SOM,Somalia,910.0,770.0,1000.0,4000.0,3600.0,4500.0,7300.0,6400.0,8200.0
2024,SOM,Somalia,860.0,730.0,1000.0,4000.0,3600.0,4500.0,7300.0,6400.0,8200.0
1990,SSD,South Sudan,2300.0,980.0,4200.0,14000.0,5700.0,24000.0,24000.0,10000.0,44000.0
1991,SSD,South Sudan,3100.0,1400.0,5300.0,18000.0,7800.0,29000.0,31000.0,14000.0,51000.0
1992,SSD,South Sudan,4000.0,1800.0,6400.0,22000.0,10000.0,33000.0,38000.0,18000.0,59000.0
1993,SSD,South Sudan,4900.0,2400.0,7600.0,26000.0,13000.0,37000.0,45000.0,23000.0,66000.0
1994,SSD,South Sudan,6100.0,3100.0,9000.0,32000.0,17000.0,44000.0,54000.0,29000.0,77000.0
1995,SSD,South Sudan,7300.0,3900.0,10000.0,36000.0,20000.0,50000.0,62000.0,34000.0,86000.0
1996,SSD,South Sudan,8500.0,4800.0,12000.0,41000.0,23000.0,56000.0,68000.0,39000.0,95000.0
1997,SSD,South Sudan,9700.0,5500.0,13000.0,45000.0,26000.0,61000.0,76000.0,44000.0,100000.0
1998,SSD,South Sudan,11000.0,6000.0,15000.0,49000.0,29000.0,64000.0,81000.0,49000.0,110000.0
1999,SSD,South Sudan,12000.0,6900.0,16000.0,53000.0,32000.0,70000.0,88000.0,54000.0,120000.0
2000,SSD,South Sudan,13000.0,7900.0,18000.0,57000.0,35000.0,75000.0,94000.0,59000.0,120000.0
2001,SSD,South Sudan,14000.0,8600.0,19000.0,60000.0,39000.0,80000.0,100000.0,65000.0,130000.0
2002,SSD,South Sudan,16000.0,9500.0,21000.0,63000.0,43000.0,83000.0,100000.0,71000.0,140000.0
2003,SSD,South Sudan,17000.0,11000.0,22000.0,65000.0,46000.0,87000.0,110000.0,77000.0,140000.0
2004,SSD,South Sudan,18000.0,12000.0,23000.0,69000.0,50000.0,92000.0,110000.0,83000.0,150000.0
2005,SSD,South Sudan,18000.0,13000.0,25000.0,71000.0,53000.0,95000.0,120000.0,89000.0,160000.0
2006,SSD,South Sudan,19000.0,13000.0,25000.0,74000.0,56000.0,98000.0,120000.0,93000.0,160000.0
2007,SSD,South Sudan,20000.0,14000.0,26000.0,77000.0,59000.0,100000.0,130000.0,98000.0,170000.0
2008,SSD,South Sudan,20000.0,14000.0,27000.0,79000.0,62000.0,100000.0,130000.0,100000.0,170000.0
2009,SSD,South Sudan,21000.0,15000.0,27000.0,81000.0,64000.0,110000.0,140000.0,110000.0,180000.0
2010,SSD,South Sudan,21000.0,15000.0,27000.0,85000.0,67000.0,110000.0,140000.0,110000.0,190000.0
2011,SSD,South Sudan,21000.0,16000.0,28000.0,88000.0,70000.0,110000.0,150000.0,120000.0,190000.0
2012,SSD,South Sudan,21000.0,16000.0,27000.0,90000.0,72000.0,120000.0,150000.0,120000.0,190000.0
2013,SSD,South Sudan,21000.0,16000.0,27000.0,92000.0,74000.0,120000.0,150000.0,120000.0,190000.0
2014,SSD,South Sudan,20000.0,15000.0,26000.0,88000.0,71000.0,110000.0,150000.0,120000.0,180000.0
2015,SSD,South Sudan,19000.0,14000.0,25000.0,88000.0,71000.0,110000.0,140000.0,120000.0,180000.0
2016,SSD,South Sudan,18000.0,14000.0,23000.0,83000.0,67000.0,100000.0,130000.0,110000.0,160000.0
2017,SSD,South Sudan,17000.0,12000.0,21000.0,77000.0,64000.0,94000.0,120000.0,100000.0,150000.0
2018,SSD,South Sudan,15000.0,11000.0,20000.0,80000.0,68000.0,96000.0,130000.0,110000.0,150000.0
2019,SSD,South Sudan,15000.0,11000.0,18000.0,82000.0,70000.0,99000.0,130000.0,110000.0,160000.0
2020,SSD,South Sudan,14000.0,10000.0,18000.0,84000.0,71000.0,100000.0,130000.0,110000.0,160000.0
2021,SSD,South Sudan,13000.0,9800.0,17000.0,83000.0,71000.0,100000.0,130000.0,110000.0,160000.0
2022,SSD,South Sudan,12000.0,9100.0,16000.0,85000.0,72000.0,100000.0,130000.0,110000.0,160000.0
2023,SSD,South Sudan,12000.0,8600.0,15000.0,89000.0,75000.0,110000.0,140000.0,120000.0,170000.0
2024,SSD,South Sudan,11000.0,7900.0,14000.0,91000.0,77000.0,110000.0,140000.0,120000.0,170000.0
1990,SWZ,Eswatini,0.0,0.0,0.0,2100.0,1800.0,2600.0,5000.0,4300.0,6200.0
1991,SWZ,Eswatini,0.0,0.0,600.0,4600.0,3800.0,5600.0,10000.0,8500.0,13000.0
1992,SWZ,Eswatini,930.0,780.0,1200.0,8800.0,7500.0,11000.0,19000.0,16000.0,23000.0
1993,SWZ,Eswatini,1600.0,1400.0,2000.0,15000.0,13000.0,18000.0,31000.0,26000.0,37000.0
1994,SWZ,Eswatini,2500.0,2100.0,3000.0,21000.0,18000.0,25000.0,42000.0,36000.0,49000.0
1995,SWZ,Eswatini,3600.0,3100.0,4200.0,31000.0,26000.0,35000.0,59000.0,51000.0,67000.0
1996,SWZ,Eswatini,4800.0,4200.0,5500.0,41000.0,36000.0,45000.0,76000.0,66000.0,85000.0
1997,SWZ,Eswatini,6100.0,5300.0,6900.0,50000.0,45000.0,56000.0,93000.0,82000.0,100000.0
1998,SWZ,Eswatini,7500.0,6600.0,8400.0,59000.0,53000.0,64000.0,110000.0,96000.0,120000.0
1999,SWZ,Eswatini,9000.0,7900.0,9800.0,67000.0,61000.0,72000.0,120000.0,110000.0,130000.0
2000,SWZ,Eswatini,10000.0,9200.0,11000.0,73000.0,68000.0,79000.0,130000.0,120000.0,140000.0
2001,SWZ,Eswatini,12000.0,11000.0,13000.0,79000.0,73000.0,84000.0,140000.0,130000.0,150000.0
2002,SWZ,Eswatini,13000.0,12000.0,14000.0,83000.0,78000.0,88000.0,150000.0,140000.0,160000.0
2003,SWZ,Eswatini,14000.0,13000.0,15000.0,87000.0,82000.0,92000.0,150000.0,140000.0,160000.0
2004,SWZ,Eswatini,15000.0,14000.0,17000.0,90000.0,85000.0,95000.0,160000.0,150000.0,170000.0
2005,SWZ,Eswatini,16000.0,15000.0,18000.0,92000.0,87000.0,97000.0,160000.0,150000.0,170000.0
2006,SWZ,Eswatini,17000.0,15000.0,18000.0,95000.0,89000.0,100000.0,160000.0,150000.0,170000.0
2007,SWZ,Eswatini,17000.0,15000.0,18000.0,98000.0,92000.0,100000.0,170000.0,160000.0,180000.0
2008,SWZ,Eswatini,17000.0,15000.0,18000.0,100000.0,95000.0,110000.0,170000.0,160000.0,180000.0
2009,SWZ,Eswatini,17000.0,15000.0,18000.0,100000.0,97000.0,110000.0,180000.0,170000.0,190000.0
2010,SWZ,Eswatini,16000.0,14000.0,17000.0,110000.0,100000.0,110000.0,180000.0,170000.0,190000.0
2011,SWZ,Eswatini,15000.0,13000.0,17000.0,110000.0,100000.0,120000.0,190000.0,180000.0,200000.0
2012,SWZ,Eswatini,15000.0,13000.0,16000.0,110000.0,110000.0,120000.0,190000.0,180000.0,210000.0
2013,SWZ,Eswatini,14000.0,12000.0,15000.0,120000.0,110000.0,130000.0,200000.0,180000.0,210000.0
2014,SWZ,Eswatini,14000.0,11000.0,15000.0,120000.0,110000.0,130000.0,200000.0,190000.0,220000.0
2015,SWZ,Eswatini,13000.0,11000.0,14000.0,120000.0,110000.0,130000.0,210000.0,190000.0,220000.0
2016,SWZ,Eswatini,12000.0,10000.0,13000.0,120000.0,110000.0,140000.0,210000.0,200000.0,230000.0
2017,SWZ,Eswatini,11000.0,9300.0,12000.0,130000.0,120000.0,140000.0,210000.0,200000.0,230000.0
2018,SWZ,Eswatini,10000.0,8500.0,11000.0,130000.0,120000.0,140000.0,220000.0,200000.0,240000.0
2019,SWZ,Eswatini,9400.0,7700.0,10000.0,130000.0,120000.0,140000.0,220000.0,200000.0,240000.0
2020,SWZ,Eswatini,8500.0,6900.0,9200.0,130000.0,120000.0,140000.0,220000.0,200000.0,240000.0
2021,SWZ,Eswatini,7700.0,6200.0,8500.0,130000.0,120000.0,140000.0,220000.0,200000.0,240000.0
2022,SWZ,Eswatini,7000.0,5600.0,7800.0,130000.0,120000.0,140000.0,220000.0,200000.0,240000.0
2023,SWZ,Eswatini,6300.0,5000.0,7100.0,130000.0,120000.0,150000.0,220000.0,200000.0,240000.0
2024,SWZ,Eswatini,5600.0,4500.0,6300.0,130000.0,120000.0,150000.0,220000.0,200000.0,240000.0
1990,TCD,Chad,3300.0,1600.0,6300.0,17000.0,8900.0,32000.0,32000.0,16000.0,59000.0
1991,TCD,Chad,4400.0,2300.0,8000.0,23000.0,12000.0,39000.0,43000.0,23000.0,73000.0
1992,TCD,Chad,5600.0,3100.0,9700.0,28000.0,16000.0,44000.0,52000.0,30000.0,81000.0
1993,TCD,Chad,6900.0,4000.0,11000.0,32000.0,20000.0,48000.0,58000.0,35000.0,88000.0
1994,TCD,Chad,8200.0,4900.0,13000.0,36000.0,24000.0,53000.0,66000.0,43000.0,96000.0
1995,TCD,Chad,9600.0,6000.0,14000.0,42000.0,29000.0,60000.0,76000.0,51000.0,110000.0
1996,TCD,Chad,11000.0,7300.0,16000.0,46000.0,32000.0,62000.0,82000.0,56000.0,110000.0
1997,TCD,Chad,12000.0,8200.0,18000.0,49000.0,36000.0,66000.0,88000.0,63000.0,120000.0
1998,TCD,Chad,14000.0,9300.0,19000.0,52000.0,39000.0,69000.0,93000.0,69000.0,120000.0
1999,TCD,Chad,15000.0,10000.0,21000.0,54000.0,41000.0,70000.0,96000.0,73000.0,120000.0
2000,TCD,Chad,16000.0,11000.0,22000.0,55000.0,42000.0,71000.0,97000.0,75000.0,130000.0
2001,TCD,Chad,17000.0,12000.0,23000.0,56000.0,43000.0,71000.0,98000.0,76000.0,130000.0
2002,TCD,Chad,18000.0,13000.0,25000.0,56000.0,44000.0,72000.0,99000.0,78000.0,130000.0
2003,TCD,Chad,19000.0,14000.0,25000.0,57000.0,45000.0,73000.0,100000.0,81000.0,130000.0
2004,TCD,Chad,20000.0,15000.0,26000.0,58000.0,46000.0,73000.0,100000.0,82000.0,130000.0
2005,TCD,Chad,20000.0,15000.0,27000.0,58000.0,46000.0,72000.0,100000.0,82000.0,130000.0
2006,TCD,Chad,21000.0,15000.0,26000.0,58000.0,47000.0,71000.0,100000.0,82000.0,130000.0
2007,TCD,Chad,21000.0,16000.0,26000.0,58000.0,47000.0,71000.0,100000.0,82000.0,120000.0
2008,TCD,Chad,21000.0,16000.0,26000.0,58000.0,48000.0,71000.0,100000.0,83000.0,120000.0
2009,TCD,Chad,20000.0,15000.0,26000.0,59000.0,49000.0,72000.0,100000.0,83000.0,120000.0
2010,TCD,Chad,20000.0,15000.0,25000.0,60000.0,49000.0,73000.0,100000.0,84000.0,120000.0
2011,TCD,Chad,20000.0,15000.0,24000.0,61000.0,51000.0,74000.0,100000.0,86000.0,130000.0
2012,TCD,Chad,19000.0,15000.0,24000.0,61000.0,52000.0,73000.0,100000.0,88000.0,130000.0
2013,TCD,Chad,18000.0,14000.0,23000.0,62000.0,53000.0,74000.0,100000.0,88000.0,130000.0
2014,TCD,Chad,17000.0,13000.0,21000.0,63000.0,53000.0,74000.0,100000.0,88000.0,120000.0
2015,TCD,Chad,17000.0,13000.0,21000.0,63000.0,53000.0,74000.0,100000.0,88000.0,120000.0
2016,TCD,Chad,16000.0,12000.0,20000.0,63000.0,54000.0,76000.0,100000.0,88000.0,120000.0
2017,TCD,Chad,16000.0,12000.0,19000.0,64000.0,54000.0,76000.0,100000.0,88000.0,120000.0
2018,TCD,Chad,15000.0,11000.0,19000.0,64000.0,54000.0,76000.0,100000.0,88000.0,120000.0
2019,TCD,Chad,14000.0,11000.0,18000.0,64000.0,54000.0,75000.0,100000.0,87000.0,120000.0
2020,TCD,Chad,13000.0,9900.0,17000.0,64000.0,54000.0,75000.0,100000.0,86000.0,120000.0
2021,TCD,Chad,13000.0,9200.0,16000.0,65000.0,54000.0,76000.0,100000.0,87000.0,120000.0
2022,TCD,Chad,12000.0,8600.0,16000.0,65000.0,55000.0,77000.0,100000.0,87000.0,120000.0
2023,TCD,Chad,11000.0,8000.0,15000.0,68000.0,57000.0,80000.0,110000.0,91000.0,130000.0
2024,TCD,Chad,11000.0,7600.0,15000.0,69000.0,58000.0,82000.0,110000.0,92000.0,130000.0
1990,TGO,Togo,1300.0,890.0,1900.0,8800.0,6100.0,12000.0,14000.0,10000.0,20000.0
1991,TGO,Togo,1800.0,1200.0,2500.0,12000.0,8600.0,16000.0,19000.0,14000.0,26000.0
1992,TGO,Togo,2500.0,1800.0,3300.0,16000.0,12000.0,21000.0,26000.0,19000.0,34000.0
1993,TGO,Togo,3000.0,2200.0,3900.0,19000.0,15000.0,25000.0,31000.0,23000.0,40000.0
1994,TGO,Togo,3900.0,2900.0,5100.0,25000.0,19000.0,32000.0,39000.0,30000.0,51000.0
1995,TGO,Togo,4900.0,3700.0,6300.0,31000.0,24000.0,40000.0,49000.0,39000.0,63000.0
1996,TGO,Togo,6100.0,4500.0,7700.0,37000.0,29000.0,46000.0,59000.0,47000.0,74000.0
1997,TGO,Togo,7200.0,5500.0,8900.0,43000.0,34000.0,53000.0,68000.0,54000.0,84000.0
1998,TGO,Togo,8300.0,6500.0,10000.0,47000.0,38000.0,58000.0,76000.0,60000.0,93000.0
1999,TGO,Togo,9400.0,7400.0,12000.0,51000.0,41000.0,63000.0,82000.0,65000.0,100000.0
2000,TGO,Togo,10000.0,8200.0,13000.0,54000.0,43000.0,67000.0,86000.0,69000.0,110000.0
2001,TGO,Togo,11000.0,9000.0,14000.0,56000.0,45000.0,69000.0,89000.0,72000.0,110000.0
2002,TGO,Togo,12000.0,9600.0,15000.0,56000.0,46000.0,69000.0,90000.0,74000.0,110000.0
2003,TGO,Togo,13000.0,10000.0,16000.0,56000.0,47000.0,69000.0,90000.0,75000.0,110000.0
2004,TGO,Togo,14000.0,11000.0,17000.0,56000.0,47000.0,68000.0,90000.0,75000.0,110000.0
2005,TGO,Togo,14000.0,11000.0,17000.0,56000.0,47000.0,68000.0,89000.0,76000.0,110000.0
2006,TGO,Togo,14000.0,12000.0,18000.0,56000.0,48000.0,67000.0,90000.0,76000.0,110000.0
2007,TGO,Togo,15000.0,12000.0,18000.0,56000.0,47000.0,67000.0,89000.0,76000.0,110000.0
2008,TGO,Togo,15000.0,12000.0,18000.0,55000.0,47000.0,66000.0,89000.0,76000.0,110000.0
2009,TGO,Togo,15000.0,12000.0,18000.0,55000.0,47000.0,65000.0,89000.0,76000.0,100000.0
2010,TGO,Togo,14000.0,12000.0,18000.0,55000.0,47000.0,65000.0,89000.0,76000.0,100000.0
2011,TGO,Togo,14000.0,11000.0,17000.0,55000.0,47000.0,65000.0,90000.0,77000.0,110000.0
2012,TGO,Togo,12000.0,9900.0,15000.0,55000.0,48000.0,65000.0,90000.0,77000.0,110000.0
2013,TGO,Togo,11000.0,8900.0,14000.0,56000.0,48000.0,65000.0,90000.0,77000.0,110000.0
2014,TGO,Togo,10000.0,8100.0,13000.0,56000.0,48000.0,66000.0,90000.0,77000.0,110000.0
2015,TGO,Togo,9800.0,7700.0,12000.0,57000.0,49000.0,66000.0,90000.0,78000.0,110000.0
2016,TGO,Togo,9200.0,7300.0,12000.0,57000.0,49000.0,67000.0,90000.0,78000.0,110000.0
2017,TGO,Togo,8700.0,7000.0,11000.0,58000.0,50000.0,68000.0,91000.0,78000.0,110000.0
2018,TGO,Togo,8100.0,6400.0,10000.0,59000.0,50000.0,70000.0,91000.0,78000.0,110000.0
2019,TGO,Togo,7500.0,5900.0,9900.0,60000.0,51000.0,71000.0,92000.0,78000.0,110000.0
2020,TGO,Togo,7100.0,5400.0,9300.0,60000.0,51000.0,72000.0,93000.0,79000.0,110000.0
2021,TGO,Togo,6700.0,5000.0,9000.0,61000.0,52000.0,74000.0,93000.0,79000.0,110000.0
2022,TGO,Togo,6300.0,4700.0,8600.0,62000.0,52000.0,76000.0,94000.0,79000.0,110000.0
2023,TGO,Togo,5900.0,4300.0,8200.0,63000.0,52000.0,77000.0,95000.0,80000.0,120000.0
2024,TGO,Togo,5500.0,3900.0,7700.0,64000.0,53000.0,78000.0,96000.0,79000.0,120000.0
1990,TUN,Tunisia,0.0,0.0,0.0,0.0,0.0,0.0,0.0,0.0,870.0
1991,TUN,Tunisia,0.0,0.0,0.0,0.0,0.0,540.0,0.0,0.0,1300.0
1992,TUN,Tunisia,0.0,0.0,0.0,0.0,0.0,700.0,0.0,0.0,1700.0
1993,TUN,Tunisia,0.0,0.0,0.0,0.0,0.0,870.0,0.0,0.0,1900.0
1994,TUN,Tunisia,0.0,0.0,0.0,0.0,0.0,990.0,530.0,0.0,2300.0
1995,TUN,Tunisia,0.0,0.0,0.0,0.0,0.0,1100.0,660.0,0.0,2500.0
1996,TUN,Tunisia,0.0,0.0,0.0,0.0,0.0,1300.0,800.0,0.0,2800.0
1997,TUN,Tunisia,0.0,0.0,0.0,0.0,0.0,1400.0,960.0,570.0,3100.0
1998,TUN,Tunisia,0.0,0.0,0.0,0.0,0.0,1400.0,1100.0,680.0,3300.0
1999,TUN,Tunisia,0.0,0.0,0.0,540.0,0.0,1500.0,1300.0,800.0,3500.0
2000,TUN,Tunisia,0.0,0.0,0.0,600.0,0.0,1500.0,1600.0,920.0,3600.0
2001,TUN,Tunisia,0.0,0.0,0.0,660.0,0.0,1500.0,1800.0,1100.0,3800.0
2002,TUN,Tunisia,0.0,0.0,0.0,720.0,0.0,1600.0,2100.0,1200.0,4000.0
2003,TUN,Tunisia,0.0,0.0,0.0,780.0,0.0,1600.0,2300.0,1400.0,4200.0
2004,TUN,Tunisia,0.0,0.0,0.0,840.0,500.0,1600.0,2600.0,1600.0,4500.0
2005,TUN,Tunisia,0.0,0.0,0.0,890.0,540.0,1600.0,3000.0,1700.0,4900.0
2006,TUN,Tunisia,0.0,0.0,0.0,950.0,580.0,1600.0,3300.0,2000.0,5200.0
2007,TUN,Tunisia,0.0,0.0,0.0,1000.0,630.0,1600.0,3600.0,2200.0,5400.0
2008,TUN,Tunisia,0.0,0.0,0.0,1100.0,680.0,1600.0,3900.0,2500.0,5700.0
2009,TUN,Tunisia,0.0,0.0,0.0,1100.0,740.0,1600.0,4200.0,2800.0,6100.0
2010,TUN,Tunisia,0.0,0.0,0.0,1200.0,790.0,1700.0,4400.0,3100.0,6500.0
2011,TUN,Tunisia,0.0,0.0,0.0,1200.0,850.0,1700.0,4700.0,3200.0,6900.0
2012,TUN,Tunisia,0.0,0.0,0.0,1300.0,900.0,1800.0,4900.0,3400.0,7100.0
2013,TUN,Tunisia,0.0,0.0,0.0,1300.0,940.0,1900.0,5100.0,3500.0,7400.0
2014,TUN,Tunisia,0.0,0.0,0.0,1400.0,980.0,2000.0,5300.0,3600.0,7800.0
2015,TUN,Tunisia,0.0,0.0,0.0,1400.0,1000.0,2100.0,5500.0,3700.0,8400.0
2016,TUN,Tunisia,0.0,0.0,0.0,1500.0,1100.0,2200.0,5700.0,3900.0,8600.0
2017,TUN,Tunisia,0.0,0.0,0.0,1500.0,1100.0,2400.0,5800.0,4000.0,8900.0
2018,TUN,Tunisia,0.0,0.0,0.0,1600.0,1100.0,2500.0,6000.0,4100.0,9300.0
2019,TUN,Tunisia,0.0,0.0,0.0,1700.0,1200.0,2600.0,6200.0,4300.0,9700.0
2020,TUN,Tunisia,0.0,0.0,0.0,1700.0,1200.0,2700.0,6500.0,4400.0,10000.0
2021,TUN,Tunisia,0.0,0.0,0.0,1800.0,1300.0,2900.0,6700.0,4600.0,11000.0
2022,TUN,Tunisia,0.0,0.0,0.0,1900.0,1300.0,3000.0,7000.0,4700.0,12000.0
2023,TUN,Tunisia,0.0,0.0,0.0,2000.0,1400.0,3200.0,7200.0,4800.0,12000.0
2024,TUN,Tunisia,0.0,0.0,0.0,2000.0,1400.0,3400.0,7600.0,5000.0,13000.0
1990,TZA,United Republic of Tanzania,52000.0,43000.0,63000.0,340000.0,290000.0,390000.0,610000.0,520000.0,710000.0
1991,TZA,United Republic of Tanzania,63000.0,53000.0,74000.0,400000.0,350000.0,450000.0,710000.0,610000.0,810000.0
1992,TZA,United Republic of Tanzania,75000.0,63000.0,86000.0,450000.0,400000.0,510000.0,790000.0,690000.0,900000.0
1993,TZA,United Republic of Tanzania,86000.0,74000.0,99000.0,510000.0,460000.0,570000.0,890000.0,790000.0,990000.0
1994,TZA,United Republic of Tanzania,98000.0,85000.0,110000.0,560000.0,510000.0,620000.0,980000.0,880000.0,1100000.0
1995,TZA,United Republic of Tanzania,110000.0,95000.0,120000.0,590000.0,540000.0,650000.0,1000000.0,920000.0,1100000.0
1996,TZA,United Republic of Tanzania,120000.0,100000.0,130000.0,600000.0,550000.0,660000.0,1000000.0,930000.0,1100000.0
1997,TZA,United Republic of Tanzania,130000.0,110000.0,140000.0,620000.0,570000.0,680000.0,1100000.0,960000.0,1200000.0
1998,TZA,United Republic of Tanzania,140000.0,120000.0,150000.0,630000.0,580000.0,680000.0,1100000.0,970000.0,1200000.0
1999,TZA,United Republic of Tanzania,150000.0,130000.0,160000.0,640000.0,590000.0,690000.0,1100000.0,980000.0,1200000.0
2000,TZA,United Republic of Tanzania,150000.0,140000.0,170000.0,640000.0,590000.0,700000.0,1100000.0,990000.0,1200000.0
2001,TZA,United Republic of Tanzania,160000.0,140000.0,170000.0,640000.0,590000.0,700000.0,1100000.0,980000.0,1200000.0
2002,TZA,United Republic of Tanzania,160000.0,150000.0,180000.0,640000.0,590000.0,690000.0,1100000.0,980000.0,1200000.0
2003,TZA,United Republic of Tanzania,170000.0,150000.0,180000.0,630000.0,590000.0,690000.0,1000000.0,970000.0,1100000.0
2004,TZA,United Republic of Tanzania,170000.0,150000.0,180000.0,620000.0,580000.0,680000.0,1000000.0,960000.0,1100000.0
2005,TZA,United Republic of Tanzania,170000.0,150000.0,180000.0,620000.0,580000.0,670000.0,1000000.0,940000.0,1100000.0
2006,TZA,United Republic of Tanzania,170000.0,150000.0,180000.0,610000.0,570000.0,660000.0,1000000.0,940000.0,1100000.0
2007,TZA,United Republic of Tanzania,160000.0,140000.0,170000.0,620000.0,580000.0,670000.0,1000000.0,950000.0,1100000.0
2008,TZA,United Republic of Tanzania,160000.0,140000.0,170000.0,620000.0,580000.0,680000.0,1000000.0,960000.0,1100000.0
2009,TZA,United Republic of Tanzania,150000.0,130000.0,160000.0,630000.0,590000.0,690000.0,1000000.0,980000.0,1100000.0
2010,TZA,United Republic of Tanzania,140000.0,130000.0,160000.0,650000.0,610000.0,710000.0,1100000.0,1000000.0,1200000.0
2011,TZA,United Republic of Tanzania,140000.0,120000.0,150000.0,670000.0,640000.0,730000.0,1100000.0,1000000.0,1200000.0
2012,TZA,United Republic of Tanzania,130000.0,110000.0,140000.0,700000.0,660000.0,760000.0,1200000.0,1100000.0,1300000.0
2013,TZA,United Republic of Tanzania,120000.0,110000.0,130000.0,740000.0,690000.0,800000.0,1200000.0,1100000.0,1300000.0
2014,TZA,United Republic of Tanzania,110000.0,100000.0,120000.0,780000.0,740000.0,850000.0,1300000.0,1200000.0,1400000.0
2015,TZA,United Republic of Tanzania,110000.0,98000.0,120000.0,830000.0,780000.0,900000.0,1300000.0,1300000.0,1500000.0
2016,TZA,United Republic of Tanzania,110000.0,93000.0,120000.0,890000.0,840000.0,970000.0,1400000.0,1300000.0,1500000.0
2017,TZA,United Republic of Tanzania,100000.0,88000.0,110000.0,940000.0,890000.0,1000000.0,1500000.0,1400000.0,1600000.0
2018,TZA,United Republic of Tanzania,95000.0,83000.0,100000.0,980000.0,930000.0,1100000.0,1500000.0,1400000.0,1700000.0
2019,TZA,United Republic of Tanzania,89000.0,77000.0,99000.0,1000000.0,970000.0,1100000.0,1600000.0,1500000.0,1700000.0
2020,TZA,United Republic of Tanzania,83000.0,72000.0,94000.0,1100000.0,990000.0,1200000.0,1600000.0,1500000.0,1800000.0
2021,TZA,United Republic of Tanzania,79000.0,68000.0,89000.0,1100000.0,1000000.0,1200000.0,1600000.0,1500000.0,1800000.0
2022,TZA,United Republic of Tanzania,75000.0,64000.0,86000.0,1100000.0,1000000.0,1200000.0,1700000.0,1600000.0,1900000.0
2023,TZA,United Republic of Tanzania,71000.0,59000.0,81000.0,1100000.0,1000000.0,1200000.0,1700000.0,1600000.0,1900000.0
2024,TZA,United Republic of Tanzania,67000.0,56000.0,77000.0,1100000.0,1000000.0,1300000.0,1700000.0,1600000.0,1900000.0
1990,UGA,Uganda,98000.0,83000.0,110000.0,470000.0,420000.0,520000.0,830000.0,740000.0,930000.0
1991,UGA,Uganda,110000.0,93000.0,120000.0,480000.0,440000.0,540000.0,860000.0,760000.0,950000.0
1992,UGA,Uganda,120000.0,100000.0,130000.0,500000.0,450000.0,540000.0,870000.0,790000.0,960000.0
1993,UGA,Uganda,130000.0,110000.0,140000.0,510000.0,460000.0,560000.0,880000.0,800000.0,970000.0
1994,UGA,Uganda,140000.0,120000.0,150000.0,510000.0,470000.0,560000.0,890000.0,810000.0,980000.0
1995,UGA,Uganda,140000.0,120000.0,160000.0,510000.0,480000.0,560000.0,890000.0,820000.0,980000.0
1996,UGA,Uganda,150000.0,130000.0,170000.0,520000.0,480000.0,560000.0,890000.0,820000.0,970000.0
1997,UGA,Uganda,150000.0,140000.0,170000.0,520000.0,480000.0,560000.0,890000.0,810000.0,960000.0
1998,UGA,Uganda,160000.0,140000.0,170000.0,520000.0,480000.0,560000.0,880000.0,810000.0,960000.0
1999,UGA,Uganda,160000.0,140000.0,180000.0,510000.0,480000.0,560000.0,880000.0,810000.0,950000.0
2000,UGA,Uganda,160000.0,140000.0,180000.0,510000.0,480000.0,560000.0,880000.0,820000.0,950000.0
2001,UGA,Uganda,160000.0,140000.0,180000.0,510000.0,480000.0,560000.0,880000.0,820000.0,940000.0
2002,UGA,Uganda,160000.0,140000.0,180000.0,510000.0,480000.0,550000.0,880000.0,820000.0,940000.0
2003,UGA,Uganda,160000.0,140000.0,170000.0,520000.0,490000.0,560000.0,880000.0,830000.0,940000.0
2004,UGA,Uganda,160000.0,140000.0,170000.0,520000.0,500000.0,560000.0,890000.0,840000.0,960000.0
2005,UGA,Uganda,160000.0,140000.0,170000.0,540000.0,510000.0,570000.0,910000.0,860000.0,980000.0
2006,UGA,Uganda,160000.0,140000.0,170000.0,550000.0,520000.0,590000.0,930000.0,880000.0,1000000.0
2007,UGA,Uganda,150000.0,140000.0,170000.0,560000.0,530000.0,600000.0,950000.0,900000.0,1000000.0
2008,UGA,Uganda,150000.0,130000.0,160000.0,580000.0,550000.0,620000.0,980000.0,930000.0,1100000.0
2009,UGA,Uganda,150000.0,130000.0,160000.0,600000.0,570000.0,640000.0,1000000.0,960000.0,1100000.0
2010,UGA,Uganda,140000.0,130000.0,150000.0,620000.0,590000.0,670000.0,1000000.0,990000.0,1100000.0
2011,UGA,Uganda,140000.0,120000.0,150000.0,640000.0,610000.0,690000.0,1100000.0,1000000.0,1200000.0
2012,UGA,Uganda,130000.0,120000.0,140000.0,660000.0,640000.0,720000.0,1100000.0,1100000.0,1200000.0
2013,UGA,Uganda,130000.0,110000.0,140000.0,690000.0,660000.0,750000.0,1200000.0,1100000.0,1200000.0
2014,UGA,Uganda,120000.0,110000.0,130000.0,720000.0,690000.0,780000.0,1200000.0,1100000.0,1300000.0
2015,UGA,Uganda,120000.0,110000.0,130000.0,750000.0,710000.0,810000.0,1200000.0,1200000.0,1300000.0
2016,UGA,Uganda,120000.0,110000.0,120000.0,780000.0,740000.0,850000.0,1300000.0,1200000.0,1400000.0
2017,UGA,Uganda,110000.0,100000.0,120000.0,810000.0,770000.0,880000.0,1300000.0,1200000.0,1400000.0
2018,UGA,Uganda,110000.0,98000.0,120000.0,830000.0,790000.0,910000.0,1300000.0,1300000.0,1500000.0
2019,UGA,Uganda,100000.0,93000.0,110000.0,860000.0,810000.0,940000.0,1400000.0,1300000.0,1500000.0
2020,UGA,Uganda,95000.0,88000.0,100000.0,880000.0,830000.0,960000.0,1400000.0,1300000.0,1500000.0
2021,UGA,Uganda,89000.0,82000.0,96000.0,890000.0,840000.0,990000.0,1400000.0,1300000.0,1600000.0
2022,UGA,Uganda,83000.0,77000.0,91000.0,910000.0,860000.0,1000000.0,1400000.0,1400000.0,1600000.0
2023,UGA,Uganda,77000.0,72000.0,85000.0,920000.0,860000.0,1000000.0,1400000.0,1400000.0,1600000.0
2024,UGA,Uganda,71000.0,66000.0,77000.0,930000.0,870000.0,1000000.0,1500000.0,1400000.0,1600000.0
1990,ZAF,South Africa,13000.0,12000.0,15000.0,140000.0,120000.0,150000.0,270000.0,240000.0,300000.0
1991,ZAF,South Africa,21000.0,18000.0,24000.0,220000.0,200000.0,240000.0,430000.0,380000.0,480000.0
1992,ZAF,South Africa,31000.0,28000.0,35000.0,340000.0,310000.0,380000.0,640000.0,580000.0,720000.0
1993,ZAF,South Africa,45000.0,40000.0,51000.0,500000.0,450000.0,560000.0,920000.0,830000.0,1000000.0
1994,ZAF,South Africa,62000.0,54000.0,71000.0,700000.0,620000.0,770000.0,1300000.0,1100000.0,1400000.0
1995,ZAF,South Africa,82000.0,72000.0,94000.0,920000.0,830000.0,1000000.0,1600000.0,1500000.0,1800000.0
1996,ZAF,South Africa,100000.0,91000.0,120000.0,1200000.0,1000000.0,1300000.0,2000000.0,1800000.0,2200000.0
1997,ZAF,South Africa,130000.0,110000.0,150000.0,1400000.0,1300000.0,1500000.0,2400000.0,2200000.0,2700000.0
1998,ZAF,South Africa,160000.0,140000.0,180000.0,1600000.0,1500000.0,1800000.0,2800000.0,2500000.0,3100000.0
1999,ZAF,South Africa,180000.0,160000.0,210000.0,1900000.0,1700000.0,2000000.0,3100000.0,2800000.0,3400000.0
2000,ZAF,South Africa,210000.0,180000.0,240000.0,2100000.0,1900000.0,2300000.0,3400000.0,3100000.0,3800000.0
2001,ZAF,South Africa,240000.0,210000.0,280000.0,2300000.0,2100000.0,2500000.0,3700000.0,3300000.0,4099999.9999999995
2002,ZAF,South Africa,270000.0,230000.0,300000.0,2400000.0,2200000.0,2700000.0,3900000.0,3500000.0,4300000.0
2003,ZAF,South Africa,290000.0,250000.0,330000.0,2600000.0,2300000.0,2800000.0,4099999.9999999995,3700000.0,4500000.0
2004,ZAF,South Africa,310000.0,260000.0,360000.0,2700000.0,2400000.0,2900000.0,4300000.0,3800000.0,4700000.0
2005,ZAF,South Africa,330000.0,280000.0,380000.0,2800000.0,2500000.0,3000000.0,4400000.0,4000000.0,4800000.0
2006,ZAF,South Africa,340000.0,280000.0,400000.0,2900000.0,2600000.0,3100000.0,4600000.0,4099999.9999999995,5000000.0
2007,ZAF,South Africa,350000.0,280000.0,410000.0,3000000.0,2800000.0,3300000.0,4700000.0,4300000.0,5200000.0
2008,ZAF,South Africa,360000.0,280000.0,430000.0,3100000.0,2900000.0,3400000.0,4900000.0,4500000.0,5400000.0
2009,ZAF,South Africa,360000.0,280000.0,440000.0,3300000.0,3000000.0,3600000.0,5100000.0,4700000.0,5600000.0
2010,ZAF,South Africa,360000.0,280000.0,440000.0,3400000.0,3100000.0,3700000.0,5300000.0,4900000.0,5800000.0
2011,ZAF,South Africa,350000.0,270000.0,440000.0,3500000.0,3300000.0,3800000.0,5500000.0,5100000.0,6000000.0
2012,ZAF,South Africa,340000.0,270000.0,430000.0,3700000.0,3400000.0,4000000.0,5700000.0,5300000.0,6200000.0
2013,ZAF,South Africa,330000.0,260000.0,420000.0,3800000.0,3600000.0,4200000.0,5900000.0,5500000.0,6400000.0
2014,ZAF,South Africa,320000.0,250000.0,410000.0,4000000.0,3700000.0,4300000.0,6200000.0,5700000.0,6700000.0
2015,ZAF,South Africa,310000.0,240000.0,400000.0,4099999.9999999995,3800000.0,4500000.0,6400000.0,5900000.0,6900000.0
2016,ZAF,South Africa,290000.0,230000.0,400000.0,4300000.0,3900000.0,4600000.0,6600000.0,6100000.0,7100000.0
2017,ZAF,South Africa,280000.0,210000.0,380000.0,4400000.0,4099999.9999999995,4800000.0,6700000.0,6200000.0,7300000.0
2018,ZAF,South Africa,260000.0,200000.0,370000.0,4500000.0,4200000.0,4900000.0,6900000.0,6400000.0,7500000.0
2019,ZAF,South Africa,240000.0,190000.0,360000.0,4600000.0,4300000.0,5000000.0,7100000.0,6600000.0,7700000.0
2020,ZAF,South Africa,220000.0,170000.0,350000.0,4700000.0,4400000.0,5100000.0,7200000.0,6700000.0,7800000.0
2021,ZAF,South Africa,200000.0,160000.0,330000.0,4800000.0,4500000.0,5200000.0,7300000.0,6800000.0,7900000.0
2022,ZAF,South Africa,180000.0,140000.0,320000.0,4900000.0,4600000.0,5400000.0,7500000.0,6900000.0,8100000.0
2023,ZAF,South Africa,160000.0,130000.0,300000.0,5000000.0,4600000.0,5400000.0,7600000.0,7000000.0,8199999.999999999
2024,ZAF,South Africa,150000.0,120000.0,280000.0,5100000.0,4700000.0,5500000.0,7700000.0,7100000.0,8300000.000000001
1990,ZMB,Zambia,31000.0,26000.0,37000.0,200000.0,170000.0,230000.0,340000.0,290000.0,390000.0
1991,ZMB,Zambia,39000.0,33000.0,45000.0,230000.0,210000.0,270000.0,400000.0,350000.0,460000.0
1992,ZMB,Zambia,46000.0,41000.0,53000.0,270000.0,240000.0,300000.0,450000.0,410000.0,500000.0
1993,ZMB,Zambia,54000.0,48000.0,62000.0,300000.0,270000.0,330000.0,500000.0,450000.0,550000.0
1994,ZMB,Zambia,62000.0,55000.0,70000.0,320000.0,300000.0,350000.0,530000.0,490000.0,590000.0
1995,ZMB,Zambia,70000.0,62000.0,78000.0,340000.0,320000.0,370000.0,560000.0,520000.0,620000.0
1996,ZMB,Zambia,77000.0,70000.0,85000.0,360000.0,330000.0,390000.0,590000.0,540000.0,640000.0
1997,ZMB,Zambia,84000.0,76000.0,93000.0,380000.0,350000.0,410000.0,610000.0,560000.0,660000.0
1998,ZMB,Zambia,91000.0,82000.0,99000.0,390000.0,360000.0,420000.0,630000.0,580000.0,670000.0
1999,ZMB,Zambia,97000.0,87000.0,110000.0,400000.0,370000.0,430000.0,640000.0,590000.0,690000.0
2000,ZMB,Zambia,100000.0,92000.0,110000.0,400000.0,370000.0,430000.0,650000.0,600000.0,690000.0
2001,ZMB,Zambia,110000.0,96000.0,120000.0,410000.0,380000.0,440000.0,660000.0,610000.0,710000.0
2002,ZMB,Zambia,110000.0,99000.0,120000.0,410000.0,390000.0,440000.0,670000.0,620000.0,710000.0
2003,ZMB,Zambia,110000.0,100000.0,120000.0,420000.0,390000.0,450000.0,670000.0,630000.0,730000.0
2004,ZMB,Zambia,110000.0,100000.0,120000.0,420000.0,400000.0,450000.0,680000.0,640000.0,730000.0
2005,ZMB,Zambia,110000.0,100000.0,120000.0,430000.0,410000.0,460000.0,700000.0,660000.0,750000.0
2006,ZMB,Zambia,110000.0,100000.0,120000.0,440000.0,420000.0,470000.0,720000.0,680000.0,770000.0
2007,ZMB,Zambia,110000.0,99000.0,120000.0,460000.0,430000.0,490000.0,740000.0,700000.0,790000.0
2008,ZMB,Zambia,110000.0,95000.0,110000.0,470000.0,450000.0,510000.0,770000.0,730000.0,830000.0
2009,ZMB,Zambia,100000.0,92000.0,110000.0,490000.0,470000.0,530000.0,810000.0,770000.0,870000.0
2010,ZMB,Zambia,100000.0,91000.0,110000.0,520000.0,490000.0,550000.0,840000.0,800000.0,910000.0
2011,ZMB,Zambia,98000.0,89000.0,110000.0,540000.0,520000.0,580000.0,880000.0,840000.0,950000.0
2012,ZMB,Zambia,96000.0,86000.0,100000.0,570000.0,540000.0,610000.0,920000.0,880000.0,990000.0
2013,ZMB,Zambia,93000.0,84000.0,100000.0,600000.0,570000.0,640000.0,970000.0,930000.0,1000000.0
2014,ZMB,Zambia,91000.0,81000.0,99000.0,630000.0,600000.0,670000.0,1000000.0,970000.0,1100000.0
2015,ZMB,Zambia,89000.0,79000.0,98000.0,660000.0,630000.0,700000.0,1100000.0,1000000.0,1100000.0
2016,ZMB,Zambia,88000.0,78000.0,96000.0,690000.0,660000.0,740000.0,1100000.0,1100000.0,1200000.0
2017,ZMB,Zambia,86000.0,75000.0,94000.0,730000.0,690000.0,770000.0,1200000.0,1100000.0,1300000.0
2018,ZMB,Zambia,84000.0,73000.0,91000.0,760000.0,720000.0,810000.0,1200000.0,1200000.0,1300000.0
2019,ZMB,Zambia,79000.0,69000.0,87000.0,780000.0,740000.0,840000.0,1300000.0,1200000.0,1400000.0
2020,ZMB,Zambia,74000.0,65000.0,82000.0,800000.0,760000.0,870000.0,1300000.0,1200000.0,1400000.0
2021,ZMB,Zambia,71000.0,62000.0,79000.0,820000.0,780000.0,890000.0,1300000.0,1200000.0,1400000.0
2022,ZMB,Zambia,68000.0,59000.0,76000.0,830000.0,780000.0,900000.0,1300000.0,1200000.0,1400000.0
2023,ZMB,Zambia,64000.0,56000.0,72000.0,840000.0,790000.0,910000.0,1300000.0,1200000.0,1400000.0
2024,ZMB,Zambia,60000.0,52000.0,67000.0,840000.0,790000.0,920000.0,1300000.0,1300000.0,1500000.0
1990,ZWE,Zimbabwe,64000.0,53000.0,75000.0,520000.0,460000.0,600000.0,990000.0,870000.0,1100000.0
1991,ZWE,Zimbabwe,81000.0,70000.0,93000.0,640000.0,580000.0,710000.0,1200000.0,1100000.0,1300000.0
1992,ZWE,Zimbabwe,99000.0,86000.0,110000.0,740000.0,680000.0,810000.0,1400000.0,1300000.0,1500000.0
1993,ZWE,Zimbabwe,120000.0,100000.0,130000.0,820000.0,760000.0,880000.0,1500000.0,1400000.0,1700000.0
1994,ZWE,Zimbabwe,130000.0,120000.0,140000.0,880000.0,820000.0,950000.0,1600000.0,1500000.0,1800000.0
1995,ZWE,Zimbabwe,150000.0,130000.0,160000.0,920000.0,860000.0,990000.0,1700000.0,1600000.0,1800000.0
1996,ZWE,Zimbabwe,160000.0,150000.0,180000.0,940000.0,880000.0,1000000.0,1700000.0,1600000.0,1900000.0
1997,ZWE,Zimbabwe,180000.0,160000.0,190000.0,950000.0,890000.0,1000000.0,1700000.0,1600000.0,1900000.0
1998,ZWE,Zimbabwe,200000.0,180000.0,210000.0,940000.0,890000.0,1000000.0,1700000.0,1600000.0,1900000.0
1999,ZWE,Zimbabwe,210000.0,190000.0,230000.0,930000.0,870000.0,1000000.0,1700000.0,1600000.0,1800000.0
2000,ZWE,Zimbabwe,220000.0,200000.0,240000.0,900000.0,850000.0,980000.0,1600000.0,1500000.0,1800000.0
2001,ZWE,Zimbabwe,230000.0,210000.0,240000.0,870000.0,820000.0,950000.0,1600000.0,1500000.0,1700000.0
2002,ZWE,Zimbabwe,230000.0,210000.0,250000.0,840000.0,790000.0,910000.0,1500000.0,1400000.0,1700000.0
2003,ZWE,Zimbabwe,230000.0,210000.0,250000.0,800000.0,760000.0,870000.0,1400000.0,1300000.0,1600000.0
2004,ZWE,Zimbabwe,230000.0,210000.0,240000.0,770000.0,730000.0,840000.0,1400000.0,1300000.0,1500000.0
2005,ZWE,Zimbabwe,220000.0,200000.0,240000.0,740000.0,700000.0,810000.0,1300000.0,1200000.0,1500000.0
2006,ZWE,Zimbabwe,220000.0,200000.0,240000.0,710000.0,670000.0,780000.0,1300000.0,1200000.0,1400000.0
2007,ZWE,Zimbabwe,220000.0,190000.0,230000.0,690000.0,660000.0,750000.0,1200000.0,1100000.0,1400000.0
2008,ZWE,Zimbabwe,210000.0,190000.0,220000.0,680000.0,640000.0,740000.0,1200000.0,1100000.0,1400000.0
2009,ZWE,Zimbabwe,200000.0,180000.0,210000.0,670000.0,640000.0,730000.0,1200000.0,1100000.0,1300000.0
2010,ZWE,Zimbabwe,190000.0,160000.0,200000.0,680000.0,650000.0,740000.0,1200000.0,1100000.0,1300000.0
2011,ZWE,Zimbabwe,170000.0,150000.0,190000.0,690000.0,660000.0,750000.0,1200000.0,1100000.0,1400000.0
2012,ZWE,Zimbabwe,160000.0,140000.0,180000.0,700000.0,670000.0,770000.0,1200000.0,1100000.0,1400000.0
2013,ZWE,Zimbabwe,150000.0,130000.0,160000.0,710000.0,680000.0,780000.0,1200000.0,1200000.0,1400000.0
2014,ZWE,Zimbabwe,140000.0,120000.0,160000.0,720000.0,690000.0,800000.0,1200000.0,1200000.0,1400000.0
2015,ZWE,Zimbabwe,130000.0,110000.0,150000.0,730000.0,700000.0,810000.0,1200000.0,1200000.0,1400000.0
2016,ZWE,Zimbabwe,120000.0,100000.0,140000.0,740000.0,700000.0,820000.0,1300000.0,1200000.0,1400000.0
2017,ZWE,Zimbabwe,120000.0,96000.0,130000.0,740000.0,710000.0,830000.0,1300000.0,1200000.0,1400000.0
2018,ZWE,Zimbabwe,110000.0,89000.0,120000.0,740000.0,710000.0,830000.0,1300000.0,1200000.0,1400000.0
2019,ZWE,Zimbabwe,100000.0,83000.0,110000.0,740000.0,710000.0,840000.0,1300000.0,1200000.0,1400000.0
2020,ZWE,Zimbabwe,93000.0,75000.0,100000.0,740000.0,710000.0,840000.0,1200000.0,1200000.0,1400000.0
2021,ZWE,Zimbabwe,86000.0,68000.0,97000.0,750000.0,710000.0,840000.0,1200000.0,1200000.0,1400000.0
2022,ZWE,Zimbabwe,79000.0,62000.0,89000.0,740000.0,700000.0,840000.0,1200000.0,1200000.0,1400000.0
2023,ZWE,Zimbabwe,72000.0,56000.0,82000.0,740000.0,700000.0,840000.0,1200000.0,1200000.0,1400000.0
2024,ZWE,Zimbabwe,64000.0,50000.0,74000.0,740000.0,700000.0,840000.0,1200000.0,1200000.0,1400000.0
