year,countrycode,location,measure,sex,val,lower,upper
1990,AGO,Angola,prevalence,Female,20000.0,12000,33000
1990,AGO,Angola,prevalence,Male,10000.0,,
1990,BDI,Burundi,prevalence,Female,62000.0,27000,100000
1990,BDI,Burundi,prevalence,Male,48000.0,,
1990,BEN,Benin,prevalence,Female,3600.0,2300,5400
1990,BEN,Benin,prevalence,Male,2600.0,,
1990,BFA,Burkina Faso,prevalence,Female,56000.0,36000,89000
1990,BFA,Burkina Faso,prevalence,Male,54000.0,,
1990,BWA,Botswana,prevalence,Female,30000.0,27000,34000
1990,BWA,Botswana,prevalence,Male,21000.0,,
1990,CAF,Central African Republic,prevalence,Female,38000.0,27000,55000
1990,CAF,Central African Republic,prevalence,Male,18000.0,,
1990,CIV,Cote dIvoire,prevalence,Female,170000.0,110000,250000
1990,CIV,Cote dIvoire,prevalence,Male,140000.0,,
1990,CMR,Cameroon,prevalence,Female,30000.0,21000,39000
1990,CMR,Cameroon,prevalence,Male,24000.0,,
1990,COD,Democratic Republic of the Congo,prevalence,Female,230000.0,170000,310000
1990,COD,Democratic Republic of the Congo,prevalence,Male,190000.0,,
1990,COG,Congo,prevalence,Female,38000.0,29000,48000
1990,COG,Congo,prevalence,Male,22000.0,,
1990,DJI,Djibouti,prevalence,Female,1100.0,620,1800
1990,DJI,Djibouti,prevalence,Male,1700.0,,
1990,EGY,Egypt,prevalence,Female,2300.0,1500,3600
1990,EGY,Egypt,prevalence,Male,3000.0,,
1990,ERI,Eritrea,prevalence,Female,8500.0,4900,17000
1990,ERI,Eritrea,prevalence,Male,6500.0,,
1990,ETH,Ethiopia,prevalence,Female,250000.0,210000,300000
1990,ETH,Ethiopia,prevalence,Male,180000.0,,
1990,GAB,Gabon,prevalence,Female,4200.0,2200,7600
1990,GAB,Gabon,prevalence,Male,2100.0,,
1990,GHA,Ghana,prevalence,Female,57000.0,33000,87000
1990,GHA,Ghana,prevalence,Male,39000.0,,
1990,GIN,Guinea,prevalence,Female,6100.0,2100,11000
1990,GIN,Guinea,prevalence,Male,4900.0,,
1990,GMB,Gambia,prevalence,Female,500.0,<500,1100
1990,GMB,Gambia,prevalence,Male,460.0,,
1990,GNB,Guinea-Bissau,prevalence,Female,620.0,<500,920
1990,GNB,Guinea-Bissau,prevalence,Male,480.0,,
1990,KEN,Kenya,prevalence,Female,360000.0,320000,420000
1990,KEN,Kenya,prevalence,Male,230000.0,,
1990,LBR,Liberia,prevalence,Female,9300.0,4000,17000
1990,LBR,Liberia,prevalence,Male,6700.0,,
1990,LSO,Lesotho,prevalence,Female,11000.0,8300,14000
1990,LSO,Lesotho,prevalence,Male,7000.0,,
1990,MAR,Morocco,prevalence,Female,1000.0,640,1800
1990,MAR,Morocco,prevalence,Male,1100.0,,
1990,MLI,Mali,prevalence,Female,24000.0,11000,44000
1990,MLI,Mali,prevalence,Male,19000.0,,
1990,MOZ,Mozambique,prevalence,Female,67000.0,49000,89000
1990,MOZ,Mozambique,prevalence,Male,53000.0,,
1990,MRT,Mauritania,prevalence,Female,900.0,560,2000
1990,MRT,Mauritania,prevalence,Male,900.0,,
1990,MWI,Malawi,prevalence,Female,220000.0,210000,230000
1990,MWI,Malawi,prevalence,Male,180000.0,,
1990,NAM,Namibia,prevalence,Female,9500.0,8100,11000
1990,NAM,Namibia,prevalence,Male,6500.0,,
1990,NER,Niger,prevalence,Female,3900.0,2600,5300
1990,NER,Niger,prevalence,Male,5700.0,,
1990,NGA,Nigeria,prevalence,Female,250000.0,200000,300000
1990,NGA,Nigeria,prevalence,Male,210000.0,,
1990,RWA,Rwanda,prevalence,Female,50000.0,36000,83000
1990,RWA,Rwanda,prevalence,Male,42000.0,,
1990,SDN,Sudan,prevalence,Female,2700.0,1700,5200
1990,SDN,Sudan,prevalence,Male,2600.0,,
1990,SEN,Senegal,prevalence,Female,2300.0,2200,2500
1990,SEN,Senegal,prevalence,Male,3100.0,,
1990,SLE,Sierra Leone,prevalence,Female,7200.0,3800,12000
1990,SLE,Sierra Leone,prevalence,Male,6800.0,,
1990,SOM,Somalia,prevalence,Female,4000.0,1800,8000
1990,SOM,Somalia,prevalence,Male,3500.0,,
1990,SSD,South Sudan,prevalence,Female,14000.0,5700,24000
1990,SSD,South Sudan,prevalence,Male,10000.0,,
1990,SWZ,Eswatini,prevalence,Female,2100.0,1800,2600
1990,SWZ,Eswatini,prevalence,Male,2900.0,,
1990,TCD,Chad,prevalence,Female,17000.0,8900,32000
1990,TCD,Chad,prevalence,Male,15000.0,,
1990,TGO,Togo,prevalence,Female,8800.0,6100,12000
1990,TGO,Togo,prevalence,Male,5200.0,,
1990,TZA,United Republic of Tanzania,prevalence,Female,340000.0,290000,390000
1990,TZA,United Republic of Tanzania,prevalence,Male,270000.0,,
1990,UGA,Uganda,prevalence,Female,470000.0,420000,520000
1990,UGA,Uganda,prevalence,Male,360000.0,,
1990,ZAF,South Africa,prevalence,Female,140000.0,120000,150000
1990,ZAF,South Africa,prevalence,Male,130000.0,,
1990,ZMB,Zambia,prevalence,Female,200000.0,170000,230000
1990,ZMB,Zambia,prevalence,Male,140000.0,,
1990,ZWE,Zimbabwe,prevalence,Female,520000.0,460000,600000
1990,ZWE,Zimbabwe,prevalence,Male,470000.0,,
1991,AGO,Angola,prevalence,Female,25000.0,15000,39000
1991,AGO,Angola,prevalence,Male,11000.0,,
1991,BDI,Burundi,prevalence,Female,69000.0,37000,110000
1991,BDI,Burundi,prevalence,Male,61000.0,,
1991,BEN,Benin,prevalence,Female,5400.0,3800,7700
1991,BEN,Benin,prevalence,Male,3800.0,,
1991,BFA,Burkina Faso,prevalence,Female,61000.0,40000,93000
1991,BFA,Burkina Faso,prevalence,Male,59000.0,,
1991,BWA,Botswana,prevalence,Female,42000.0,39000,47000
1991,BWA,Botswana,prevalence,Male,29000.0,,
1991,CAF,Central African Republic,prevalence,Female,46000.0,34000,68000
1991,CAF,Central African Republic,prevalence,Male,23000.0,,
1991,CIV,Cote dIvoire,prevalence,Female,210000.0,150000,300000
1991,CIV,Cote dIvoire,prevalence,Male,170000.0,,
1991,CMR,Cameroon,prevalence,Female,41000.0,30000,51000
1991,CMR,Cameroon,prevalence,Male,33000.0,,
1991,COD,Democratic Republic of the Congo,prevalence,Female,260000.0,200000,340000
1991,COD,Democratic Republic of the Congo,prevalence,Male,210000.0,,
1991,COG,Congo,prevalence,Female,41000.0,33000,50000
1991,COG,Congo,prevalence,Male,24000.0,,
1991,DJI,Djibouti,prevalence,Female,1600.0,920,2400
1991,DJI,Djibouti,prevalence,Male,2400.0,,
1991,EGY,Egypt,prevalence,Female,2600.0,1700,4300
1991,EGY,Egypt,prevalence,Male,3500.0,,
1991,ERI,Eritrea,prevalence,Female,8700.0,5200,16000
1991,ERI,Eritrea,prevalence,Male,6300.0,,
1991,ETH,Ethiopia,prevalence,Female,320000.0,270000,380000
1991,ETH,Ethiopia,prevalence,Male,220000.0,,
1991,GAB,Gabon,prevalence,Female,5600.0,3000,9600
1991,GAB,Gabon,prevalence,Male,2700.0,,
1991,GHA,Ghana,prevalence,Female,71000.0,45000,100000
1991,GHA,Ghana,prevalence,Male,49000.0,,
1991,GIN,Guinea,prevalence,Female,8000.0,3500,14000
1991,GIN,Guinea,prevalence,Male,7000.0,,
1991,GMB,Gambia,prevalence,Female,730.0,<500,1400
1991,GMB,Gambia,prevalence,Male,670.0,,
1991,GNB,Guinea-Bissau,prevalence,Female,910.0,590,1300
1991,GNB,Guinea-Bissau,prevalence,Male,690.0,,
1991,KEN,Kenya,prevalence,Female,470000.0,420000,550000
1991,KEN,Kenya,prevalence,Male,300000.0,,
1991,LBR,Liberia,prevalence,Female,12000.0,6100,21000
1991,LBR,Liberia,prevalence,Male,9000.0,,
1991,LSO,Lesotho,prevalence,Female,18000.0,14000,22000
1991,LSO,Lesotho,prevalence,Male,11000.0,,
1991,MAR,Morocco,prevalence,Female,1200.0,800,2100
1991,MAR,Morocco,prevalence,Male,1500.0,,
1991,MLI,Mali,prevalence,Female,29000.0,15000,49000
1991,MLI,Mali,prevalence,Male,23000.0,,
1991,MOZ,Mozambique,prevalence,Female,89000.0,68000,110000
1991,MOZ,Mozambique,prevalence,Male,61000.0,,
1991,MRT,Mauritania,prevalence,Female,1200.0,760,2300
1991,MRT,Mauritania,prevalence,Male,1000.0,,
1991,MWI,Malawi,prevalence,Female,270000.0,260000,280000
1991,MWI,Malawi,prevalence,Male,220000.0,,
1991,NAM,Namibia,prevalence,Female,14000.0,12000,16000
1991,NAM,Namibia,prevalence,Male,9000.0,,
1991,NER,Niger,prevalence,Female,5400.0,3700,7100
1991,NER,Niger,prevalence,Male,7600.0,,
1991,NGA,Nigeria,prevalence,Female,310000.0,260000,370000
1991,NGA,Nigeria,prevalence,Male,250000.0,,
1991,RWA,Rwanda,prevalence,Female,63000.0,46000,96000
1991,RWA,Rwanda,prevalence,Male,47000.0,,
1991,SDN,Sudan,prevalence,Female,3200.0,2100,6000
1991,SDN,Sudan,prevalence,Male,3100.0,,
1991,SEN,Senegal,prevalence,Female,3000.0,2800,3300
1991,SEN,Senegal,prevalence,Male,3900.0,,
1991,SLE,Sierra Leone,prevalence,Female,8500.0,4700,13000
1991,SLE,Sierra Leone,prevalence,Male,7500.0,,
1991,SOM,Somalia,prevalence,Female,4200.0,2100,8100
1991,SOM,Somalia,prevalence,Male,3700.0,,
1991,SSD,South Sudan,prevalence,Female,18000.0,7800,29000
1991,SSD,South Sudan,prevalence,Male,13000.0,,
1991,SWZ,Eswatini,prevalence,Female,4600.0,3800,5600
1991,SWZ,Eswatini,prevalence,Male,5400.0,,
1991,TCD,Chad,prevalence,Female,23000.0,12000,39000
1991,TCD,Chad,prevalence,Male,20000.0,,
1991,TGO,Togo,prevalence,Female,12000.0,8600,16000
1991,TGO,Togo,prevalence,Male,7000.0,,
1991,TZA,United Republic of Tanzania,prevalence,Female,400000.0,350000,450000
1991,TZA,United Republic of Tanzania,prevalence,Male,310000.0,,
1991,UGA,Uganda,prevalence,Female,480000.0,440000,540000
1991,UGA,Uganda,prevalence,Male,380000.0,,
1991,ZAF,South Africa,prevalence,Female,220000.0,200000,240000
1991,ZAF,South Africa,prevalence,Male,210000.0,,
1991,ZMB,Zambia,prevalence,Female,230000.0,210000,270000
1991,ZMB,Zambia,prevalence,Male,170000.0,,
1991,ZWE,Zimbabwe,prevalence,Female,640000.0,580000,710000
1991,ZWE,Zimbabwe,prevalence,Male,560000.0,,
1992,AGO,Angola,prevalence,Female,30000.0,19000,45000
1992,AGO,Angola,prevalence,Male,13000.0,,
1992,BDI,Burundi,prevalence,Female,77000.0,47000,110000
1992,BDI,Burundi,prevalence,Male,63000.0,,
1992,BEN,Benin,prevalence,Female,7800.0,6100,11000
1992,BEN,Benin,prevalence,Male,5200.0,,
1992,BFA,Burkina Faso,prevalence,Female,65000.0,45000,94000
1992,BFA,Burkina Faso,prevalence,Male,55000.0,,
1992,BWA,Botswana,prevalence,Female,57000.0,53000,62000
1992,BWA,Botswana,prevalence,Male,38000.0,,
1992,CAF,Central African Republic,prevalence,Female,55000.0,42000,78000
1992,CAF,Central African Republic,prevalence,Male,27000.0,,
1992,CIV,Cote dIvoire,prevalence,Female,250000.0,180000,330000
1992,CIV,Cote dIvoire,prevalence,Male,190000.0,,
1992,CMR,Cameroon,prevalence,Female,56000.0,42000,67000
1992,CMR,Cameroon,prevalence,Male,43000.0,,
1992,COD,Democratic Republic of the Congo,prevalence,Female,280000.0,220000,370000
1992,COD,Democratic Republic of the Congo,prevalence,Male,230000.0,,
1992,COG,Congo,prevalence,Female,44000.0,36000,53000
1992,COG,Congo,prevalence,Male,25000.0,,
1992,DJI,Djibouti,prevalence,Female,2100.0,1200,3000
1992,DJI,Djibouti,prevalence,Male,2800.0,,
1992,EGY,Egypt,prevalence,Female,2900.0,1900,4700
1992,EGY,Egypt,prevalence,Male,4100.0,,
1992,ERI,Eritrea,prevalence,Female,9900.0,6200,17000
1992,ERI,Eritrea,prevalence,Male,7100.0,,
1992,ETH,Ethiopia,prevalence,Female,380000.0,320000,450000
1992,ETH,Ethiopia,prevalence,Male,250000.0,,
1992,GAB,Gabon,prevalence,Female,7300.0,4100,12000
1992,GAB,Gabon,prevalence,Male,3700.0,,
1992,GHA,Ghana,prevalence,Female,86000.0,58000,110000
1992,GHA,Ghana,prevalence,Male,54000.0,,
1992,GIN,Guinea,prevalence,Female,10000.0,4700,16000
1992,GIN,Guinea,prevalence,Male,9000.0,,
1992,GMB,Gambia,prevalence,Female,1100.0,560,1900
1992,GMB,Gambia,prevalence,Male,900.0,,
1992,GNB,Guinea-Bissau,prevalence,Female,1300.0,870,1900
1992,GNB,Guinea-Bissau,prevalence,Male,1000.0,,
1992,KEN,Kenya,prevalence,Female,590000.0,530000,680000
1992,KEN,Kenya,prevalence,Male,350000.0,,
1992,LBR,Liberia,prevalence,Female,15000.0,8100,23000
1992,LBR,Liberia,prevalence,Male,11000.0,,
1992,LSO,Lesotho,prevalence,Female,28000.0,24000,34000
1992,LSO,Lesotho,prevalence,Male,17000.0,,
1992,MAR,Morocco,prevalence,Female,1500.0,1000,2300
1992,MAR,Morocco,prevalence,Male,1800.0,,
1992,MLI,Mali,prevalence,Female,34000.0,20000,53000
1992,MLI,Mali,prevalence,Male,27000.0,,
1992,MOZ,Mozambique,prevalence,Female,110000.0,90000,140000
1992,MOZ,Mozambique,prevalence,Male,80000.0,,
1992,MRT,Mauritania,prevalence,Female,1500.0,1000,2700
1992,MRT,Mauritania,prevalence,Male,1400.0,,
1992,MWI,Malawi,prevalence,Female,320000.0,310000,340000
1992,MWI,Malawi,prevalence,Male,260000.0,,
1992,NAM,Namibia,prevalence,Female,19000.0,17000,22000
1992,NAM,Namibia,prevalence,Male,13000.0,,
1992,NER,Niger,prevalence,Female,7100.0,5300,9300
1992,NER,Niger,prevalence,Male,10900.0,,
1992,NGA,Nigeria,prevalence,Female,380000.0,320000,440000
1992,NGA,Nigeria,prevalence,Male,300000.0,,
1992,RWA,Rwanda,prevalence,Female,76000.0,57000,110000
1992,RWA,Rwanda,prevalence,Male,64000.0,,
1992,SDN,Sudan,prevalence,Female,3800.0,2500,6700
1992,SDN,Sudan,prevalence,Male,3700.0,,
1992,SEN,Senegal,prevalence,Female,3900.0,3700,4200
1992,SEN,Senegal,prevalence,Male,4800.0,,
1992,SLE,Sierra Leone,prevalence,Female,10000.0,5800,15000
1992,SLE,Sierra Leone,prevalence,Male,8000.0,,
1992,SOM,Somalia,prevalence,Female,4500.0,2400,8300
1992,SOM,Somalia,prevalence,Male,4000.0,,
1992,SSD,South Sudan,prevalence,Female,22000.0,10000,33000
1992,SSD,South Sudan,prevalence,Male,16000.0,,
1992,SWZ,Eswatini,prevalence,Female,8800.0,7500,11000
1992,SWZ,Eswatini,prevalence,Male,10200.0,,
1992,TCD,Chad,prevalence,Female,28000.0,16000,44000
1992,TCD,Chad,prevalence,Male,24000.0,,
1992,TGO,Togo,prevalence,Female,16000.0,12000,21000
1992,TGO,Togo,prevalence,Male,10000.0,,
1992,TZA,United Republic of Tanzania,prevalence,Female,450000.0,400000,510000
1992,TZA,United Republic of Tanzania,prevalence,Male,340000.0,,
1992,UGA,Uganda,prevalence,Female,500000.0,450000,540000
1992,UGA,Uganda,prevalence,Male,370000.0,,
1992,ZAF,South Africa,prevalence,Female,340000.0,310000,380000
1992,ZAF,South Africa,prevalence,Male,300000.0,,
1992,ZMB,Zambia,prevalence,Female,270000.0,240000,300000
1992,ZMB,Zambia,prevalence,Male,180000.0,,
1992,ZWE,Zimbabwe,prevalence,Female,740000.0,680000,810000
1992,ZWE,Zimbabwe,prevalence,Male,660000.0,,
1993,AGO,Angola,prevalence,Female,35000.0,23000,52000
1993,AGO,Angola,prevalence,Male,16000.0,,
1993,BDI,Burundi,prevalence,Female,59000.0,41000,80000
1993,BDI,Burundi,prevalence,Male,51000.0,,
1993,BEN,Benin,prevalence,Female,12000.0,9200,15000
1993,BEN,Benin,prevalence,Male,7000.0,,
1993,BFA,Burkina Faso,prevalence,Female,68000.0,48000,92000
1993,BFA,Burkina Faso,prevalence,Male,62000.0,,
1993,BWA,Botswana,prevalence,Female,73000.0,68000,79000
1993,BWA,Botswana,prevalence,Male,47000.0,,
1993,CAF,Central African Republic,prevalence,Female,64000.0,49000,88000
1993,CAF,Central African Republic,prevalence,Male,31000.0,,
1993,CIV,Cote dIvoire,prevalence,Female,290000.0,220000,370000
1993,CIV,Cote dIvoire,prevalence,Male,210000.0,,
1993,CMR,Cameroon,prevalence,Female,74000.0,57000,86000
1993,CMR,Cameroon,prevalence,Male,56000.0,,
1993,COD,Democratic Republic of the Congo,prevalence,Female,310000.0,240000,400000
1993,COD,Democratic Republic of the Congo,prevalence,Male,240000.0,,
1993,COG,Congo,prevalence,Female,46000.0,38000,55000
1993,COG,Congo,prevalence,Male,26000.0,,
1993,CPV,Cape Verde,prevalence,Female,520.0,<500,640
1993,CPV,Cape Verde,prevalence,Male,580.0,,
1993,DJI,Djibouti,prevalence,Female,2700.0,1600,3800
1993,DJI,Djibouti,prevalence,Male,3600.0,,
1993,EGY,Egypt,prevalence,Female,3200.0,2000,5100
1993,EGY,Egypt,prevalence,Male,4600.0,,
1993,ERI,Eritrea,prevalence,Female,12000.0,7700,20000
1993,ERI,Eritrea,prevalence,Male,8000.0,,
1993,ETH,Ethiopia,prevalence,Female,430000.0,360000,510000
1993,ETH,Ethiopia,prevalence,Male,280000.0,,
1993,GAB,Gabon,prevalence,Female,9200.0,5500,15000
1993,GAB,Gabon,prevalence,Male,3800.0,,
1993,GHA,Ghana,prevalence,Female,100000.0,73000,130000
1993,GHA,Ghana,prevalence,Male,60000.0,,
1993,GIN,Guinea,prevalence,Female,13000.0,6100,19000
1993,GIN,Guinea,prevalence,Male,10000.0,,
1993,GMB,Gambia,prevalence,Female,1500.0,870,2400
1993,GMB,Gambia,prevalence,Male,1300.0,,
1993,GNB,Guinea-Bissau,prevalence,Female,1900.0,1300,2700
1993,GNB,Guinea-Bissau,prevalence,Male,1400.0,,
1993,KEN,Kenya,prevalence,Female,690000.0,620000,800000
1993,KEN,Kenya,prevalence,Male,410000.0,,
1993,LBR,Liberia,prevalence,Female,17000.0,10000,25000
1993,LBR,Liberia,prevalence,Male,12000.0,,
1993,LSO,Lesotho,prevalence,Female,42000.0,35000,49000
1993,LSO,Lesotho,prevalence,Male,25000.0,,
1993,MAR,Morocco,prevalence,Female,1800.0,1200,2600
1993,MAR,Morocco,prevalence,Male,2200.0,,
1993,MLI,Mali,prevalence,Female,39000.0,24000,56000
1993,MLI,Mali,prevalence,Male,30000.0,,
1993,MOZ,Mozambique,prevalence,Female,150000.0,120000,180000
1993,MOZ,Mozambique,prevalence,Male,100000.0,,
1993,MRT,Mauritania,prevalence,Female,1900.0,1300,3100
1993,MRT,Mauritania,prevalence,Male,1600.0,,
1993,MWI,Malawi,prevalence,Female,360000.0,340000,380000
1993,MWI,Malawi,prevalence,Male,280000.0,,
1993,NAM,Namibia,prevalence,Female,27000.0,24000,30000
1993,NAM,Namibia,prevalence,Male,17000.0,,
1993,NER,Niger,prevalence,Female,9100.0,7100,12000
1993,NER,Niger,prevalence,Male,12900.0,,
1993,NGA,Nigeria,prevalence,Female,450000.0,390000,520000
1993,NGA,Nigeria,prevalence,Male,350000.0,,
1993,RWA,Rwanda,prevalence,Female,92000.0,71000,120000
1993,RWA,Rwanda,prevalence,Male,68000.0,,
1993,SDN,Sudan,prevalence,Female,4400.0,2900,7500
1993,SDN,Sudan,prevalence,Male,4200.0,,
1993,SEN,Senegal,prevalence,Female,4900.0,4700,5300
1993,SEN,Senegal,prevalence,Male,6100.0,,
1993,SLE,Sierra Leone,prevalence,Female,12000.0,7100,17000
1993,SLE,Sierra Leone,prevalence,Male,9000.0,,
1993,SOM,Somalia,prevalence,Female,5100.0,2900,9000
1993,SOM,Somalia,prevalence,Male,4500.0,,
1993,SSD,South Sudan,prevalence,Female,26000.0,13000,37000
1993,SSD,South Sudan,prevalence,Male,19000.0,,
1993,SWZ,Eswatini,prevalence,Female,15000.0,13000,18000
1993,SWZ,Eswatini,prevalence,Male,16000.0,,
1993,TCD,Chad,prevalence,Female,32000.0,20000,48000
1993,TCD,Chad,prevalence,Male,26000.0,,
1993,TGO,Togo,prevalence,Female,19000.0,15000,25000
1993,TGO,Togo,prevalence,Male,12000.0,,
1993,TZA,United Republic of Tanzania,prevalence,Female,510000.0,460000,570000
1993,TZA,United Republic of Tanzania,prevalence,Male,380000.0,,
1993,UGA,Uganda,prevalence,Female,510000.0,460000,560000
1993,UGA,Uganda,prevalence,Male,370000.0,,
1993,ZAF,South Africa,prevalence,Female,500000.0,450000,560000
1993,ZAF,South Africa,prevalence,Male,420000.0,,
1993,ZMB,Zambia,prevalence,Female,300000.0,270000,330000
1993,ZMB,Zambia,prevalence,Male,200000.0,,
1993,ZWE,Zimbabwe,prevalence,Female,820000.0,760000,880000
1993,ZWE,Zimbabwe,prevalence,Male,680000.0,,
1994,AGO,Angola,prevalence,Female,41000.0,27000,59000
1994,AGO,Angola,prevalence,Male,18000.0,,
1994,BDI,Burundi,prevalence,Female,81000.0,60000,110000
1994,BDI,Burundi,prevalence,Male,59000.0,,
1994,BEN,Benin,prevalence,Female,15000.0,12000,19000
1994,BEN,Benin,prevalence,Male,10000.0,,
1994,BFA,Burkina Faso,prevalence,Female,69000.0,52000,91000
1994,BFA,Burkina Faso,prevalence,Male,61000.0,,
1994,BWA,Botswana,prevalence,Female,90000.0,84000,96000
1994,BWA,Botswana,prevalence,Male,60000.0,,
1994,CAF,Central African Republic,prevalence,Female,72000.0,56000,98000
1994,CAF,Central African Republic,prevalence,Male,38000.0,,
1994,CIV,Cote dIvoire,prevalence,Female,320000.0,260000,400000
1994,CIV,Cote dIvoire,prevalence,Male,240000.0,,
1994,CMR,Cameroon,prevalence,Female,96000.0,76000,110000
1994,CMR,Cameroon,prevalence,Male,74000.0,,
1994,COD,Democratic Republic of the Congo,prevalence,Female,340000.0,270000,440000
1994,COD,Democratic Republic of the Congo,prevalence,Male,260000.0,,
1994,COG,Congo,prevalence,Female,48000.0,40000,57000
1994,COG,Congo,prevalence,Male,26000.0,,
1994,CPV,Cape Verde,prevalence,Female,550.0,<500,680
1994,CPV,Cape Verde,prevalence,Male,650.0,,
1994,DJI,Djibouti,prevalence,Female,3200.0,2000,4300
1994,DJI,Djibouti,prevalence,Male,4200.0,,
1994,EGY,Egypt,prevalence,Female,3500.0,2200,5500
1994,EGY,Egypt,prevalence,Male,5100.0,,
1994,ERI,Eritrea,prevalence,Female,13000.0,8400,20000
1994,ERI,Eritrea,prevalence,Male,9000.0,,
1994,ETH,Ethiopia,prevalence,Female,460000.0,390000,560000
1994,ETH,Ethiopia,prevalence,Male,300000.0,,
1994,GAB,Gabon,prevalence,Female,11000.0,7000,18000
1994,GAB,Gabon,prevalence,Male,6000.0,,
1994,GHA,Ghana,prevalence,Female,110000.0,88000,140000
1994,GHA,Ghana,prevalence,Male,80000.0,,
1994,GIN,Guinea,prevalence,Female,16000.0,8400,23000
1994,GIN,Guinea,prevalence,Male,12000.0,,
1994,GMB,Gambia,prevalence,Female,2000.0,1200,3100
1994,GMB,Gambia,prevalence,Male,1700.0,,
1994,GNB,Guinea-Bissau,prevalence,Female,2800.0,1900,3800
1994,GNB,Guinea-Bissau,prevalence,Male,1900.0,,
1994,KEN,Kenya,prevalence,Female,770000.0,690000,890000
1994,KEN,Kenya,prevalence,Male,430000.0,,
1994,LBR,Liberia,prevalence,Female,17000.0,12000,24000
1994,LBR,Liberia,prevalence,Male,12000.0,,
1994,LSO,Lesotho,prevalence,Female,57000.0,50000,68000
1994,LSO,Lesotho,prevalence,Male,36000.0,,
1994,MAR,Morocco,prevalence,Female,2100.0,1500,3000
1994,MAR,Morocco,prevalence,Male,2600.0,,
1994,MLI,Mali,prevalence,Female,43000.0,29000,62000
1994,MLI,Mali,prevalence,Male,33000.0,,
1994,MOZ,Mozambique,prevalence,Female,190000.0,160000,240000
1994,MOZ,Mozambique,prevalence,Male,140000.0,,
1994,MRT,Mauritania,prevalence,Female,2300.0,1700,3500
1994,MRT,Mauritania,prevalence,Male,1900.0,,
1994,MWI,Malawi,prevalence,Female,380000.0,370000,400000
1994,MWI,Malawi,prevalence,Male,300000.0,,
1994,NAM,Namibia,prevalence,Female,35000.0,32000,39000
1994,NAM,Namibia,prevalence,Male,22000.0,,
1994,NER,Niger,prevalence,Female,11000.0,9000,14000
1994,NER,Niger,prevalence,Male,15000.0,,
1994,NGA,Nigeria,prevalence,Female,520000.0,460000,600000
1994,NGA,Nigeria,prevalence,Male,400000.0,,
1994,RWA,Rwanda,prevalence,Female,64000.0,51000,81000
1994,RWA,Rwanda,prevalence,Male,46000.0,,
1994,SDN,Sudan,prevalence,Female,5000.0,3400,8100
1994,SDN,Sudan,prevalence,Male,4700.0,,
1994,SEN,Senegal,prevalence,Female,6100.0,5800,6600
1994,SEN,Senegal,prevalence,Male,6900.0,,
1994,SLE,Sierra Leone,prevalence,Female,13000.0,8700,19000
1994,SLE,Sierra Leone,prevalence,Male,11000.0,,
1994,SOM,Somalia,prevalence,Female,5400.0,3300,9300
1994,SOM,Somalia,prevalence,Male,4600.0,,
1994,SSD,South Sudan,prevalence,Female,32000.0,17000,44000
1994,SSD,South Sudan,prevalence,Male,22000.0,,
1994,SWZ,Eswatini,prevalence,Female,21000.0,18000,25000
1994,SWZ,Eswatini,prevalence,Male,21000.0,,
1994,TCD,Chad,prevalence,Female,36000.0,24000,53000
1994,TCD,Chad,prevalence,Male,30000.0,,
1994,TGO,Togo,prevalence,Female,25000.0,19000,32000
1994,TGO,Togo,prevalence,Male,14000.0,,
1994,TZA,United Republic of Tanzania,prevalence,Female,560000.0,510000,620000
1994,TZA,United Republic of Tanzania,prevalence,Male,420000.0,,
1994,UGA,Uganda,prevalence,Female,510000.0,470000,560000
1994,UGA,Uganda,prevalence,Male,380000.0,,
1994,ZAF,South Africa,prevalence,Female,700000.0,620000,770000
1994,ZAF,South Africa,prevalence,Male,600000.0,,
1994,ZMB,Zambia,prevalence,Female,320000.0,300000,350000
1994,ZMB,Zambia,prevalence,Male,210000.0,,
1994,ZWE,Zimbabwe,prevalence,Female,880000.0,820000,950000
1994,ZWE,Zimbabwe,prevalence,Male,720000.0,,
1995,AGO,Angola,prevalence,Female,47000.0,33000,65000
1995,AGO,Angola,prevalence,Male,20000.0,,
1995,BDI,Burundi,prevalence,Female,77000.0,60000,97000
1995,BDI,Burundi,prevalence,Male,63000.0,,
1995,BEN,Benin,prevalence,Female,19000.0,16000,23000
1995,BEN,Benin,prevalence,Male,12000.0,,
1995,BFA,Burkina Faso,prevalence,Female,69000.0,55000,90000
1995,BFA,Burkina Faso,prevalence,Male,61000.0,,
1995,BWA,Botswana,prevalence,Female,110000.0,100000,110000
1995,BWA,Botswana,prevalence,Male,70000.0,,
1995,CAF,Central African Republic,prevalence,Female,79000.0,62000,100000
1995,CAF,Central African Republic,prevalence,Male,41000.0,,
1995,CIV,Cote dIvoire,prevalence,Female,350000.0,290000,410000
1995,CIV,Cote dIvoire,prevalence,Male,250000.0,,
1995,CMR,Cameroon,prevalence,Female,120000.0,98000,140000
1995,CMR,Cameroon,prevalence,Male,90000.0,,
1995,COD,Democratic Republic of the Congo,prevalence,Female,350000.0,280000,440000
1995,COD,Democratic Republic of the Congo,prevalence,Male,270000.0,,
1995,COG,Congo,prevalence,Female,49000.0,41000,58000
1995,COG,Congo,prevalence,Male,26000.0,,
1995,CPV,Cape Verde,prevalence,Female,590.0,<500,730
1995,CPV,Cape Verde,prevalence,Male,610.0,,
1995,DJI,Djibouti,prevalence,Female,3800.0,2500,5100
1995,DJI,Djibouti,prevalence,Male,4900.0,,
1995,EGY,Egypt,prevalence,Female,3700.0,2500,5800
1995,EGY,Egypt,prevalence,Male,5700.0,,
1995,ERI,Eritrea,prevalence,Female,16000.0,10000,24000
1995,ERI,Eritrea,prevalence,Male,11000.0,,
1995,ETH,Ethiopia,prevalence,Female,490000.0,410000,580000
1995,ETH,Ethiopia,prevalence,Male,310000.0,,
1995,GAB,Gabon,prevalence,Female,14000.0,8900,22000
1995,GAB,Gabon,prevalence,Male,6000.0,,
1995,GHA,Ghana,prevalence,Female,130000.0,100000,150000
1995,GHA,Ghana,prevalence,Male,70000.0,,
1995,GIN,Guinea,prevalence,Female,19000.0,11000,27000
1995,GIN,Guinea,prevalence,Male,15000.0,,
1995,GMB,Gambia,prevalence,Female,2600.0,1700,3800
1995,GMB,Gambia,prevalence,Male,2200.0,,
1995,GNB,Guinea-Bissau,prevalence,Female,4000.0,2700,5100
1995,GNB,Guinea-Bissau,prevalence,Male,2600.0,,
1995,KEN,Kenya,prevalence,Female,830000.0,740000,960000
1995,KEN,Kenya,prevalence,Male,470000.0,,
1995,LBR,Liberia,prevalence,Female,18000.0,13000,25000
1995,LBR,Liberia,prevalence,Male,13000.0,,
1995,LSO,Lesotho,prevalence,Female,74000.0,65000,87000
1995,LSO,Lesotho,prevalence,Male,46000.0,,
1995,MAR,Morocco,prevalence,Female,2500.0,1800,3300
1995,MAR,Morocco,prevalence,Male,3000.0,,
1995,MLI,Mali,prevalence,Female,47000.0,34000,64000
1995,MLI,Mali,prevalence,Male,35000.0,,
1995,MOZ,Mozambique,prevalence,Female,240000.0,200000,280000
1995,MOZ,Mozambique,prevalence,Male,160000.0,,
1995,MRT,Mauritania,prevalence,Female,2600.0,2000,3700
1995,MRT,Mauritania,prevalence,Male,2300.0,,
1995,MWI,Malawi,prevalence,Female,420000.0,400000,440000
1995,MWI,Malawi,prevalence,Male,310000.0,,
1995,NAM,Namibia,prevalence,Female,44000.0,40000,49000
1995,NAM,Namibia,prevalence,Male,29000.0,,
1995,NER,Niger,prevalence,Female,13000.0,11000,16000
1995,NER,Niger,prevalence,Male,17000.0,,
1995,NGA,Nigeria,prevalence,Female,590000.0,530000,670000
1995,NGA,Nigeria,prevalence,Male,410000.0,,
1995,RWA,Rwanda,prevalence,Female,78000.0,64000,93000
1995,RWA,Rwanda,prevalence,Male,52000.0,,
1995,SDN,Sudan,prevalence,Female,5500.0,3900,8600
1995,SDN,Sudan,prevalence,Male,5500.0,,
1995,SEN,Senegal,prevalence,Female,7500.0,7100,8000
1995,SEN,Senegal,prevalence,Male,8500.0,,
1995,SLE,Sierra Leone,prevalence,Female,15000.0,10000,21000
1995,SLE,Sierra Leone,prevalence,Male,12000.0,,
1995,SOM,Somalia,prevalence,Female,5700.0,3600,9500
1995,SOM,Somalia,prevalence,Male,5300.0,,
1995,SSD,South Sudan,prevalence,Female,36000.0,20000,50000
1995,SSD,South Sudan,prevalence,Male,26000.0,,
1995,SWZ,Eswatini,prevalence,Female,31000.0,26000,35000
1995,SWZ,Eswatini,prevalence,Male,28000.0,,
1995,TCD,Chad,prevalence,Female,42000.0,29000,60000
1995,TCD,Chad,prevalence,Male,34000.0,,
1995,TGO,Togo,prevalence,Female,31000.0,24000,40000
1995,TGO,Togo,prevalence,Male,18000.0,,
1995,TZA,United Republic of Tanzania,prevalence,Female,590000.0,540000,650000
1995,TZA,United Republic of Tanzania,prevalence,Male,410000.0,,
1995,UGA,Uganda,prevalence,Female,510000.0,480000,560000
1995,UGA,Uganda,prevalence,Male,380000.0,,
1995,ZAF,South Africa,prevalence,Female,920000.0,830000,1000000
1995,ZAF,South Africa,prevalence,Male,680000.0,,
1995,ZMB,Zambia,prevalence,Female,340000.0,320000,370000
1995,ZMB,Zambia,prevalence,Male,220000.0,,
1995,ZWE,Zimbabwe,prevalence,Female,920000.0,860000,990000
1995,ZWE,Zimbabwe,prevalence,Male,780000.0,,
1996,AGO,Angola,prevalence,Female,53000.0,38000,71000
1996,AGO,Angola,prevalence,Male,23000.0,,
1996,BDI,Burundi,prevalence,Female,71000.0,57000,87000
1996,BDI,Burundi,prevalence,Male,49000.0,,
1996,BEN,Benin,prevalence,Female,22000.0,19000,27000
1996,BEN,Benin,prevalence,Male,15000.0,,
1996,BFA,Burkina Faso,prevalence,Female,68000.0,56000,87000
1996,BFA,Burkina Faso,prevalence,Male,62000.0,,
1996,BWA,Botswana,prevalence,Female,120000.0,110000,130000
1996,BWA,Botswana,prevalence,Male,80000.0,,
1996,CAF,Central African Republic,prevalence,Female,84000.0,67000,110000
1996,CAF,Central African Republic,prevalence,Male,46000.0,,
1996,CIV,Cote dIvoire,prevalence,Female,370000.0,320000,420000
1996,CIV,Cote dIvoire,prevalence,Male,260000.0,,
1996,CMR,Cameroon,prevalence,Female,150000.0,120000,160000
1996,CMR,Cameroon,prevalence,Male,100000.0,,
1996,COD,Democratic Republic of the Congo,prevalence,Female,350000.0,280000,440000
1996,COD,Democratic Republic of the Congo,prevalence,Male,270000.0,,
1996,COG,Congo,prevalence,Female,50000.0,43000,60000
1996,COG,Congo,prevalence,Male,26000.0,,
1996,CPV,Cape Verde,prevalence,Female,620.0,<500,760
1996,CPV,Cape Verde,prevalence,Male,680.0,,
1996,DJI,Djibouti,prevalence,Female,4400.0,3100,5700
1996,DJI,Djibouti,prevalence,Male,5600.0,,
1996,DZA,Algeria,prevalence,Female,560.0,520,600
1996,DZA,Algeria,prevalence,Male,740.0,,
1996,EGY,Egypt,prevalence,Female,3900.0,2600,6100
1996,EGY,Egypt,prevalence,Male,6100.0,,
1996,ERI,Eritrea,prevalence,Female,15000.0,11000,23000
1996,ERI,Eritrea,prevalence,Male,11000.0,,
1996,ETH,Ethiopia,prevalence,Female,500000.0,420000,600000
1996,ETH,Ethiopia,prevalence,Male,310000.0,,
1996,GAB,Gabon,prevalence,Female,16000.0,11000,24000
1996,GAB,Gabon,prevalence,Male,7000.0,,
1996,GHA,Ghana,prevalence,Female,140000.0,110000,160000
1996,GHA,Ghana,prevalence,Male,80000.0,,
1996,GIN,Guinea,prevalence,Female,23000.0,14000,31000
1996,GIN,Guinea,prevalence,Male,17000.0,,
1996,GMB,Gambia,prevalence,Female,3300.0,2200,4600
1996,GMB,Gambia,prevalence,Male,2800.0,,
1996,GNB,Guinea-Bissau,prevalence,Female,5600.0,3700,6900
1996,GNB,Guinea-Bissau,prevalence,Male,3600.0,,
1996,KEN,Kenya,prevalence,Female,870000.0,780000,1000000
1996,KEN,Kenya,prevalence,Male,530000.0,,
1996,LBR,Liberia,prevalence,Female,19000.0,14000,25000
1996,LBR,Liberia,prevalence,Male,13000.0,,
1996,LSO,Lesotho,prevalence,Female,89000.0,79000,100000
1996,LSO,Lesotho,prevalence,Male,51000.0,,
1996,MAR,Morocco,prevalence,Female,2900.0,2200,3800
1996,MAR,Morocco,prevalence,Male,3500.0,,
1996,MDG,Madagascar,prevalence,Female,630.0,<500,1200
1996,MDG,Madagascar,prevalence,Male,1070.0,,
1996,MLI,Mali,prevalence,Female,50000.0,37000,65000
1996,MLI,Mali,prevalence,Male,37000.0,,
1996,MOZ,Mozambique,prevalence,Female,290000.0,250000,340000
1996,MOZ,Mozambique,prevalence,Male,190000.0,,
1996,MRT,Mauritania,prevalence,Female,3000.0,2300,4100
1996,MRT,Mauritania,prevalence,Male,2700.0,,
1996,MWI,Malawi,prevalence,Female,440000.0,420000,470000
1996,MWI,Malawi,prevalence,Male,330000.0,,
1996,NAM,Namibia,prevalence,Female,54000.0,49000,60000
1996,NAM,Namibia,prevalence,Male,34000.0,,
1996,NER,Niger,prevalence,Female,15000.0,12000,18000
1996,NER,Niger,prevalence,Male,19000.0,,
1996,NGA,Nigeria,prevalence,Female,650000.0,580000,740000
1996,NGA,Nigeria,prevalence,Male,450000.0,,
1996,RWA,Rwanda,prevalence,Female,100000.0,87000,120000
1996,RWA,Rwanda,prevalence,Male,70000.0,,
1996,SDN,Sudan,prevalence,Female,6000.0,4300,9200
1996,SDN,Sudan,prevalence,Male,6000.0,,
1996,SEN,Senegal,prevalence,Female,9000.0,8600,9700
1996,SEN,Senegal,prevalence,Male,11000.0,,
1996,SLE,Sierra Leone,prevalence,Female,17000.0,12000,22000
1996,SLE,Sierra Leone,prevalence,Male,13000.0,,
1996,SOM,Somalia,prevalence,Female,5900.0,3900,9300
1996,SOM,Somalia,prevalence,Male,5100.0,,
1996,SSD,South Sudan,prevalence,Female,41000.0,23000,56000
1996,SSD,South Sudan,prevalence,Male,27000.0,,
1996,SWZ,Eswatini,prevalence,Female,41000.0,36000,45000
1996,SWZ,Eswatini,prevalence,Male,35000.0,,
1996,TCD,Chad,prevalence,Female,46000.0,32000,62000
1996,TCD,Chad,prevalence,Male,36000.0,,
1996,TGO,Togo,prevalence,Female,37000.0,29000,46000
1996,TGO,Togo,prevalence,Male,22000.0,,
1996,TZA,United Republic of Tanzania,prevalence,Female,600000.0,550000,660000
1996,TZA,United Republic of Tanzania,prevalence,Male,400000.0,,
1996,UGA,Uganda,prevalence,Female,520000.0,480000,560000
1996,UGA,Uganda,prevalence,Male,370000.0,,
1996,ZAF,South Africa,prevalence,Female,1200000.0,1000000,1300000
1996,ZAF,South Africa,prevalence,Male,800000.0,,
1996,ZMB,Zambia,prevalence,Female,360000.0,330000,390000
1996,ZMB,Zambia,prevalence,Male,230000.0,,
1996,ZWE,Zimbabwe,prevalence,Female,940000.0,880000,1000000
1996,ZWE,Zimbabwe,prevalence,Male,760000.0,,
1997,AGO,Angola,prevalence,Female,60000.0,44000,78000
1997,AGO,Angola,prevalence,Male,25000.0,,
1997,BDI,Burundi,prevalence,Female,68000.0,57000,82000
1997,BDI,Burundi,prevalence,Male,52000.0,,
1997,BEN,Benin,prevalence,Female,26000.0,22000,30000
1997,BEN,Benin,prevalence,Male,17000.0,,
1997,BFA,Burkina Faso,prevalence,Female,67000.0,56000,85000
1997,BFA,Burkina Faso,prevalence,Male,53000.0,,
1997,BWA,Botswana,prevalence,Female,130000.0,130000,140000
1997,BWA,Botswana,prevalence,Male,90000.0,,
1997,CAF,Central African Republic,prevalence,Female,88000.0,71000,110000
1997,CAF,Central African Republic,prevalence,Male,42000.0,,
1997,CIV,Cote dIvoire,prevalence,Female,380000.0,330000,440000
1997,CIV,Cote dIvoire,prevalence,Male,270000.0,,
1997,CMR,Cameroon,prevalence,Female,170000.0,150000,190000
1997,CMR,Cameroon,prevalence,Male,130000.0,,
1997,COD,Democratic Republic of the Congo,prevalence,Female,350000.0,280000,440000
1997,COD,Democratic Republic of the Congo,prevalence,Male,270000.0,,
1997,COG,Congo,prevalence,Female,50000.0,43000,59000
1997,COG,Congo,prevalence,Male,25000.0,,
1997,CPV,Cape Verde,prevalence,Female,650.0,<500,790
1997,CPV,Cape Verde,prevalence,Male,750.0,,
1997,DJI,Djibouti,prevalence,Female,5100.0,3800,6600
1997,DJI,Djibouti,prevalence,Male,5900.0,,
1997,DZA,Algeria,prevalence,Female,660.0,620,700
1997,DZA,Algeria,prevalence,Male,840.0,,
1997,EGY,Egypt,prevalence,Female,4100.0,2800,6200
1997,EGY,Egypt,prevalence,Male,6900.0,,
1997,ERI,Eritrea,prevalence,Female,16000.0,11000,23000
1997,ERI,Eritrea,prevalence,Male,11000.0,,
1997,ETH,Ethiopia,prevalence,Female,500000.0,420000,600000
1997,ETH,Ethiopia,prevalence,Male,320000.0,,
1997,GAB,Gabon,prevalence,Female,18000.0,13000,27000
1997,GAB,Gabon,prevalence,Male,8000.0,,
1997,GHA,Ghana,prevalence,Female,140000.0,130000,170000
1997,GHA,Ghana,prevalence,Male,90000.0,,
1997,GIN,Guinea,prevalence,Female,26000.0,18000,35000
1997,GIN,Guinea,prevalence,Male,19000.0,,
1997,GMB,Gambia,prevalence,Female,4100.0,2800,5700
1997,GMB,Gambia,prevalence,Male,3300.0,,
1997,GNB,Guinea-Bissau,prevalence,Female,7500.0,5300,9100
1997,GNB,Guinea-Bissau,prevalence,Male,4500.0,,
1997,KEN,Kenya,prevalence,Female,890000.0,800000,1000000
1997,KEN,Kenya,prevalence,Male,510000.0,,
1997,LBR,Liberia,prevalence,Female,22000.0,18000,28000
1997,LBR,Liberia,prevalence,Male,16000.0,,
1997,LSO,Lesotho,prevalence,Female,100000.0,92000,120000
1997,LSO,Lesotho,prevalence,Male,70000.0,,
1997,MAR,Morocco,prevalence,Female,3300.0,2500,4100
1997,MAR,Morocco,prevalence,Male,3900.0,,
1997,MDG,Madagascar,prevalence,Female,790.0,<500,1600
1997,MDG,Madagascar,prevalence,Male,1310.0,,
1997,MLI,Mali,prevalence,Female,52000.0,41000,66000
1997,MLI,Mali,prevalence,Male,38000.0,,
1997,MOZ,Mozambique,prevalence,Female,340000.0,300000,390000
1997,MOZ,Mozambique,prevalence,Male,220000.0,,
1997,MRT,Mauritania,prevalence,Female,3400.0,2600,4500
1997,MRT,Mauritania,prevalence,Male,3100.0,,
1997,MWI,Malawi,prevalence,Female,460000.0,440000,490000
1997,MWI,Malawi,prevalence,Male,350000.0,,
1997,NAM,Namibia,prevalence,Female,63000.0,58000,69000
1997,NAM,Namibia,prevalence,Male,37000.0,,
1997,NER,Niger,prevalence,Female,16000.0,14000,19000
1997,NER,Niger,prevalence,Male,20000.0,,
1997,NGA,Nigeria,prevalence,Female,710000.0,640000,810000
1997,NGA,Nigeria,prevalence,Male,490000.0,,
1997,RWA,Rwanda,prevalence,Female,120000.0,100000,130000
1997,RWA,Rwanda,prevalence,Male,70000.0,,
1997,SDN,Sudan,prevalence,Female,6600.0,4800,9800
1997,SDN,Sudan,prevalence,Male,6400.0,,
1997,SEN,Senegal,prevalence,Female,11000.0,10000,12000
1997,SEN,Senegal,prevalence,Male,12000.0,,
1997,SLE,Sierra Leone,prevalence,Female,18000.0,13000,23000
1997,SLE,Sierra Leone,prevalence,Male,14000.0,,
1997,SOM,Somalia,prevalence,Female,6100.0,4100,9500
1997,SOM,Somalia,prevalence,Male,4900.0,,
1997,SSD,South Sudan,prevalence,Female,45000.0,26000,61000
1997,SSD,South Sudan,prevalence,Male,31000.0,,
1997,SWZ,Eswatini,prevalence,Female,50000.0,45000,56000
1997,SWZ,Eswatini,prevalence,Male,43000.0,,
1997,TCD,Chad,prevalence,Female,49000.0,36000,66000
1997,TCD,Chad,prevalence,Male,39000.0,,
1997,TGO,Togo,prevalence,Female,43000.0,34000,53000
1997,TGO,Togo,prevalence,Male,25000.0,,
1997,TZA,United Republic of Tanzania,prevalence,Female,620000.0,570000,680000
1997,TZA,United Republic of Tanzania,prevalence,Male,480000.0,,
1997,UGA,Uganda,prevalence,Female,520000.0,480000,560000
1997,UGA,Uganda,prevalence,Male,370000.0,,
1997,ZAF,South Africa,prevalence,Female,1400000.0,1300000,1500000
1997,ZAF,South Africa,prevalence,Male,1000000.0,,
1997,ZMB,Zambia,prevalence,Female,380000.0,350000,410000
1997,ZMB,Zambia,prevalence,Male,230000.0,,
1997,ZWE,Zimbabwe,prevalence,Female,950000.0,890000,1000000
1997,ZWE,Zimbabwe,prevalence,Male,750000.0,,
1998,AGO,Angola,prevalence,Female,66000.0,50000,86000
1998,AGO,Angola,prevalence,Male,27000.0,,
1998,BDI,Burundi,prevalence,Female,68000.0,57000,80000
1998,BDI,Burundi,prevalence,Male,52000.0,,
1998,BEN,Benin,prevalence,Female,28000.0,25000,33000
1998,BEN,Benin,prevalence,Male,19000.0,,
1998,BFA,Burkina Faso,prevalence,Female,66000.0,56000,82000
1998,BFA,Burkina Faso,prevalence,Male,54000.0,,
1998,BWA,Botswana,prevalence,Female,140000.0,130000,150000
1998,BWA,Botswana,prevalence,Male,100000.0,,
1998,CAF,Central African Republic,prevalence,Female,91000.0,74000,110000
1998,CAF,Central African Republic,prevalence,Male,49000.0,,
1998,CIV,Cote dIvoire,prevalence,Female,390000.0,340000,450000
1998,CIV,Cote dIvoire,prevalence,Male,270000.0,,
1998,CMR,Cameroon,prevalence,Female,200000.0,170000,220000
1998,CMR,Cameroon,prevalence,Male,140000.0,,
1998,COD,Democratic Republic of the Congo,prevalence,Female,360000.0,280000,440000
1998,COD,Democratic Republic of the Congo,prevalence,Male,260000.0,,
1998,COG,Congo,prevalence,Female,50000.0,44000,60000
1998,COG,Congo,prevalence,Male,25000.0,,
1998,CPV,Cape Verde,prevalence,Female,680.0,530,830
1998,CPV,Cape Verde,prevalence,Male,720.0,,
1998,DJI,Djibouti,prevalence,Female,5700.0,4300,7400
1998,DJI,Djibouti,prevalence,Male,7300.0,,
1998,DZA,Algeria,prevalence,Female,780.0,740,830
1998,DZA,Algeria,prevalence,Male,1020.0,,
1998,EGY,Egypt,prevalence,Female,4200.0,2900,6300
1998,EGY,Egypt,prevalence,Male,6800.0,,
1998,ERI,Eritrea,prevalence,Female,16000.0,12000,22000
1998,ERI,Eritrea,prevalence,Male,11000.0,,
1998,ETH,Ethiopia,prevalence,Female,500000.0,420000,600000
1998,ETH,Ethiopia,prevalence,Male,310000.0,,
1998,GAB,Gabon,prevalence,Female,20000.0,14000,30000
1998,GAB,Gabon,prevalence,Male,9000.0,,
1998,GHA,Ghana,prevalence,Female,150000.0,130000,180000
1998,GHA,Ghana,prevalence,Male,90000.0,,
1998,GIN,Guinea,prevalence,Female,29000.0,22000,39000
1998,GIN,Guinea,prevalence,Male,22000.0,,
1998,GMB,Gambia,prevalence,Female,4900.0,3400,6800
1998,GMB,Gambia,prevalence,Male,4000.0,,
1998,GNB,Guinea-Bissau,prevalence,Female,9800.0,7300,12000
1998,GNB,Guinea-Bissau,prevalence,Male,6200.0,,
1998,KEN,Kenya,prevalence,Female,900000.0,810000,1000000
1998,KEN,Kenya,prevalence,Male,500000.0,,
1998,LBR,Liberia,prevalence,Female,24000.0,19000,30000
1998,LBR,Liberia,prevalence,Male,16000.0,,
1998,LSO,Lesotho,prevalence,Female,110000.0,100000,130000
1998,LSO,Lesotho,prevalence,Male,70000.0,,
1998,MAR,Morocco,prevalence,Female,3700.0,2900,4600
1998,MAR,Morocco,prevalence,Male,4400.0,,
1998,MDG,Madagascar,prevalence,Female,1000.0,<500,2000
1998,MDG,Madagascar,prevalence,Male,1600.0,,
1998,MLI,Mali,prevalence,Female,54000.0,43000,66000
1998,MLI,Mali,prevalence,Male,38000.0,,
1998,MOZ,Mozambique,prevalence,Female,390000.0,350000,440000
1998,MOZ,Mozambique,prevalence,Male,250000.0,,
1998,MRT,Mauritania,prevalence,Female,3700.0,2900,4800
1998,MRT,Mauritania,prevalence,Male,3600.0,,
1998,MWI,Malawi,prevalence,Female,480000.0,460000,510000
1998,MWI,Malawi,prevalence,Male,350000.0,,
1998,NAM,Namibia,prevalence,Female,71000.0,66000,78000
1998,NAM,Namibia,prevalence,Male,49000.0,,
1998,NER,Niger,prevalence,Female,17000.0,15000,20000
1998,NER,Niger,prevalence,Male,21000.0,,
1998,NGA,Nigeria,prevalence,Female,770000.0,680000,860000
1998,NGA,Nigeria,prevalence,Male,530000.0,,
1998,RWA,Rwanda,prevalence,Female,120000.0,110000,140000
1998,RWA,Rwanda,prevalence,Male,80000.0,,
1998,SDN,Sudan,prevalence,Female,7100.0,5200,10000
1998,SDN,Sudan,prevalence,Male,6900.0,,
1998,SEN,Senegal,prevalence,Female,13000.0,12000,14000
1998,SEN,Senegal,prevalence,Male,14000.0,,
1998,SLE,Sierra Leone,prevalence,Female,19000.0,15000,25000
1998,SLE,Sierra Leone,prevalence,Male,15000.0,,
1998,SOM,Somalia,prevalence,Female,6200.0,4300,9500
1998,SOM,Somalia,prevalence,Male,5800.0,,
1998,SSD,South Sudan,prevalence,Female,49000.0,29000,64000
1998,SSD,South Sudan,prevalence,Male,32000.0,,
1998,SWZ,Eswatini,prevalence,Female,59000.0,53000,64000
1998,SWZ,Eswatini,prevalence,Male,51000.0,,
1998,TCD,Chad,prevalence,Female,52000.0,39000,69000
1998,TCD,Chad,prevalence,Male,41000.0,,
1998,TGO,Togo,prevalence,Female,47000.0,38000,58000
1998,TGO,Togo,prevalence,Male,29000.0,,
1998,TZA,United Republic of Tanzania,prevalence,Female,630000.0,580000,680000
1998,TZA,United Republic of Tanzania,prevalence,Male,470000.0,,
1998,UGA,Uganda,prevalence,Female,520000.0,480000,560000
1998,UGA,Uganda,prevalence,Male,360000.0,,
1998,ZAF,South Africa,prevalence,Female,1600000.0,1500000,1800000
1998,ZAF,South Africa,prevalence,Male,1200000.0,,
1998,ZMB,Zambia,prevalence,Female,390000.0,360000,420000
1998,ZMB,Zambia,prevalence,Male,240000.0,,
1998,ZWE,Zimbabwe,prevalence,Female,940000.0,890000,1000000
1998,ZWE,Zimbabwe,prevalence,Male,760000.0,,
1999,AGO,Angola,prevalence,Female,72000.0,56000,93000
1999,AGO,Angola,prevalence,Male,28000.0,,
1999,BDI,Burundi,prevalence,Female,65000.0,56000,76000
1999,BDI,Burundi,prevalence,Male,45000.0,,
1999,BEN,Benin,prevalence,Female,30000.0,26000,35000
1999,BEN,Benin,prevalence,Male,20000.0,,
1999,BFA,Burkina Faso,prevalence,Female,64000.0,54000,78000
1999,BFA,Burkina Faso,prevalence,Male,56000.0,,
1999,BWA,Botswana,prevalence,Female,150000.0,140000,160000
1999,BWA,Botswana,prevalence,Male,100000.0,,
1999,CAF,Central African Republic,prevalence,Female,93000.0,76000,110000
1999,CAF,Central African Republic,prevalence,Male,47000.0,,
1999,CIV,Cote dIvoire,prevalence,Female,390000.0,350000,450000
1999,CIV,Cote dIvoire,prevalence,Male,270000.0,,
1999,CMR,Cameroon,prevalence,Female,220000.0,200000,240000
1999,CMR,Cameroon,prevalence,Male,160000.0,,
1999,COD,Democratic Republic of the Congo,prevalence,Female,360000.0,280000,450000
1999,COD,Democratic Republic of the Congo,prevalence,Male,260000.0,,
1999,COG,Congo,prevalence,Female,50000.0,44000,60000
1999,COG,Congo,prevalence,Male,25000.0,,
1999,CPV,Cape Verde,prevalence,Female,710.0,580,860
1999,CPV,Cape Verde,prevalence,Male,790.0,,
1999,DJI,Djibouti,prevalence,Female,6300.0,4800,8000
1999,DJI,Djibouti,prevalence,Male,7700.0,,
1999,DZA,Algeria,prevalence,Female,930.0,880,980
1999,DZA,Algeria,prevalence,Male,1170.0,,
1999,EGY,Egypt,prevalence,Female,4300.0,3000,6300
1999,EGY,Egypt,prevalence,Male,7700.0,,
1999,ERI,Eritrea,prevalence,Female,16000.0,12000,21000
1999,ERI,Eritrea,prevalence,Male,11000.0,,
1999,ETH,Ethiopia,prevalence,Female,490000.0,410000,590000
1999,ETH,Ethiopia,prevalence,Male,300000.0,,
1999,GAB,Gabon,prevalence,Female,22000.0,16000,31000
1999,GAB,Gabon,prevalence,Male,9000.0,,
1999,GHA,Ghana,prevalence,Female,160000.0,140000,180000
1999,GHA,Ghana,prevalence,Male,90000.0,,
1999,GIN,Guinea,prevalence,Female,33000.0,26000,42000
1999,GIN,Guinea,prevalence,Male,24000.0,,
1999,GMB,Gambia,prevalence,Female,5700.0,4000,7600
1999,GMB,Gambia,prevalence,Male,4300.0,,
1999,GNB,Guinea-Bissau,prevalence,Female,12000.0,9300,14000
1999,GNB,Guinea-Bissau,prevalence,Male,8000.0,,
1999,KEN,Kenya,prevalence,Female,900000.0,810000,1000000
1999,KEN,Kenya,prevalence,Male,500000.0,,
1999,LBR,Liberia,prevalence,Female,24000.0,20000,30000
1999,LBR,Liberia,prevalence,Male,17000.0,,
1999,LSO,Lesotho,prevalence,Female,120000.0,110000,130000
1999,LSO,Lesotho,prevalence,Male,80000.0,,
1999,MAR,Morocco,prevalence,Female,4100.0,3400,5100
1999,MAR,Morocco,prevalence,Male,4900.0,,
1999,MDG,Madagascar,prevalence,Female,1300.0,650,2500
1999,MDG,Madagascar,prevalence,Male,1900.0,,
1999,MLI,Mali,prevalence,Female,55000.0,46000,67000
1999,MLI,Mali,prevalence,Male,39000.0,,
1999,MOZ,Mozambique,prevalence,Female,440000.0,400000,500000
1999,MOZ,Mozambique,prevalence,Male,280000.0,,
1999,MRT,Mauritania,prevalence,Female,4100.0,3200,5000
1999,MRT,Mauritania,prevalence,Male,4000.0,,
1999,MWI,Malawi,prevalence,Female,480000.0,460000,510000
1999,MWI,Malawi,prevalence,Male,350000.0,,
1999,NAM,Namibia,prevalence,Female,78000.0,72000,85000
1999,NAM,Namibia,prevalence,Male,52000.0,,
1999,NER,Niger,prevalence,Female,18000.0,15000,21000
1999,NER,Niger,prevalence,Male,21000.0,,
1999,NGA,Nigeria,prevalence,Female,810000.0,730000,910000
1999,NGA,Nigeria,prevalence,Male,590000.0,,
1999,RWA,Rwanda,prevalence,Female,120000.0,110000,140000
1999,RWA,Rwanda,prevalence,Male,80000.0,,
1999,SDN,Sudan,prevalence,Female,7700.0,5700,11000
1999,SDN,Sudan,prevalence,Male,7300.0,,
1999,SEN,Senegal,prevalence,Female,15000.0,14000,16000
1999,SEN,Senegal,prevalence,Male,16000.0,,
1999,SLE,Sierra Leone,prevalence,Female,20000.0,16000,26000
1999,SLE,Sierra Leone,prevalence,Male,16000.0,,
1999,SOM,Somalia,prevalence,Female,6200.0,4400,9400
1999,SOM,Somalia,prevalence,Male,5800.0,,
1999,SSD,South Sudan,prevalence,Female,53000.0,32000,70000
1999,SSD,South Sudan,prevalence,Male,35000.0,,
1999,SWZ,Eswatini,prevalence,Female,67000.0,61000,72000
1999,SWZ,Eswatini,prevalence,Male,53000.0,,
1999,TCD,Chad,prevalence,Female,54000.0,41000,70000
1999,TCD,Chad,prevalence,Male,42000.0,,
1999,TGO,Togo,prevalence,Female,51000.0,41000,63000
1999,TGO,Togo,prevalence,Male,31000.0,,
1999,TUN,Tunisia,prevalence,Female,540.0,<500,1500
1999,TUN,Tunisia,prevalence,Male,760.0,,
1999,TZA,United Republic of Tanzania,prevalence,Female,640000.0,590000,690000
1999,TZA,United Republic of Tanzania,prevalence,Male,460000.0,,
1999,UGA,Uganda,prevalence,Female,510000.0,480000,560000
1999,UGA,Uganda,prevalence,Male,370000.0,,
1999,ZAF,South Africa,prevalence,Female,1900000.0,1700000,2000000
1999,ZAF,South Africa,prevalence,Male,1200000.0,,
1999,ZMB,Zambia,prevalence,Female,400000.0,370000,430000
1999,ZMB,Zambia,prevalence,Male,240000.0,,
1999,ZWE,Zimbabwe,prevalence,Female,930000.0,870000,1000000
1999,ZWE,Zimbabwe,prevalence,Male,770000.0,,
2000,AGO,Angola,prevalence,Female,79000.0,61000,100000
2000,AGO,Angola,prevalence,Male,31000.0,,
2000,BDI,Burundi,prevalence,Female,62000.0,53000,71000
2000,BDI,Burundi,prevalence,Male,48000.0,,
2000,BEN,Benin,prevalence,Female,31000.0,28000,36000
2000,BEN,Benin,prevalence,Male,21000.0,,
2000,BFA,Burkina Faso,prevalence,Female,62000.0,53000,75000
2000,BFA,Burkina Faso,prevalence,Male,48000.0,,
2000,BWA,Botswana,prevalence,Female,150000.0,150000,160000
2000,BWA,Botswana,prevalence,Male,110000.0,,
2000,CAF,Central African Republic,prevalence,Female,94000.0,78000,110000
2000,CAF,Central African Republic,prevalence,Male,46000.0,,
2000,CIV,Cote dIvoire,prevalence,Female,390000.0,340000,440000
2000,CIV,Cote dIvoire,prevalence,Male,260000.0,,
2000,CMR,Cameroon,prevalence,Female,240000.0,210000,270000
2000,CMR,Cameroon,prevalence,Male,170000.0,,
2000,COD,Democratic Republic of the Congo,prevalence,Female,360000.0,280000,440000
2000,COD,Democratic Republic of the Congo,prevalence,Male,260000.0,,
2000,COG,Congo,prevalence,Female,52000.0,46000,62000
2000,COG,Congo,prevalence,Male,26000.0,,
2000,CPV,Cape Verde,prevalence,Female,750.0,610,890
2000,CPV,Cape Verde,prevalence,Male,850.0,,
2000,DJI,Djibouti,prevalence,Female,6800.0,5200,8600
2000,DJI,Djibouti,prevalence,Male,8200.0,,
2000,DZA,Algeria,prevalence,Female,1100.0,1000,1200
2000,DZA,Algeria,prevalence,Male,1400.0,,
2000,EGY,Egypt,prevalence,Female,4400.0,3100,6200
2000,EGY,Egypt,prevalence,Male,8600.0,,
2000,ERI,Eritrea,prevalence,Female,15000.0,12000,20000
2000,ERI,Eritrea,prevalence,Male,11000.0,,
2000,ETH,Ethiopia,prevalence,Female,480000.0,400000,570000
2000,ETH,Ethiopia,prevalence,Male,280000.0,,
2000,GAB,Gabon,prevalence,Female,23000.0,17000,33000
2000,GAB,Gabon,prevalence,Male,10000.0,,
2000,GHA,Ghana,prevalence,Female,160000.0,140000,180000
2000,GHA,Ghana,prevalence,Male,90000.0,,
2000,GIN,Guinea,prevalence,Female,36000.0,29000,44000
2000,GIN,Guinea,prevalence,Male,25000.0,,
2000,GMB,Gambia,prevalence,Female,6400.0,4600,8600
2000,GMB,Gambia,prevalence,Male,5600.0,,
2000,GNB,Guinea-Bissau,prevalence,Female,14000.0,12000,17000
2000,GNB,Guinea-Bissau,prevalence,Male,10000.0,,
2000,KEN,Kenya,prevalence,Female,890000.0,800000,1000000
2000,KEN,Kenya,prevalence,Male,510000.0,,
2000,LBR,Liberia,prevalence,Female,25000.0,21000,30000
2000,LBR,Liberia,prevalence,Male,16000.0,,
2000,LSO,Lesotho,prevalence,Female,130000.0,120000,140000
2000,LSO,Lesotho,prevalence,Male,80000.0,,
2000,MAR,Morocco,prevalence,Female,4600.0,3800,5600
2000,MAR,Morocco,prevalence,Male,5300.0,,
2000,MDG,Madagascar,prevalence,Female,1600.0,870,3100
2000,MDG,Madagascar,prevalence,Male,2300.0,,
2000,MLI,Mali,prevalence,Female,56000.0,47000,67000
2000,MLI,Mali,prevalence,Male,39000.0,,
2000,MOZ,Mozambique,prevalence,Female,490000.0,440000,550000
2000,MOZ,Mozambique,prevalence,Male,310000.0,,
2000,MRT,Mauritania,prevalence,Female,4300.0,3500,5300
2000,MRT,Mauritania,prevalence,Male,4500.0,,
2000,MWI,Malawi,prevalence,Female,490000.0,460000,510000
2000,MWI,Malawi,prevalence,Male,340000.0,,
2000,NAM,Namibia,prevalence,Female,83000.0,78000,91000
2000,NAM,Namibia,prevalence,Male,57000.0,,
2000,NER,Niger,prevalence,Female,18000.0,16000,21000
2000,NER,Niger,prevalence,Male,21000.0,,
2000,NGA,Nigeria,prevalence,Female,840000.0,760000,940000
2000,NGA,Nigeria,prevalence,Male,660000.0,,
2000,RWA,Rwanda,prevalence,Female,130000.0,110000,140000
2000,RWA,Rwanda,prevalence,Male,70000.0,,
2000,SDN,Sudan,prevalence,Female,8200.0,6200,11000
2000,SDN,Sudan,prevalence,Male,7800.0,,
2000,SEN,Senegal,prevalence,Female,16000.0,15000,17000
2000,SEN,Senegal,prevalence,Male,18000.0,,
2000,SLE,Sierra Leone,prevalence,Female,22000.0,18000,27000
2000,SLE,Sierra Leone,prevalence,Male,16000.0,,
2000,SOM,Somalia,prevalence,Female,6200.0,4500,9300
2000,SOM,Somalia,prevalence,Male,5800.0,,
2000,SSD,South Sudan,prevalence,Female,57000.0,35000,75000
2000,SSD,South Sudan,prevalence,Male,37000.0,,
2000,SWZ,Eswatini,prevalence,Female,73000.0,68000,79000
2000,SWZ,Eswatini,prevalence,Male,57000.0,,
2000,TCD,Chad,prevalence,Female,55000.0,42000,71000
2000,TCD,Chad,prevalence,Male,42000.0,,
2000,TGO,Togo,prevalence,Female,54000.0,43000,67000
2000,TGO,Togo,prevalence,Male,32000.0,,
2000,TUN,Tunisia,prevalence,Female,600.0,<500,1500
2000,TUN,Tunisia,prevalence,Male,1000.0,,
2000,TZA,United Republic of Tanzania,prevalence,Female,640000.0,590000,700000
2000,TZA,United Republic of Tanzania,prevalence,Male,460000.0,,
2000,UGA,Uganda,prevalence,Female,510000.0,480000,560000
2000,UGA,Uganda,prevalence,Male,370000.0,,
2000,ZAF,South Africa,prevalence,Female,2100000.0,1900000,2300000
2000,ZAF,South Africa,prevalence,Male,1300000.0,,
2000,ZMB,Zambia,prevalence,Female,400000.0,370000,430000
2000,ZMB,Zambia,prevalence,Male,250000.0,,
2000,ZWE,Zimbabwe,prevalence,Female,900000.0,850000,980000
2000,ZWE,Zimbabwe,prevalence,Male,700000.0,,
2001,AGO,Angola,prevalence,Female,85000.0,67000,110000
2001,AGO,Angola,prevalence,Male,35000.0,,
2001,BDI,Burundi,prevalence,Female,60000.0,52000,68000
2001,BDI,Burundi,prevalence,Male,40000.0,,
2001,BEN,Benin,prevalence,Female,32000.0,29000,38000
2001,BEN,Benin,prevalence,Male,21000.0,,
2001,BFA,Burkina Faso,prevalence,Female,59000.0,51000,72000
2001,BFA,Burkina Faso,prevalence,Male,51000.0,,
2001,BWA,Botswana,prevalence,Female,160000.0,150000,170000
2001,BWA,Botswana,prevalence,Male,100000.0,,
2001,CAF,Central African Republic,prevalence,Female,93000.0,78000,110000
2001,CAF,Central African Republic,prevalence,Male,47000.0,,
2001,CIV,Cote dIvoire,prevalence,Female,380000.0,340000,430000
2001,CIV,Cote dIvoire,prevalence,Male,250000.0,,
2001,CMR,Cameroon,prevalence,Female,250000.0,230000,280000
2001,CMR,Cameroon,prevalence,Male,190000.0,,
2001,COD,Democratic Republic of the Congo,prevalence,Female,350000.0,280000,440000
2001,COD,Democratic Republic of the Congo,prevalence,Male,260000.0,,
2001,COG,Congo,prevalence,Female,52000.0,46000,60000
2001,COG,Congo,prevalence,Male,25000.0,,
2001,CPV,Cape Verde,prevalence,Female,780.0,640,920
2001,CPV,Cape Verde,prevalence,Male,820.0,,
2001,DJI,Djibouti,prevalence,Female,7200.0,5600,9300
2001,DJI,Djibouti,prevalence,Male,8800.0,,
2001,DZA,Algeria,prevalence,Female,1300.0,1200,1400
2001,DZA,Algeria,prevalence,Male,1700.0,,
2001,EGY,Egypt,prevalence,Female,4400.0,3200,6200
2001,EGY,Egypt,prevalence,Male,8600.0,,
2001,ERI,Eritrea,prevalence,Female,16000.0,12000,20000
2001,ERI,Eritrea,prevalence,Male,10000.0,,
2001,ETH,Ethiopia,prevalence,Female,460000.0,390000,550000
2001,ETH,Ethiopia,prevalence,Male,270000.0,,
2001,GAB,Gabon,prevalence,Female,24000.0,18000,33000
2001,GAB,Gabon,prevalence,Male,10000.0,,
2001,GHA,Ghana,prevalence,Female,160000.0,150000,190000
2001,GHA,Ghana,prevalence,Male,100000.0,,
2001,GIN,Guinea,prevalence,Female,38000.0,31000,46000
2001,GIN,Guinea,prevalence,Male,26000.0,,
2001,GMB,Gambia,prevalence,Female,7100.0,5300,9600
2001,GMB,Gambia,prevalence,Male,5900.0,,
2001,GNB,Guinea-Bissau,prevalence,Female,16000.0,14000,19000
2001,GNB,Guinea-Bissau,prevalence,Male,11000.0,,
2001,KEN,Kenya,prevalence,Female,870000.0,780000,1000000
2001,KEN,Kenya,prevalence,Male,530000.0,,
2001,LBR,Liberia,prevalence,Female,24000.0,21000,29000
2001,LBR,Liberia,prevalence,Male,17000.0,,
2001,LSO,Lesotho,prevalence,Female,130000.0,120000,150000
2001,LSO,Lesotho,prevalence,Male,90000.0,,
2001,MAR,Morocco,prevalence,Female,5000.0,4200,6000
2001,MAR,Morocco,prevalence,Male,6000.0,,
2001,MDG,Madagascar,prevalence,Female,2000.0,1100,3800
2001,MDG,Madagascar,prevalence,Male,2900.0,,
2001,MLI,Mali,prevalence,Female,56000.0,48000,68000
2001,MLI,Mali,prevalence,Male,40000.0,,
2001,MOZ,Mozambique,prevalence,Female,540000.0,490000,600000
2001,MOZ,Mozambique,prevalence,Male,340000.0,,
2001,MRT,Mauritania,prevalence,Female,4500.0,3700,5400
2001,MRT,Mauritania,prevalence,Male,4700.0,,
2001,MWI,Malawi,prevalence,Female,480000.0,460000,510000
2001,MWI,Malawi,prevalence,Male,350000.0,,
2001,NAM,Namibia,prevalence,Female,88000.0,81000,95000
2001,NAM,Namibia,prevalence,Male,52000.0,,
2001,NER,Niger,prevalence,Female,18000.0,16000,21000
2001,NER,Niger,prevalence,Male,21000.0,,
2001,NGA,Nigeria,prevalence,Female,870000.0,780000,970000
2001,NGA,Nigeria,prevalence,Male,630000.0,,
2001,RWA,Rwanda,prevalence,Female,130000.0,120000,140000
2001,RWA,Rwanda,prevalence,Male,80000.0,,
2001,SDN,Sudan,prevalence,Female,8700.0,6600,12000
2001,SDN,Sudan,prevalence,Male,8300.0,,
2001,SEN,Senegal,prevalence,Female,18000.0,17000,19000
2001,SEN,Senegal,prevalence,Male,19000.0,,
2001,SLE,Sierra Leone,prevalence,Female,24000.0,20000,30000
2001,SLE,Sierra Leone,prevalence,Male,18000.0,,
2001,SOM,Somalia,prevalence,Female,6200.0,4500,9000
2001,SOM,Somalia,prevalence,Male,5800.0,,
2001,SSD,South Sudan,prevalence,Female,60000.0,39000,80000
2001,SSD,South Sudan,prevalence,Male,40000.0,,
2001,SWZ,Eswatini,prevalence,Female,79000.0,73000,84000
2001,SWZ,Eswatini,prevalence,Male,61000.0,,
2001,TCD,Chad,prevalence,Female,56000.0,43000,71000
2001,TCD,Chad,prevalence,Male,42000.0,,
2001,TGO,Togo,prevalence,Female,56000.0,45000,69000
2001,TGO,Togo,prevalence,Male,33000.0,,
2001,TUN,Tunisia,prevalence,Female,660.0,<500,1500
2001,TUN,Tunisia,prevalence,Male,1140.0,,
2001,TZA,United Republic of Tanzania,prevalence,Female,640000.0,590000,700000
2001,TZA,United Republic of Tanzania,prevalence,Male,460000.0,,
2001,UGA,Uganda,prevalence,Female,510000.0,480000,560000
2001,UGA,Uganda,prevalence,Male,370000.0,,
2001,ZAF,South Africa,prevalence,Female,2300000.0,2100000,2500000
2001,ZAF,South Africa,prevalence,Male,1400000.0,,
2001,ZMB,Zambia,prevalence,Female,410000.0,380000,440000
2001,ZMB,Zambia,prevalence,Male,250000.0,,
2001,ZWE,Zimbabwe,prevalence,Female,870000.0,820000,950000
2001,ZWE,Zimbabwe,prevalence,Male,730000.0,,
2002,AGO,Angola,prevalence,Female,91000.0,73000,110000
2002,AGO,Angola,prevalence,Male,39000.0,,
2002,BDI,Burundi,prevalence,Female,57000.0,50000,65000
2002,BDI,Burundi,prevalence,Male,40000.0,,
2002,BEN,Benin,prevalence,Female,33000.0,29000,38000
2002,BEN,Benin,prevalence,Male,21000.0,,
2002,BFA,Burkina Faso,prevalence,Female,57000.0,49000,70000
2002,BFA,Burkina Faso,prevalence,Male,43000.0,,
2002,BWA,Botswana,prevalence,Female,160000.0,150000,170000
2002,BWA,Botswana,prevalence,Male,110000.0,,
2002,CAF,Central African Republic,prevalence,Female,92000.0,78000,110000
2002,CAF,Central African Republic,prevalence,Male,48000.0,,
2002,CIV,Cote dIvoire,prevalence,Female,370000.0,330000,410000
2002,CIV,Cote dIvoire,prevalence,Male,240000.0,,
2002,CMR,Cameroon,prevalence,Female,260000.0,240000,290000
2002,CMR,Cameroon,prevalence,Male,200000.0,,
2002,COD,Democratic Republic of the Congo,prevalence,Female,350000.0,280000,430000
2002,COD,Democratic Republic of the Congo,prevalence,Male,250000.0,,
2002,COG,Congo,prevalence,Female,51000.0,45000,59000
2002,COG,Congo,prevalence,Male,24000.0,,
2002,CPV,Cape Verde,prevalence,Female,800.0,670,950
2002,CPV,Cape Verde,prevalence,Male,900.0,,
2002,DJI,Djibouti,prevalence,Female,7400.0,5900,9600
2002,DJI,Djibouti,prevalence,Male,8600.0,,
2002,DZA,Algeria,prevalence,Female,1500.0,1500,1600
2002,DZA,Algeria,prevalence,Male,2000.0,,
2002,EGY,Egypt,prevalence,Female,4500.0,3300,6100
2002,EGY,Egypt,prevalence,Male,9500.0,,
2002,ERI,Eritrea,prevalence,Female,15000.0,11000,19000
2002,ERI,Eritrea,prevalence,Male,10000.0,,
2002,ETH,Ethiopia,prevalence,Female,440000.0,370000,530000
2002,ETH,Ethiopia,prevalence,Male,260000.0,,
2002,GAB,Gabon,prevalence,Female,25000.0,19000,33000
2002,GAB,Gabon,prevalence,Male,11000.0,,
2002,GHA,Ghana,prevalence,Female,160000.0,150000,190000
2002,GHA,Ghana,prevalence,Male,100000.0,,
2002,GIN,Guinea,prevalence,Female,40000.0,34000,48000
2002,GIN,Guinea,prevalence,Male,28000.0,,
2002,GMB,Gambia,prevalence,Female,7800.0,5900,11000
2002,GMB,Gambia,prevalence,Male,6200.0,,
2002,GNB,Guinea-Bissau,prevalence,Female,17000.0,15000,20000
2002,GNB,Guinea-Bissau,prevalence,Male,12000.0,,
2002,KEN,Kenya,prevalence,Female,850000.0,760000,980000
2002,KEN,Kenya,prevalence,Male,450000.0,,
2002,LBR,Liberia,prevalence,Female,24000.0,21000,28000
2002,LBR,Liberia,prevalence,Male,16000.0,,
2002,LBY,Libya,prevalence,Female,580.0,500,640
2002,LBY,Libya,prevalence,Male,1020.0,,
2002,LSO,Lesotho,prevalence,Female,140000.0,120000,150000
2002,LSO,Lesotho,prevalence,Male,80000.0,,
2002,MAR,Morocco,prevalence,Female,5400.0,4600,6400
2002,MAR,Morocco,prevalence,Male,6600.0,,
2002,MDG,Madagascar,prevalence,Female,2600.0,1500,4500
2002,MDG,Madagascar,prevalence,Male,3500.0,,
2002,MLI,Mali,prevalence,Female,57000.0,49000,67000
2002,MLI,Mali,prevalence,Male,39000.0,,
2002,MOZ,Mozambique,prevalence,Female,580000.0,530000,640000
2002,MOZ,Mozambique,prevalence,Male,370000.0,,
2002,MRT,Mauritania,prevalence,Female,4600.0,3800,5400
2002,MRT,Mauritania,prevalence,Male,5000.0,,
2002,MWI,Malawi,prevalence,Female,480000.0,460000,500000
2002,MWI,Malawi,prevalence,Male,330000.0,,
2002,NAM,Namibia,prevalence,Female,90000.0,84000,98000
2002,NAM,Namibia,prevalence,Male,60000.0,,
2002,NER,Niger,prevalence,Female,18000.0,15000,21000
2002,NER,Niger,prevalence,Male,21000.0,,
2002,NGA,Nigeria,prevalence,Female,890000.0,810000,990000
2002,NGA,Nigeria,prevalence,Male,610000.0,,
2002,RWA,Rwanda,prevalence,Female,130000.0,110000,140000
2002,RWA,Rwanda,prevalence,Male,70000.0,,
2002,SDN,Sudan,prevalence,Female,9100.0,7000,12000
2002,SDN,Sudan,prevalence,Male,8900.0,,
2002,SEN,Senegal,prevalence,Female,18000.0,17000,20000
2002,SEN,Senegal,prevalence,Male,21000.0,,
2002,SLE,Sierra Leone,prevalence,Female,25000.0,22000,31000
2002,SLE,Sierra Leone,prevalence,Male,19000.0,,
2002,SOM,Somalia,prevalence,Female,6100.0,4500,8700
2002,SOM,Somalia,prevalence,Male,5900.0,,
2002,SSD,South Sudan,prevalence,Female,63000.0,43000,83000
2002,SSD,South Sudan,prevalence,Male,37000.0,,
2002,SWZ,Eswatini,prevalence,Female,83000.0,78000,88000
2002,SWZ,Eswatini,prevalence,Male,67000.0,,
2002,TCD,Chad,prevalence,Female,56000.0,44000,72000
2002,TCD,Chad,prevalence,Male,43000.0,,
2002,TGO,Togo,prevalence,Female,56000.0,46000,69000
2002,TGO,Togo,prevalence,Male,34000.0,,
2002,TUN,Tunisia,prevalence,Female,720.0,<500,1600
2002,TUN,Tunisia,prevalence,Male,1380.0,,
2002,TZA,United Republic of Tanzania,prevalence,Female,640000.0,590000,690000
2002,TZA,United Republic of Tanzania,prevalence,Male,460000.0,,
2002,UGA,Uganda,prevalence,Female,510000.0,480000,550000
2002,UGA,Uganda,prevalence,Male,370000.0,,
2002,ZAF,South Africa,prevalence,Female,2400000.0,2200000,2700000
2002,ZAF,South Africa,prevalence,Male,1500000.0,,
2002,ZMB,Zambia,prevalence,Female,410000.0,390000,440000
2002,ZMB,Zambia,prevalence,Male,260000.0,,
2002,ZWE,Zimbabwe,prevalence,Female,840000.0,790000,910000
2002,ZWE,Zimbabwe,prevalence,Male,660000.0,,
2003,AGO,Angola,prevalence,Female,98000.0,80000,120000
2003,AGO,Angola,prevalence,Male,42000.0,,
2003,BDI,Burundi,prevalence,Female,55000.0,48000,63000
2003,BDI,Burundi,prevalence,Male,38000.0,,
2003,BEN,Benin,prevalence,Female,33000.0,29000,38000
2003,BEN,Benin,prevalence,Male,21000.0,,
2003,BFA,Burkina Faso,prevalence,Female,55000.0,47000,67000
2003,BFA,Burkina Faso,prevalence,Male,45000.0,,
2003,BWA,Botswana,prevalence,Female,160000.0,150000,170000
2003,BWA,Botswana,prevalence,Male,110000.0,,
2003,CAF,Central African Republic,prevalence,Female,90000.0,77000,110000
2003,CAF,Central African Republic,prevalence,Male,50000.0,,
2003,CIV,Cote dIvoire,prevalence,Female,360000.0,310000,400000
2003,CIV,Cote dIvoire,prevalence,Male,220000.0,,
2003,CMR,Cameroon,prevalence,Female,270000.0,250000,300000
2003,CMR,Cameroon,prevalence,Male,200000.0,,
2003,COD,Democratic Republic of the Congo,prevalence,Female,340000.0,280000,420000
2003,COD,Democratic Republic of the Congo,prevalence,Male,250000.0,,
2003,COG,Congo,prevalence,Female,51000.0,46000,59000
2003,COG,Congo,prevalence,Male,25000.0,,
2003,CPV,Cape Verde,prevalence,Female,830.0,700,970
2003,CPV,Cape Verde,prevalence,Male,970.0,,
2003,DJI,Djibouti,prevalence,Female,7400.0,5800,9500
2003,DJI,Djibouti,prevalence,Male,8600.0,,
2003,DZA,Algeria,prevalence,Female,1800.0,1700,1900
2003,DZA,Algeria,prevalence,Male,2300.0,,
2003,EGY,Egypt,prevalence,Female,4500.0,3300,6000
2003,EGY,Egypt,prevalence,Male,10500.0,,
2003,ERI,Eritrea,prevalence,Female,15000.0,12000,19000
2003,ERI,Eritrea,prevalence,Male,10000.0,,
2003,ETH,Ethiopia,prevalence,Female,420000.0,360000,510000
2003,ETH,Ethiopia,prevalence,Male,250000.0,,
2003,GAB,Gabon,prevalence,Female,26000.0,20000,33000
2003,GAB,Gabon,prevalence,Male,10000.0,,
2003,GHA,Ghana,prevalence,Female,170000.0,150000,190000
2003,GHA,Ghana,prevalence,Male,90000.0,,
2003,GIN,Guinea,prevalence,Female,43000.0,36000,50000
2003,GIN,Guinea,prevalence,Male,29000.0,,
2003,GMB,Gambia,prevalence,Female,8400.0,6500,11000
2003,GMB,Gambia,prevalence,Male,6600.0,,
2003,GNB,Guinea-Bissau,prevalence,Female,18000.0,16000,21000
2003,GNB,Guinea-Bissau,prevalence,Male,12000.0,,
2003,KEN,Kenya,prevalence,Female,830000.0,740000,950000
2003,KEN,Kenya,prevalence,Male,470000.0,,
2003,LBR,Liberia,prevalence,Female,23000.0,20000,27000
2003,LBR,Liberia,prevalence,Male,15000.0,,
2003,LBY,Libya,prevalence,Female,680.0,600,760
2003,LBY,Libya,prevalence,Male,1120.0,,
2003,LSO,Lesotho,prevalence,Female,140000.0,130000,150000
2003,LSO,Lesotho,prevalence,Male,90000.0,,
2003,MAR,Morocco,prevalence,Female,5700.0,4900,6700
2003,MAR,Morocco,prevalence,Male,6300.0,,
2003,MDG,Madagascar,prevalence,Female,3300.0,2000,5400
2003,MDG,Madagascar,prevalence,Male,4200.0,,
2003,MLI,Mali,prevalence,Female,57000.0,49000,67000
2003,MLI,Mali,prevalence,Male,39000.0,,
2003,MOZ,Mozambique,prevalence,Female,620000.0,570000,690000
2003,MOZ,Mozambique,prevalence,Male,380000.0,,
2003,MRT,Mauritania,prevalence,Female,4600.0,3900,5500
2003,MRT,Mauritania,prevalence,Male,5100.0,,
2003,MWI,Malawi,prevalence,Female,470000.0,450000,500000
2003,MWI,Malawi,prevalence,Male,320000.0,,
2003,NAM,Namibia,prevalence,Female,92000.0,86000,100000
2003,NAM,Namibia,prevalence,Male,58000.0,,
2003,NER,Niger,prevalence,Female,17000.0,15000,20000
2003,NER,Niger,prevalence,Male,21000.0,,
2003,NGA,Nigeria,prevalence,Female,900000.0,830000,1000000
2003,NGA,Nigeria,prevalence,Male,700000.0,,
2003,RWA,Rwanda,prevalence,Female,120000.0,110000,130000
2003,RWA,Rwanda,prevalence,Male,80000.0,,
2003,SDN,Sudan,prevalence,Female,9500.0,7300,12000
2003,SDN,Sudan,prevalence,Male,8500.0,,
2003,SEN,Senegal,prevalence,Female,19000.0,18000,20000
2003,SEN,Senegal,prevalence,Male,20000.0,,
2003,SLE,Sierra Leone,prevalence,Female,27000.0,23000,32000
2003,SLE,Sierra Leone,prevalence,Male,19000.0,,
2003,SOM,Somalia,prevalence,Female,6000.0,4400,8300
2003,SOM,Somalia,prevalence,Male,5000.0,,
2003,SSD,South Sudan,prevalence,Female,65000.0,46000,87000
2003,SSD,South Sudan,prevalence,Male,45000.0,,
2003,SWZ,Eswatini,prevalence,Female,87000.0,82000,92000
2003,SWZ,Eswatini,prevalence,Male,63000.0,,
2003,TCD,Chad,prevalence,Female,57000.0,45000,73000
2003,TCD,Chad,prevalence,Male,43000.0,,
2003,TGO,Togo,prevalence,Female,56000.0,47000,69000
2003,TGO,Togo,prevalence,Male,34000.0,,
2003,TUN,Tunisia,prevalence,Female,780.0,<500,1600
2003,TUN,Tunisia,prevalence,Male,1520.0,,
2003,TZA,United Republic of Tanzania,prevalence,Female,630000.0,590000,690000
2003,TZA,United Republic of Tanzania,prevalence,Male,370000.0,,
2003,UGA,Uganda,prevalence,Female,520000.0,490000,560000
2003,UGA,Uganda,prevalence,Male,360000.0,,
2003,ZAF,South Africa,prevalence,Female,2600000.0,2300000,2800000
2003,ZAF,South Africa,prevalence,Male,1499999.9999999995,,
2003,ZMB,Zambia,prevalence,Female,420000.0,390000,450000
2003,ZMB,Zambia,prevalence,Male,250000.0,,
2003,ZWE,Zimbabwe,prevalence,Female,800000.0,760000,870000
2003,ZWE,Zimbabwe,prevalence,Male,600000.0,,
2004,AGO,Angola,prevalence,Female,100000.0,87000,120000
2004,AGO,Angola,prevalence,Male,50000.0,,
2004,BDI,Burundi,prevalence,Female,53000.0,47000,61000
2004,BDI,Burundi,prevalence,Male,37000.0,,
2004,BEN,Benin,prevalence,Female,33000.0,30000,38000
2004,BEN,Benin,prevalence,Male,21000.0,,
2004,BFA,Burkina Faso,prevalence,Female,53000.0,45000,63000
2004,BFA,Burkina Faso,prevalence,Male,43000.0,,
2004,BWA,Botswana,prevalence,Female,160000.0,150000,170000
2004,BWA,Botswana,prevalence,Male,110000.0,,
2004,CAF,Central African Republic,prevalence,Female,88000.0,76000,100000
2004,CAF,Central African Republic,prevalence,Male,52000.0,,
2004,CIV,Cote dIvoire,prevalence,Female,340000.0,300000,380000
2004,CIV,Cote dIvoire,prevalence,Male,220000.0,,
2004,CMR,Cameroon,prevalence,Female,280000.0,260000,300000
2004,CMR,Cameroon,prevalence,Male,200000.0,,
2004,COD,Democratic Republic of the Congo,prevalence,Female,340000.0,280000,410000
2004,COD,Democratic Republic of the Congo,prevalence,Male,240000.0,,
2004,COG,Congo,prevalence,Female,51000.0,45000,59000
2004,COG,Congo,prevalence,Male,25000.0,,
2004,CPV,Cape Verde,prevalence,Female,850.0,730,1000
2004,CPV,Cape Verde,prevalence,Male,950.0,,
2004,DJI,Djibouti,prevalence,Female,7400.0,5800,9500
2004,DJI,Djibouti,prevalence,Male,8600.0,,
2004,DZA,Algeria,prevalence,Female,2100.0,2000,2200
2004,DZA,Algeria,prevalence,Male,2700.0,,
2004,EGY,Egypt,prevalence,Female,4500.0,3300,5900
2004,EGY,Egypt,prevalence,Male,10500.0,,
2004,ERI,Eritrea,prevalence,Female,14000.0,11000,18000
2004,ERI,Eritrea,prevalence,Male,10000.0,,
2004,ETH,Ethiopia,prevalence,Female,400000.0,340000,480000
2004,ETH,Ethiopia,prevalence,Male,230000.0,,
2004,GAB,Gabon,prevalence,Female,26000.0,20000,33000
2004,GAB,Gabon,prevalence,Male,11000.0,,
2004,GHA,Ghana,prevalence,Female,170000.0,150000,190000
2004,GHA,Ghana,prevalence,Male,90000.0,,
2004,GIN,Guinea,prevalence,Female,44000.0,37000,52000
2004,GIN,Guinea,prevalence,Male,31000.0,,
2004,GMB,Gambia,prevalence,Female,8900.0,6900,12000
2004,GMB,Gambia,prevalence,Male,7100.0,,
2004,GNB,Guinea-Bissau,prevalence,Female,19000.0,17000,21000
2004,GNB,Guinea-Bissau,prevalence,Male,12000.0,,
2004,KEN,Kenya,prevalence,Female,800000.0,720000,930000
2004,KEN,Kenya,prevalence,Male,400000.0,,
2004,LBR,Liberia,prevalence,Female,22000.0,20000,26000
2004,LBR,Liberia,prevalence,Male,15000.0,,
2004,LBY,Libya,prevalence,Female,790.0,700,880
2004,LBY,Libya,prevalence,Male,1310.0,,
2004,LSO,Lesotho,prevalence,Female,140000.0,130000,150000
2004,LSO,Lesotho,prevalence,Male,90000.0,,
2004,MAR,Morocco,prevalence,Female,6100.0,5300,7100
2004,MAR,Morocco,prevalence,Male,6900.0,,
2004,MDG,Madagascar,prevalence,Female,4000.0,2500,6300
2004,MDG,Madagascar,prevalence,Male,5200.0,,
2004,MLI,Mali,prevalence,Female,57000.0,50000,66000
2004,MLI,Mali,prevalence,Male,39000.0,,
2004,MOZ,Mozambique,prevalence,Female,650000.0,600000,720000
2004,MOZ,Mozambique,prevalence,Male,450000.0,,
2004,MRT,Mauritania,prevalence,Female,4600.0,3900,5300
2004,MRT,Mauritania,prevalence,Male,5100.0,,
2004,MWI,Malawi,prevalence,Female,460000.0,440000,490000
2004,MWI,Malawi,prevalence,Male,320000.0,,
2004,NAM,Namibia,prevalence,Female,94000.0,88000,100000
2004,NAM,Namibia,prevalence,Male,56000.0,,
2004,NER,Niger,prevalence,Female,17000.0,15000,19000
2004,NER,Niger,prevalence,Male,20000.0,,
2004,NGA,Nigeria,prevalence,Female,910000.0,840000,1000000
2004,NGA,Nigeria,prevalence,Male,690000.0,,
2004,RWA,Rwanda,prevalence,Female,120000.0,110000,130000
2004,RWA,Rwanda,prevalence,Male,80000.0,,
2004,SDN,Sudan,prevalence,Female,9800.0,7600,13000
2004,SDN,Sudan,prevalence,Male,9200.0,,
2004,SEN,Senegal,prevalence,Female,19000.0,18000,20000
2004,SEN,Senegal,prevalence,Male,20000.0,,
2004,SLE,Sierra Leone,prevalence,Female,27000.0,24000,33000
2004,SLE,Sierra Leone,prevalence,Male,20000.0,,
2004,SOM,Somalia,prevalence,Female,5800.0,4400,8000
2004,SOM,Somalia,prevalence,Male,5200.0,,
2004,SSD,South Sudan,prevalence,Female,69000.0,50000,92000
2004,SSD,South Sudan,prevalence,Male,41000.0,,
2004,SWZ,Eswatini,prevalence,Female,90000.0,85000,95000
2004,SWZ,Eswatini,prevalence,Male,70000.0,,
2004,TCD,Chad,prevalence,Female,58000.0,46000,73000
2004,TCD,Chad,prevalence,Male,42000.0,,
2004,TGO,Togo,prevalence,Female,56000.0,47000,68000
2004,TGO,Togo,prevalence,Male,34000.0,,
2004,TUN,Tunisia,prevalence,Female,840.0,500,1600
2004,TUN,Tunisia,prevalence,Male,1760.0,,
2004,TZA,United Republic of Tanzania,prevalence,Female,620000.0,580000,680000
2004,TZA,United Republic of Tanzania,prevalence,Male,380000.0,,
2004,UGA,Uganda,prevalence,Female,520000.0,500000,560000
2004,UGA,Uganda,prevalence,Male,370000.0,,
2004,ZAF,South Africa,prevalence,Female,2700000.0,2400000,2900000
2004,ZAF,South Africa,prevalence,Male,1600000.0,,
2004,ZMB,Zambia,prevalence,Female,420000.0,400000,450000
2004,ZMB,Zambia,prevalence,Male,260000.0,,
2004,ZWE,Zimbabwe,prevalence,Female,770000.0,730000,840000
2004,ZWE,Zimbabwe,prevalence,Male,630000.0,,
2005,AGO,Angola,prevalence,Female,110000.0,94000,130000
2005,AGO,Angola,prevalence,Male,50000.0,,
2005,BDI,Burundi,prevalence,Female,51000.0,46000,59000
2005,BDI,Burundi,prevalence,Male,36000.0,,
2005,BEN,Benin,prevalence,Female,33000.0,30000,38000
2005,BEN,Benin,prevalence,Male,22000.0,,
2005,BFA,Burkina Faso,prevalence,Female,51000.0,44000,61000
2005,BFA,Burkina Faso,prevalence,Male,42000.0,,
2005,BWA,Botswana,prevalence,Female,160000.0,160000,170000
2005,BWA,Botswana,prevalence,Male,120000.0,,
2005,CAF,Central African Republic,prevalence,Female,86000.0,73000,99000
2005,CAF,Central African Republic,prevalence,Male,44000.0,,
2005,CIV,Cote dIvoire,prevalence,Female,330000.0,290000,370000
2005,CIV,Cote dIvoire,prevalence,Male,200000.0,,
2005,CMR,Cameroon,prevalence,Female,280000.0,260000,310000
2005,CMR,Cameroon,prevalence,Male,210000.0,,
2005,COD,Democratic Republic of the Congo,prevalence,Female,330000.0,280000,400000
2005,COD,Democratic Republic of the Congo,prevalence,Male,240000.0,,
2005,COG,Congo,prevalence,Female,52000.0,46000,60000
2005,COG,Congo,prevalence,Male,25000.0,,
2005,CPV,Cape Verde,prevalence,Female,880.0,760,1000
2005,CPV,Cape Verde,prevalence,Male,1020.0,,
2005,DJI,Djibouti,prevalence,Female,7300.0,5800,9500
2005,DJI,Djibouti,prevalence,Male,8700.0,,
2005,DZA,Algeria,prevalence,Female,2500.0,2300,2600
2005,DZA,Algeria,prevalence,Male,3100.0,,
2005,EGY,Egypt,prevalence,Female,4400.0,3300,5700
2005,EGY,Egypt,prevalence,Male,11600.0,,
2005,ERI,Eritrea,prevalence,Female,13000.0,10000,17000
2005,ERI,Eritrea,prevalence,Male,9000.0,,
2005,ETH,Ethiopia,prevalence,Female,390000.0,320000,460000
2005,ETH,Ethiopia,prevalence,Male,210000.0,,
2005,GAB,Gabon,prevalence,Female,27000.0,21000,34000
2005,GAB,Gabon,prevalence,Male,11000.0,,
2005,GHA,Ghana,prevalence,Female,170000.0,150000,190000
2005,GHA,Ghana,prevalence,Male,90000.0,,
2005,GIN,Guinea,prevalence,Female,46000.0,39000,53000
2005,GIN,Guinea,prevalence,Male,31000.0,,
2005,GMB,Gambia,prevalence,Female,9400.0,7300,13000
2005,GMB,Gambia,prevalence,Male,7600.0,,
2005,GNB,Guinea-Bissau,prevalence,Female,19000.0,17000,22000
2005,GNB,Guinea-Bissau,prevalence,Male,13000.0,,
2005,KEN,Kenya,prevalence,Female,780000.0,700000,900000
2005,KEN,Kenya,prevalence,Male,420000.0,,
2005,LBR,Liberia,prevalence,Female,22000.0,20000,26000
2005,LBR,Liberia,prevalence,Male,15000.0,,
2005,LBY,Libya,prevalence,Female,920.0,820,1000
2005,LBY,Libya,prevalence,Male,1480.0,,
2005,LSO,Lesotho,prevalence,Female,140000.0,130000,160000
2005,LSO,Lesotho,prevalence,Male,90000.0,,
2005,MAR,Morocco,prevalence,Female,6400.0,5700,7400
2005,MAR,Morocco,prevalence,Male,7600.0,,
2005,MDG,Madagascar,prevalence,Female,5000.0,3200,7300
2005,MDG,Madagascar,prevalence,Male,6000.0,,
2005,MLI,Mali,prevalence,Female,57000.0,50000,67000
2005,MLI,Mali,prevalence,Male,39000.0,,
2005,MOZ,Mozambique,prevalence,Female,680000.0,630000,760000
2005,MOZ,Mozambique,prevalence,Male,420000.0,,
2005,MRT,Mauritania,prevalence,Female,4500.0,3900,5200
2005,MRT,Mauritania,prevalence,Male,5100.0,,
2005,MWI,Malawi,prevalence,Female,460000.0,440000,480000
2005,MWI,Malawi,prevalence,Male,300000.0,,
2005,NAM,Namibia,prevalence,Female,95000.0,89000,100000
2005,NAM,Namibia,prevalence,Male,55000.0,,
2005,NER,Niger,prevalence,Female,16000.0,14000,19000
2005,NER,Niger,prevalence,Male,20000.0,,
2005,NGA,Nigeria,prevalence,Female,920000.0,850000,1000000
2005,NGA,Nigeria,prevalence,Male,680000.0,,
2005,RWA,Rwanda,prevalence,Female,120000.0,110000,130000
2005,RWA,Rwanda,prevalence,Male,80000.0,,
2005,SDN,Sudan,prevalence,Female,10000.0,7900,13000
2005,SDN,Sudan,prevalence,Male,10000.0,,
2005,SEN,Senegal,prevalence,Female,18000.0,17000,20000
2005,SEN,Senegal,prevalence,Male,20000.0,,
2005,SLE,Sierra Leone,prevalence,Female,28000.0,24000,33000
2005,SLE,Sierra Leone,prevalence,Male,20000.0,,
2005,SOM,Somalia,prevalence,Female,5600.0,4300,7600
2005,SOM,Somalia,prevalence,Male,5400.0,,
2005,SSD,South Sudan,prevalence,Female,71000.0,53000,95000
2005,SSD,South Sudan,prevalence,Male,49000.0,,
2005,SWZ,Eswatini,prevalence,Female,92000.0,87000,97000
2005,SWZ,Eswatini,prevalence,Male,68000.0,,
2005,TCD,Chad,prevalence,Female,58000.0,46000,72000
2005,TCD,Chad,prevalence,Male,42000.0,,
2005,TGO,Togo,prevalence,Female,56000.0,47000,68000
2005,TGO,Togo,prevalence,Male,33000.0,,
2005,TUN,Tunisia,prevalence,Female,890.0,540,1600
2005,TUN,Tunisia,prevalence,Male,2110.0,,
2005,TZA,United Republic of Tanzania,prevalence,Female,620000.0,580000,670000
2005,TZA,United Republic of Tanzania,prevalence,Male,380000.0,,
2005,UGA,Uganda,prevalence,Female,540000.0,510000,570000
2005,UGA,Uganda,prevalence,Male,370000.0,,
2005,ZAF,South Africa,prevalence,Female,2800000.0,2500000,3000000
2005,ZAF,South Africa,prevalence,Male,1600000.0,,
2005,ZMB,Zambia,prevalence,Female,430000.0,410000,460000
2005,ZMB,Zambia,prevalence,Male,270000.0,,
2005,ZWE,Zimbabwe,prevalence,Female,740000.0,700000,810000
2005,ZWE,Zimbabwe,prevalence,Male,560000.0,,
2006,AGO,Angola,prevalence,Female,120000.0,100000,140000
2006,AGO,Angola,prevalence,Male,50000.0,,
2006,BDI,Burundi,prevalence,Female,50000.0,45000,57000
2006,BDI,Burundi,prevalence,Male,34000.0,,
2006,BEN,Benin,prevalence,Female,33000.0,29000,38000
2006,BEN,Benin,prevalence,Male,21000.0,,
2006,BFA,Burkina Faso,prevalence,Female,50000.0,43000,59000
2006,BFA,Burkina Faso,prevalence,Male,41000.0,,
2006,BWA,Botswana,prevalence,Female,170000.0,160000,170000
2006,BWA,Botswana,prevalence,Male,110000.0,,
2006,CAF,Central African Republic,prevalence,Female,83000.0,71000,95000
2006,CAF,Central African Republic,prevalence,Male,47000.0,,
2006,CIV,Cote dIvoire,prevalence,Female,320000.0,280000,350000
2006,CIV,Cote dIvoire,prevalence,Male,190000.0,,
2006,CMR,Cameroon,prevalence,Female,290000.0,270000,310000
2006,CMR,Cameroon,prevalence,Male,210000.0,,
2006,COD,Democratic Republic of the Congo,prevalence,Female,330000.0,270000,400000
2006,COD,Democratic Republic of the Congo,prevalence,Male,230000.0,,
2006,COG,Congo,prevalence,Female,52000.0,47000,60000
2006,COG,Congo,prevalence,Male,26000.0,,
2006,CPV,Cape Verde,prevalence,Female,900.0,780,1100
2006,CPV,Cape Verde,prevalence,Male,1100.0,,
2006,DJI,Djibouti,prevalence,Female,7300.0,5700,9500
2006,DJI,Djibouti,prevalence,Male,8700.0,,
2006,DZA,Algeria,prevalence,Female,2900.0,2700,3000
2006,DZA,Algeria,prevalence,Male,3600.0,,
2006,EGY,Egypt,prevalence,Female,4400.0,3300,5600
2006,EGY,Egypt,prevalence,Male,12600.0,,
2006,ERI,Eritrea,prevalence,Female,12000.0,9600,15000
2006,ERI,Eritrea,prevalence,Male,8000.0,,
2006,ETH,Ethiopia,prevalence,Female,370000.0,310000,450000
2006,ETH,Ethiopia,prevalence,Male,210000.0,,
2006,GAB,Gabon,prevalence,Female,28000.0,21000,34000
2006,GAB,Gabon,prevalence,Male,12000.0,,
2006,GHA,Ghana,prevalence,Female,170000.0,150000,190000
2006,GHA,Ghana,prevalence,Male,90000.0,,
2006,GIN,Guinea,prevalence,Female,48000.0,41000,54000
2006,GIN,Guinea,prevalence,Male,32000.0,,
2006,GMB,Gambia,prevalence,Female,9900.0,7700,13000
2006,GMB,Gambia,prevalence,Male,8100.0,,
2006,GNB,Guinea-Bissau,prevalence,Female,19000.0,17000,22000
2006,GNB,Guinea-Bissau,prevalence,Male,13000.0,,
2006,KEN,Kenya,prevalence,Female,770000.0,690000,890000
2006,KEN,Kenya,prevalence,Male,430000.0,,
2006,LBR,Liberia,prevalence,Female,23000.0,20000,26000
2006,LBR,Liberia,prevalence,Male,14000.0,,
2006,LBY,Libya,prevalence,Female,1000.0,940,1100
2006,LBY,Libya,prevalence,Male,1700.0,,
2006,LSO,Lesotho,prevalence,Female,140000.0,130000,160000
2006,LSO,Lesotho,prevalence,Male,100000.0,,
2006,MAR,Morocco,prevalence,Female,6700.0,6000,7700
2006,MAR,Morocco,prevalence,Male,8300.0,,
2006,MDG,Madagascar,prevalence,Female,6000.0,4100,8600
2006,MDG,Madagascar,prevalence,Male,7000.0,,
2006,MLI,Mali,prevalence,Female,58000.0,51000,68000
2006,MLI,Mali,prevalence,Male,39000.0,,
2006,MOZ,Mozambique,prevalence,Female,710000.0,660000,790000
2006,MOZ,Mozambique,prevalence,Male,490000.0,,
2006,MRT,Mauritania,prevalence,Female,4400.0,3800,5100
2006,MRT,Mauritania,prevalence,Male,5100.0,,
2006,MWI,Malawi,prevalence,Female,460000.0,430000,480000
2006,MWI,Malawi,prevalence,Male,290000.0,,
2006,NAM,Namibia,prevalence,Female,97000.0,91000,100000
2006,NAM,Namibia,prevalence,Male,63000.0,,
2006,NER,Niger,prevalence,Female,16000.0,14000,18000
2006,NER,Niger,prevalence,Male,18000.0,,
2006,NGA,Nigeria,prevalence,Female,930000.0,860000,1000000
2006,NGA,Nigeria,prevalence,Male,670000.0,,
2006,RWA,Rwanda,prevalence,Female,120000.0,120000,130000
2006,RWA,Rwanda,prevalence,Male,80000.0,,
2006,SDN,Sudan,prevalence,Female,10000.0,8200,14000
2006,SDN,Sudan,prevalence,Male,10000.0,,
2006,SEN,Senegal,prevalence,Female,18000.0,17000,19000
2006,SEN,Senegal,prevalence,Male,20000.0,,
2006,SLE,Sierra Leone,prevalence,Female,29000.0,25000,34000
2006,SLE,Sierra Leone,prevalence,Male,20000.0,,
2006,SOM,Somalia,prevalence,Female,5400.0,4200,7200
2006,SOM,Somalia,prevalence,Male,4600.0,,
2006,SSD,South Sudan,prevalence,Female,74000.0,56000,98000
2006,SSD,South Sudan,prevalence,Male,46000.0,,
2006,SWZ,Eswatini,prevalence,Female,95000.0,89000,100000
2006,SWZ,Eswatini,prevalence,Male,65000.0,,
2006,TCD,Chad,prevalence,Female,58000.0,47000,71000
2006,TCD,Chad,prevalence,Male,42000.0,,
2006,TGO,Togo,prevalence,Female,56000.0,48000,67000
2006,TGO,Togo,prevalence,Male,34000.0,,
2006,TUN,Tunisia,prevalence,Female,950.0,580,1600
2006,TUN,Tunisia,prevalence,Male,2350.0,,
2006,TZA,United Republic of Tanzania,prevalence,Female,610000.0,570000,660000
2006,TZA,United Republic of Tanzania,prevalence,Male,390000.0,,
2006,UGA,Uganda,prevalence,Female,550000.0,520000,590000
2006,UGA,Uganda,prevalence,Male,380000.0,,
2006,ZAF,South Africa,prevalence,Female,2900000.0,2600000,3100000
2006,ZAF,South Africa,prevalence,Male,1700000.0,,
2006,ZMB,Zambia,prevalence,Female,440000.0,420000,470000
2006,ZMB,Zambia,prevalence,Male,280000.0,,
2006,ZWE,Zimbabwe,prevalence,Female,710000.0,670000,780000
2006,ZWE,Zimbabwe,prevalence,Male,590000.0,,
2007,AGO,Angola,prevalence,Female,120000.0,110000,140000
2007,AGO,Angola,prevalence,Male,50000.0,,
2007,BDI,Burundi,prevalence,Female,49000.0,44000,56000
2007,BDI,Burundi,prevalence,Male,34000.0,,
2007,BEN,Benin,prevalence,Female,32000.0,29000,37000
2007,BEN,Benin,prevalence,Male,21000.0,,
2007,BFA,Burkina Faso,prevalence,Female,49000.0,42000,57000
2007,BFA,Burkina Faso,prevalence,Male,40000.0,,
2007,BWA,Botswana,prevalence,Female,170000.0,160000,180000
2007,BWA,Botswana,prevalence,Male,120000.0,,
2007,CAF,Central African Republic,prevalence,Female,81000.0,70000,93000
2007,CAF,Central African Republic,prevalence,Male,49000.0,,
2007,CIV,Cote dIvoire,prevalence,Female,310000.0,270000,340000
2007,CIV,Cote dIvoire,prevalence,Male,180000.0,,
2007,CMR,Cameroon,prevalence,Female,290000.0,270000,310000
2007,CMR,Cameroon,prevalence,Male,210000.0,,
2007,COD,Democratic Republic of the Congo,prevalence,Female,320000.0,270000,390000
2007,COD,Democratic Republic of the Congo,prevalence,Male,230000.0,,
2007,COG,Congo,prevalence,Female,53000.0,47000,60000
2007,COG,Congo,prevalence,Male,26000.0,,
2007,CPV,Cape Verde,prevalence,Female,930.0,810,1100
2007,CPV,Cape Verde,prevalence,Male,1070.0,,
2007,DJI,Djibouti,prevalence,Female,7200.0,5600,9300
2007,DJI,Djibouti,prevalence,Male,7800.0,,
2007,DZA,Algeria,prevalence,Female,3300.0,3100,3500
2007,DZA,Algeria,prevalence,Male,4200.0,,
2007,EGY,Egypt,prevalence,Female,4300.0,3400,5500
2007,EGY,Egypt,prevalence,Male,12700.0,,
2007,ERI,Eritrea,prevalence,Female,11000.0,9000,14000
2007,ERI,Eritrea,prevalence,Male,8000.0,,
2007,ETH,Ethiopia,prevalence,Female,360000.0,310000,430000
2007,ETH,Ethiopia,prevalence,Male,210000.0,,
2007,GAB,Gabon,prevalence,Female,28000.0,23000,34000
2007,GAB,Gabon,prevalence,Male,13000.0,,
2007,GHA,Ghana,prevalence,Female,170000.0,150000,190000
2007,GHA,Ghana,prevalence,Male,90000.0,,
2007,GIN,Guinea,prevalence,Female,50000.0,43000,57000
2007,GIN,Guinea,prevalence,Male,33000.0,,
2007,GMB,Gambia,prevalence,Female,10000.0,8100,14000
2007,GMB,Gambia,prevalence,Male,9000.0,,
2007,GNB,Guinea-Bissau,prevalence,Female,20000.0,18000,22000
2007,GNB,Guinea-Bissau,prevalence,Male,12000.0,,
2007,KEN,Kenya,prevalence,Female,760000.0,680000,880000
2007,KEN,Kenya,prevalence,Male,440000.0,,
2007,LBR,Liberia,prevalence,Female,22000.0,20000,26000
2007,LBR,Liberia,prevalence,Male,15000.0,,
2007,LBY,Libya,prevalence,Female,1200.0,1100,1200
2007,LBY,Libya,prevalence,Male,1800.0,,
2007,LSO,Lesotho,prevalence,Female,150000.0,140000,160000
2007,LSO,Lesotho,prevalence,Male,90000.0,,
2007,MAR,Morocco,prevalence,Female,6900.0,6200,7900
2007,MAR,Morocco,prevalence,Male,8100.0,,
2007,MDG,Madagascar,prevalence,Female,7100.0,5000,9700
2007,MDG,Madagascar,prevalence,Male,8900.0,,
2007,MLI,Mali,prevalence,Female,58000.0,52000,69000
2007,MLI,Mali,prevalence,Male,40000.0,,
2007,MOZ,Mozambique,prevalence,Female,750000.0,690000,820000
2007,MOZ,Mozambique,prevalence,Male,450000.0,,
2007,MRT,Mauritania,prevalence,Female,4300.0,3700,5000
2007,MRT,Mauritania,prevalence,Male,5000.0,,
2007,MWI,Malawi,prevalence,Female,460000.0,430000,480000
2007,MWI,Malawi,prevalence,Male,290000.0,,
2007,NAM,Namibia,prevalence,Female,99000.0,93000,110000
2007,NAM,Namibia,prevalence,Male,61000.0,,
2007,NER,Niger,prevalence,Female,15000.0,13000,17000
2007,NER,Niger,prevalence,Male,18000.0,,
2007,NGA,Nigeria,prevalence,Female,940000.0,870000,1000000
2007,NGA,Nigeria,prevalence,Male,660000.0,,
2007,RWA,Rwanda,prevalence,Female,130000.0,120000,140000
2007,RWA,Rwanda,prevalence,Male,70000.0,,
2007,SDN,Sudan,prevalence,Female,11000.0,8500,14000
2007,SDN,Sudan,prevalence,Male,10000.0,,
2007,SEN,Senegal,prevalence,Female,18000.0,17000,19000
2007,SEN,Senegal,prevalence,Male,19000.0,,
2007,SLE,Sierra Leone,prevalence,Female,29000.0,26000,34000
2007,SLE,Sierra Leone,prevalence,Male,21000.0,,
2007,SOM,Somalia,prevalence,Female,5300.0,4200,6800
2007,SOM,Somalia,prevalence,Male,4700.0,,
2007,SSD,South Sudan,prevalence,Female,77000.0,59000,100000
2007,SSD,South Sudan,prevalence,Male,53000.0,,
2007,SWZ,Eswatini,prevalence,Female,98000.0,92000,100000
2007,SWZ,Eswatini,prevalence,Male,72000.0,,
2007,TCD,Chad,prevalence,Female,58000.0,47000,71000
2007,TCD,Chad,prevalence,Male,42000.0,,
2007,TGO,Togo,prevalence,Female,56000.0,47000,67000
2007,TGO,Togo,prevalence,Male,33000.0,,
2007,TUN,Tunisia,prevalence,Female,1000.0,630,1600
2007,TUN,Tunisia,prevalence,Male,2600.0,,
2007,TZA,United Republic of Tanzania,prevalence,Female,620000.0,580000,670000
2007,TZA,United Republic of Tanzania,prevalence,Male,380000.0,,
2007,UGA,Uganda,prevalence,Female,560000.0,530000,600000
2007,UGA,Uganda,prevalence,Male,390000.0,,
2007,ZAF,South Africa,prevalence,Female,3000000.0,2800000,3300000
2007,ZAF,South Africa,prevalence,Male,1700000.0,,
2007,ZMB,Zambia,prevalence,Female,460000.0,430000,490000
2007,ZMB,Zambia,prevalence,Male,280000.0,,
2007,ZWE,Zimbabwe,prevalence,Female,690000.0,660000,750000
2007,ZWE,Zimbabwe,prevalence,Male,510000.0,,
2008,AGO,Angola,prevalence,Female,130000.0,110000,150000
2008,AGO,Angola,prevalence,Male,60000.0,,
2008,BDI,Burundi,prevalence,Female,49000.0,44000,56000
2008,BDI,Burundi,prevalence,Male,33000.0,,
2008,BEN,Benin,prevalence,Female,33000.0,29000,38000
2008,BEN,Benin,prevalence,Male,21000.0,,
2008,BFA,Burkina Faso,prevalence,Female,48000.0,42000,57000
2008,BFA,Burkina Faso,prevalence,Male,39000.0,,
2008,BWA,Botswana,prevalence,Female,170000.0,160000,180000
2008,BWA,Botswana,prevalence,Male,120000.0,,
2008,CAF,Central African Republic,prevalence,Female,79000.0,68000,90000
2008,CAF,Central African Republic,prevalence,Male,41000.0,,
2008,CIV,Cote dIvoire,prevalence,Female,300000.0,270000,330000
2008,CIV,Cote dIvoire,prevalence,Male,180000.0,,
2008,CMR,Cameroon,prevalence,Female,290000.0,270000,320000
2008,CMR,Cameroon,prevalence,Male,220000.0,,
2008,COD,Democratic Republic of the Congo,prevalence,Female,320000.0,270000,380000
2008,COD,Democratic Republic of the Congo,prevalence,Male,220000.0,,
2008,COG,Congo,prevalence,Female,53000.0,47000,60000
2008,COG,Congo,prevalence,Male,27000.0,,
2008,CPV,Cape Verde,prevalence,Female,960.0,850,1100
2008,CPV,Cape Verde,prevalence,Male,1140.0,,
2008,DJI,Djibouti,prevalence,Female,7100.0,5400,9100
2008,DJI,Djibouti,prevalence,Male,7900.0,,
2008,DZA,Algeria,prevalence,Female,3800.0,3500,4000
2008,DZA,Algeria,prevalence,Male,4700.0,,
2008,EGY,Egypt,prevalence,Female,4300.0,3300,5400
2008,EGY,Egypt,prevalence,Male,13700.0,,
2008,ERI,Eritrea,prevalence,Female,11000.0,8700,14000
2008,ERI,Eritrea,prevalence,Male,8000.0,,
2008,ETH,Ethiopia,prevalence,Female,360000.0,300000,430000
2008,ETH,Ethiopia,prevalence,Male,200000.0,,
2008,GAB,Gabon,prevalence,Female,29000.0,24000,34000
2008,GAB,Gabon,prevalence,Male,13000.0,,
2008,GHA,Ghana,prevalence,Female,170000.0,150000,190000
2008,GHA,Ghana,prevalence,Male,90000.0,,
2008,GIN,Guinea,prevalence,Female,52000.0,45000,58000
2008,GIN,Guinea,prevalence,Male,34000.0,,
2008,GMB,Gambia,prevalence,Female,11000.0,8600,14000
2008,GMB,Gambia,prevalence,Male,9000.0,,
2008,GNB,Guinea-Bissau,prevalence,Female,20000.0,18000,22000
2008,GNB,Guinea-Bissau,prevalence,Male,13000.0,,
2008,KEN,Kenya,prevalence,Female,760000.0,680000,870000
2008,KEN,Kenya,prevalence,Male,440000.0,,
2008,LBR,Liberia,prevalence,Female,22000.0,19000,26000
2008,LBR,Liberia,prevalence,Male,15000.0,,
2008,LBY,Libya,prevalence,Female,1300.0,1200,1400
2008,LBY,Libya,prevalence,Male,2100.0,,
2008,LSO,Lesotho,prevalence,Female,150000.0,140000,170000
2008,LSO,Lesotho,prevalence,Male,100000.0,,
2008,MAR,Morocco,prevalence,Female,7100.0,6500,8100
2008,MAR,Morocco,prevalence,Male,8900.0,,
2008,MDG,Madagascar,prevalence,Female,8300.0,5900,11000
2008,MDG,Madagascar,prevalence,Male,9700.0,,
2008,MLI,Mali,prevalence,Female,60000.0,53000,71000
2008,MLI,Mali,prevalence,Male,40000.0,,
2008,MOZ,Mozambique,prevalence,Female,790000.0,730000,860000
2008,MOZ,Mozambique,prevalence,Male,510000.0,,
2008,MRT,Mauritania,prevalence,Female,4300.0,3700,4900
2008,MRT,Mauritania,prevalence,Male,4800.0,,
2008,MWI,Malawi,prevalence,Female,470000.0,440000,500000
2008,MWI,Malawi,prevalence,Male,290000.0,,
2008,NAM,Namibia,prevalence,Female,100000.0,95000,110000
2008,NAM,Namibia,prevalence,Male,60000.0,,
2008,NER,Niger,prevalence,Female,15000.0,13000,17000
2008,NER,Niger,prevalence,Male,17000.0,,
2008,NGA,Nigeria,prevalence,Female,950000.0,890000,1000000
2008,NGA,Nigeria,prevalence,Male,650000.0,,
2008,RWA,Rwanda,prevalence,Female,130000.0,120000,140000
2008,RWA,Rwanda,prevalence,Male,80000.0,,
2008,SDN,Sudan,prevalence,Female,11000.0,8800,14000
2008,SDN,Sudan,prevalence,Male,11000.0,,
2008,SEN,Senegal,prevalence,Female,18000.0,17000,20000
2008,SEN,Senegal,prevalence,Male,19000.0,,
2008,SLE,Sierra Leone,prevalence,Female,30000.0,26000,35000
2008,SLE,Sierra Leone,prevalence,Male,21000.0,,
2008,SOM,Somalia,prevalence,Female,5100.0,4100,6400
2008,SOM,Somalia,prevalence,Male,4500.0,,
2008,SSD,South Sudan,prevalence,Female,79000.0,62000,100000
2008,SSD,South Sudan,prevalence,Male,51000.0,,
2008,SWZ,Eswatini,prevalence,Female,100000.0,95000,110000
2008,SWZ,Eswatini,prevalence,Male,70000.0,,
2008,TCD,Chad,prevalence,Female,58000.0,48000,71000
2008,TCD,Chad,prevalence,Male,42000.0,,
2008,TGO,Togo,prevalence,Female,55000.0,47000,66000
2008,TGO,Togo,prevalence,Male,34000.0,,
2008,TUN,Tunisia,prevalence,Female,1100.0,680,1600
2008,TUN,Tunisia,prevalence,Male,2800.0,,
2008,TZA,United Republic of Tanzania,prevalence,Female,620000.0,580000,680000
2008,TZA,United Republic of Tanzania,prevalence,Male,380000.0,,
2008,UGA,Uganda,prevalence,Female,580000.0,550000,620000
2008,UGA,Uganda,prevalence,Male,400000.0,,
2008,ZAF,South Africa,prevalence,Female,3100000.0,2900000,3400000
2008,ZAF,South Africa,prevalence,Male,1800000.0,,
2008,ZMB,Zambia,prevalence,Female,470000.0,450000,510000
2008,ZMB,Zambia,prevalence,Male,300000.0,,
2008,ZWE,Zimbabwe,prevalence,Female,680000.0,640000,740000
2008,ZWE,Zimbabwe,prevalence,Male,520000.0,,
2009,AGO,Angola,prevalence,Female,140000.0,120000,160000
2009,AGO,Angola,prevalence,Male,60000.0,,
2009,BDI,Burundi,prevalence,Female,50000.0,44000,56000
2009,BDI,Burundi,prevalence,Male,34000.0,,
2009,BEN,Benin,prevalence,Female,34000.0,30000,39000
2009,BEN,Benin,prevalence,Male,22000.0,,
2009,BFA,Burkina Faso,prevalence,Female,48000.0,41000,56000
2009,BFA,Burkina Faso,prevalence,Male,38000.0,,
2009,BWA,Botswana,prevalence,Female,180000.0,170000,190000
2009,BWA,Botswana,prevalence,Male,120000.0,,
2009,CAF,Central African Republic,prevalence,Female,78000.0,66000,88000
2009,CAF,Central African Republic,prevalence,Male,42000.0,,
2009,CIV,Cote dIvoire,prevalence,Female,290000.0,260000,330000
2009,CIV,Cote dIvoire,prevalence,Male,180000.0,,
2009,CMR,Cameroon,prevalence,Female,290000.0,280000,320000
2009,CMR,Cameroon,prevalence,Male,220000.0,,
2009,COD,Democratic Republic of the Congo,prevalence,Female,310000.0,270000,370000
2009,COD,Democratic Republic of the Congo,prevalence,Male,220000.0,,
2009,COG,Congo,prevalence,Female,56000.0,49000,63000
2009,COG,Congo,prevalence,Male,27000.0,,
2009,CPV,Cape Verde,prevalence,Female,1000.0,880,1200
2009,CPV,Cape Verde,prevalence,Male,1200.0,,
2009,DJI,Djibouti,prevalence,Female,7000.0,5300,8900
2009,DJI,Djibouti,prevalence,Male,8000.0,,
2009,DZA,Algeria,prevalence,Female,4200.0,3900,4500
2009,DZA,Algeria,prevalence,Male,5300.0,,
2009,EGY,Egypt,prevalence,Female,4200.0,3300,5400
2009,EGY,Egypt,prevalence,Male,14800.0,,
2009,ERI,Eritrea,prevalence,Female,10000.0,8200,13000
2009,ERI,Eritrea,prevalence,Male,8000.0,,
2009,ETH,Ethiopia,prevalence,Female,360000.0,300000,430000
2009,ETH,Ethiopia,prevalence,Male,200000.0,,
2009,GAB,Gabon,prevalence,Female,30000.0,25000,35000
2009,GAB,Gabon,prevalence,Male,13000.0,,
2009,GHA,Ghana,prevalence,Female,170000.0,150000,190000
2009,GHA,Ghana,prevalence,Male,90000.0,,
2009,GIN,Guinea,prevalence,Female,54000.0,46000,60000
2009,GIN,Guinea,prevalence,Male,36000.0,,
2009,GMB,Gambia,prevalence,Female,11000.0,9000,15000
2009,GMB,Gambia,prevalence,Male,9000.0,,
2009,GNB,Guinea-Bissau,prevalence,Female,20000.0,18000,22000
2009,GNB,Guinea-Bissau,prevalence,Male,13000.0,,
2009,KEN,Kenya,prevalence,Female,750000.0,670000,870000
2009,KEN,Kenya,prevalence,Male,450000.0,,
2009,LBR,Liberia,prevalence,Female,22000.0,19000,25000
2009,LBR,Liberia,prevalence,Male,14000.0,,
2009,LBY,Libya,prevalence,Female,1400.0,1300,1500
2009,LBY,Libya,prevalence,Male,2300.0,,
2009,LSO,Lesotho,prevalence,Female,150000.0,140000,170000
2009,LSO,Lesotho,prevalence,Male,110000.0,,
2009,MAR,Morocco,prevalence,Female,7300.0,6600,8300
2009,MAR,Morocco,prevalence,Male,8700.0,,
2009,MDG,Madagascar,prevalence,Female,9500.0,6900,12000
2009,MDG,Madagascar,prevalence,Male,11500.0,,
2009,MLI,Mali,prevalence,Female,61000.0,54000,73000
2009,MLI,Mali,prevalence,Male,39000.0,,
2009,MOZ,Mozambique,prevalence,Female,820000.0,770000,900000
2009,MOZ,Mozambique,prevalence,Male,480000.0,,
2009,MRT,Mauritania,prevalence,Female,4200.0,3600,4800
2009,MRT,Mauritania,prevalence,Male,4600.0,,
2009,MWI,Malawi,prevalence,Female,480000.0,460000,510000
2009,MWI,Malawi,prevalence,Male,290000.0,,
2009,NAM,Namibia,prevalence,Female,110000.0,98000,110000
2009,NAM,Namibia,prevalence,Male,60000.0,,
2009,NER,Niger,prevalence,Female,15000.0,13000,17000
2009,NER,Niger,prevalence,Male,16000.0,,
2009,NGA,Nigeria,prevalence,Female,970000.0,910000,1100000
2009,NGA,Nigeria,prevalence,Male,730000.0,,
2009,RWA,Rwanda,prevalence,Female,130000.0,120000,140000
2009,RWA,Rwanda,prevalence,Male,80000.0,,
2009,SDN,Sudan,prevalence,Female,11000.0,9200,15000
2009,SDN,Sudan,prevalence,Male,12000.0,,
2009,SEN,Senegal,prevalence,Female,18000.0,18000,20000
2009,SEN,Senegal,prevalence,Male,19000.0,,
2009,SLE,Sierra Leone,prevalence,Female,31000.0,27000,35000
2009,SLE,Sierra Leone,prevalence,Male,22000.0,,
2009,SOM,Somalia,prevalence,Female,4900.0,4000,6100
2009,SOM,Somalia,prevalence,Male,4400.0,,
2009,SSD,South Sudan,prevalence,Female,81000.0,64000,110000
2009,SSD,South Sudan,prevalence,Male,59000.0,,
2009,SWZ,Eswatini,prevalence,Female,100000.0,97000,110000
2009,SWZ,Eswatini,prevalence,Male,80000.0,,
2009,TCD,Chad,prevalence,Female,59000.0,49000,72000
2009,TCD,Chad,prevalence,Male,41000.0,,
2009,TGO,Togo,prevalence,Female,55000.0,47000,65000
2009,TGO,Togo,prevalence,Male,34000.0,,
2009,TUN,Tunisia,prevalence,Female,1100.0,740,1600
2009,TUN,Tunisia,prevalence,Male,3100.0,,
2009,TZA,United Republic of Tanzania,prevalence,Female,630000.0,590000,690000
2009,TZA,United Republic of Tanzania,prevalence,Male,370000.0,,
2009,UGA,Uganda,prevalence,Female,600000.0,570000,640000
2009,UGA,Uganda,prevalence,Male,400000.0,,
2009,ZAF,South Africa,prevalence,Female,3300000.0,3000000,3600000
2009,ZAF,South Africa,prevalence,Male,1800000.0,,
2009,ZMB,Zambia,prevalence,Female,490000.0,470000,530000
2009,ZMB,Zambia,prevalence,Male,320000.0,,
2009,ZWE,Zimbabwe,prevalence,Female,670000.0,640000,730000
2009,ZWE,Zimbabwe,prevalence,Male,530000.0,,
2010,AGO,Angola,prevalence,Female,150000.0,130000,170000
2010,AGO,Angola,prevalence,Male,60000.0,,
2010,BDI,Burundi,prevalence,Female,49000.0,44000,56000
2010,BDI,Burundi,prevalence,Male,34000.0,,
2010,BEN,Benin,prevalence,Female,35000.0,31000,41000
2010,BEN,Benin,prevalence,Male,22000.0,,
2010,BFA,Burkina Faso,prevalence,Female,48000.0,41000,56000
2010,BFA,Burkina Faso,prevalence,Male,38000.0,,
2010,BWA,Botswana,prevalence,Female,180000.0,170000,190000
2010,BWA,Botswana,prevalence,Male,130000.0,,
2010,CAF,Central African Republic,prevalence,Female,77000.0,65000,87000
2010,CAF,Central African Republic,prevalence,Male,43000.0,,
2010,CIV,Cote dIvoire,prevalence,Female,290000.0,260000,320000
2010,CIV,Cote dIvoire,prevalence,Male,180000.0,,
2010,CMR,Cameroon,prevalence,Female,300000.0,280000,320000
2010,CMR,Cameroon,prevalence,Male,210000.0,,
2010,COD,Democratic Republic of the Congo,prevalence,Female,310000.0,260000,370000
2010,COD,Democratic Republic of the Congo,prevalence,Male,210000.0,,
2010,COG,Congo,prevalence,Female,57000.0,50000,64000
2010,COG,Congo,prevalence,Male,28000.0,,
2010,CPV,Cape Verde,prevalence,Female,1000.0,920,1200
2010,CPV,Cape Verde,prevalence,Male,1300.0,,
2010,DJI,Djibouti,prevalence,Female,6800.0,5100,8700
2010,DJI,Djibouti,prevalence,Male,7200.0,,
2010,DZA,Algeria,prevalence,Female,4700.0,4400,4900
2010,DZA,Algeria,prevalence,Male,5300.0,,
2010,EGY,Egypt,prevalence,Female,4200.0,3300,5400
2010,EGY,Egypt,prevalence,Male,15800.0,,
2010,ERI,Eritrea,prevalence,Female,10000.0,7800,12000
2010,ERI,Eritrea,prevalence,Male,7000.0,,
2010,ETH,Ethiopia,prevalence,Female,360000.0,300000,430000
2010,ETH,Ethiopia,prevalence,Male,210000.0,,
2010,GAB,Gabon,prevalence,Female,30000.0,26000,35000
2010,GAB,Gabon,prevalence,Male,14000.0,,
2010,GHA,Ghana,prevalence,Female,170000.0,150000,200000
2010,GHA,Ghana,prevalence,Male,100000.0,,
2010,GIN,Guinea,prevalence,Female,56000.0,49000,63000
2010,GIN,Guinea,prevalence,Male,38000.0,,
2010,GMB,Gambia,prevalence,Female,12000.0,9300,15000
2010,GMB,Gambia,prevalence,Male,9000.0,,
2010,GNB,Guinea-Bissau,prevalence,Female,20000.0,18000,22000
2010,GNB,Guinea-Bissau,prevalence,Male,13000.0,,
2010,KEN,Kenya,prevalence,Female,760000.0,680000,870000
2010,KEN,Kenya,prevalence,Male,440000.0,,
2010,LBR,Liberia,prevalence,Female,22000.0,19000,25000
2010,LBR,Liberia,prevalence,Male,14000.0,,
2010,LBY,Libya,prevalence,Female,1600.0,1500,1600
2010,LBY,Libya,prevalence,Male,2400.0,,
2010,LSO,Lesotho,prevalence,Female,160000.0,150000,180000
2010,LSO,Lesotho,prevalence,Male,100000.0,,
2010,MAR,Morocco,prevalence,Female,7500.0,6800,8400
2010,MAR,Morocco,prevalence,Male,9500.0,,
2010,MDG,Madagascar,prevalence,Female,11000.0,8100,14000
2010,MDG,Madagascar,prevalence,Male,12000.0,,
2010,MLI,Mali,prevalence,Female,61000.0,55000,74000
2010,MLI,Mali,prevalence,Male,39000.0,,
2010,MOZ,Mozambique,prevalence,Female,870000.0,810000,930000
2010,MOZ,Mozambique,prevalence,Male,530000.0,,
2010,MRT,Mauritania,prevalence,Female,4100.0,3500,4700
2010,MRT,Mauritania,prevalence,Male,4400.0,,
2010,MWI,Malawi,prevalence,Female,490000.0,470000,520000
2010,MWI,Malawi,prevalence,Male,300000.0,,
2010,NAM,Namibia,prevalence,Female,110000.0,100000,120000
2010,NAM,Namibia,prevalence,Male,60000.0,,
2010,NER,Niger,prevalence,Female,14000.0,13000,16000
2010,NER,Niger,prevalence,Male,17000.0,,
2010,NGA,Nigeria,prevalence,Female,990000.0,930000,1100000
2010,NGA,Nigeria,prevalence,Male,710000.0,,
2010,RWA,Rwanda,prevalence,Female,130000.0,120000,140000
2010,RWA,Rwanda,prevalence,Male,80000.0,,
2010,SDN,Sudan,prevalence,Female,12000.0,9400,15000
2010,SDN,Sudan,prevalence,Male,11000.0,,
2010,SEN,Senegal,prevalence,Female,19000.0,18000,20000
2010,SEN,Senegal,prevalence,Male,18000.0,,
2010,SLE,Sierra Leone,prevalence,Female,32000.0,28000,37000
2010,SLE,Sierra Leone,prevalence,Male,22000.0,,
2010,SOM,Somalia,prevalence,Female,4700.0,3900,5800
2010,SOM,Somalia,prevalence,Male,4200.0,,
2010,SSD,South Sudan,prevalence,Female,85000.0,67000,110000
2010,SSD,South Sudan,prevalence,Male,55000.0,,
2010,SWZ,Eswatini,prevalence,Female,110000.0,100000,110000
2010,SWZ,Eswatini,prevalence,Male,70000.0,,
2010,TCD,Chad,prevalence,Female,60000.0,49000,73000
2010,TCD,Chad,prevalence,Male,40000.0,,
2010,TGO,Togo,prevalence,Female,55000.0,47000,65000
2010,TGO,Togo,prevalence,Male,34000.0,,
2010,TUN,Tunisia,prevalence,Female,1200.0,790,1700
2010,TUN,Tunisia,prevalence,Male,3200.0,,
2010,TZA,United Republic of Tanzania,prevalence,Female,650000.0,610000,710000
2010,TZA,United Republic of Tanzania,prevalence,Male,450000.0,,
2010,UGA,Uganda,prevalence,Female,620000.0,590000,670000
2010,UGA,Uganda,prevalence,Male,380000.0,,
2010,ZAF,South Africa,prevalence,Female,3400000.0,3100000,3700000
2010,ZAF,South Africa,prevalence,Male,1900000.0,,
2010,ZMB,Zambia,prevalence,Female,520000.0,490000,550000
2010,ZMB,Zambia,prevalence,Male,320000.0,,
2010,ZWE,Zimbabwe,prevalence,Female,680000.0,650000,740000
2010,ZWE,Zimbabwe,prevalence,Male,520000.0,,
2011,AGO,Angola,prevalence,Female,150000.0,130000,170000
2011,AGO,Angola,prevalence,Male,70000.0,,
2011,BDI,Burundi,prevalence,Female,49000.0,44000,55000
2011,BDI,Burundi,prevalence,Male,33000.0,,
2011,BEN,Benin,prevalence,Female,36000.0,32000,42000
2011,BEN,Benin,prevalence,Male,23000.0,,
2011,BFA,Burkina Faso,prevalence,Female,48000.0,42000,56000
2011,BFA,Burkina Faso,prevalence,Male,37000.0,,
2011,BWA,Botswana,prevalence,Female,190000.0,170000,200000
2011,BWA,Botswana,prevalence,Male,120000.0,,
2011,CAF,Central African Republic,prevalence,Female,74000.0,63000,84000
2011,CAF,Central African Republic,prevalence,Male,46000.0,,
2011,CIV,Cote dIvoire,prevalence,Female,280000.0,260000,320000
2011,CIV,Cote dIvoire,prevalence,Male,180000.0,,
2011,CMR,Cameroon,prevalence,Female,300000.0,280000,320000
2011,CMR,Cameroon,prevalence,Male,210000.0,,
2011,COD,Democratic Republic of the Congo,prevalence,Female,310000.0,260000,360000
2011,COD,Democratic Republic of the Congo,prevalence,Male,210000.0,,
2011,COG,Congo,prevalence,Female,58000.0,51000,66000
2011,COG,Congo,prevalence,Male,29000.0,,
2011,CPV,Cape Verde,prevalence,Female,1100.0,960,1200
2011,CPV,Cape Verde,prevalence,Male,1300.0,,
2011,DJI,Djibouti,prevalence,Female,6600.0,5000,8400
2011,DJI,Djibouti,prevalence,Male,7400.0,,
2011,DZA,Algeria,prevalence,Female,5100.0,4700,5400
2011,DZA,Algeria,prevalence,Male,5900.0,,
2011,EGY,Egypt,prevalence,Female,4200.0,3400,5400
2011,EGY,Egypt,prevalence,Male,16800.0,,
2011,ERI,Eritrea,prevalence,Female,9600.0,7500,12000
2011,ERI,Eritrea,prevalence,Male,6400.0,,
2011,ETH,Ethiopia,prevalence,Female,360000.0,310000,440000
2011,ETH,Ethiopia,prevalence,Male,210000.0,,
2011,GAB,Gabon,prevalence,Female,31000.0,26000,36000
2011,GAB,Gabon,prevalence,Male,15000.0,,
2011,GHA,Ghana,prevalence,Female,170000.0,150000,200000
2011,GHA,Ghana,prevalence,Male,100000.0,,
2011,GIN,Guinea,prevalence,Female,58000.0,51000,66000
2011,GIN,Guinea,prevalence,Male,39000.0,,
2011,GMB,Gambia,prevalence,Female,12000.0,9600,16000
2011,GMB,Gambia,prevalence,Male,10000.0,,
2011,GNB,Guinea-Bissau,prevalence,Female,20000.0,18000,22000
2011,GNB,Guinea-Bissau,prevalence,Male,13000.0,,
2011,KEN,Kenya,prevalence,Female,760000.0,680000,880000
2011,KEN,Kenya,prevalence,Male,440000.0,,
2011,LBR,Liberia,prevalence,Female,22000.0,19000,26000
2011,LBR,Liberia,prevalence,Male,15000.0,,
2011,LBY,Libya,prevalence,Female,1500.0,1400,1600
2011,LBY,Libya,prevalence,Male,2400.0,,
2011,LSO,Lesotho,prevalence,Female,160000.0,150000,180000
2011,LSO,Lesotho,prevalence,Male,110000.0,,
2011,MAR,Morocco,prevalence,Female,7700.0,6900,8500
2011,MAR,Morocco,prevalence,Male,9300.0,,
2011,MDG,Madagascar,prevalence,Female,12000.0,9100,15000
2011,MDG,Madagascar,prevalence,Male,14000.0,,
2011,MLI,Mali,prevalence,Female,62000.0,55000,75000
2011,MLI,Mali,prevalence,Male,38000.0,,
2011,MOZ,Mozambique,prevalence,Female,910000.0,860000,990000
2011,MOZ,Mozambique,prevalence,Male,590000.0,,
2011,MRT,Mauritania,prevalence,Female,3900.0,3400,4600
2011,MRT,Mauritania,prevalence,Male,4200.0,,
2011,MWI,Malawi,prevalence,Female,510000.0,480000,540000
2011,MWI,Malawi,prevalence,Male,300000.0,,
2011,NAM,Namibia,prevalence,Female,110000.0,100000,120000
2011,NAM,Namibia,prevalence,Male,70000.0,,
2011,NER,Niger,prevalence,Female,14000.0,13000,16000
2011,NER,Niger,prevalence,Male,16000.0,,
2011,NGA,Nigeria,prevalence,Female,1000000.0,950000,1100000
2011,NGA,Nigeria,prevalence,Male,700000.0,,
2011,RWA,Rwanda,prevalence,Female,130000.0,120000,150000
2011,RWA,Rwanda,prevalence,Male,90000.0,,
2011,SDN,Sudan,prevalence,Female,12000.0,9700,16000
2011,SDN,Sudan,prevalence,Male,12000.0,,
2011,SEN,Senegal,prevalence,Female,19000.0,18000,21000
2011,SEN,Senegal,prevalence,Male,18000.0,,
2011,SLE,Sierra Leone,prevalence,Female,33000.0,29000,38000
2011,SLE,Sierra Leone,prevalence,Male,23000.0,,
2011,SOM,Somalia,prevalence,Female,4400.0,3700,5400
2011,SOM,Somalia,prevalence,Male,4000.0,,
2011,SSD,South Sudan,prevalence,Female,88000.0,70000,110000
2011,SSD,South Sudan,prevalence,Male,62000.0,,
2011,SWZ,Eswatini,prevalence,Female,110000.0,100000,120000
2011,SWZ,Eswatini,prevalence,Male,80000.0,,
2011,TCD,Chad,prevalence,Female,61000.0,51000,74000
2011,TCD,Chad,prevalence,Male,39000.0,,
2011,TGO,Togo,prevalence,Female,55000.0,47000,65000
2011,TGO,Togo,prevalence,Male,35000.0,,
2011,TUN,Tunisia,prevalence,Female,1200.0,850,1700
2011,TUN,Tunisia,prevalence,Male,3500.0,,
2011,TZA,United Republic of Tanzania,prevalence,Female,670000.0,640000,730000
2011,TZA,United Republic of Tanzania,prevalence,Male,430000.0,,
2011,UGA,Uganda,prevalence,Female,640000.0,610000,690000
2011,UGA,Uganda,prevalence,Male,460000.0,,
2011,ZAF,South Africa,prevalence,Female,3500000.0,3300000,3800000
2011,ZAF,South Africa,prevalence,Male,2000000.0,,
2011,ZMB,Zambia,prevalence,Female,540000.0,520000,580000
2011,ZMB,Zambia,prevalence,Male,340000.0,,
2011,ZWE,Zimbabwe,prevalence,Female,690000.0,660000,750000
2011,ZWE,Zimbabwe,prevalence,Male,510000.0,,
2012,AGO,Angola,prevalence,Female,160000.0,140000,180000
2012,AGO,Angola,prevalence,Male,70000.0,,
2012,BDI,Burundi,prevalence,Female,49000.0,44000,55000
2012,BDI,Burundi,prevalence,Male,32000.0,,
2012,BEN,Benin,prevalence,Female,37000.0,32000,43000
2012,BEN,Benin,prevalence,Male,23000.0,,
2012,BFA,Burkina Faso,prevalence,Female,48000.0,42000,56000
2012,BFA,Burkina Faso,prevalence,Male,37000.0,,
2012,BWA,Botswana,prevalence,Female,190000.0,180000,200000
2012,BWA,Botswana,prevalence,Male,130000.0,,
2012,CAF,Central African Republic,prevalence,Female,70000.0,59000,81000
2012,CAF,Central African Republic,prevalence,Male,40000.0,,
2012,CIV,Cote dIvoire,prevalence,Female,280000.0,250000,320000
2012,CIV,Cote dIvoire,prevalence,Male,170000.0,,
2012,CMR,Cameroon,prevalence,Female,300000.0,280000,320000
2012,CMR,Cameroon,prevalence,Male,210000.0,,
2012,COD,Democratic Republic of the Congo,prevalence,Female,300000.0,260000,360000
2012,COD,Democratic Republic of the Congo,prevalence,Male,210000.0,,
2012,COG,Congo,prevalence,Female,59000.0,51000,66000
2012,COG,Congo,prevalence,Male,29000.0,,
2012,CPV,Cape Verde,prevalence,Female,1100.0,1000,1300
2012,CPV,Cape Verde,prevalence,Male,1400.0,,
2012,DJI,Djibouti,prevalence,Female,6300.0,4800,8100
2012,DJI,Djibouti,prevalence,Male,6700.0,,
2012,DZA,Algeria,prevalence,Female,5500.0,5100,5800
2012,DZA,Algeria,prevalence,Male,6500.0,,
2012,EGY,Egypt,prevalence,Female,4300.0,3400,5500
2012,EGY,Egypt,prevalence,Male,17700.0,,
2012,ERI,Eritrea,prevalence,Female,9200.0,7200,11000
2012,ERI,Eritrea,prevalence,Male,5800.0,,
2012,ETH,Ethiopia,prevalence,Female,370000.0,310000,440000
2012,ETH,Ethiopia,prevalence,Male,210000.0,,
2012,GAB,Gabon,prevalence,Female,32000.0,27000,37000
2012,GAB,Gabon,prevalence,Male,15000.0,,
2012,GHA,Ghana,prevalence,Female,170000.0,150000,200000
2012,GHA,Ghana,prevalence,Male,110000.0,,
2012,GIN,Guinea,prevalence,Female,60000.0,53000,69000
2012,GIN,Guinea,prevalence,Male,40000.0,,
2012,GMB,Gambia,prevalence,Female,12000.0,10000,16000
2012,GMB,Gambia,prevalence,Male,10000.0,,
2012,GNB,Guinea-Bissau,prevalence,Female,20000.0,18000,22000
2012,GNB,Guinea-Bissau,prevalence,Male,13000.0,,
2012,KEN,Kenya,prevalence,Female,770000.0,690000,890000
2012,KEN,Kenya,prevalence,Male,430000.0,,
2012,LBR,Liberia,prevalence,Female,22000.0,19000,25000
2012,LBR,Liberia,prevalence,Male,14000.0,,
2012,LBY,Libya,prevalence,Female,1600.0,1500,1700
2012,LBY,Libya,prevalence,Male,2600.0,,
2012,LSO,Lesotho,prevalence,Female,170000.0,150000,180000
2012,LSO,Lesotho,prevalence,Male,110000.0,,
2012,MAR,Morocco,prevalence,Female,7800.0,7000,8700
2012,MAR,Morocco,prevalence,Male,10200.0,,
2012,MDG,Madagascar,prevalence,Female,13000.0,10000,16000
2012,MDG,Madagascar,prevalence,Male,15000.0,,
2012,MLI,Mali,prevalence,Female,62000.0,56000,75000
2012,MLI,Mali,prevalence,Male,38000.0,,
2012,MOZ,Mozambique,prevalence,Female,960000.0,900000,1000000
2012,MOZ,Mozambique,prevalence,Male,540000.0,,
2012,MRT,Mauritania,prevalence,Female,3800.0,3300,4400
2012,MRT,Mauritania,prevalence,Male,3900.0,,
2012,MWI,Malawi,prevalence,Female,520000.0,500000,560000
2012,MWI,Malawi,prevalence,Male,310000.0,,
2012,NAM,Namibia,prevalence,Female,110000.0,110000,130000
2012,NAM,Namibia,prevalence,Male,70000.0,,
2012,NER,Niger,prevalence,Female,14000.0,13000,16000
2012,NER,Niger,prevalence,Male,16000.0,,
2012,NGA,Nigeria,prevalence,Female,1000000.0,970000,1100000
2012,NGA,Nigeria,prevalence,Male,800000.0,,
2012,RWA,Rwanda,prevalence,Female,140000.0,130000,150000
2012,RWA,Rwanda,prevalence,Male,80000.0,,
2012,SDN,Sudan,prevalence,Female,12000.0,10000,16000
2012,SDN,Sudan,prevalence,Male,13000.0,,
2012,SEN,Senegal,prevalence,Female,19000.0,19000,21000
2012,SEN,Senegal,prevalence,Male,18000.0,,
2012,SLE,Sierra Leone,prevalence,Female,34000.0,30000,39000
2012,SLE,Sierra Leone,prevalence,Male,24000.0,,
2012,SOM,Somalia,prevalence,Female,4300.0,3700,5200
2012,SOM,Somalia,prevalence,Male,3900.0,,
2012,SSD,South Sudan,prevalence,Female,90000.0,72000,120000
2012,SSD,South Sudan,prevalence,Male,60000.0,,
2012,SWZ,Eswatini,prevalence,Female,110000.0,110000,120000
2012,SWZ,Eswatini,prevalence,Male,80000.0,,
2012,TCD,Chad,prevalence,Female,61000.0,52000,73000
2012,TCD,Chad,prevalence,Male,39000.0,,
2012,TGO,Togo,prevalence,Female,55000.0,48000,65000
2012,TGO,Togo,prevalence,Male,35000.0,,
2012,TUN,Tunisia,prevalence,Female,1300.0,900,1800
2012,TUN,Tunisia,prevalence,Male,3600.0,,
2012,TZA,United Republic of Tanzania,prevalence,Female,700000.0,660000,760000
2012,TZA,United Republic of Tanzania,prevalence,Male,500000.0,,
2012,UGA,Uganda,prevalence,Female,660000.0,640000,720000
2012,UGA,Uganda,prevalence,Male,440000.0,,
2012,ZAF,South Africa,prevalence,Female,3700000.0,3400000,4000000
2012,ZAF,South Africa,prevalence,Male,2000000.0,,
2012,ZMB,Zambia,prevalence,Female,570000.0,540000,610000
2012,ZMB,Zambia,prevalence,Male,350000.0,,
2012,ZWE,Zimbabwe,prevalence,Female,700000.0,670000,770000
2012,ZWE,Zimbabwe,prevalence,Male,500000.0,,
2013,AGO,Angola,prevalence,Female,170000.0,150000,190000
2013,AGO,Angola,prevalence,Male,70000.0,,
2013,BDI,Burundi,prevalence,Female,48000.0,44000,55000
2013,BDI,Burundi,prevalence,Male,33000.0,,
2013,BEN,Benin,prevalence,Female,38000.0,33000,45000
2013,BEN,Benin,prevalence,Male,24000.0,,
2013,BFA,Burkina Faso,prevalence,Female,49000.0,42000,57000
2013,BFA,Burkina Faso,prevalence,Male,35000.0,,
2013,BWA,Botswana,prevalence,Female,190000.0,180000,210000
2013,BWA,Botswana,prevalence,Male,140000.0,,
2013,CAF,Central African Republic,prevalence,Female,67000.0,57000,77000
2013,CAF,Central African Republic,prevalence,Male,43000.0,,
2013,CIV,Cote dIvoire,prevalence,Female,280000.0,250000,310000
2013,CIV,Cote dIvoire,prevalence,Male,160000.0,,
2013,CMR,Cameroon,prevalence,Female,300000.0,280000,320000
2013,CMR,Cameroon,prevalence,Male,210000.0,,
2013,COD,Democratic Republic of the Congo,prevalence,Female,300000.0,260000,360000
2013,COD,Democratic Republic of the Congo,prevalence,Male,210000.0,,
2013,COG,Congo,prevalence,Female,60000.0,51000,68000
2013,COG,Congo,prevalence,Male,29000.0,,
2013,CPV,Cape Verde,prevalence,Female,1200.0,1000,1400
2013,CPV,Cape Verde,prevalence,Male,1400.0,,
2013,DJI,Djibouti,prevalence,Female,6100.0,4600,7800
2013,DJI,Djibouti,prevalence,Male,5900.0,,
2013,DZA,Algeria,prevalence,Female,5900.0,5500,6100
2013,DZA,Algeria,prevalence,Male,7100.0,,
2013,EGY,Egypt,prevalence,Female,4400.0,3500,5500
2013,EGY,Egypt,prevalence,Male,19600.0,,
2013,ERI,Eritrea,prevalence,Female,8800.0,7000,11000
2013,ERI,Eritrea,prevalence,Male,6200.0,,
2013,ETH,Ethiopia,prevalence,Female,370000.0,310000,440000
2013,ETH,Ethiopia,prevalence,Male,210000.0,,
2013,GAB,Gabon,prevalence,Female,33000.0,28000,38000
2013,GAB,Gabon,prevalence,Male,15000.0,,
2013,GHA,Ghana,prevalence,Female,180000.0,160000,210000
2013,GHA,Ghana,prevalence,Male,100000.0,,
2013,GIN,Guinea,prevalence,Female,63000.0,55000,71000
2013,GIN,Guinea,prevalence,Male,37000.0,,
2013,GMB,Gambia,prevalence,Female,13000.0,11000,17000
2013,GMB,Gambia,prevalence,Male,10000.0,,
2013,GNB,Guinea-Bissau,prevalence,Female,20000.0,18000,23000
2013,GNB,Guinea-Bissau,prevalence,Male,13000.0,,
2013,KEN,Kenya,prevalence,Female,780000.0,700000,900000
2013,KEN,Kenya,prevalence,Male,420000.0,,
2013,LBR,Liberia,prevalence,Female,22000.0,19000,25000
2013,LBR,Liberia,prevalence,Male,14000.0,,
2013,LBY,Libya,prevalence,Female,1700.0,1600,1800
2013,LBY,Libya,prevalence,Male,2800.0,,
2013,LSO,Lesotho,prevalence,Female,170000.0,160000,190000
2013,LSO,Lesotho,prevalence,Male,110000.0,,
2013,MAR,Morocco,prevalence,Female,7900.0,7200,8800
2013,MAR,Morocco,prevalence,Male,10100.0,,
2013,MDG,Madagascar,prevalence,Female,14000.0,11000,17000
2013,MDG,Madagascar,prevalence,Male,16000.0,,
2013,MLI,Mali,prevalence,Female,63000.0,56000,77000
2013,MLI,Mali,prevalence,Male,37000.0,,
2013,MOZ,Mozambique,prevalence,Female,1000000.0,950000,1100000
2013,MOZ,Mozambique,prevalence,Male,600000.0,,
2013,MRT,Mauritania,prevalence,Female,3600.0,3200,4300
2013,MRT,Mauritania,prevalence,Male,3700.0,,
2013,MWI,Malawi,prevalence,Female,540000.0,510000,570000
2013,MWI,Malawi,prevalence,Male,310000.0,,
2013,NAM,Namibia,prevalence,Female,120000.0,110000,130000
2013,NAM,Namibia,prevalence,Male,70000.0,,
2013,NER,Niger,prevalence,Female,15000.0,13000,17000
2013,NER,Niger,prevalence,Male,15000.0,,
2013,NGA,Nigeria,prevalence,Female,1100000.0,1000000,1200000
2013,NGA,Nigeria,prevalence,Male,700000.0,,
2013,RWA,Rwanda,prevalence,Female,140000.0,130000,150000
2013,RWA,Rwanda,prevalence,Male,80000.0,,
2013,SDN,Sudan,prevalence,Female,13000.0,10000,16000
2013,SDN,Sudan,prevalence,Male,13000.0,,
2013,SEN,Senegal,prevalence,Female,20000.0,19000,21000
2013,SEN,Senegal,prevalence,Male,17000.0,,
2013,SLE,Sierra Leone,prevalence,Female,35000.0,31000,40000
2013,SLE,Sierra Leone,prevalence,Male,24000.0,,
2013,SOM,Somalia,prevalence,Female,4300.0,3700,5000
2013,SOM,Somalia,prevalence,Male,3800.0,,
2013,SSD,South Sudan,prevalence,Female,92000.0,74000,120000
2013,SSD,South Sudan,prevalence,Male,58000.0,,
2013,SWZ,Eswatini,prevalence,Female,120000.0,110000,130000
2013,SWZ,Eswatini,prevalence,Male,80000.0,,
2013,TCD,Chad,prevalence,Female,62000.0,53000,74000
2013,TCD,Chad,prevalence,Male,38000.0,,
2013,TGO,Togo,prevalence,Female,56000.0,48000,65000
2013,TGO,Togo,prevalence,Male,34000.0,,
2013,TUN,Tunisia,prevalence,Female,1300.0,940,1900
2013,TUN,Tunisia,prevalence,Male,3800.0,,
2013,TZA,United Republic of Tanzania,prevalence,Female,740000.0,690000,800000
2013,TZA,United Republic of Tanzania,prevalence,Male,460000.0,,
2013,UGA,Uganda,prevalence,Female,690000.0,660000,750000
2013,UGA,Uganda,prevalence,Male,510000.0,,
2013,ZAF,South Africa,prevalence,Female,3800000.0,3600000,4200000
2013,ZAF,South Africa,prevalence,Male,2100000.0,,
2013,ZMB,Zambia,prevalence,Female,600000.0,570000,640000
2013,ZMB,Zambia,prevalence,Male,370000.0,,
2013,ZWE,Zimbabwe,prevalence,Female,710000.0,680000,780000
2013,ZWE,Zimbabwe,prevalence,Male,490000.0,,
2014,AGO,Angola,prevalence,Female,180000.0,160000,200000
2014,AGO,Angola,prevalence,Male,70000.0,,
2014,BDI,Burundi,prevalence,Female,49000.0,44000,55000
2014,BDI,Burundi,prevalence,Male,31000.0,,
2014,BEN,Benin,prevalence,Female,39000.0,34000,46000
2014,BEN,Benin,prevalence,Male,23000.0,,
2014,BFA,Burkina Faso,prevalence,Female,49000.0,42000,57000
2014,BFA,Burkina Faso,prevalence,Male,35000.0,,
2014,BWA,Botswana,prevalence,Female,200000.0,190000,210000
2014,BWA,Botswana,prevalence,Male,130000.0,,
2014,CAF,Central African Republic,prevalence,Female,62000.0,52000,73000
2014,CAF,Central African Republic,prevalence,Male,38000.0,,
2014,CIV,Cote dIvoire,prevalence,Female,270000.0,240000,310000
2014,CIV,Cote dIvoire,prevalence,Male,160000.0,,
2014,CMR,Cameroon,prevalence,Female,300000.0,280000,330000
2014,CMR,Cameroon,prevalence,Male,200000.0,,
2014,COD,Democratic Republic of the Congo,prevalence,Female,300000.0,260000,360000
2014,COD,Democratic Republic of the Congo,prevalence,Male,200000.0,,
2014,COG,Congo,prevalence,Female,61000.0,52000,70000
2014,COG,Congo,prevalence,Male,29000.0,,
2014,CPV,Cape Verde,prevalence,Female,1200.0,1100,1400
2014,CPV,Cape Verde,prevalence,Male,1500.0,,
2014,DJI,Djibouti,prevalence,Female,5800.0,4400,7500
2014,DJI,Djibouti,prevalence,Male,6200.0,,
2014,DZA,Algeria,prevalence,Female,6300.0,5900,6600
2014,DZA,Algeria,prevalence,Male,7700.0,,
2014,EGY,Egypt,prevalence,Female,4400.0,3500,5700
2014,EGY,Egypt,prevalence,Male,20600.0,,
2014,ERI,Eritrea,prevalence,Female,8400.0,6700,10000
2014,ERI,Eritrea,prevalence,Male,5600.0,,
2014,ETH,Ethiopia,prevalence,Female,370000.0,310000,450000
2014,ETH,Ethiopia,prevalence,Male,210000.0,,
2014,GAB,Gabon,prevalence,Female,34000.0,29000,39000
2014,GAB,Gabon,prevalence,Male,15000.0,,
2014,GHA,Ghana,prevalence,Female,180000.0,160000,210000
2014,GHA,Ghana,prevalence,Male,100000.0,,
2014,GIN,Guinea,prevalence,Female,65000.0,57000,73000
2014,GIN,Guinea,prevalence,Male,45000.0,,
2014,GMB,Gambia,prevalence,Female,13000.0,11000,17000
2014,GMB,Gambia,prevalence,Male,10000.0,,
2014,GNB,Guinea-Bissau,prevalence,Female,20000.0,18000,23000
2014,GNB,Guinea-Bissau,prevalence,Male,13000.0,,
2014,KEN,Kenya,prevalence,Female,790000.0,710000,910000
2014,KEN,Kenya,prevalence,Male,410000.0,,
2014,LBR,Liberia,prevalence,Female,21000.0,18000,25000
2014,LBR,Liberia,prevalence,Male,14000.0,,
2014,LBY,Libya,prevalence,Female,1800.0,1700,2000
2014,LBY,Libya,prevalence,Male,2900.0,,
2014,LSO,Lesotho,prevalence,Female,170000.0,160000,190000
2014,LSO,Lesotho,prevalence,Male,110000.0,,
2014,MAR,Morocco,prevalence,Female,8100.0,7300,8900
2014,MAR,Morocco,prevalence,Male,10900.0,,
2014,MDG,Madagascar,prevalence,Female,15000.0,12000,19000
2014,MDG,Madagascar,prevalence,Male,18000.0,,
2014,MLI,Mali,prevalence,Female,64000.0,56000,78000
2014,MLI,Mali,prevalence,Male,36000.0,,
2014,MOZ,Mozambique,prevalence,Female,1100000.0,1000000,1100000
2014,MOZ,Mozambique,prevalence,Male,600000.0,,
2014,MRT,Mauritania,prevalence,Female,3500.0,3100,4200
2014,MRT,Mauritania,prevalence,Male,3500.0,,
2014,MWI,Malawi,prevalence,Female,550000.0,530000,590000
2014,MWI,Malawi,prevalence,Male,320000.0,,
2014,NAM,Namibia,prevalence,Female,120000.0,110000,130000
2014,NAM,Namibia,prevalence,Male,70000.0,,
2014,NER,Niger,prevalence,Female,15000.0,13000,17000
2014,NER,Niger,prevalence,Male,14000.0,,
2014,NGA,Nigeria,prevalence,Female,1100000.0,1000000,1200000
2014,NGA,Nigeria,prevalence,Male,700000.0,,
2014,RWA,Rwanda,prevalence,Female,140000.0,130000,160000
2014,RWA,Rwanda,prevalence,Male,90000.0,,
2014,SDN,Sudan,prevalence,Female,14000.0,11000,17000
2014,SDN,Sudan,prevalence,Male,13000.0,,
2014,SEN,Senegal,prevalence,Female,20000.0,19000,21000
2014,SEN,Senegal,prevalence,Male,16000.0,,
2014,SLE,Sierra Leone,prevalence,Female,36000.0,32000,41000
2014,SLE,Sierra Leone,prevalence,Male,25000.0,,
2014,SOM,Somalia,prevalence,Female,4200.0,3700,4900
2014,SOM,Somalia,prevalence,Male,3700.0,,
2014,SSD,South Sudan,prevalence,Female,88000.0,71000,110000
2014,SSD,South Sudan,prevalence,Male,62000.0,,
2014,SWZ,Eswatini,prevalence,Female,120000.0,110000,130000
2014,SWZ,Eswatini,prevalence,Male,80000.0,,
2014,TCD,Chad,prevalence,Female,63000.0,53000,74000
2014,TCD,Chad,prevalence,Male,37000.0,,
2014,TGO,Togo,prevalence,Female,56000.0,48000,66000
2014,TGO,Togo,prevalence,Male,34000.0,,
2014,TUN,Tunisia,prevalence,Female,1400.0,980,2000
2014,TUN,Tunisia,prevalence,Male,3900.0,,
2014,TZA,United Republic of Tanzania,prevalence,Female,780000.0,740000,850000
2014,TZA,United Republic of Tanzania,prevalence,Male,520000.0,,
2014,UGA,Uganda,prevalence,Female,720000.0,690000,780000
2014,UGA,Uganda,prevalence,Male,480000.0,,
2014,ZAF,South Africa,prevalence,Female,4000000.0,3700000,4300000
2014,ZAF,South Africa,prevalence,Male,2200000.0,,
2014,ZMB,Zambia,prevalence,Female,630000.0,600000,670000
2014,ZMB,Zambia,prevalence,Male,370000.0,,
2014,ZWE,Zimbabwe,prevalence,Female,720000.0,690000,800000
2014,ZWE,Zimbabwe,prevalence,Male,480000.0,,
2015,AGO,Angola,prevalence,Female,180000.0,160000,210000
2015,AGO,Angola,prevalence,Male,80000.0,,
2015,BDI,Burundi,prevalence,Female,47000.0,42000,54000
2015,BDI,Burundi,prevalence,Male,30000.0,,
2015,BEN,Benin,prevalence,Female,40000.0,35000,47000
2015,BEN,Benin,prevalence,Male,23000.0,,
2015,BFA,Burkina Faso,prevalence,Female,49000.0,43000,57000
2015,BFA,Burkina Faso,prevalence,Male,34000.0,,
2015,BWA,Botswana,prevalence,Female,200000.0,190000,210000
2015,BWA,Botswana,prevalence,Male,140000.0,,
2015,CAF,Central African Republic,prevalence,Female,61000.0,51000,72000
2015,CAF,Central African Republic,prevalence,Male,37000.0,,
2015,CIV,Cote dIvoire,prevalence,Female,270000.0,240000,300000
2015,CIV,Cote dIvoire,prevalence,Male,160000.0,,
2015,CMR,Cameroon,prevalence,Female,300000.0,280000,330000
2015,CMR,Cameroon,prevalence,Male,200000.0,,
2015,COD,Democratic Republic of the Congo,prevalence,Female,300000.0,260000,360000
2015,COD,Democratic Republic of the Congo,prevalence,Male,200000.0,,
2015,COG,Congo,prevalence,Female,62000.0,52000,71000
2015,COG,Congo,prevalence,Male,29000.0,,
2015,CPV,Cape Verde,prevalence,Female,1300.0,1100,1500
2015,CPV,Cape Verde,prevalence,Male,1500.0,,
2015,DJI,Djibouti,prevalence,Female,5600.0,4200,7300
2015,DJI,Djibouti,prevalence,Male,5400.0,,
2015,DZA,Algeria,prevalence,Female,6800.0,6300,7100
2015,DZA,Algeria,prevalence,Male,7200.0,,
2015,EGY,Egypt,prevalence,Female,4600.0,3700,5800
2015,EGY,Egypt,prevalence,Male,22400.0,,
2015,ERI,Eritrea,prevalence,Female,8100.0,6500,9900
2015,ERI,Eritrea,prevalence,Male,5900.0,,
2015,ETH,Ethiopia,prevalence,Female,370000.0,310000,450000
2015,ETH,Ethiopia,prevalence,Male,210000.0,,
2015,GAB,Gabon,prevalence,Female,34000.0,30000,40000
2015,GAB,Gabon,prevalence,Male,16000.0,,
2015,GHA,Ghana,prevalence,Female,190000.0,170000,210000
2015,GHA,Ghana,prevalence,Male,100000.0,,
2015,GIN,Guinea,prevalence,Female,67000.0,59000,76000
2015,GIN,Guinea,prevalence,Male,43000.0,,
2015,GMB,Gambia,prevalence,Female,14000.0,11000,17000
2015,GMB,Gambia,prevalence,Male,10000.0,,
2015,GNB,Guinea-Bissau,prevalence,Female,21000.0,18000,23000
2015,GNB,Guinea-Bissau,prevalence,Male,12000.0,,
2015,KEN,Kenya,prevalence,Female,800000.0,710000,920000
2015,KEN,Kenya,prevalence,Male,400000.0,,
2015,LBR,Liberia,prevalence,Female,21000.0,18000,25000
2015,LBR,Liberia,prevalence,Male,13000.0,,
2015,LBY,Libya,prevalence,Female,2000.0,1800,2100
2015,LBY,Libya,prevalence,Male,3000.0,,
2015,LSO,Lesotho,prevalence,Female,170000.0,160000,190000
2015,LSO,Lesotho,prevalence,Male,110000.0,,
2015,MAR,Morocco,prevalence,Female,8200.0,7400,9000
2015,MAR,Morocco,prevalence,Male,10800.0,,
2015,MDG,Madagascar,prevalence,Female,16000.0,13000,20000
2015,MDG,Madagascar,prevalence,Male,19000.0,,
2015,MLI,Mali,prevalence,Female,64000.0,57000,79000
2015,MLI,Mali,prevalence,Male,36000.0,,
2015,MOZ,Mozambique,prevalence,Female,1100000.0,1100000,1200000
2015,MOZ,Mozambique,prevalence,Male,700000.0,,
2015,MRT,Mauritania,prevalence,Female,3400.0,3000,4100
2015,MRT,Mauritania,prevalence,Male,3200.0,,
2015,MWI,Malawi,prevalence,Female,560000.0,540000,610000
2015,MWI,Malawi,prevalence,Male,330000.0,,
2015,NAM,Namibia,prevalence,Female,120000.0,110000,140000
2015,NAM,Namibia,prevalence,Male,80000.0,,
2015,NER,Niger,prevalence,Female,15000.0,13000,17000
2015,NER,Niger,prevalence,Male,14000.0,,
2015,NGA,Nigeria,prevalence,Female,1100000.0,1000000,1200000
2015,NGA,Nigeria,prevalence,Male,700000.0,,
2015,RWA,Rwanda,prevalence,Female,140000.0,130000,160000
2015,RWA,Rwanda,prevalence,Male,90000.0,,
2015,SDN,Sudan,prevalence,Female,14000.0,11000,18000
2015,SDN,Sudan,prevalence,Male,15000.0,,
2015,SEN,Senegal,prevalence,Female,20000.0,19000,21000
2015,SEN,Senegal,prevalence,Male,16000.0,,
2015,SLE,Sierra Leone,prevalence,Female,38000.0,33000,43000
2015,SLE,Sierra Leone,prevalence,Male,24000.0,,
2015,SOM,Somalia,prevalence,Female,4100.0,3600,4800
2015,SOM,Somalia,prevalence,Male,3600.0,,
2015,SSD,South Sudan,prevalence,Female,88000.0,71000,110000
2015,SSD,South Sudan,prevalence,Male,52000.0,,
2015,SWZ,Eswatini,prevalence,Female,120000.0,110000,130000
2015,SWZ,Eswatini,prevalence,Male,90000.0,,
2015,TCD,Chad,prevalence,Female,63000.0,53000,74000
2015,TCD,Chad,prevalence,Male,37000.0,,
2015,TGO,Togo,prevalence,Female,57000.0,49000,66000
2015,TGO,Togo,prevalence,Male,33000.0,,
2015,TUN,Tunisia,prevalence,Female,1400.0,1000,2100
2015,TUN,Tunisia,prevalence,Male,4100.0,,
2015,TZA,United Republic of Tanzania,prevalence,Female,830000.0,780000,900000
2015,TZA,United Republic of Tanzania,prevalence,Male,470000.0,,
2015,UGA,Uganda,prevalence,Female,750000.0,710000,810000
2015,UGA,Uganda,prevalence,Male,450000.0,,
2015,ZAF,South Africa,prevalence,Female,4099999.9999999995,3800000,4500000
2015,ZAF,South Africa,prevalence,Male,2300000.0000000005,,
2015,ZMB,Zambia,prevalence,Female,660000.0,630000,700000
2015,ZMB,Zambia,prevalence,Male,440000.0,,
2015,ZWE,Zimbabwe,prevalence,Female,730000.0,700000,810000
2015,ZWE,Zimbabwe,prevalence,Male,470000.0,,
2016,AGO,Angola,prevalence,Female,190000.0,170000,220000
2016,AGO,Angola,prevalence,Male,80000.0,,
2016,BDI,Burundi,prevalence,Female,47000.0,42000,54000
2016,BDI,Burundi,prevalence,Male,29000.0,,
2016,BEN,Benin,prevalence,Female,40000.0,35000,47000
2016,BEN,Benin,prevalence,Male,24000.0,,
2016,BFA,Burkina Faso,prevalence,Female,50000.0,43000,57000
2016,BFA,Burkina Faso,prevalence,Male,33000.0,,
2016,BWA,Botswana,prevalence,Female,210000.0,190000,220000
2016,BWA,Botswana,prevalence,Male,140000.0,,
2016,CAF,Central African Republic,prevalence,Female,60000.0,51000,72000
2016,CAF,Central African Republic,prevalence,Male,37000.0,,
2016,CIV,Cote dIvoire,prevalence,Female,270000.0,240000,300000
2016,CIV,Cote dIvoire,prevalence,Male,150000.0,,
2016,CMR,Cameroon,prevalence,Female,300000.0,280000,330000
2016,CMR,Cameroon,prevalence,Male,190000.0,,
2016,COD,Democratic Republic of the Congo,prevalence,Female,310000.0,260000,360000
2016,COD,Democratic Republic of the Congo,prevalence,Male,190000.0,,
2016,COG,Congo,prevalence,Female,63000.0,53000,74000
2016,COG,Congo,prevalence,Male,30000.0,,
2016,CPV,Cape Verde,prevalence,Female,1300.0,1200,1600
2016,CPV,Cape Verde,prevalence,Male,1600.0,,
2016,DJI,Djibouti,prevalence,Female,5300.0,4000,7000
2016,DJI,Djibouti,prevalence,Male,5700.0,,
2016,DZA,Algeria,prevalence,Female,7300.0,6800,7700
2016,DZA,Algeria,prevalence,Male,8700.0,,
2016,EGY,Egypt,prevalence,Female,4700.0,3800,6100
2016,EGY,Egypt,prevalence,Male,24300.0,,
2016,ERI,Eritrea,prevalence,Female,7900.0,6400,9500
2016,ERI,Eritrea,prevalence,Male,5100.0,,
2016,ETH,Ethiopia,prevalence,Female,370000.0,310000,450000
2016,ETH,Ethiopia,prevalence,Male,210000.0,,
2016,GAB,Gabon,prevalence,Female,35000.0,30000,41000
2016,GAB,Gabon,prevalence,Male,16000.0,,
2016,GHA,Ghana,prevalence,Female,190000.0,170000,220000
2016,GHA,Ghana,prevalence,Male,100000.0,,
2016,GIN,Guinea,prevalence,Female,69000.0,61000,78000
2016,GIN,Guinea,prevalence,Male,41000.0,,
2016,GMB,Gambia,prevalence,Female,14000.0,11000,17000
2016,GMB,Gambia,prevalence,Male,10000.0,,
2016,GNB,Guinea-Bissau,prevalence,Female,21000.0,18000,23000
2016,GNB,Guinea-Bissau,prevalence,Male,12000.0,,
2016,KEN,Kenya,prevalence,Female,800000.0,720000,930000
2016,KEN,Kenya,prevalence,Male,500000.0,,
2016,LBR,Liberia,prevalence,Female,21000.0,18000,24000
2016,LBR,Liberia,prevalence,Male,13000.0,,
2016,LBY,Libya,prevalence,Female,2100.0,1900,2200
2016,LBY,Libya,prevalence,Male,3200.0,,
2016,LSO,Lesotho,prevalence,Female,170000.0,160000,190000
2016,LSO,Lesotho,prevalence,Male,110000.0,,
2016,MAR,Morocco,prevalence,Female,8300.0,7500,9100
2016,MAR,Morocco,prevalence,Male,10700.0,,
2016,MDG,Madagascar,prevalence,Female,18000.0,14000,22000
2016,MDG,Madagascar,prevalence,Male,20000.0,,
2016,MLI,Mali,prevalence,Female,64000.0,57000,79000
2016,MLI,Mali,prevalence,Male,36000.0,,
2016,MOZ,Mozambique,prevalence,Female,1200000.0,1100000,1300000
2016,MOZ,Mozambique,prevalence,Male,700000.0,,
2016,MRT,Mauritania,prevalence,Female,3300.0,2900,4000
2016,MRT,Mauritania,prevalence,Male,3100.0,,
2016,MWI,Malawi,prevalence,Female,580000.0,550000,620000
2016,MWI,Malawi,prevalence,Male,330000.0,,
2016,NAM,Namibia,prevalence,Female,130000.0,120000,140000
2016,NAM,Namibia,prevalence,Male,70000.0,,
2016,NER,Niger,prevalence,Female,15000.0,14000,17000
2016,NER,Niger,prevalence,Male,14000.0,,
2016,NGA,Nigeria,prevalence,Female,1100000.0,1100000,1200000
2016,NGA,Nigeria,prevalence,Male,700000.0,,
2016,RWA,Rwanda,prevalence,Female,140000.0,130000,160000
2016,RWA,Rwanda,prevalence,Male,90000.0,,
2016,SDN,Sudan,prevalence,Female,15000.0,12000,19000
2016,SDN,Sudan,prevalence,Male,15000.0,,
2016,SEN,Senegal,prevalence,Female,20000.0,19000,21000
2016,SEN,Senegal,prevalence,Male,16000.0,,
2016,SLE,Sierra Leone,prevalence,Female,39000.0,35000,44000
2016,SLE,Sierra Leone,prevalence,Male,25000.0,,
2016,SOM,Somalia,prevalence,Female,4100.0,3600,4700
2016,SOM,Somalia,prevalence,Male,3600.0,,
2016,SSD,South Sudan,prevalence,Female,83000.0,67000,100000
2016,SSD,South Sudan,prevalence,Male,47000.0,,
2016,SWZ,Eswatini,prevalence,Female,120000.0,110000,140000
2016,SWZ,Eswatini,prevalence,Male,90000.0,,
2016,TCD,Chad,prevalence,Female,63000.0,54000,76000
2016,TCD,Chad,prevalence,Male,37000.0,,
2016,TGO,Togo,prevalence,Female,57000.0,49000,67000
2016,TGO,Togo,prevalence,Male,33000.0,,
2016,TUN,Tunisia,prevalence,Female,1500.0,1100,2200
2016,TUN,Tunisia,prevalence,Male,4200.0,,
2016,TZA,United Republic of Tanzania,prevalence,Female,890000.0,840000,970000
2016,TZA,United Republic of Tanzania,prevalence,Male,510000.0,,
2016,UGA,Uganda,prevalence,Female,780000.0,740000,850000
2016,UGA,Uganda,prevalence,Male,520000.0,,
2016,ZAF,South Africa,prevalence,Female,4300000.0,3900000,4600000
2016,ZAF,South Africa,prevalence,Male,2300000.0,,
2016,ZMB,Zambia,prevalence,Female,690000.0,660000,740000
2016,ZMB,Zambia,prevalence,Male,410000.0,,
2016,ZWE,Zimbabwe,prevalence,Female,740000.0,700000,820000
2016,ZWE,Zimbabwe,prevalence,Male,560000.0,,
2017,AGO,Angola,prevalence,Female,200000.0,180000,230000
2017,AGO,Angola,prevalence,Male,80000.0,,
2017,BDI,Burundi,prevalence,Female,46000.0,42000,54000
2017,BDI,Burundi,prevalence,Male,29000.0,,
2017,BEN,Benin,prevalence,Female,40000.0,35000,47000
2017,BEN,Benin,prevalence,Male,24000.0,,
2017,BFA,Burkina Faso,prevalence,Female,50000.0,43000,57000
2017,BFA,Burkina Faso,prevalence,Male,33000.0,,
2017,BWA,Botswana,prevalence,Female,210000.0,200000,220000
2017,BWA,Botswana,prevalence,Male,140000.0,,
2017,CAF,Central African Republic,prevalence,Female,60000.0,50000,72000
2017,CAF,Central African Republic,prevalence,Male,35000.0,,
2017,CIV,Cote dIvoire,prevalence,Female,270000.0,240000,310000
2017,CIV,Cote dIvoire,prevalence,Male,140000.0,,
2017,CMR,Cameroon,prevalence,Female,300000.0,280000,330000
2017,CMR,Cameroon,prevalence,Male,190000.0,,
2017,COD,Democratic Republic of the Congo,prevalence,Female,310000.0,270000,360000
2017,COD,Democratic Republic of the Congo,prevalence,Male,190000.0,,
2017,COG,Congo,prevalence,Female,65000.0,53000,77000
2017,COG,Congo,prevalence,Male,30000.0,,
2017,CPV,Cape Verde,prevalence,Female,1400.0,1200,1600
2017,CPV,Cape Verde,prevalence,Male,1600.0,,
2017,DJI,Djibouti,prevalence,Female,5100.0,3900,6800
2017,DJI,Djibouti,prevalence,Male,4900.0,,
2017,DZA,Algeria,prevalence,Female,7800.0,7300,8400
2017,DZA,Algeria,prevalence,Male,9200.0,,
2017,EGY,Egypt,prevalence,Female,5000.0,4000,6500
2017,EGY,Egypt,prevalence,Male,26000.0,,
2017,ERI,Eritrea,prevalence,Female,7700.0,6200,9300
2017,ERI,Eritrea,prevalence,Male,5300.0,,
2017,ETH,Ethiopia,prevalence,Female,370000.0,310000,450000
2017,ETH,Ethiopia,prevalence,Male,210000.0,,
2017,GAB,Gabon,prevalence,Female,35000.0,30000,41000
2017,GAB,Gabon,prevalence,Male,16000.0,,
2017,GHA,Ghana,prevalence,Female,190000.0,170000,220000
2017,GHA,Ghana,prevalence,Male,110000.0,,
2017,GIN,Guinea,prevalence,Female,70000.0,62000,81000
2017,GIN,Guinea,prevalence,Male,40000.0,,
2017,GMB,Gambia,prevalence,Female,14000.0,11000,18000
2017,GMB,Gambia,prevalence,Male,10000.0,,
2017,GNB,Guinea-Bissau,prevalence,Female,21000.0,18000,23000
2017,GNB,Guinea-Bissau,prevalence,Male,12000.0,,
2017,KEN,Kenya,prevalence,Female,810000.0,720000,930000
2017,KEN,Kenya,prevalence,Male,490000.0,,
2017,LBR,Liberia,prevalence,Female,21000.0,18000,24000
2017,LBR,Liberia,prevalence,Male,12000.0,,
2017,LBY,Libya,prevalence,Female,2200.0,2100,2300
2017,LBY,Libya,prevalence,Male,3400.0,,
2017,LSO,Lesotho,prevalence,Female,170000.0,160000,190000
2017,LSO,Lesotho,prevalence,Male,110000.0,,
2017,MAR,Morocco,prevalence,Female,8300.0,7600,9200
2017,MAR,Morocco,prevalence,Male,11700.0,,
2017,MDG,Madagascar,prevalence,Female,19000.0,16000,25000
2017,MDG,Madagascar,prevalence,Male,22000.0,,
2017,MLI,Mali,prevalence,Female,65000.0,57000,79000
2017,MLI,Mali,prevalence,Male,35000.0,,
2017,MOZ,Mozambique,prevalence,Female,1200000.0,1100000,1300000
2017,MOZ,Mozambique,prevalence,Male,700000.0,,
2017,MRT,Mauritania,prevalence,Female,3200.0,2800,3900
2017,MRT,Mauritania,prevalence,Male,2900.0,,
2017,MWI,Malawi,prevalence,Female,590000.0,560000,630000
2017,MWI,Malawi,prevalence,Male,330000.0,,
2017,NAM,Namibia,prevalence,Female,130000.0,120000,140000
2017,NAM,Namibia,prevalence,Male,70000.0,,
2017,NER,Niger,prevalence,Female,15000.0,14000,17000
2017,NER,Niger,prevalence,Male,14000.0,,
2017,NGA,Nigeria,prevalence,Female,1100000.0,1100000,1300000
2017,NGA,Nigeria,prevalence,Male,700000.0,,
2017,RWA,Rwanda,prevalence,Female,150000.0,140000,160000
2017,RWA,Rwanda,prevalence,Male,80000.0,,
2017,SDN,Sudan,prevalence,Female,16000.0,12000,21000
2017,SDN,Sudan,prevalence,Male,16000.0,,
2017,SEN,Senegal,prevalence,Female,20000.0,19000,22000
2017,SEN,Senegal,prevalence,Male,17000.0,,
2017,SLE,Sierra Leone,prevalence,Female,41000.0,36000,47000
2017,SLE,Sierra Leone,prevalence,Male,25000.0,,
2017,SOM,Somalia,prevalence,Female,4100.0,3600,4600
2017,SOM,Somalia,prevalence,Male,3500.0,,
2017,SSD,South Sudan,prevalence,Female,77000.0,64000,94000
2017,SSD,South Sudan,prevalence,Male,43000.0,,
2017,SWZ,Eswatini,prevalence,Female,130000.0,120000,140000
2017,SWZ,Eswatini,prevalence,Male,80000.0,,
2017,TCD,Chad,prevalence,Female,64000.0,54000,76000
2017,TCD,Chad,prevalence,Male,36000.0,,
2017,TGO,Togo,prevalence,Female,58000.0,50000,68000
2017,TGO,Togo,prevalence,Male,33000.0,,
2017,TUN,Tunisia,prevalence,Female,1500.0,1100,2400
2017,TUN,Tunisia,prevalence,Male,4300.0,,
2017,TZA,United Republic of Tanzania,prevalence,Female,940000.0,890000,1000000
2017,TZA,United Republic of Tanzania,prevalence,Male,560000.0,,
2017,UGA,Uganda,prevalence,Female,810000.0,770000,880000
2017,UGA,Uganda,prevalence,Male,490000.0,,
2017,ZAF,South Africa,prevalence,Female,4400000.0,4099999,4800000
2017,ZAF,South Africa,prevalence,Male,2300000.0,,
2017,ZMB,Zambia,prevalence,Female,730000.0,690000,770000
2017,ZMB,Zambia,prevalence,Male,470000.0,,
2017,ZWE,Zimbabwe,prevalence,Female,740000.0,710000,830000
2017,ZWE,Zimbabwe,prevalence,Male,560000.0,,
2018,AGO,Angola,prevalence,Female,200000.0,180000,230000
2018,AGO,Angola,prevalence,Male,90000.0,,
2018,BDI,Burundi,prevalence,Female,47000.0,42000,55000
2018,BDI,Burundi,prevalence,Male,29000.0,,
2018,BEN,Benin,prevalence,Female,41000.0,35000,48000
2018,BEN,Benin,prevalence,Male,24000.0,,
2018,BFA,Burkina Faso,prevalence,Female,51000.0,44000,58000
2018,BFA,Burkina Faso,prevalence,Male,32000.0,,
2018,BWA,Botswana,prevalence,Female,210000.0,200000,230000
2018,BWA,Botswana,prevalence,Male,150000.0,,
2018,CAF,Central African Republic,prevalence,Female,59000.0,49000,72000
2018,CAF,Central African Republic,prevalence,Male,35000.0,,
2018,CIV,Cote dIvoire,prevalence,Female,270000.0,240000,310000
2018,CIV,Cote dIvoire,prevalence,Male,140000.0,,
2018,CMR,Cameroon,prevalence,Female,300000.0,280000,340000
2018,CMR,Cameroon,prevalence,Male,190000.0,,
2018,COD,Democratic Republic of the Congo,prevalence,Female,310000.0,270000,370000
2018,COD,Democratic Republic of the Congo,prevalence,Male,200000.0,,
2018,COG,Congo,prevalence,Female,67000.0,54000,82000
2018,COG,Congo,prevalence,Male,30000.0,,
2018,CPV,Cape Verde,prevalence,Female,1400.0,1300,1700
2018,CPV,Cape Verde,prevalence,Male,1700.0,,
2018,DJI,Djibouti,prevalence,Female,5000.0,3700,6500
2018,DJI,Djibouti,prevalence,Male,4900.0,,
2018,DZA,Algeria,prevalence,Female,8400.0,7800,9100
2018,DZA,Algeria,prevalence,Male,9600.0,,
2018,EGY,Egypt,prevalence,Female,5400.0,4200,7000
2018,EGY,Egypt,prevalence,Male,27600.0,,
2018,ERI,Eritrea,prevalence,Female,7600.0,6200,9200
2018,ERI,Eritrea,prevalence,Male,5400.0,,
2018,ETH,Ethiopia,prevalence,Female,370000.0,310000,450000
2018,ETH,Ethiopia,prevalence,Male,210000.0,,
2018,GAB,Gabon,prevalence,Female,35000.0,30000,42000
2018,GAB,Gabon,prevalence,Male,16000.0,,
2018,GHA,Ghana,prevalence,Female,200000.0,180000,230000
2018,GHA,Ghana,prevalence,Male,100000.0,,
2018,GIN,Guinea,prevalence,Female,72000.0,63000,83000
2018,GIN,Guinea,prevalence,Male,38000.0,,
2018,GMB,Gambia,prevalence,Female,14000.0,12000,18000
2018,GMB,Gambia,prevalence,Male,10000.0,,
2018,GNB,Guinea-Bissau,prevalence,Female,21000.0,18000,24000
2018,GNB,Guinea-Bissau,prevalence,Male,12000.0,,
2018,KEN,Kenya,prevalence,Female,810000.0,730000,940000
2018,KEN,Kenya,prevalence,Male,490000.0,,
2018,LBR,Liberia,prevalence,Female,21000.0,18000,24000
2018,LBR,Liberia,prevalence,Male,12000.0,,
2018,LBY,Libya,prevalence,Female,2300.0,2100,2500
2018,LBY,Libya,prevalence,Male,3500.0,,
2018,LSO,Lesotho,prevalence,Female,170000.0,160000,190000
2018,LSO,Lesotho,prevalence,Male,110000.0,,
2018,MAR,Morocco,prevalence,Female,8400.0,7700,9200
2018,MAR,Morocco,prevalence,Male,11600.0,,
2018,MDG,Madagascar,prevalence,Female,21000.0,17000,27000
2018,MDG,Madagascar,prevalence,Male,24000.0,,
2018,MLI,Mali,prevalence,Female,65000.0,57000,79000
2018,MLI,Mali,prevalence,Male,35000.0,,
2018,MOZ,Mozambique,prevalence,Female,1300000.0,1200000,1400000
2018,MOZ,Mozambique,prevalence,Male,700000.0,,
2018,MRT,Mauritania,prevalence,Female,3200.0,2700,3900
2018,MRT,Mauritania,prevalence,Male,2700.0,,
2018,MWI,Malawi,prevalence,Female,590000.0,570000,640000
2018,MWI,Malawi,prevalence,Male,340000.0,,
2018,NAM,Namibia,prevalence,Female,130000.0,120000,150000
2018,NAM,Namibia,prevalence,Male,80000.0,,
2018,NER,Niger,prevalence,Female,15000.0,14000,17000
2018,NER,Niger,prevalence,Male,14000.0,,
2018,NGA,Nigeria,prevalence,Female,1200000.0,1100000,1300000
2018,NGA,Nigeria,prevalence,Male,600000.0,,
2018,RWA,Rwanda,prevalence,Female,150000.0,140000,170000
2018,RWA,Rwanda,prevalence,Male,80000.0,,
2018,SDN,Sudan,prevalence,Female,17000.0,13000,22000
2018,SDN,Sudan,prevalence,Male,17000.0,,
2018,SEN,Senegal,prevalence,Female,21000.0,20000,22000
2018,SEN,Senegal,prevalence,Male,16000.0,,
2018,SLE,Sierra Leone,prevalence,Female,42000.0,37000,49000
2018,SLE,Sierra Leone,prevalence,Male,26000.0,,
2018,SOM,Somalia,prevalence,Female,4100.0,3600,4600
2018,SOM,Somalia,prevalence,Male,3400.0,,
2018,SSD,South Sudan,prevalence,Female,80000.0,68000,96000
2018,SSD,South Sudan,prevalence,Male,50000.0,,
2018,SWZ,Eswatini,prevalence,Female,130000.0,120000,140000
2018,SWZ,Eswatini,prevalence,Male,90000.0,,
2018,TCD,Chad,prevalence,Female,64000.0,54000,76000
2018,TCD,Chad,prevalence,Male,36000.0,,
2018,TGO,Togo,prevalence,Female,59000.0,50000,70000
2018,TGO,Togo,prevalence,Male,32000.0,,
2018,TUN,Tunisia,prevalence,Female,1600.0,1100,2500
2018,TUN,Tunisia,prevalence,Male,4400.0,,
2018,TZA,United Republic of Tanzania,prevalence,Female,980000.0,930000,1100000
2018,TZA,United Republic of Tanzania,prevalence,Male,520000.0,,
2018,UGA,Uganda,prevalence,Female,830000.0,790000,910000
2018,UGA,Uganda,prevalence,Male,470000.0,,
2018,ZAF,South Africa,prevalence,Female,4500000.0,4200000,4900000
2018,ZAF,South Africa,prevalence,Male,2400000.0,,
2018,ZMB,Zambia,prevalence,Female,760000.0,720000,810000
2018,ZMB,Zambia,prevalence,Male,440000.0,,
2018,ZWE,Zimbabwe,prevalence,Female,740000.0,710000,830000
2018,ZWE,Zimbabwe,prevalence,Male,560000.0,,
2019,AGO,Angola,prevalence,Female,210000.0,190000,240000
2019,AGO,Angola,prevalence,Male,80000.0,,
2019,BDI,Burundi,prevalence,Female,47000.0,42000,55000
2019,BDI,Burundi,prevalence,Male,29000.0,,
2019,BEN,Benin,prevalence,Female,41000.0,36000,48000
2019,BEN,Benin,prevalence,Male,24000.0,,
2019,BFA,Burkina Faso,prevalence,Female,51000.0,44000,59000
2019,BFA,Burkina Faso,prevalence,Male,32000.0,,
2019,BWA,Botswana,prevalence,Female,220000.0,200000,230000
2019,BWA,Botswana,prevalence,Male,140000.0,,
2019,CAF,Central African Republic,prevalence,Female,59000.0,49000,72000
2019,CAF,Central African Republic,prevalence,Male,34000.0,,
2019,CIV,Cote dIvoire,prevalence,Female,270000.0,240000,300000
2019,CIV,Cote dIvoire,prevalence,Male,140000.0,,
2019,CMR,Cameroon,prevalence,Female,310000.0,280000,340000
2019,CMR,Cameroon,prevalence,Male,180000.0,,
2019,COD,Democratic Republic of the Congo,prevalence,Female,320000.0,270000,380000
2019,COD,Democratic Republic of the Congo,prevalence,Male,190000.0,,
2019,COG,Congo,prevalence,Female,70000.0,55000,86000
2019,COG,Congo,prevalence,Male,30000.0,,
2019,CPV,Cape Verde,prevalence,Female,1500.0,1300,1800
2019,CPV,Cape Verde,prevalence,Male,1700.0,,
2019,DJI,Djibouti,prevalence,Female,4800.0,3600,6400
2019,DJI,Djibouti,prevalence,Male,4800.0,,
2019,DZA,Algeria,prevalence,Female,9100.0,8400,9900
2019,DZA,Algeria,prevalence,Male,9900.0,,
2019,EGY,Egypt,prevalence,Female,5900.0,4500,7700
2019,EGY,Egypt,prevalence,Male,30100.0,,
2019,ERI,Eritrea,prevalence,Female,7600.0,6100,9100
2019,ERI,Eritrea,prevalence,Male,5400.0,,
2019,ETH,Ethiopia,prevalence,Female,370000.0,310000,450000
2019,ETH,Ethiopia,prevalence,Male,210000.0,,
2019,GAB,Gabon,prevalence,Female,35000.0,30000,42000
2019,GAB,Gabon,prevalence,Male,16000.0,,
2019,GHA,Ghana,prevalence,Female,200000.0,180000,230000
2019,GHA,Ghana,prevalence,Male,100000.0,,
2019,GIN,Guinea,prevalence,Female,73000.0,63000,85000
2019,GIN,Guinea,prevalence,Male,47000.0,,
2019,GMB,Gambia,prevalence,Female,14000.0,12000,18000
2019,GMB,Gambia,prevalence,Male,10000.0,,
2019,GNB,Guinea-Bissau,prevalence,Female,21000.0,18000,24000
2019,GNB,Guinea-Bissau,prevalence,Male,11000.0,,
2019,KEN,Kenya,prevalence,Female,820000.0,730000,940000
2019,KEN,Kenya,prevalence,Male,480000.0,,
2019,LBR,Liberia,prevalence,Female,21000.0,18000,25000
2019,LBR,Liberia,prevalence,Male,12000.0,,
2019,LBY,Libya,prevalence,Female,2400.0,2200,2600
2019,LBY,Libya,prevalence,Male,3700.0,,
2019,LSO,Lesotho,prevalence,Female,170000.0,150000,190000
2019,LSO,Lesotho,prevalence,Male,100000.0,,
2019,MAR,Morocco,prevalence,Female,8500.0,7700,9300
2019,MAR,Morocco,prevalence,Male,11500.0,,
2019,MDG,Madagascar,prevalence,Female,23000.0,18000,29000
2019,MDG,Madagascar,prevalence,Male,26000.0,,
2019,MLI,Mali,prevalence,Female,65000.0,57000,79000
2019,MLI,Mali,prevalence,Male,35000.0,,
2019,MOZ,Mozambique,prevalence,Female,1300000.0,1200000,1400000
2019,MOZ,Mozambique,prevalence,Male,800000.0,,
2019,MRT,Mauritania,prevalence,Female,3100.0,2700,3800
2019,MRT,Mauritania,prevalence,Male,2600.0,,
2019,MWI,Malawi,prevalence,Female,600000.0,570000,650000
2019,MWI,Malawi,prevalence,Male,340000.0,,
2019,NAM,Namibia,prevalence,Female,130000.0,120000,150000
2019,NAM,Namibia,prevalence,Male,80000.0,,
2019,NER,Niger,prevalence,Female,16000.0,14000,17000
2019,NER,Niger,prevalence,Male,13000.0,,
2019,NGA,Nigeria,prevalence,Female,1200000.0,1100000,1300000
2019,NGA,Nigeria,prevalence,Male,600000.0,,
2019,RWA,Rwanda,prevalence,Female,150000.0,140000,170000
2019,RWA,Rwanda,prevalence,Male,80000.0,,
2019,SDN,Sudan,prevalence,Female,17000.0,13000,23000
2019,SDN,Sudan,prevalence,Male,19000.0,,
2019,SEN,Senegal,prevalence,Female,21000.0,20000,22000
2019,SEN,Senegal,prevalence,Male,17000.0,,
2019,SLE,Sierra Leone,prevalence,Female,44000.0,38000,51000
2019,SLE,Sierra Leone,prevalence,Male,26000.0,,
2019,SOM,Somalia,prevalence,Female,4100.0,3600,4600
2019,SOM,Somalia,prevalence,Male,3400.0,,
2019,SSD,South Sudan,prevalence,Female,82000.0,70000,99000
2019,SSD,South Sudan,prevalence,Male,48000.0,,
2019,SWZ,Eswatini,prevalence,Female,130000.0,120000,140000
2019,SWZ,Eswatini,prevalence,Male,90000.0,,
2019,TCD,Chad,prevalence,Female,64000.0,54000,75000
2019,TCD,Chad,prevalence,Male,36000.0,,
2019,TGO,Togo,prevalence,Female,60000.0,51000,71000
2019,TGO,Togo,prevalence,Male,32000.0,,
2019,TUN,Tunisia,prevalence,Female,1700.0,1200,2600
2019,TUN,Tunisia,prevalence,Male,4500.0,,
2019,TZA,United Republic of Tanzania,prevalence,Female,1000000.0,970000,1100000
2019,TZA,United Republic of Tanzania,prevalence,Male,600000.0,,
2019,UGA,Uganda,prevalence,Female,860000.0,810000,940000
2019,UGA,Uganda,prevalence,Male,540000.0,,
2019,ZAF,South Africa,prevalence,Female,4600000.0,4300000,5000000
2019,ZAF,South Africa,prevalence,Male,2500000.0,,
2019,ZMB,Zambia,prevalence,Female,780000.0,740000,840000
2019,ZMB,Zambia,prevalence,Male,520000.0,,
2019,ZWE,Zimbabwe,prevalence,Female,740000.0,710000,840000
2019,ZWE,Zimbabwe,prevalence,Male,560000.0,,
2020,AGO,Angola,prevalence,Female,220000.0,190000,250000
2020,AGO,Angola,prevalence,Male,80000.0,,
2020,BDI,Burundi,prevalence,Female,47000.0,42000,55000
2020,BDI,Burundi,prevalence,Male,29000.0,,
2020,BEN,Benin,prevalence,Female,41000.0,36000,49000
2020,BEN,Benin,prevalence,Male,24000.0,,
2020,BFA,Burkina Faso,prevalence,Female,52000.0,45000,60000
2020,BFA,Burkina Faso,prevalence,Male,31000.0,,
2020,BWA,Botswana,prevalence,Female,220000.0,210000,230000
2020,BWA,Botswana,prevalence,Male,140000.0,,
2020,CAF,Central African Republic,prevalence,Female,59000.0,49000,74000
2020,CAF,Central African Republic,prevalence,Male,34000.0,,
2020,CIV,Cote dIvoire,prevalence,Female,270000.0,240000,310000
2020,CIV,Cote dIvoire,prevalence,Male,130000.0,,
2020,CMR,Cameroon,prevalence,Female,310000.0,290000,350000
2020,CMR,Cameroon,prevalence,Male,180000.0,,
2020,COD,Democratic Republic of the Congo,prevalence,Female,320000.0,280000,380000
2020,COD,Democratic Republic of the Congo,prevalence,Male,190000.0,,
2020,COG,Congo,prevalence,Female,72000.0,56000,90000
2020,COG,Congo,prevalence,Male,28000.0,,
2020,CPV,Cape Verde,prevalence,Female,1500.0,1300,1800
2020,CPV,Cape Verde,prevalence,Male,1800.0,,
2020,DJI,Djibouti,prevalence,Female,4700.0,3500,6200
2020,DJI,Djibouti,prevalence,Male,4500.0,,
2020,DZA,Algeria,prevalence,Female,9800.0,9000,11000
2020,DZA,Algeria,prevalence,Male,11200.0,,
2020,EGY,Egypt,prevalence,Female,6400.0,4900,8400
2020,EGY,Egypt,prevalence,Male,32600.0,,
2020,ERI,Eritrea,prevalence,Female,7500.0,6100,9000
2020,ERI,Eritrea,prevalence,Male,4500.0,,
2020,ETH,Ethiopia,prevalence,Female,370000.0,310000,450000
2020,ETH,Ethiopia,prevalence,Male,210000.0,,
2020,GAB,Gabon,prevalence,Female,35000.0,30000,43000
2020,GAB,Gabon,prevalence,Male,16000.0,,
2020,GHA,Ghana,prevalence,Female,210000.0,180000,240000
2020,GHA,Ghana,prevalence,Male,90000.0,,
2020,GIN,Guinea,prevalence,Female,75000.0,64000,87000
2020,GIN,Guinea,prevalence,Male,45000.0,,
2020,GMB,Gambia,prevalence,Female,14000.0,12000,18000
2020,GMB,Gambia,prevalence,Male,10000.0,,
2020,GNB,Guinea-Bissau,prevalence,Female,21000.0,18000,24000
2020,GNB,Guinea-Bissau,prevalence,Male,11000.0,,
2020,KEN,Kenya,prevalence,Female,820000.0,730000,940000
2020,KEN,Kenya,prevalence,Male,480000.0,,
2020,LBR,Liberia,prevalence,Female,21000.0,18000,25000
2020,LBR,Liberia,prevalence,Male,12000.0,,
2020,LBY,Libya,prevalence,Female,2500.0,2300,2700
2020,LBY,Libya,prevalence,Male,3800.0,,
2020,LSO,Lesotho,prevalence,Female,170000.0,150000,190000
2020,LSO,Lesotho,prevalence,Male,100000.0,,
2020,MAR,Morocco,prevalence,Female,8600.0,7800,9400
2020,MAR,Morocco,prevalence,Male,12400.0,,
2020,MDG,Madagascar,prevalence,Female,25000.0,20000,33000
2020,MDG,Madagascar,prevalence,Male,28000.0,,
2020,MLI,Mali,prevalence,Female,65000.0,57000,79000
2020,MLI,Mali,prevalence,Male,35000.0,,
2020,MOZ,Mozambique,prevalence,Female,1400000.0,1300000,1500000
2020,MOZ,Mozambique,prevalence,Male,700000.0,,
2020,MRT,Mauritania,prevalence,Female,3100.0,2600,3800
2020,MRT,Mauritania,prevalence,Male,2500.0,,
2020,MWI,Malawi,prevalence,Female,600000.0,570000,650000
2020,MWI,Malawi,prevalence,Male,340000.0,,
2020,NAM,Namibia,prevalence,Female,130000.0,120000,150000
2020,NAM,Namibia,prevalence,Male,80000.0,,
2020,NER,Niger,prevalence,Female,16000.0,14000,18000
2020,NER,Niger,prevalence,Male,13000.0,,
2020,NGA,Nigeria,prevalence,Female,1200000.0,1100000,1300000
2020,NGA,Nigeria,prevalence,Male,600000.0,,
2020,RWA,Rwanda,prevalence,Female,150000.0,140000,170000
2020,RWA,Rwanda,prevalence,Male,80000.0,,
2020,SDN,Sudan,prevalence,Female,18000.0,14000,25000
2020,SDN,Sudan,prevalence,Male,20000.0,,
2020,SEN,Senegal,prevalence,Female,22000.0,21000,23000
2020,SEN,Senegal,prevalence,Male,16000.0,,
2020,SLE,Sierra Leone,prevalence,Female,45000.0,39000,52000
2020,SLE,Sierra Leone,prevalence,Male,26000.0,,
2020,SOM,Somalia,prevalence,Female,4100.0,3600,4600
2020,SOM,Somalia,prevalence,Male,3400.0,,
2020,SSD,South Sudan,prevalence,Female,84000.0,71000,100000
2020,SSD,South Sudan,prevalence,Male,46000.0,,
2020,SWZ,Eswatini,prevalence,Female,130000.0,120000,140000
2020,SWZ,Eswatini,prevalence,Male,90000.0,,
2020,TCD,Chad,prevalence,Female,64000.0,54000,75000
2020,TCD,Chad,prevalence,Male,36000.0,,
2020,TGO,Togo,prevalence,Female,60000.0,51000,72000
2020,TGO,Togo,prevalence,Male,33000.0,,
2020,TUN,Tunisia,prevalence,Female,1700.0,1200,2700
2020,TUN,Tunisia,prevalence,Male,4800.0,,
2020,TZA,United Republic of Tanzania,prevalence,Female,1100000.0,990000,1200000
2020,TZA,United Republic of Tanzania,prevalence,Male,500000.0,,
2020,UGA,Uganda,prevalence,Female,880000.0,830000,960000
2020,UGA,Uganda,prevalence,Male,520000.0,,
2020,ZAF,South Africa,prevalence,Female,4700000.0,4400000,5100000
2020,ZAF,South Africa,prevalence,Male,2500000.0,,
2020,ZMB,Zambia,prevalence,Female,800000.0,760000,870000
2020,ZMB,Zambia,prevalence,Male,500000.0,,
2020,ZWE,Zimbabwe,prevalence,Female,740000.0,710000,840000
2020,ZWE,Zimbabwe,prevalence,Male,460000.0,,
2021,AGO,Angola,prevalence,Female,220000.0,200000,250000
2021,AGO,Angola,prevalence,Male,90000.0,,
2021,BDI,Burundi,prevalence,Female,47000.0,42000,55000
2021,BDI,Burundi,prevalence,Male,28000.0,,
2021,BEN,Benin,prevalence,Female,41000.0,36000,49000
2021,BEN,Benin,prevalence,Male,24000.0,,
2021,BFA,Burkina Faso,prevalence,Female,52000.0,45000,61000
2021,BFA,Burkina Faso,prevalence,Male,32000.0,,
2021,BWA,Botswana,prevalence,Female,220000.0,210000,230000
2021,BWA,Botswana,prevalence,Male,140000.0,,
2021,CAF,Central African Republic,prevalence,Female,59000.0,48000,74000
2021,CAF,Central African Republic,prevalence,Male,32000.0,,
2021,CIV,Cote dIvoire,prevalence,Female,270000.0,240000,310000
2021,CIV,Cote dIvoire,prevalence,Male,130000.0,,
2021,CMR,Cameroon,prevalence,Female,310000.0,290000,350000
2021,CMR,Cameroon,prevalence,Male,180000.0,,
2021,COD,Democratic Republic of the Congo,prevalence,Female,330000.0,280000,390000
2021,COD,Democratic Republic of the Congo,prevalence,Male,190000.0,,
2021,COG,Congo,prevalence,Female,75000.0,57000,94000
2021,COG,Congo,prevalence,Male,35000.0,,
2021,CPV,Cape Verde,prevalence,Female,1600.0,1400,1900
2021,CPV,Cape Verde,prevalence,Male,1800.0,,
2021,DJI,Djibouti,prevalence,Female,4500.0,3400,6000
2021,DJI,Djibouti,prevalence,Male,4400.0,,
2021,DZA,Algeria,prevalence,Female,11000.0,9700,12000
2021,DZA,Algeria,prevalence,Male,12000.0,,
2021,EGY,Egypt,prevalence,Female,7100.0,5300,9300
2021,EGY,Egypt,prevalence,Male,34900.0,,
2021,ERI,Eritrea,prevalence,Female,7500.0,6100,9000
2021,ERI,Eritrea,prevalence,Male,4500.0,,
2021,ETH,Ethiopia,prevalence,Female,370000.0,310000,450000
2021,ETH,Ethiopia,prevalence,Male,210000.0,,
2021,GAB,Gabon,prevalence,Female,35000.0,30000,43000
2021,GAB,Gabon,prevalence,Male,15000.0,,
2021,GHA,Ghana,prevalence,Female,210000.0,180000,250000
2021,GHA,Ghana,prevalence,Male,100000.0,,
2021,GIN,Guinea,prevalence,Female,76000.0,65000,89000
2021,GIN,Guinea,prevalence,Male,44000.0,,
2021,GMB,Gambia,prevalence,Female,14000.0,12000,18000
2021,GMB,Gambia,prevalence,Male,10000.0,,
2021,GNB,Guinea-Bissau,prevalence,Female,21000.0,18000,24000
2021,GNB,Guinea-Bissau,prevalence,Male,11000.0,,
2021,KEN,Kenya,prevalence,Female,820000.0,740000,950000
2021,KEN,Kenya,prevalence,Male,480000.0,,
2021,LBR,Liberia,prevalence,Female,21000.0,18000,25000
2021,LBR,Liberia,prevalence,Male,12000.0,,
2021,LBY,Libya,prevalence,Female,2600.0,2400,2900
2021,LBY,Libya,prevalence,Male,4000.0,,
2021,LSO,Lesotho,prevalence,Female,160000.0,150000,190000
2021,LSO,Lesotho,prevalence,Male,110000.0,,
2021,MAR,Morocco,prevalence,Female,8600.0,7900,9500
2021,MAR,Morocco,prevalence,Male,12400.0,,
2021,MDG,Madagascar,prevalence,Female,27000.0,22000,36000
2021,MDG,Madagascar,prevalence,Male,31000.0,,
2021,MLI,Mali,prevalence,Female,65000.0,56000,79000
2021,MLI,Mali,prevalence,Male,35000.0,,
2021,MOZ,Mozambique,prevalence,Female,1400000.0,1300000,1500000
2021,MOZ,Mozambique,prevalence,Male,800000.0,,
2021,MRT,Mauritania,prevalence,Female,3100.0,2600,3700
2021,MRT,Mauritania,prevalence,Male,2400.0,,
2021,MWI,Malawi,prevalence,Female,600000.0,570000,660000
2021,MWI,Malawi,prevalence,Male,340000.0,,
2021,NAM,Namibia,prevalence,Female,130000.0,120000,150000
2021,NAM,Namibia,prevalence,Male,80000.0,,
2021,NER,Niger,prevalence,Female,16000.0,14000,18000
2021,NER,Niger,prevalence,Male,13000.0,,
2021,NGA,Nigeria,prevalence,Female,1200000.0,1100000,1300000
2021,NGA,Nigeria,prevalence,Male,600000.0,,
2021,RWA,Rwanda,prevalence,Female,150000.0,140000,170000
2021,RWA,Rwanda,prevalence,Male,80000.0,,
2021,SDN,Sudan,prevalence,Female,19000.0,15000,27000
2021,SDN,Sudan,prevalence,Male,22000.0,,
2021,SEN,Senegal,prevalence,Female,22000.0,21000,24000
2021,SEN,Senegal,prevalence,Male,18000.0,,
2021,SLE,Sierra Leone,prevalence,Female,46000.0,40000,54000
2021,SLE,Sierra Leone,prevalence,Male,27000.0,,
2021,SOM,Somalia,prevalence,Female,4000.0,3600,4500
2021,SOM,Somalia,prevalence,Male,3400.0,,
2021,SSD,South Sudan,prevalence,Female,83000.0,71000,100000
2021,SSD,South Sudan,prevalence,Male,47000.0,,
2021,SWZ,Eswatini,prevalence,Female,130000.0,120000,140000
2021,SWZ,Eswatini,prevalence,Male,90000.0,,
2021,TCD,Chad,prevalence,Female,65000.0,54000,76000
2021,TCD,Chad,prevalence,Male,35000.0,,
2021,TGO,Togo,prevalence,Female,61000.0,52000,74000
2021,TGO,Togo,prevalence,Male,32000.0,,
2021,TUN,Tunisia,prevalence,Female,1800.0,1300,2900
2021,TUN,Tunisia,prevalence,Male,4900.0,,
2021,TZA,United Republic of Tanzania,prevalence,Female,1100000.0,1000000,1200000
2021,TZA,United Republic of Tanzania,prevalence,Male,500000.0,,
2021,UGA,Uganda,prevalence,Female,890000.0,840000,990000
2021,UGA,Uganda,prevalence,Male,510000.0,,
2021,ZAF,South Africa,prevalence,Female,4800000.0,4500000,5200000
2021,ZAF,South Africa,prevalence,Male,2500000.0,,
2021,ZMB,Zambia,prevalence,Female,820000.0,780000,890000
2021,ZMB,Zambia,prevalence,Male,480000.0,,
2021,ZWE,Zimbabwe,prevalence,Female,750000.0,710000,840000
2021,ZWE,Zimbabwe,prevalence,Male,450000.0,,
2022,AGO,Angola,prevalence,Female,230000.0,200000,260000
2022,AGO,Angola,prevalence,Male,80000.0,,
2022,BDI,Burundi,prevalence,Female,47000.0,42000,56000
2022,BDI,Burundi,prevalence,Male,28000.0,,
2022,BEN,Benin,prevalence,Female,42000.0,36000,49000
2022,BEN,Benin,prevalence,Male,23000.0,,
2022,BFA,Burkina Faso,prevalence,Female,53000.0,46000,62000
2022,BFA,Burkina Faso,prevalence,Male,31000.0,,
2022,BWA,Botswana,prevalence,Female,220000.0,210000,230000
2022,BWA,Botswana,prevalence,Male,140000.0,,
2022,CAF,Central African Republic,prevalence,Female,59000.0,47000,75000
2022,CAF,Central African Republic,prevalence,Male,32000.0,,
2022,CIV,Cote dIvoire,prevalence,Female,270000.0,240000,310000
2022,CIV,Cote dIvoire,prevalence,Male,130000.0,,
2022,CMR,Cameroon,prevalence,Female,310000.0,290000,360000
2022,CMR,Cameroon,prevalence,Male,180000.0,,
2022,COD,Democratic Republic of the Congo,prevalence,Female,330000.0,280000,400000
2022,COD,Democratic Republic of the Congo,prevalence,Male,200000.0,,
2022,COG,Congo,prevalence,Female,78000.0,59000,100000
2022,COG,Congo,prevalence,Male,32000.0,,
2022,CPV,Cape Verde,prevalence,Female,1700.0,1400,2000
2022,CPV,Cape Verde,prevalence,Male,1800.0,,
2022,DJI,Djibouti,prevalence,Female,4400.0,3300,5800
2022,DJI,Djibouti,prevalence,Male,4100.0,,
2022,DZA,Algeria,prevalence,Female,11000.0,10000,13000
2022,DZA,Algeria,prevalence,Male,13000.0,,
2022,EGY,Egypt,prevalence,Female,7800.0,5800,10000
2022,EGY,Egypt,prevalence,Male,38200.0,,
2022,ERI,Eritrea,prevalence,Female,7500.0,6100,8900
2022,ERI,Eritrea,prevalence,Male,4500.0,,
2022,ETH,Ethiopia,prevalence,Female,370000.0,310000,450000
2022,ETH,Ethiopia,prevalence,Male,210000.0,,
2022,GAB,Gabon,prevalence,Female,35000.0,30000,43000
2022,GAB,Gabon,prevalence,Male,15000.0,,
2022,GHA,Ghana,prevalence,Female,210000.0,190000,250000
2022,GHA,Ghana,prevalence,Male,100000.0,,
2022,GIN,Guinea,prevalence,Female,78000.0,66000,91000
2022,GIN,Guinea,prevalence,Male,42000.0,,
2022,GMB,Gambia,prevalence,Female,14000.0,11000,18000
2022,GMB,Gambia,prevalence,Male,10000.0,,
2022,GNB,Guinea-Bissau,prevalence,Female,21000.0,18000,24000
2022,GNB,Guinea-Bissau,prevalence,Male,11000.0,,
2022,KEN,Kenya,prevalence,Female,830000.0,740000,950000
2022,KEN,Kenya,prevalence,Male,470000.0,,
2022,LBR,Liberia,prevalence,Female,21000.0,18000,26000
2022,LBR,Liberia,prevalence,Male,12000.0,,
2022,LBY,Libya,prevalence,Female,2700.0,2500,3000
2022,LBY,Libya,prevalence,Male,4100.0,,
2022,LSO,Lesotho,prevalence,Female,160000.0,150000,180000
2022,LSO,Lesotho,prevalence,Male,100000.0,,
2022,MAR,Morocco,prevalence,Female,8700.0,7900,9600
2022,MAR,Morocco,prevalence,Male,13300.0,,
2022,MDG,Madagascar,prevalence,Female,30000.0,23000,39000
2022,MDG,Madagascar,prevalence,Male,33000.0,,
2022,MLI,Mali,prevalence,Female,65000.0,56000,79000
2022,MLI,Mali,prevalence,Male,35000.0,,
2022,MOZ,Mozambique,prevalence,Female,1400000.0,1300000,1600000
2022,MOZ,Mozambique,prevalence,Male,800000.0,,
2022,MRT,Mauritania,prevalence,Female,3100.0,2600,3700
2022,MRT,Mauritania,prevalence,Male,2300.0,,
2022,MWI,Malawi,prevalence,Female,610000.0,570000,660000
2022,MWI,Malawi,prevalence,Male,330000.0,,
2022,NAM,Namibia,prevalence,Female,140000.0,120000,150000
2022,NAM,Namibia,prevalence,Male,70000.0,,
2022,NER,Niger,prevalence,Female,16000.0,14000,18000
2022,NER,Niger,prevalence,Male,13000.0,,
2022,NGA,Nigeria,prevalence,Female,1200000.0,1100000,1300000
2022,NGA,Nigeria,prevalence,Male,600000.0,,
2022,RWA,Rwanda,prevalence,Female,150000.0,140000,170000
2022,RWA,Rwanda,prevalence,Male,80000.0,,
2022,SDN,Sudan,prevalence,Female,21000.0,16000,29000
2022,SDN,Sudan,prevalence,Male,23000.0,,
2022,SEN,Senegal,prevalence,Female,23000.0,22000,25000
2022,SEN,Senegal,prevalence,Male,19000.0,,
2022,SLE,Sierra Leone,prevalence,Female,47000.0,41000,56000
2022,SLE,Sierra Leone,prevalence,Male,27000.0,,
2022,SOM,Somalia,prevalence,Female,4000.0,3600,4500
2022,SOM,Somalia,prevalence,Male,3300.0,,
2022,SSD,South Sudan,prevalence,Female,85000.0,72000,100000
2022,SSD,South Sudan,prevalence,Male,45000.0,,
2022,SWZ,Eswatini,prevalence,Female,130000.0,120000,140000
2022,SWZ,Eswatini,prevalence,Male,90000.0,,
2022,TCD,Chad,prevalence,Female,65000.0,55000,77000
2022,TCD,Chad,prevalence,Male,35000.0,,
2022,TGO,Togo,prevalence,Female,62000.0,52000,76000
2022,TGO,Togo,prevalence,Male,32000.0,,
2022,TUN,Tunisia,prevalence,Female,1900.0,1300,3000
2022,TUN,Tunisia,prevalence,Male,5100.0,,
2022,TZA,United Republic of Tanzania,prevalence,Female,1100000.0,1000000,1200000
2022,TZA,United Republic of Tanzania,prevalence,Male,600000.0,,
2022,UGA,Uganda,prevalence,Female,910000.0,860000,1000000
2022,UGA,Uganda,prevalence,Male,490000.0,,
2022,ZAF,South Africa,prevalence,Female,4900000.0,4600000,5400000
2022,ZAF,South Africa,prevalence,Male,2600000.0,,
2022,ZMB,Zambia,prevalence,Female,830000.0,780000,900000
2022,ZMB,Zambia,prevalence,Male,470000.0,,
2022,ZWE,Zimbabwe,prevalence,Female,740000.0,700000,840000
2022,ZWE,Zimbabwe,prevalence,Male,460000.0,,
2023,AGO,Angola,prevalence,Female,230000.0,210000,260000
2023,AGO,Angola,prevalence,Male,90000.0,,
2023,BDI,Burundi,prevalence,Female,47000.0,42000,56000
2023,BDI,Burundi,prevalence,Male,28000.0,,
2023,BEN,Benin,prevalence,Female,42000.0,36000,49000
2023,BEN,Benin,prevalence,Male,23000.0,,
2023,BFA,Burkina Faso,prevalence,Female,54000.0,46000,63000
2023,BFA,Burkina Faso,prevalence,Male,31000.0,,
2023,BWA,Botswana,prevalence,Female,220000.0,210000,230000
2023,BWA,Botswana,prevalence,Male,140000.0,,
2023,CAF,Central African Republic,prevalence,Female,59000.0,47000,76000
2023,CAF,Central African Republic,prevalence,Male,32000.0,,
2023,CIV,Cote dIvoire,prevalence,Female,270000.0,230000,310000
2023,CIV,Cote dIvoire,prevalence,Male,120000.0,,
2023,CMR,Cameroon,prevalence,Female,320000.0,290000,360000
2023,CMR,Cameroon,prevalence,Male,170000.0,,
2023,COD,Democratic Republic of the Congo,prevalence,Female,340000.0,280000,410000
2023,COD,Democratic Republic of the Congo,prevalence,Male,200000.0,,
2023,COG,Congo,prevalence,Female,81000.0,60000,100000
2023,COG,Congo,prevalence,Male,39000.0,,
2023,CPV,Cape Verde,prevalence,Female,1700.0,1400,2100
2023,CPV,Cape Verde,prevalence,Male,2000.0,,
2023,DJI,Djibouti,prevalence,Female,4200.0,3200,5600
2023,DJI,Djibouti,prevalence,Male,4100.0,,
2023,DZA,Algeria,prevalence,Female,12000.0,11000,14000
2023,DZA,Algeria,prevalence,Male,15000.0,,
2023,EGY,Egypt,prevalence,Female,8700.0,6500,12000
2023,EGY,Egypt,prevalence,Male,41300.0,,
2023,ERI,Eritrea,prevalence,Female,7500.0,6100,8900
2023,ERI,Eritrea,prevalence,Male,4500.0,,
2023,ETH,Ethiopia,prevalence,Female,370000.0,310000,450000
2023,ETH,Ethiopia,prevalence,Male,210000.0,,
2023,GAB,Gabon,prevalence,Female,36000.0,30000,44000
2023,GAB,Gabon,prevalence,Male,14000.0,,
2023,GHA,Ghana,prevalence,Female,220000.0,190000,260000
2023,GHA,Ghana,prevalence,Male,90000.0,,
2023,GIN,Guinea,prevalence,Female,79000.0,67000,93000
2023,GIN,Guinea,prevalence,Male,41000.0,,
2023,GMB,Gambia,prevalence,Female,14000.0,12000,18000
2023,GMB,Gambia,prevalence,Male,10000.0,,
2023,GNB,Guinea-Bissau,prevalence,Female,21000.0,18000,25000
2023,GNB,Guinea-Bissau,prevalence,Male,11000.0,,
2023,KEN,Kenya,prevalence,Female,830000.0,740000,960000
2023,KEN,Kenya,prevalence,Male,470000.0,,
2023,LBR,Liberia,prevalence,Female,21000.0,18000,26000
2023,LBR,Liberia,prevalence,Male,11000.0,,
2023,LBY,Libya,prevalence,Female,2800.0,2500,3100
2023,LBY,Libya,prevalence,Male,4200.0,,
2023,LSO,Lesotho,prevalence,Female,160000.0,150000,180000
2023,LSO,Lesotho,prevalence,Male,100000.0,,
2023,MAR,Morocco,prevalence,Female,8700.0,7900,9700
2023,MAR,Morocco,prevalence,Male,13300.0,,
2023,MDG,Madagascar,prevalence,Female,35000.0,27000,45000
2023,MDG,Madagascar,prevalence,Male,38000.0,,
2023,MLI,Mali,prevalence,Female,65000.0,56000,79000
2023,MLI,Mali,prevalence,Male,35000.0,,
2023,MOZ,Mozambique,prevalence,Female,1500000.0,1400000,1600000
2023,MOZ,Mozambique,prevalence,Male,800000.0,,
2023,MRT,Mauritania,prevalence,Female,3100.0,2600,3700
2023,MRT,Mauritania,prevalence,Male,2300.0,,
2023,MWI,Malawi,prevalence,Female,610000.0,570000,660000
2023,MWI,Malawi,prevalence,Male,330000.0,,
2023,NAM,Namibia,prevalence,Female,140000.0,130000,150000
2023,NAM,Namibia,prevalence,Male,70000.0,,
2023,NER,Niger,prevalence,Female,16000.0,15000,19000
2023,NER,Niger,prevalence,Male,13000.0,,
2023,NGA,Nigeria,prevalence,Female,1200000.0,1100000,1300000
2023,NGA,Nigeria,prevalence,Male,600000.0,,
2023,RWA,Rwanda,prevalence,Female,150000.0,140000,170000
2023,RWA,Rwanda,prevalence,Male,80000.0,,
2023,SDN,Sudan,prevalence,Female,21000.0,16000,31000
2023,SDN,Sudan,prevalence,Male,26000.0,,
2023,SEN,Senegal,prevalence,Female,24000.0,23000,26000
2023,SEN,Senegal,prevalence,Male,20000.0,,
2023,SLE,Sierra Leone,prevalence,Female,48000.0,41000,57000
2023,SLE,Sierra Leone,prevalence,Male,26000.0,,
2023,SOM,Somalia,prevalence,Female,4000.0,3600,4500
2023,SOM,Somalia,prevalence,Male,3300.0,,
2023,SSD,South Sudan,prevalence,Female,89000.0,75000,110000
2023,SSD,South Sudan,prevalence,Male,51000.0,,
2023,SWZ,Eswatini,prevalence,Female,130000.0,120000,150000
2023,SWZ,Eswatini,prevalence,Male,90000.0,,
2023,TCD,Chad,prevalence,Female,68000.0,57000,80000
2023,TCD,Chad,prevalence,Male,42000.0,,
2023,TGO,Togo,prevalence,Female,63000.0,52000,77000
2023,TGO,Togo,prevalence,Male,32000.0,,
2023,TUN,Tunisia,prevalence,Female,2000.0,1400,3200
2023,TUN,Tunisia,prevalence,Male,5200.0,,
2023,TZA,United Republic of Tanzania,prevalence,Female,1100000.0,1000000,1200000
2023,TZA,United Republic of Tanzania,prevalence,Male,600000.0,,
2023,UGA,Uganda,prevalence,Female,920000.0,860000,1000000
2023,UGA,Uganda,prevalence,Male,480000.0,,
2023,ZAF,South Africa,prevalence,Female,5000000.0,4600000,5400000
2023,ZAF,South Africa,prevalence,Male,2600000.0,,
2023,ZMB,Zambia,prevalence,Female,840000.0,790000,910000
2023,ZMB,Zambia,prevalence,Male,460000.0,,
2023,ZWE,Zimbabwe,prevalence,Female,740000.0,700000,840000
2023,ZWE,Zimbabwe,prevalence,Male,460000.0,,
2024,AGO,Angola,prevalence,Female,240000.0,210000,270000
2024,AGO,Angola,prevalence,Male,90000.0,,
2024,BDI,Burundi,prevalence,Female,47000.0,43000,56000
2024,BDI,Burundi,prevalence,Male,28000.0,,
2024,BEN,Benin,prevalence,Female,42000.0,36000,50000
2024,BEN,Benin,prevalence,Male,23000.0,,
2024,BFA,Burkina Faso,prevalence,Female,54000.0,46000,63000
2024,BFA,Burkina Faso,prevalence,Male,31000.0,,
2024,BWA,Botswana,prevalence,Female,220000.0,210000,230000
2024,BWA,Botswana,prevalence,Male,130000.0,,
2024,CAF,Central African Republic,prevalence,Female,60000.0,47000,78000
2024,CAF,Central African Republic,prevalence,Male,32000.0,,
2024,CIV,Cote dIvoire,prevalence,Female,270000.0,230000,310000
2024,CIV,Cote dIvoire,prevalence,Male,120000.0,,
2024,CMR,Cameroon,prevalence,Female,320000.0,290000,360000
2024,CMR,Cameroon,prevalence,Male,170000.0,,
2024,COD,Democratic Republic of the Congo,prevalence,Female,350000.0,280000,420000
2024,COD,Democratic Republic of the Congo,prevalence,Male,190000.0,,
2024,COG,Congo,prevalence,Female,85000.0,60000,110000
2024,COG,Congo,prevalence,Male,35000.0,,
2024,CPV,Cape Verde,prevalence,Female,1800.0,1500,2200
2024,CPV,Cape Verde,prevalence,Male,2000.0,,
2024,DJI,Djibouti,prevalence,Female,4100.0,3100,5500
2024,DJI,Djibouti,prevalence,Male,3900.0,,
2024,DZA,Algeria,prevalence,Female,13000.0,12000,15000
2024,DZA,Algeria,prevalence,Male,16000.0,,
2024,EGY,Egypt,prevalence,Female,9800.0,7200,13000
2024,EGY,Egypt,prevalence,Male,45200.0,,
2024,ERI,Eritrea,prevalence,Female,7500.0,6100,8900
2024,ERI,Eritrea,prevalence,Male,4500.0,,
2024,ETH,Ethiopia,prevalence,Female,370000.0,310000,450000
2024,ETH,Ethiopia,prevalence,Male,200000.0,,
2024,GAB,Gabon,prevalence,Female,35000.0,30000,44000
2024,GAB,Gabon,prevalence,Male,15000.0,,
2024,GHA,Ghana,prevalence,Female,220000.0,190000,270000
2024,GHA,Ghana,prevalence,Male,100000.0,,
2024,GIN,Guinea,prevalence,Female,80000.0,68000,95000
2024,GIN,Guinea,prevalence,Male,40000.0,,
2024,GMB,Gambia,prevalence,Female,14000.0,12000,18000
2024,GMB,Gambia,prevalence,Male,10000.0,,
2024,GNB,Guinea-Bissau,prevalence,Female,21000.0,18000,25000
2024,GNB,Guinea-Bissau,prevalence,Male,11000.0,,
2024,KEN,Kenya,prevalence,Female,840000.0,750000,960000
2024,KEN,Kenya,prevalence,Male,460000.0,,
2024,LBR,Liberia,prevalence,Female,21000.0,18000,26000
2024,LBR,Liberia,prevalence,Male,11000.0,,
2024,LBY,Libya,prevalence,Female,2900.0,2600,3300
2024,LBY,Libya,prevalence,Male,4400.0,,
2024,LSO,Lesotho,prevalence,Female,160000.0,150000,180000
2024,LSO,Lesotho,prevalence,Male,100000.0,,
2024,MAR,Morocco,prevalence,Female,8800.0,8000,9800
2024,MAR,Morocco,prevalence,Male,14200.0,,
2024,MDG,Madagascar,prevalence,Female,40000.0,31000,53000
2024,MDG,Madagascar,prevalence,Male,45000.0,,
2024,MLI,Mali,prevalence,Female,65000.0,56000,79000
2024,MLI,Mali,prevalence,Male,35000.0,,
2024,MOZ,Mozambique,prevalence,Female,1500000.0,1400000,1700000
2024,MOZ,Mozambique,prevalence,Male,800000.0,,
2024,MRT,Mauritania,prevalence,Female,3100.0,2600,3700
2024,MRT,Mauritania,prevalence,Male,2300.0,,
2024,MWI,Malawi,prevalence,Female,610000.0,570000,660000
2024,MWI,Malawi,prevalence,Male,330000.0,,
2024,NAM,Namibia,prevalence,Female,140000.0,130000,160000
2024,NAM,Namibia,prevalence,Male,70000.0,,
2024,NER,Niger,prevalence,Female,17000.0,15000,19000
2024,NER,Niger,prevalence,Male,12000.0,,
2024,NGA,Nigeria,prevalence,Female,1200000.0,1100000,1300000
2024,NGA,Nigeria,prevalence,Male,600000.0,,
2024,RWA,Rwanda,prevalence,Female,150000.0,140000,170000
2024,RWA,Rwanda,prevalence,Male,80000.0,,
2024,SDN,Sudan,prevalence,Female,23000.0,17000,33000
2024,SDN,Sudan,prevalence,Male,27000.0,,
2024,SEN,Senegal,prevalence,Female,25000.0,24000,27000
2024,SEN,Senegal,prevalence,Male,21000.0,,
2024,SLE,Sierra Leone,prevalence,Female,48000.0,41000,58000
2024,SLE,Sierra Leone,prevalence,Male,27000.0,,
2024,SOM,Somalia,prevalence,Female,4000.0,3600,4500
2024,SOM,Somalia,prevalence,Male,3300.0,,
2024,SSD,South Sudan,prevalence,Female,91000.0,77000,110000
2024,SSD,South Sudan,prevalence,Male,49000.0,,
2024,SWZ,Eswatini,prevalence,Female,130000.0,120000,150000
2024,SWZ,Eswatini,prevalence,Male,90000.0,,
2024,TCD,Chad,prevalence,Female,69000.0,58000,82000
2024,TCD,Chad,prevalence,Male,41000.0,,
2024,TGO,Togo,prevalence,Female,64000.0,53000,78000
2024,TGO,Togo,prevalence,Male,32000.0,,
2024,TUN,Tunisia,prevalence,Female,2000.0,1400,3400
2024,TUN,Tunisia,prevalence,Male,5600.0,,
2024,TZA,United Republic of Tanzania,prevalence,Female,1100000.0,1000000,1300000
2024,TZA,United Republic of Tanzania,prevalence,Male,600000.0,,
2024,UGA,Uganda,prevalence,Female,930000.0,870000,1000000
2024,UGA,Uganda,prevalence,Male,570000.0,,
2024,ZAF,South Africa,prevalence,Female,5100000.0,4700000,5500000
2024,ZAF,South Africa,prevalence,Male,2600000.0,,
2024,ZMB,Zambia,prevalence,Female,840000.0,790000,920000
2024,ZMB,Zambia,prevalence,Male,460000.0,,
2024,ZWE,Zimbabwe,prevalence,Female,740000.0,700000,840000
2024,ZWE,Zimbabwe,prevalence,Male,460000.0,,
