measure,location,sex,year,val,upper,lower
incidence_per_1000_uninfected,ETH,SEX_FMLE,2002,0.99,1.9,0.58
incidence_per_1000_uninfected,RWA,SEX_MLE,2009,1.0,1.4,0.86
incidence_per_1000_uninfected,MDG,SEX_FMLE,2018,0.22,0.31,0.16
incidence_per_1000_uninfected,COG,SEX_BTSX,1994,3.3,4.1,2.8
incidence_per_1000_uninfected,AGO,SEX_MLE,2022,0.39,0.47,0.32
incidence_per_1000_uninfected,SEN,SEX_BTSX,2018,0.11,0.12,0.1
incidence_per_1000_uninfected,STP,SEX_MLE,2001,,,
incidence_per_1000_uninfected,BDI,SEX_MLE,2016,0.16,0.23,0.1
incidence_per_1000_uninfected,TGO,SEX_FMLE,2006,1.6,2.0,1.3
incidence_per_1000_uninfected,MDG,SEX_BTSX,2020,0.27,0.39,0.19
incidence_per_1000_uninfected,GIN,SEX_MLE,2017,0.6,0.78,0.47
incidence_per_1000_uninfected,GNQ,SEX_BTSX,2018,,,
incidence_per_1000_uninfected,MLI,SEX_BTSX,1991,1.5,2.2,1.0
incidence_per_1000_uninfected,RWA,SEX_MLE,2021,0.19,0.31,0.13
incidence_per_1000_uninfected,AGO,SEX_FMLE,2016,1.2,1.5,1.0
incidence_per_1000_uninfected,AGO,SEX_MLE,2021,0.43,0.53,0.35
incidence_per_1000_uninfected,COM,SEX_MLE,1990,0.1,0.1,0.01
incidence_per_1000_uninfected,COG,SEX_MLE,2016,1.2,1.6,0.89
incidence_per_1000_uninfected,LBR,SEX_MLE,2016,,,
incidence_per_1000_uninfected,NER,SEX_MLE,2019,0.1,0.1,0.1
incidence_per_1000_uninfected,GNB,SEX_FMLE,2023,0.6,0.93,0.37
incidence_per_1000_uninfected,LSO,SEX_MLE,1999,16.8,19.7,14.8
incidence_per_1000_uninfected,CMR,SEX_FMLE,1999,5.3,6.0,4.6
incidence_per_1000_uninfected,GAB,SEX_FMLE,2007,3.0,3.9,2.4
incidence_per_1000_uninfected,BFA,SEX_MLE,1997,1.2,1.5,0.99
incidence_per_1000_uninfected,TGO,SEX_MLE,2004,1.5,1.9,1.2
incidence_per_1000_uninfected,TZA,SEX_BTSX,2016,2.1,2.5,1.9
incidence_per_1000_uninfected,MWI,SEX_FMLE,2010,4.9,5.6,4.4
incidence_per_1000_uninfected,SSD,SEX_FMLE,2018,0.89,1.2,0.65
incidence_per_1000_uninfected,BEN,SEX_BTSX,2009,0.47,0.59,0.38
incidence_per_1000_uninfected,MDG,SEX_FMLE,2011,0.17,0.22,0.13
incidence_per_1000_uninfected,GNB,SEX_BTSX,1997,3.7,4.5,2.7
incidence_per_1000_uninfected,ZMB,SEX_MLE,1996,9.1,10.3,8.1
incidence_per_1000_uninfected,DZA,SEX_MLE,1992,0.01,0.01,0.01
incidence_per_1000_uninfected,CIV,SEX_BTSX,2003,2.6,3.1,2.2
incidence_per_1000_uninfected,NAM,SEX_MLE,1997,11.6,13.5,10.4
incidence_per_1000_uninfected,ZWE,SEX_FMLE,2017,2.6,3.4,2.2
incidence_per_1000_uninfected,SWZ,SEX_MLE,1999,22.1,25.1,20.1
incidence_per_1000_uninfected,SEN,SEX_BTSX,2008,0.2,0.22,0.18
incidence_per_1000_uninfected,COM,SEX_MLE,2017,0.1,0.1,0.01
incidence_per_1000_uninfected,MUS,SEX_BTSX,1990,,,
incidence_per_1000_uninfected,SSD,SEX_BTSX,1999,1.9,2.7,1.3
incidence_per_1000_uninfected,TZA,SEX_MLE,2006,2.1,2.5,1.9
incidence_per_1000_uninfected,SLE,SEX_BTSX,2004,1.2,1.4,1.0
incidence_per_1000_uninfected,NER,SEX_FMLE,2011,0.1,0.11,0.1
incidence_per_1000_uninfected,BDI,SEX_FMLE,1993,2.7,4.3,1.8
incidence_per_1000_uninfected,COM,SEX_BTSX,1990,0.1,0.1,0.01
incidence_per_1000_uninfected,CMR,SEX_FMLE,2013,1.4,1.8,1.2
incidence_per_1000_uninfected,LSO,SEX_MLE,1992,10.6,13.2,8.6
incidence_per_1000_uninfected,LBR,SEX_MLE,1996,,,
incidence_per_1000_uninfected,BWA,SEX_BTSX,1997,23.7,25.8,22.0
incidence_per_1000_uninfected,BEN,SEX_MLE,2021,0.1,0.15,0.1
incidence_per_1000_uninfected,RWA,SEX_MLE,1991,3.9,5.0,2.9
incidence_per_1000_uninfected,COG,SEX_MLE,2022,1.2,1.8,0.69
incidence_per_1000_uninfected,DZA,SEX_BTSX,2005,0.1,0.1,0.1
incidence_per_1000_uninfected,NAM,SEX_MLE,2004,7.9,9.3,7.1
incidence_per_1000_uninfected,TZA,SEX_FMLE,1999,4.2,4.7,3.8
incidence_per_1000_uninfected,ERI,SEX_BTSX,2015,0.1,0.19,0.1
incidence_per_1000_uninfected,GMB,SEX_BTSX,1994,1.0,1.5,0.65
incidence_per_1000_uninfected,COG,SEX_BTSX,2010,1.7,2.1,1.4
incidence_per_1000_uninfected,CMR,SEX_MLE,1995,3.8,4.6,3.2
incidence_per_1000_uninfected,LSO,SEX_MLE,2004,14.9,17.9,12.9
incidence_per_1000_uninfected,LSO,SEX_FMLE,2018,5.8,7.4,4.7
incidence_per_1000_uninfected,CIV,SEX_MLE,2013,0.65,0.93,0.46
incidence_per_1000_uninfected,LBR,SEX_FMLE,1999,,,
incidence_per_1000_uninfected,BFA,SEX_MLE,2023,0.12,0.17,0.1
incidence_per_1000_uninfected,KEN,SEX_FMLE,2012,1.7,2.7,1.1
incidence_per_1000_uninfected,LBR,SEX_MLE,1991,,,
incidence_per_1000_uninfected,NER,SEX_BTSX,2007,0.18,0.22,0.16
incidence_per_1000_uninfected,MWI,SEX_MLE,2003,6.4,7.5,5.9
incidence_per_1000_uninfected,BWA,SEX_MLE,2020,2.3,2.6,1.9
incidence_per_1000_uninfected,TCD,SEX_FMLE,2013,0.58,0.77,0.44
incidence_per_1000_uninfected,SWZ,SEX_MLE,2017,6.2,7.4,5.3
incidence_per_1000_uninfected,LBR,SEX_BTSX,2014,,,
incidence_per_1000_uninfected,STP,SEX_MLE,2008,,,
incidence_per_1000_uninfected,TGO,SEX_BTSX,2004,1.7,2.1,1.4
incidence_per_1000_uninfected,CPV,SEX_MLE,2022,0.43,0.6,0.26
incidence_per_1000_uninfected,COD,SEX_FMLE,2014,0.46,0.59,0.35
incidence_per_1000_uninfected,SYC,SEX_MLE,2021,,,
incidence_per_1000_uninfected,SEN,SEX_MLE,2007,0.25,0.29,0.23
incidence_per_1000_uninfected,MUS,SEX_MLE,1993,,,
incidence_per_1000_uninfected,SWZ,SEX_MLE,2018,5.7,6.9,4.7
incidence_per_1000_uninfected,SLE,SEX_BTSX,1996,1.4,1.8,1.1
incidence_per_1000_uninfected,COD,SEX_MLE,1999,1.1,1.4,0.87
incidence_per_1000_uninfected,NAM,SEX_BTSX,2005,8.4,9.4,7.6
incidence_per_1000_uninfected,SWZ,SEX_MLE,1991,6.9,8.8,5.7
incidence_per_1000_uninfected,MOZ,SEX_FMLE,2000,10.4,11.9,9.3
incidence_per_1000_uninfected,NER,SEX_FMLE,2022,0.1,0.1,0.1
incidence_per_1000_uninfected,TGO,SEX_BTSX,2003,1.9,2.3,1.6
incidence_per_1000_uninfected,MUS,SEX_BTSX,1992,,,
incidence_per_1000_uninfected,MRT,SEX_BTSX,1997,0.6,0.71,0.47
incidence_per_1000_uninfected,STP,SEX_FMLE,1995,,,
incidence_per_1000_uninfected,GMB,SEX_BTSX,1997,1.5,2.1,1.1
incidence_per_1000_uninfected,MDG,SEX_BTSX,1993,0.1,0.1,0.01
incidence_per_1000_uninfected,KEN,SEX_FMLE,2014,1.4,2.1,0.87
incidence_per_1000_uninfected,MRT,SEX_FMLE,2011,0.1,0.14,0.1
incidence_per_1000_uninfected,RWA,SEX_BTSX,2024,0.18,0.27,0.12
incidence_per_1000_uninfected,MDG,SEX_MLE,1997,0.1,0.1,0.1
incidence_per_1000_uninfected,LBR,SEX_MLE,2018,,,
incidence_per_1000_uninfected,UGA,SEX_BTSX,2007,3.9,4.4,3.6
incidence_per_1000_uninfected,DZA,SEX_FMLE,2013,0.1,0.1,0.1
incidence_per_1000_uninfected,GHA,SEX_FMLE,1993,2.8,3.4,2.4
incidence_per_1000_uninfected,MUS,SEX_BTSX,1991,,,
incidence_per_1000_uninfected,GIN,SEX_FMLE,1992,0.85,1.2,0.46
incidence_per_1000_uninfected,ZWE,SEX_MLE,2018,1.4,1.9,1.2
incidence_per_1000_uninfected,CPV,SEX_FMLE,1999,0.45,0.55,0.38
incidence_per_1000_uninfected,TGO,SEX_MLE,2018,0.37,0.49,0.26
incidence_per_1000_uninfected,GMB,SEX_FMLE,1998,1.7,2.3,1.3
incidence_per_1000_uninfected,SEN,SEX_FMLE,2001,0.54,0.59,0.5
incidence_per_1000_uninfected,COG,SEX_MLE,2013,1.2,1.6,0.94
incidence_per_1000_uninfected,TZA,SEX_BTSX,2021,1.2,1.5,1.0
incidence_per_1000_uninfected,NAM,SEX_FMLE,1993,11.6,13.2,10.3
incidence_per_1000_uninfected,MUS,SEX_FMLE,2018,,,
incidence_per_1000_uninfected,NAM,SEX_FMLE,2009,7.4,8.7,6.5
incidence_per_1000_uninfected,KEN,SEX_FMLE,2015,1.1,1.8,0.71
incidence_per_1000_uninfected,MDG,SEX_BTSX,2013,0.19,0.25,0.15
incidence_per_1000_uninfected,AGO,SEX_FMLE,2007,1.6,1.9,1.4
incidence_per_1000_uninfected,MLI,SEX_MLE,2013,0.4,0.54,0.32
incidence_per_1000_uninfected,BFA,SEX_BTSX,1997,1.2,1.5,1.0
incidence_per_1000_uninfected,MUS,SEX_FMLE,1991,,,
incidence_per_1000_uninfected,CMR,SEX_MLE,2010,1.6,2.0,1.4
incidence_per_1000_uninfected,BWA,SEX_MLE,2021,1.8,2.1,1.5
incidence_per_1000_uninfected,AGO,SEX_BTSX,1998,1.2,1.5,0.96
incidence_per_1000_uninfected,ZWE,SEX_FMLE,1991,35.4,40.4,30.9
incidence_per_1000_uninfected,GNB,SEX_FMLE,2007,2.6,3.2,2.2
incidence_per_1000_uninfected,TGO,SEX_BTSX,2008,1.3,1.6,1.0
incidence_per_1000_uninfected,GIN,SEX_MLE,1999,1.2,1.5,1.0
incidence_per_1000_uninfected,ZAF,SEX_FMLE,2002,14.5,15.9,12.9
incidence_per_1000_uninfected,STP,SEX_MLE,1992,,,
incidence_per_1000_uninfected,GMB,SEX_MLE,2019,0.61,0.91,0.39
incidence_per_1000_uninfected,COG,SEX_MLE,2011,1.3,1.6,0.99
incidence_per_1000_uninfected,NGA,SEX_BTSX,2000,1.6,1.9,1.4
incidence_per_1000_uninfected,GIN,SEX_MLE,2016,0.63,0.81,0.51
incidence_per_1000_uninfected,GIN,SEX_MLE,2020,0.42,0.58,0.3
incidence_per_1000_uninfected,GNB,SEX_BTSX,1990,0.44,0.68,0.29
incidence_per_1000_uninfected,ZAF,SEX_BTSX,2017,4.8,5.4,4.3
incidence_per_1000_uninfected,CAF,SEX_FMLE,1992,7.7,11.7,5.8
incidence_per_1000_uninfected,NER,SEX_FMLE,2005,0.22,0.26,0.19
incidence_per_1000_uninfected,COM,SEX_BTSX,1995,0.1,0.1,0.1
incidence_per_1000_uninfected,GMB,SEX_FMLE,2022,0.52,0.86,0.31
incidence_per_1000_uninfected,SWZ,SEX_BTSX,2011,15.1,17.0,13.6
incidence_per_1000_uninfected,COD,SEX_FMLE,2003,1.0,1.2,0.85
incidence_per_1000_uninfected,CIV,SEX_FMLE,1992,8.9,11.1,7.5
incidence_per_1000_uninfected,AGO,SEX_MLE,2013,0.74,0.86,0.64
incidence_per_1000_uninfected,ERI,SEX_MLE,2015,0.1,0.16,0.1
incidence_per_1000_uninfected,BEN,SEX_BTSX,1999,1.0,1.3,0.87
incidence_per_1000_uninfected,MUS,SEX_BTSX,2014,,,
incidence_per_1000_uninfected,BEN,SEX_BTSX,2001,0.87,1.1,0.74
incidence_per_1000_uninfected,GHA,SEX_BTSX,1990,2.0,2.6,1.3
incidence_per_1000_uninfected,MRT,SEX_FMLE,1997,0.57,0.68,0.45
incidence_per_1000_uninfected,MOZ,SEX_FMLE,2018,5.9,6.7,5.1
incidence_per_1000_uninfected,TCD,SEX_BTSX,2010,0.7,0.88,0.54
incidence_per_1000_uninfected,MWI,SEX_BTSX,2011,3.8,4.4,3.5
incidence_per_1000_uninfected,ZMB,SEX_BTSX,1998,9.4,10.4,8.5
incidence_per_1000_uninfected,CIV,SEX_FMLE,2008,1.5,1.9,1.2
incidence_per_1000_uninfected,TCD,SEX_MLE,1996,1.7,2.3,1.3
incidence_per_1000_uninfected,ZWE,SEX_MLE,2003,10.0,11.5,9.1
incidence_per_1000_uninfected,RWA,SEX_FMLE,2007,1.7,2.0,1.4
incidence_per_1000_uninfected,SYC,SEX_FMLE,1994,,,
incidence_per_1000_uninfected,GAB,SEX_MLE,2011,1.2,1.6,0.94
incidence_per_1000_uninfected,STP,SEX_MLE,1997,,,
incidence_per_1000_uninfected,ZWE,SEX_FMLE,2015,3.6,4.6,3.1
incidence_per_1000_uninfected,GMB,SEX_FMLE,2008,1.5,2.0,1.1
incidence_per_1000_uninfected,ERI,SEX_FMLE,2015,0.12,0.23,0.1
incidence_per_1000_uninfected,TZA,SEX_MLE,1994,4.4,5.3,3.8
incidence_per_1000_uninfected,LBR,SEX_FMLE,1997,,,
incidence_per_1000_uninfected,ERI,SEX_MLE,2007,0.22,0.37,0.1
incidence_per_1000_uninfected,MRT,SEX_BTSX,2020,0.1,0.1,0.1
incidence_per_1000_uninfected,ZAF,SEX_MLE,2018,3.3,4.0,2.8
incidence_per_1000_uninfected,CAF,SEX_FMLE,2003,3.9,4.6,3.2
incidence_per_1000_uninfected,CPV,SEX_FMLE,2016,0.4,0.51,0.33
incidence_per_1000_uninfected,ERI,SEX_BTSX,2005,0.34,0.53,0.19
incidence_per_1000_uninfected,SEN,SEX_MLE,2015,0.11,0.14,0.1
incidence_per_1000_uninfected,GNQ,SEX_MLE,2010,,,
incidence_per_1000_uninfected,SWZ,SEX_BTSX,1996,25.0,27.7,22.1
incidence_per_1000_uninfected,AGO,SEX_FMLE,2020,1.0,1.3,0.86
incidence_per_1000_uninfected,UGA,SEX_MLE,2019,0.96,1.2,0.8
incidence_per_1000_uninfected,SLE,SEX_FMLE,2024,0.34,0.64,0.21
incidence_per_1000_uninfected,COG,SEX_FMLE,1991,5.4,7.2,4.4
incidence_per_1000_uninfected,NER,SEX_MLE,2024,0.1,0.1,0.1
incidence_per_1000_uninfected,KEN,SEX_FMLE,2011,1.9,2.9,1.2
incidence_per_1000_uninfected,GHA,SEX_FMLE,2006,1.4,1.7,1.2
incidence_per_1000_uninfected,TZA,SEX_FMLE,1997,4.8,5.3,4.4
incidence_per_1000_uninfected,TZA,SEX_FMLE,1994,5.8,6.6,5.1
incidence_per_1000_uninfected,MUS,SEX_MLE,2020,,,
incidence_per_1000_uninfected,STP,SEX_FMLE,2016,,,
incidence_per_1000_uninfected,GNB,SEX_FMLE,2020,0.77,1.1,0.51
incidence_per_1000_uninfected,SEN,SEX_BTSX,2019,0.11,0.12,0.1
incidence_per_1000_uninfected,AGO,SEX_FMLE,2017,1.2,1.5,1.0
incidence_per_1000_uninfected,BWA,SEX_MLE,2006,7.9,9.5,6.9
incidence_per_1000_uninfected,UGA,SEX_FMLE,2023,1.1,1.5,0.84
incidence_per_1000_uninfected,CMR,SEX_FMLE,1995,4.8,5.6,4.1
incidence_per_1000_uninfected,MWI,SEX_BTSX,2018,1.4,1.7,1.2
incidence_per_1000_uninfected,COM,SEX_MLE,2006,0.1,0.1,0.01
incidence_per_1000_uninfected,MRT,SEX_BTSX,2009,0.12,0.19,0.1
incidence_per_1000_uninfected,COG,SEX_BTSX,2007,1.9,2.2,1.6
incidence_per_1000_uninfected,COD,SEX_BTSX,2013,0.44,0.56,0.34
incidence_per_1000_uninfected,ETH,SEX_BTSX,2016,0.17,0.35,0.1
incidence_per_1000_uninfected,TCD,SEX_BTSX,1996,1.8,2.5,1.4
incidence_per_1000_uninfected,MUS,SEX_BTSX,2018,,,
incidence_per_1000_uninfected,GNB,SEX_FMLE,2024,0.5,0.8,0.29
incidence_per_1000_uninfected,NER,SEX_MLE,2014,0.1,0.1,0.1
incidence_per_1000_uninfected,BFA,SEX_FMLE,2004,0.57,0.7,0.46
incidence_per_1000_uninfected,TZA,SEX_BTSX,1999,3.7,4.2,3.4
incidence_per_1000_uninfected,TGO,SEX_BTSX,2015,0.56,0.77,0.38
incidence_per_1000_uninfected,GHA,SEX_MLE,2009,0.8,1.0,0.66
incidence_per_1000_uninfected,CIV,SEX_MLE,2019,0.3,0.47,0.17
incidence_per_1000_uninfected,BEN,SEX_FMLE,2006,0.7,0.84,0.6
incidence_per_1000_uninfected,MOZ,SEX_MLE,2018,3.8,4.6,3.3
incidence_per_1000_uninfected,LBR,SEX_FMLE,2007,,,
incidence_per_1000_uninfected,MWI,SEX_MLE,1990,11.6,12.9,10.8
incidence_per_1000_uninfected,CAF,SEX_MLE,1995,5.5,7.2,4.4
incidence_per_1000_uninfected,COD,SEX_BTSX,2014,0.4,0.51,0.3
incidence_per_1000_uninfected,NER,SEX_BTSX,2020,0.1,0.1,0.1
incidence_per_1000_uninfected,CIV,SEX_FMLE,1999,4.9,5.7,4.1
incidence_per_1000_uninfected,NER,SEX_FMLE,2014,0.1,0.1,0.1
incidence_per_1000_uninfected,CAF,SEX_MLE,1993,5.6,7.8,4.2
incidence_per_1000_uninfected,GNQ,SEX_FMLE,1990,,,
incidence_per_1000_uninfected,GNB,SEX_MLE,2021,0.49,0.69,0.33
incidence_per_1000_uninfected,CAF,SEX_FMLE,2002,4.1,4.9,3.3
incidence_per_1000_uninfected,SYC,SEX_FMLE,2009,,,
incidence_per_1000_uninfected,MLI,SEX_BTSX,2024,0.17,0.27,0.12
incidence_per_1000_uninfected,MWI,SEX_BTSX,2021,0.87,1.1,0.72
incidence_per_1000_uninfected,LBR,SEX_BTSX,2018,,,
incidence_per_1000_uninfected,GNB,SEX_MLE,2024,0.31,0.49,0.2
incidence_per_1000_uninfected,LSO,SEX_FMLE,2009,15.6,18.6,13.6
incidence_per_1000_uninfected,MRT,SEX_BTSX,1993,0.43,0.59,0.31
incidence_per_1000_uninfected,ERI,SEX_MLE,2024,0.1,0.12,0.1
incidence_per_1000_uninfected,ERI,SEX_MLE,1991,1.9,3.0,1.3
incidence_per_1000_uninfected,GNB,SEX_MLE,2006,2.2,2.7,1.8
incidence_per_1000_uninfected,UGA,SEX_FMLE,2001,5.1,5.6,4.8
incidence_per_1000_uninfected,GHA,SEX_FMLE,1991,2.7,3.3,1.9
incidence_per_1000_uninfected,ETH,SEX_BTSX,2011,0.31,0.62,0.18
incidence_per_1000_uninfected,RWA,SEX_BTSX,1993,4.5,5.3,3.7
incidence_per_1000_uninfected,MWI,SEX_FMLE,2016,2.7,3.1,2.4
incidence_per_1000_uninfected,BFA,SEX_FMLE,1992,2.2,2.8,1.7
incidence_per_1000_uninfected,MRT,SEX_MLE,2015,0.1,0.1,0.1
incidence_per_1000_uninfected,BWA,SEX_FMLE,2011,9.2,9.9,8.0
incidence_per_1000_uninfected,CPV,SEX_BTSX,2011,0.39,0.5,0.32
incidence_per_1000_uninfected,GAB,SEX_MLE,2007,1.7,2.1,1.4
incidence_per_1000_uninfected,LBR,SEX_FMLE,2009,,,
incidence_per_1000_uninfected,STP,SEX_MLE,2023,,,
incidence_per_1000_uninfected,TZA,SEX_BTSX,2010,2.0,2.3,1.8
incidence_per_1000_uninfected,UGA,SEX_BTSX,2001,4.8,5.3,4.5
incidence_per_1000_uninfected,GIN,SEX_FMLE,2011,0.98,1.2,0.82
incidence_per_1000_uninfected,KEN,SEX_BTSX,2005,3.0,4.7,1.9
incidence_per_1000_uninfected,BFA,SEX_BTSX,2003,0.64,0.79,0.52
incidence_per_1000_uninfected,AGO,SEX_FMLE,2011,1.5,1.7,1.3
incidence_per_1000_uninfected,CMR,SEX_FMLE,2004,3.5,4.0,3.1
incidence_per_1000_uninfected,SYC,SEX_BTSX,2018,,,
incidence_per_1000_uninfected,MOZ,SEX_MLE,2016,4.5,5.3,4.0
incidence_per_1000_uninfected,MLI,SEX_MLE,2008,0.57,0.73,0.47
incidence_per_1000_uninfected,GNB,SEX_MLE,1991,0.54,0.79,0.35
incidence_per_1000_uninfected,SWZ,SEX_FMLE,2002,24.4,26.5,22.4
incidence_per_1000_uninfected,DZA,SEX_BTSX,2006,0.1,0.1,0.1
incidence_per_1000_uninfected,BFA,SEX_BTSX,1996,1.3,1.7,1.1
incidence_per_1000_uninfected,TGO,SEX_MLE,2024,0.27,0.44,0.15
incidence_per_1000_uninfected,GHA,SEX_FMLE,2011,1.1,1.3,0.87
incidence_per_1000_uninfected,RWA,SEX_FMLE,2014,0.8,1.1,0.63
incidence_per_1000_uninfected,BWA,SEX_MLE,1994,21.7,24.7,19.7
incidence_per_1000_uninfected,GHA,SEX_BTSX,2002,1.5,1.7,1.2
incidence_per_1000_uninfected,TGO,SEX_FMLE,2016,0.63,0.86,0.44
incidence_per_1000_uninfected,GIN,SEX_MLE,2003,1.1,1.4,0.93
incidence_per_1000_uninfected,BDI,SEX_BTSX,2015,0.25,0.37,0.17
incidence_per_1000_uninfected,MUS,SEX_FMLE,2021,,,
incidence_per_1000_uninfected,ETH,SEX_BTSX,1992,3.4,6.9,2.0
incidence_per_1000_uninfected,TCD,SEX_MLE,2018,0.28,0.4,0.18
incidence_per_1000_uninfected,CMR,SEX_MLE,2008,2.1,2.5,1.8
incidence_per_1000_uninfected,ZAF,SEX_MLE,1996,10.7,12.3,9.4
incidence_per_1000_uninfected,TGO,SEX_MLE,1990,1.2,1.7,0.92
incidence_per_1000_uninfected,SEN,SEX_FMLE,1995,0.44,0.48,0.41
incidence_per_1000_uninfected,TCD,SEX_MLE,2019,0.25,0.37,0.17
incidence_per_1000_uninfected,STP,SEX_MLE,2005,,,
incidence_per_1000_uninfected,KEN,SEX_BTSX,2020,0.48,0.75,0.31
incidence_per_1000_uninfected,LSO,SEX_FMLE,2020,4.6,6.0,3.6
incidence_per_1000_uninfected,TGO,SEX_MLE,1993,2.4,3.1,1.8
incidence_per_1000_uninfected,GAB,SEX_BTSX,2016,1.2,1.7,0.77
incidence_per_1000_uninfected,BWA,SEX_MLE,1999,17.5,19.9,15.9
incidence_per_1000_uninfected,BEN,SEX_FMLE,2018,0.21,0.3,0.14
incidence_per_1000_uninfected,SYC,SEX_BTSX,2003,,,
incidence_per_1000_uninfected,LBR,SEX_MLE,2001,,,
incidence_per_1000_uninfected,BEN,SEX_BTSX,2014,0.3,0.4,0.23
incidence_per_1000_uninfected,ETH,SEX_BTSX,2006,0.53,1.1,0.3
incidence_per_1000_uninfected,ZAF,SEX_FMLE,2016,6.5,7.3,5.8
incidence_per_1000_uninfected,COM,SEX_FMLE,2008,0.1,0.1,0.01
incidence_per_1000_uninfected,ZMB,SEX_BTSX,2009,4.9,5.5,4.3
incidence_per_1000_uninfected,MOZ,SEX_MLE,2002,7.9,9.3,7.1
incidence_per_1000_uninfected,LBR,SEX_MLE,2007,,,
incidence_per_1000_uninfected,ERI,SEX_BTSX,2003,0.56,0.79,0.36
incidence_per_1000_uninfected,BWA,SEX_MLE,2005,9.0,10.9,7.8
incidence_per_1000_uninfected,ZWE,SEX_BTSX,2005,9.5,10.6,8.7
incidence_per_1000_uninfected,SYC,SEX_MLE,2000,,,
incidence_per_1000_uninfected,GMB,SEX_FMLE,2023,0.49,0.84,0.28
incidence_per_1000_uninfected,CAF,SEX_BTSX,2022,0.78,1.4,0.41
incidence_per_1000_uninfected,COD,SEX_MLE,2017,0.27,0.37,0.19
incidence_per_1000_uninfected,ERI,SEX_BTSX,2022,0.12,0.19,0.1
incidence_per_1000_uninfected,ETH,SEX_FMLE,2015,0.22,0.42,0.13
incidence_per_1000_uninfected,KEN,SEX_BTSX,1990,9.6,14.9,6.1
incidence_per_1000_uninfected,MOZ,SEX_FMLE,1990,3.3,4.3,2.7
incidence_per_1000_uninfected,NER,SEX_FMLE,1996,0.63,0.77,0.53
incidence_per_1000_uninfected,GNB,SEX_BTSX,2017,0.84,1.1,0.6
incidence_per_1000_uninfected,GNB,SEX_BTSX,2006,2.5,3.0,2.1
incidence_per_1000_uninfected,STP,SEX_FMLE,2004,,,
incidence_per_1000_uninfected,GMB,SEX_FMLE,1995,1.3,1.8,0.84
incidence_per_1000_uninfected,GNQ,SEX_FMLE,2002,,,
incidence_per_1000_uninfected,LSO,SEX_FMLE,2013,12.5,15.0,10.5
incidence_per_1000_uninfected,MUS,SEX_MLE,2019,,,
incidence_per_1000_uninfected,BEN,SEX_BTSX,1996,1.4,1.7,1.2
incidence_per_1000_uninfected,ZWE,SEX_BTSX,2017,2.3,3.0,1.9
incidence_per_1000_uninfected,KEN,SEX_FMLE,2004,3.9,6.1,2.5
incidence_per_1000_uninfected,GMB,SEX_FMLE,2003,1.7,2.2,1.3
incidence_per_1000_uninfected,MUS,SEX_MLE,2005,,,
incidence_per_1000_uninfected,SEN,SEX_BTSX,2007,0.24,0.27,0.22
incidence_per_1000_uninfected,NGA,SEX_MLE,2009,0.82,1.0,0.73
incidence_per_1000_uninfected,BEN,SEX_MLE,2001,0.76,0.92,0.64
incidence_per_1000_uninfected,TGO,SEX_BTSX,1996,3.5,4.6,2.8
incidence_per_1000_uninfected,AGO,SEX_MLE,2023,0.36,0.44,0.29
incidence_per_1000_uninfected,COM,SEX_FMLE,2002,0.1,0.1,0.01
incidence_per_1000_uninfected,NAM,SEX_MLE,2023,1.2,1.6,0.97
incidence_per_1000_uninfected,SLE,SEX_BTSX,1992,1.1,1.6,0.74
incidence_per_1000_uninfected,GHA,SEX_BTSX,1991,2.3,2.8,1.7
incidence_per_1000_uninfected,KEN,SEX_MLE,1992,8.5,13.5,5.5
incidence_per_1000_uninfected,SYC,SEX_BTSX,2019,,,
incidence_per_1000_uninfected,ZMB,SEX_BTSX,2022,2.0,2.5,1.6
incidence_per_1000_uninfected,GIN,SEX_FMLE,2001,1.4,1.7,1.2
incidence_per_1000_uninfected,CPV,SEX_FMLE,2005,0.39,0.45,0.33
incidence_per_1000_uninfected,COG,SEX_MLE,2021,1.2,1.8,0.72
incidence_per_1000_uninfected,BDI,SEX_FMLE,2019,0.15,0.24,0.1
incidence_per_1000_uninfected,MRT,SEX_BTSX,2002,0.49,0.58,0.42
incidence_per_1000_uninfected,TZA,SEX_FMLE,1990,6.6,7.5,5.8
incidence_per_1000_uninfected,TGO,SEX_BTSX,1992,2.3,2.9,1.7
incidence_per_1000_uninfected,MLI,SEX_MLE,1995,1.3,1.6,1.0
incidence_per_1000_uninfected,NAM,SEX_FMLE,1995,15.3,17.2,13.8
incidence_per_1000_uninfected,MRT,SEX_FMLE,1996,0.59,0.72,0.45
incidence_per_1000_uninfected,ERI,SEX_FMLE,2024,0.13,0.21,0.1
incidence_per_1000_uninfected,ETH,SEX_MLE,2008,0.35,0.77,0.19
incidence_per_1000_uninfected,ETH,SEX_BTSX,2012,0.27,0.53,0.15
incidence_per_1000_uninfected,MLI,SEX_FMLE,2010,0.59,0.81,0.48
incidence_per_1000_uninfected,SLE,SEX_FMLE,2011,0.98,1.2,0.81
incidence_per_1000_uninfected,ERI,SEX_BTSX,1997,1.6,2.0,1.2
incidence_per_1000_uninfected,MWI,SEX_BTSX,2006,5.7,6.5,5.3
incidence_per_1000_uninfected,LBR,SEX_FMLE,2021,,,
incidence_per_1000_uninfected,BDI,SEX_FMLE,2003,0.99,1.2,0.78
incidence_per_1000_uninfected,BWA,SEX_MLE,2012,5.8,6.5,5.1
incidence_per_1000_uninfected,TZA,SEX_BTSX,2023,0.83,1.1,0.64
incidence_per_1000_uninfected,SSD,SEX_MLE,2009,1.1,1.5,0.88
incidence_per_1000_uninfected,SYC,SEX_MLE,2022,,,
incidence_per_1000_uninfected,DZA,SEX_BTSX,2004,0.1,0.1,0.1
incidence_per_1000_uninfected,MUS,SEX_MLE,1991,,,
incidence_per_1000_uninfected,NGA,SEX_BTSX,2012,0.76,0.93,0.67
incidence_per_1000_uninfected,TZA,SEX_MLE,1996,3.8,4.6,3.5
incidence_per_1000_uninfected,CIV,SEX_MLE,2002,2.6,3.1,2.2
incidence_per_1000_uninfected,NGA,SEX_FMLE,2016,0.62,0.79,0.52
incidence_per_1000_uninfected,CAF,SEX_MLE,2022,0.62,1.1,0.33
incidence_per_1000_uninfected,GMB,SEX_MLE,2015,0.83,1.2,0.56
incidence_per_1000_uninfected,KEN,SEX_BTSX,1997,6.4,9.9,4.1
incidence_per_1000_uninfected,MRT,SEX_MLE,2012,0.1,0.12,0.1
incidence_per_1000_uninfected,SLE,SEX_MLE,2018,0.53,0.7,0.39
incidence_per_1000_uninfected,TCD,SEX_MLE,2011,0.59,0.75,0.44
incidence_per_1000_uninfected,RWA,SEX_MLE,1990,3.6,5.1,2.5
incidence_per_1000_uninfected,ZMB,SEX_FMLE,2018,5.4,6.2,4.8
incidence_per_1000_uninfected,KEN,SEX_MLE,2017,0.46,0.74,0.3
incidence_per_1000_uninfected,GHA,SEX_BTSX,2019,0.66,0.88,0.48
incidence_per_1000_uninfected,SLE,SEX_FMLE,1997,1.5,1.9,1.3
incidence_per_1000_uninfected,CAF,SEX_BTSX,1999,4.8,5.7,3.9
incidence_per_1000_uninfected,MLI,SEX_BTSX,2020,0.26,0.37,0.19
incidence_per_1000_uninfected,TCD,SEX_FMLE,2007,0.98,1.2,0.77
incidence_per_1000_uninfected,SLE,SEX_MLE,2024,0.23,0.42,0.14
incidence_per_1000_uninfected,LBR,SEX_MLE,2015,,,
incidence_per_1000_uninfected,SWZ,SEX_BTSX,1990,3.4,4.3,2.9
incidence_per_1000_uninfected,MLI,SEX_FMLE,2016,0.41,0.56,0.32
incidence_per_1000_uninfected,ZAF,SEX_FMLE,2019,5.2,5.8,4.6
incidence_per_1000_uninfected,SYC,SEX_FMLE,2005,,,
incidence_per_1000_uninfected,CAF,SEX_BTSX,2010,2.1,2.7,1.7
incidence_per_1000_uninfected,TCD,SEX_BTSX,2020,0.27,0.39,0.17
incidence_per_1000_uninfected,CMR,SEX_FMLE,1994,4.4,5.1,3.6
incidence_per_1000_uninfected,NER,SEX_MLE,1995,0.72,0.88,0.58
incidence_per_1000_uninfected,ZWE,SEX_BTSX,2013,4.2,5.2,3.7
incidence_per_1000_uninfected,CMR,SEX_BTSX,2010,1.8,2.2,1.6
incidence_per_1000_uninfected,MLI,SEX_BTSX,2007,0.67,0.88,0.57
incidence_per_1000_uninfected,COM,SEX_MLE,2004,0.1,0.1,0.1
incidence_per_1000_uninfected,TZA,SEX_BTSX,2017,1.9,2.3,1.7
incidence_per_1000_uninfected,CIV,SEX_MLE,1998,4.0,4.8,3.3
incidence_per_1000_uninfected,SLE,SEX_MLE,2010,0.84,1.0,0.7
incidence_per_1000_uninfected,STP,SEX_FMLE,2017,,,
incidence_per_1000_uninfected,CMR,SEX_FMLE,2015,1.2,1.6,1.0
incidence_per_1000_uninfected,CPV,SEX_MLE,1999,0.53,0.67,0.45
incidence_per_1000_uninfected,SYC,SEX_FMLE,2016,,,
incidence_per_1000_uninfected,MOZ,SEX_BTSX,1991,3.7,4.5,3.0
incidence_per_1000_uninfected,SSD,SEX_FMLE,1990,1.4,2.2,0.65
incidence_per_1000_uninfected,BDI,SEX_BTSX,1999,1.4,1.8,1.2
incidence_per_1000_uninfected,NER,SEX_BTSX,2002,0.34,0.4,0.3
incidence_per_1000_uninfected,ZMB,SEX_MLE,2018,3.1,3.7,2.8
incidence_per_1000_uninfected,AGO,SEX_MLE,2005,0.99,1.2,0.85
incidence_per_1000_uninfected,GMB,SEX_MLE,2010,1.1,1.6,0.86
incidence_per_1000_uninfected,KEN,SEX_BTSX,2003,3.6,5.6,2.3
incidence_per_1000_uninfected,SWZ,SEX_MLE,2024,3.1,4.0,2.5
incidence_per_1000_uninfected,ZWE,SEX_BTSX,1990,32.2,36.6,28.8
incidence_per_1000_uninfected,GAB,SEX_FMLE,2002,4.0,5.0,3.1
incidence_per_1000_uninfected,GHA,SEX_MLE,1990,1.6,2.1,1.1
incidence_per_1000_uninfected,LBR,SEX_BTSX,2015,,,
incidence_per_1000_uninfected,GNQ,SEX_FMLE,2009,,,
incidence_per_1000_uninfected,UGA,SEX_FMLE,2012,3.2,3.7,2.9
incidence_per_1000_uninfected,NER,SEX_FMLE,2019,0.1,0.1,0.1
incidence_per_1000_uninfected,NGA,SEX_BTSX,2018,0.46,0.58,0.37
incidence_per_1000_uninfected,COM,SEX_FMLE,1996,0.1,0.1,0.1
incidence_per_1000_uninfected,BFA,SEX_MLE,2024,0.11,0.16,0.1
incidence_per_1000_uninfected,BFA,SEX_BTSX,2000,0.89,1.1,0.75
incidence_per_1000_uninfected,GNQ,SEX_MLE,2006,,,
incidence_per_1000_uninfected,BEN,SEX_FMLE,2008,0.57,0.71,0.47
incidence_per_1000_uninfected,GAB,SEX_FMLE,2006,3.1,4.0,2.5
incidence_per_1000_uninfected,BFA,SEX_BTSX,1992,2.1,2.8,1.7
incidence_per_1000_uninfected,STP,SEX_FMLE,2001,,,
incidence_per_1000_uninfected,COM,SEX_FMLE,2020,0.1,0.1,0.01
incidence_per_1000_uninfected,MUS,SEX_FMLE,1990,,,
incidence_per_1000_uninfected,MOZ,SEX_BTSX,2001,9.2,10.5,8.4
incidence_per_1000_uninfected,NER,SEX_FMLE,2008,0.14,0.18,0.12
incidence_per_1000_uninfected,COM,SEX_FMLE,2017,0.1,0.1,0.01
incidence_per_1000_uninfected,ZWE,SEX_MLE,2021,1.1,1.4,0.94
incidence_per_1000_uninfected,BEN,SEX_MLE,1991,0.59,0.78,0.44
incidence_per_1000_uninfected,GNQ,SEX_BTSX,2006,,,
incidence_per_1000_uninfected,SWZ,SEX_MLE,2001,20.3,22.9,18.5
incidence_per_1000_uninfected,MRT,SEX_BTSX,2000,0.58,0.67,0.49
incidence_per_1000_uninfected,BFA,SEX_FMLE,2010,0.3,0.39,0.23
incidence_per_1000_uninfected,CIV,SEX_FMLE,2023,0.39,0.67,0.21
incidence_per_1000_uninfected,ZWE,SEX_BTSX,2022,1.1,1.4,0.88
incidence_per_1000_uninfected,BEN,SEX_FMLE,1998,1.4,1.6,1.1
incidence_per_1000_uninfected,STP,SEX_MLE,1995,,,
incidence_per_1000_uninfected,MOZ,SEX_BTSX,2018,4.8,5.7,4.2
incidence_per_1000_uninfected,SYC,SEX_MLE,2001,,,
incidence_per_1000_uninfected,NAM,SEX_BTSX,2004,9.2,10.3,8.4
incidence_per_1000_uninfected,GNB,SEX_FMLE,2012,1.7,2.1,1.3
incidence_per_1000_uninfected,SLE,SEX_BTSX,1999,1.4,1.7,1.2
incidence_per_1000_uninfected,MWI,SEX_BTSX,2010,4.1,4.8,3.8
incidence_per_1000_uninfected,BDI,SEX_FMLE,2016,0.24,0.36,0.15
incidence_per_1000_uninfected,NER,SEX_MLE,2006,0.24,0.29,0.2
incidence_per_1000_uninfected,TZA,SEX_BTSX,1990,5.9,6.6,5.2
incidence_per_1000_uninfected,GAB,SEX_BTSX,2017,1.2,1.8,0.8
incidence_per_1000_uninfected,NAM,SEX_FMLE,2003,11.2,12.4,10.3
incidence_per_1000_uninfected,BFA,SEX_FMLE,2017,0.18,0.24,0.13
incidence_per_1000_uninfected,NGA,SEX_MLE,1991,1.4,1.7,1.1
incidence_per_1000_uninfected,GNB,SEX_MLE,1992,0.73,1.1,0.47
incidence_per_1000_uninfected,GNQ,SEX_FMLE,2018,,,
incidence_per_1000_uninfected,BFA,SEX_MLE,2006,0.44,0.56,0.33
incidence_per_1000_uninfected,COG,SEX_FMLE,1994,4.1,5.1,3.5
incidence_per_1000_uninfected,SEN,SEX_MLE,1992,0.35,0.39,0.31
incidence_per_1000_uninfected,CAF,SEX_BTSX,1998,5.2,6.3,4.2
incidence_per_1000_uninfected,CAF,SEX_FMLE,1995,7.6,10.0,5.9
incidence_per_1000_uninfected,ZMB,SEX_BTSX,2023,1.7,2.2,1.3
incidence_per_1000_uninfected,GNB,SEX_MLE,2013,1.1,1.4,0.82
incidence_per_1000_uninfected,GNB,SEX_FMLE,1999,5.2,6.3,4.5
incidence_per_1000_uninfected,SWZ,SEX_FMLE,1997,27.9,30.6,25.3
incidence_per_1000_uninfected,ZAF,SEX_FMLE,2005,12.9,14.2,11.5
incidence_per_1000_uninfected,ERI,SEX_FMLE,2008,0.24,0.43,0.1
incidence_per_1000_uninfected,RWA,SEX_MLE,2013,0.67,0.94,0.53
incidence_per_1000_uninfected,MOZ,SEX_FMLE,2012,8.3,9.4,7.4
incidence_per_1000_uninfected,GHA,SEX_BTSX,1992,2.3,2.9,1.9
incidence_per_1000_uninfected,TCD,SEX_BTSX,2004,1.1,1.4,0.85
incidence_per_1000_uninfected,MDG,SEX_MLE,2018,0.26,0.37,0.19
incidence_per_1000_uninfected,MDG,SEX_FMLE,1997,0.1,0.1,0.1
incidence_per_1000_uninfected,SSD,SEX_MLE,2006,1.3,1.7,0.97
incidence_per_1000_uninfected,TZA,SEX_MLE,2010,1.8,2.1,1.6
incidence_per_1000_uninfected,MRT,SEX_MLE,2019,0.1,0.1,0.1
incidence_per_1000_uninfected,NER,SEX_BTSX,2015,0.1,0.1,0.1
incidence_per_1000_uninfected,SEN,SEX_BTSX,2005,0.31,0.34,0.29
incidence_per_1000_uninfected,CMR,SEX_BTSX,2015,1.0,1.4,0.85
incidence_per_1000_uninfected,TGO,SEX_FMLE,2013,0.73,1.0,0.48
incidence_per_1000_uninfected,KEN,SEX_MLE,2013,0.96,1.5,0.62
incidence_per_1000_uninfected,CPV,SEX_BTSX,1997,0.48,0.61,0.39
incidence_per_1000_uninfected,MWI,SEX_BTSX,2005,6.2,7.1,5.8
incidence_per_1000_uninfected,CPV,SEX_FMLE,1996,0.44,0.57,0.36
incidence_per_1000_uninfected,ZMB,SEX_BTSX,2007,5.5,6.3,5.0
incidence_per_1000_uninfected,BEN,SEX_BTSX,2013,0.34,0.44,0.27
incidence_per_1000_uninfected,GNQ,SEX_BTSX,1993,,,
incidence_per_1000_uninfected,CAF,SEX_MLE,2010,1.9,2.3,1.4
incidence_per_1000_uninfected,SWZ,SEX_FMLE,2014,16.3,18.4,14.2
incidence_per_1000_uninfected,SWZ,SEX_BTSX,2008,18.4,20.2,16.7
incidence_per_1000_uninfected,MUS,SEX_FMLE,2015,,,
incidence_per_1000_uninfected,GAB,SEX_BTSX,2023,0.82,1.5,0.43
incidence_per_1000_uninfected,DZA,SEX_FMLE,2024,0.1,0.1,0.1
incidence_per_1000_uninfected,SEN,SEX_MLE,2020,0.12,0.14,0.11
incidence_per_1000_uninfected,GAB,SEX_BTSX,2020,0.98,1.7,0.58
incidence_per_1000_uninfected,GHA,SEX_MLE,2021,0.39,0.57,0.28
incidence_per_1000_uninfected,NER,SEX_MLE,1998,0.57,0.68,0.49
incidence_per_1000_uninfected,SLE,SEX_MLE,1991,1.0,1.4,0.61
incidence_per_1000_uninfected,BFA,SEX_MLE,2005,0.5,0.63,0.39
incidence_per_1000_uninfected,BWA,SEX_BTSX,2014,6.2,6.7,5.5
incidence_per_1000_uninfected,UGA,SEX_FMLE,1992,7.2,8.1,6.5
incidence_per_1000_uninfected,SSD,SEX_BTSX,2023,0.52,0.77,0.34
incidence_per_1000_uninfected,BFA,SEX_MLE,1990,2.5,3.5,1.7
incidence_per_1000_uninfected,STP,SEX_MLE,2021,,,
incidence_per_1000_uninfected,CPV,SEX_MLE,2011,0.43,0.58,0.35
incidence_per_1000_uninfected,CAF,SEX_MLE,2009,2.0,2.5,1.6
incidence_per_1000_uninfected,TGO,SEX_BTSX,1994,3.0,3.9,2.3
incidence_per_1000_uninfected,COM,SEX_FMLE,1997,0.1,0.1,0.01
incidence_per_1000_uninfected,COG,SEX_MLE,2003,1.7,2.0,1.5
incidence_per_1000_uninfected,ZAF,SEX_BTSX,2007,9.8,10.9,8.8
incidence_per_1000_uninfected,SEN,SEX_FMLE,2003,0.39,0.43,0.37
incidence_per_1000_uninfected,RWA,SEX_BTSX,2003,2.2,2.5,2.1
incidence_per_1000_uninfected,ZAF,SEX_MLE,2010,6.2,7.6,5.5
incidence_per_1000_uninfected,NGA,SEX_BTSX,2009,0.93,1.1,0.84
incidence_per_1000_uninfected,ETH,SEX_FMLE,2014,0.26,0.49,0.15
incidence_per_1000_uninfected,KEN,SEX_FMLE,2006,3.2,5.0,2.0
incidence_per_1000_uninfected,GNB,SEX_BTSX,2012,1.5,1.8,1.2
incidence_per_1000_uninfected,KEN,SEX_BTSX,2017,0.65,1.0,0.42
incidence_per_1000_uninfected,COD,SEX_MLE,2007,0.62,0.81,0.52
incidence_per_1000_uninfected,MRT,SEX_MLE,2003,0.51,0.63,0.42
incidence_per_1000_uninfected,TCD,SEX_MLE,1990,1.6,2.6,0.9
incidence_per_1000_uninfected,COM,SEX_FMLE,2024,0.1,0.1,0.01
incidence_per_1000_uninfected,MUS,SEX_MLE,2017,,,
incidence_per_1000_uninfected,TGO,SEX_BTSX,2007,1.4,1.8,1.1
incidence_per_1000_uninfected,ERI,SEX_MLE,2004,0.36,0.55,0.2
incidence_per_1000_uninfected,ERI,SEX_MLE,1992,1.8,2.7,1.2
incidence_per_1000_uninfected,TCD,SEX_MLE,2007,0.85,1.1,0.66
incidence_per_1000_uninfected,COD,SEX_FMLE,2010,0.62,0.79,0.5
incidence_per_1000_uninfected,NER,SEX_MLE,2015,0.1,0.1,0.1
incidence_per_1000_uninfected,SSD,SEX_FMLE,2024,0.63,0.95,0.4
incidence_per_1000_uninfected,MWI,SEX_BTSX,1998,11.0,12.0,10.3
incidence_per_1000_uninfected,RWA,SEX_BTSX,1996,3.5,4.0,3.1
incidence_per_1000_uninfected,SSD,SEX_FMLE,1993,2.1,3.1,1.2
incidence_per_1000_uninfected,ETH,SEX_MLE,2006,0.44,0.96,0.23
incidence_per_1000_uninfected,CIV,SEX_BTSX,2016,0.67,0.94,0.45
incidence_per_1000_uninfected,BEN,SEX_MLE,2017,0.15,0.22,0.1
incidence_per_1000_uninfected,CPV,SEX_MLE,1994,0.49,0.72,0.37
incidence_per_1000_uninfected,STP,SEX_BTSX,2005,,,
incidence_per_1000_uninfected,MDG,SEX_MLE,2023,0.49,0.68,0.36
incidence_per_1000_uninfected,NER,SEX_BTSX,2017,0.1,0.1,0.1
incidence_per_1000_uninfected,MOZ,SEX_MLE,2004,7.5,8.8,6.7
incidence_per_1000_uninfected,SSD,SEX_BTSX,2014,1.2,1.5,0.93
incidence_per_1000_uninfected,BDI,SEX_BTSX,2011,0.39,0.53,0.27
incidence_per_1000_uninfected,CPV,SEX_BTSX,2009,0.36,0.46,0.3
incidence_per_1000_uninfected,ZAF,SEX_MLE,2002,9.8,11.4,8.8
incidence_per_1000_uninfected,TZA,SEX_MLE,2014,1.5,1.8,1.4
incidence_per_1000_uninfected,SLE,SEX_MLE,2007,1.0,1.2,0.86
incidence_per_1000_uninfected,AGO,SEX_BTSX,2016,0.92,1.1,0.79
incidence_per_1000_uninfected,STP,SEX_MLE,2022,,,
incidence_per_1000_uninfected,DZA,SEX_MLE,2024,0.1,0.1,0.1
incidence_per_1000_uninfected,TCD,SEX_MLE,2021,0.2,0.31,0.12
incidence_per_1000_uninfected,GAB,SEX_MLE,2021,0.58,0.97,0.33
incidence_per_1000_uninfected,CIV,SEX_BTSX,2019,0.41,0.63,0.24
incidence_per_1000_uninfected,GNQ,SEX_MLE,1992,,,
incidence_per_1000_uninfected,MOZ,SEX_FMLE,1995,7.5,8.6,6.5
incidence_per_1000_uninfected,BEN,SEX_BTSX,1998,1.2,1.4,0.97
incidence_per_1000_uninfected,BWA,SEX_BTSX,1996,25.4,27.5,23.6
incidence_per_1000_uninfected,TCD,SEX_FMLE,2014,0.5,0.67,0.36
incidence_per_1000_uninfected,AGO,SEX_FMLE,2005,1.7,1.9,1.4
incidence_per_1000_uninfected,LSO,SEX_BTSX,2003,16.9,18.9,15.0
incidence_per_1000_uninfected,GMB,SEX_MLE,2013,0.97,1.4,0.68
incidence_per_1000_uninfected,ETH,SEX_FMLE,1996,2.3,4.4,1.3
incidence_per_1000_uninfected,GHA,SEX_FMLE,2013,1.0,1.3,0.82
incidence_per_1000_uninfected,COD,SEX_MLE,1997,1.3,1.7,1.0
incidence_per_1000_uninfected,KEN,SEX_MLE,2020,0.32,0.51,0.21
incidence_per_1000_uninfected,MOZ,SEX_MLE,1991,3.2,4.1,2.5
incidence_per_1000_uninfected,STP,SEX_BTSX,2019,,,
incidence_per_1000_uninfected,GNQ,SEX_MLE,1994,,,
incidence_per_1000_uninfected,BFA,SEX_BTSX,2002,0.73,0.88,0.59
incidence_per_1000_uninfected,AGO,SEX_MLE,2012,0.81,0.95,0.69
incidence_per_1000_uninfected,LSO,SEX_BTSX,2016,7.1,8.9,5.9
incidence_per_1000_uninfected,COD,SEX_FMLE,1995,1.7,2.3,1.3
incidence_per_1000_uninfected,COM,SEX_FMLE,2010,0.1,0.1,0.01
incidence_per_1000_uninfected,ZWE,SEX_FMLE,2001,13.6,15.1,12.3
incidence_per_1000_uninfected,TCD,SEX_FMLE,2018,0.39,0.53,0.26
incidence_per_1000_uninfected,CIV,SEX_BTSX,1995,6.4,7.7,5.3
incidence_per_1000_uninfected,TCD,SEX_MLE,2005,0.95,1.2,0.75
incidence_per_1000_uninfected,SSD,SEX_MLE,2004,1.5,2.0,1.1
incidence_per_1000_uninfected,BFA,SEX_MLE,2016,0.16,0.21,0.12
incidence_per_1000_uninfected,CAF,SEX_MLE,2001,3.6,4.3,2.9
incidence_per_1000_uninfected,SWZ,SEX_BTSX,2007,18.6,20.3,17.0
incidence_per_1000_uninfected,GNB,SEX_MLE,1999,3.9,4.8,3.3
incidence_per_1000_uninfected,TGO,SEX_FMLE,2015,0.67,0.92,0.46
incidence_per_1000_uninfected,DZA,SEX_BTSX,1993,0.01,0.01,0.01
incidence_per_1000_uninfected,NGA,SEX_MLE,1995,1.6,2.0,1.4
incidence_per_1000_uninfected,MOZ,SEX_BTSX,1993,5.0,6.1,4.2
incidence_per_1000_uninfected,MUS,SEX_FMLE,2012,,,
incidence_per_1000_uninfected,GHA,SEX_BTSX,1995,2.1,2.6,1.8
incidence_per_1000_uninfected,AGO,SEX_FMLE,1992,1.2,1.6,0.81
incidence_per_1000_uninfected,SEN,SEX_MLE,1995,0.52,0.58,0.47
incidence_per_1000_uninfected,COD,SEX_MLE,2011,0.46,0.59,0.36
incidence_per_1000_uninfected,BFA,SEX_BTSX,2020,0.13,0.18,0.1
incidence_per_1000_uninfected,BDI,SEX_BTSX,2012,0.35,0.48,0.24
incidence_per_1000_uninfected,ZWE,SEX_FMLE,1998,17.5,19.3,16.0
incidence_per_1000_uninfected,SWZ,SEX_MLE,2002,19.5,21.9,18.0
incidence_per_1000_uninfected,MOZ,SEX_FMLE,2017,6.2,7.1,5.5
incidence_per_1000_uninfected,BDI,SEX_MLE,2000,1.2,1.5,0.98
incidence_per_1000_uninfected,TCD,SEX_FMLE,1994,2.2,3.0,1.6
incidence_per_1000_uninfected,BFA,SEX_FMLE,2022,0.15,0.22,0.1
incidence_per_1000_uninfected,KEN,SEX_FMLE,2018,0.71,1.1,0.45
incidence_per_1000_uninfected,SLE,SEX_MLE,1999,1.3,1.6,1.1
incidence_per_1000_uninfected,SEN,SEX_BTSX,2006,0.28,0.31,0.27
incidence_per_1000_uninfected,MDG,SEX_BTSX,2019,0.26,0.35,0.18
incidence_per_1000_uninfected,GIN,SEX_BTSX,2020,0.53,0.73,0.37
incidence_per_1000_uninfected,RWA,SEX_FMLE,2020,0.31,0.52,0.19
incidence_per_1000_uninfected,MUS,SEX_MLE,1994,,,
incidence_per_1000_uninfected,CPV,SEX_FMLE,2002,0.43,0.51,0.37
incidence_per_1000_uninfected,LSO,SEX_FMLE,2021,3.8,4.9,2.9
incidence_per_1000_uninfected,ZMB,SEX_BTSX,2000,8.5,9.3,7.8
incidence_per_1000_uninfected,GMB,SEX_MLE,2001,1.5,2.1,1.2
incidence_per_1000_uninfected,MLI,SEX_FMLE,2008,0.72,0.95,0.6
incidence_per_1000_uninfected,NER,SEX_FMLE,2017,0.1,0.1,0.1
incidence_per_1000_uninfected,COD,SEX_BTSX,1992,1.9,2.6,1.4
incidence_per_1000_uninfected,CIV,SEX_FMLE,1998,5.2,6.1,4.4
incidence_per_1000_uninfected,NGA,SEX_MLE,2014,0.51,0.65,0.43
incidence_per_1000_uninfected,NAM,SEX_FMLE,1990,5.1,5.8,4.4
incidence_per_1000_uninfected,NER,SEX_FMLE,2006,0.19,0.22,0.16
incidence_per_1000_uninfected,COD,SEX_BTSX,2001,1.0,1.3,0.85
incidence_per_1000_uninfected,GIN,SEX_MLE,2010,0.84,1.1,0.72
incidence_per_1000_uninfected,ZMB,SEX_BTSX,1993,12.0,13.4,10.7
incidence_per_1000_uninfected,GIN,SEX_MLE,1996,1.1,1.5,0.86
incidence_per_1000_uninfected,ZAF,SEX_BTSX,2013,6.5,7.2,5.7
incidence_per_1000_uninfected,LSO,SEX_MLE,2014,8.2,10.5,6.9
incidence_per_1000_uninfected,MOZ,SEX_BTSX,2012,7.2,8.1,6.5
incidence_per_1000_uninfected,TGO,SEX_FMLE,2023,0.49,0.73,0.28
incidence_per_1000_uninfected,MLI,SEX_MLE,2019,0.26,0.37,0.19
incidence_per_1000_uninfected,GNQ,SEX_FMLE,1996,,,
incidence_per_1000_uninfected,KEN,SEX_BTSX,2001,4.3,6.7,2.7
incidence_per_1000_uninfected,TGO,SEX_BTSX,2024,0.37,0.56,0.21
incidence_per_1000_uninfected,BEN,SEX_FMLE,2010,0.47,0.6,0.38
incidence_per_1000_uninfected,BWA,SEX_MLE,1993,20.1,22.8,18.3
incidence_per_1000_uninfected,MUS,SEX_FMLE,2008,,,
incidence_per_1000_uninfected,SYC,SEX_MLE,1996,,,
incidence_per_1000_uninfected,ZWE,SEX_BTSX,2016,2.9,3.8,2.5
incidence_per_1000_uninfected,MDG,SEX_MLE,2009,0.2,0.26,0.15
incidence_per_1000_uninfected,STP,SEX_MLE,2012,,,
incidence_per_1000_uninfected,AGO,SEX_FMLE,1996,1.5,1.9,1.1
incidence_per_1000_uninfected,SWZ,SEX_FMLE,2017,9.4,10.9,7.9
incidence_per_1000_uninfected,UGA,SEX_FMLE,2007,4.3,4.8,3.9
incidence_per_1000_uninfected,NGA,SEX_BTSX,1998,1.8,2.0,1.6
incidence_per_1000_uninfected,BWA,SEX_MLE,2009,6.5,7.7,5.7
incidence_per_1000_uninfected,GAB,SEX_FMLE,1997,5.7,8.3,3.8
incidence_per_1000_uninfected,GIN,SEX_FMLE,2009,1.1,1.3,0.93
incidence_per_1000_uninfected,MDG,SEX_BTSX,2015,0.21,0.28,0.15
incidence_per_1000_uninfected,GHA,SEX_BTSX,2005,1.2,1.5,1.0
incidence_per_1000_uninfected,NAM,SEX_MLE,1998,11.3,13.0,10.2
incidence_per_1000_uninfected,BFA,SEX_FMLE,2001,0.82,0.99,0.67
incidence_per_1000_uninfected,GMB,SEX_BTSX,1996,1.3,1.9,0.94
incidence_per_1000_uninfected,CPV,SEX_BTSX,2006,0.38,0.46,0.32
incidence_per_1000_uninfected,RWA,SEX_BTSX,1998,3.6,4.1,3.3
incidence_per_1000_uninfected,MLI,SEX_MLE,2003,0.7,0.88,0.59
incidence_per_1000_uninfected,RWA,SEX_FMLE,1993,5.0,5.9,4.1
incidence_per_1000_uninfected,DZA,SEX_MLE,2007,0.1,0.1,0.1
incidence_per_1000_uninfected,GNB,SEX_BTSX,1999,4.6,5.4,3.9
incidence_per_1000_uninfected,SWZ,SEX_FMLE,2022,5.5,6.9,4.3
incidence_per_1000_uninfected,STP,SEX_BTSX,2020,,,
incidence_per_1000_uninfected,TCD,SEX_FMLE,2003,1.3,1.6,1.1
incidence_per_1000_uninfected,SWZ,SEX_BTSX,1995,23.1,25.8,20.0
incidence_per_1000_uninfected,GIN,SEX_MLE,2018,0.57,0.76,0.44
incidence_per_1000_uninfected,MDG,SEX_FMLE,2012,0.17,0.23,0.13
incidence_per_1000_uninfected,GAB,SEX_FMLE,2023,1.2,2.1,0.62
incidence_per_1000_uninfected,COG,SEX_MLE,1994,2.5,3.1,2.2
incidence_per_1000_uninfected,MDG,SEX_MLE,2003,0.12,0.18,0.1
incidence_per_1000_uninfected,CIV,SEX_BTSX,2020,0.4,0.61,0.24
incidence_per_1000_uninfected,CAF,SEX_MLE,2020,0.72,1.2,0.42
incidence_per_1000_uninfected,ZWE,SEX_MLE,1993,26.3,31.7,22.6
incidence_per_1000_uninfected,LBR,SEX_FMLE,2006,,,
incidence_per_1000_uninfected,BEN,SEX_FMLE,2023,0.13,0.19,0.1
incidence_per_1000_uninfected,TGO,SEX_MLE,2009,1.0,1.3,0.82
incidence_per_1000_uninfected,LSO,SEX_BTSX,2023,2.3,3.2,1.7
incidence_per_1000_uninfected,ETH,SEX_FMLE,2024,0.1,0.2,0.1
incidence_per_1000_uninfected,NER,SEX_MLE,2012,0.1,0.1,0.1
incidence_per_1000_uninfected,CAF,SEX_FMLE,2016,1.5,2.2,1.0
incidence_per_1000_uninfected,COD,SEX_BTSX,1990,2.0,2.7,1.5
incidence_per_1000_uninfected,SWZ,SEX_MLE,1992,10.9,13.5,9.0
incidence_per_1000_uninfected,BWA,SEX_FMLE,2020,4.1,4.6,3.5
incidence_per_1000_uninfected,KEN,SEX_MLE,2019,0.35,0.55,0.22
incidence_per_1000_uninfected,MOZ,SEX_MLE,2015,4.9,5.7,4.4
incidence_per_1000_uninfected,COM,SEX_FMLE,2012,0.1,0.1,0.01
incidence_per_1000_uninfected,ZWE,SEX_MLE,1990,29.9,36.3,26.5
incidence_per_1000_uninfected,LSO,SEX_BTSX,2000,18.0,20.4,15.9
incidence_per_1000_uninfected,GAB,SEX_MLE,2001,2.3,3.0,1.8
incidence_per_1000_uninfected,ETH,SEX_MLE,2002,0.72,1.6,0.38
incidence_per_1000_uninfected,MOZ,SEX_FMLE,2011,8.6,9.6,7.8
incidence_per_1000_uninfected,TZA,SEX_FMLE,2010,2.3,2.6,2.0
incidence_per_1000_uninfected,MOZ,SEX_MLE,1994,4.8,5.8,4.1
incidence_per_1000_uninfected,NAM,SEX_BTSX,2023,1.7,2.1,1.3
incidence_per_1000_uninfected,SYC,SEX_BTSX,2010,,,
incidence_per_1000_uninfected,DZA,SEX_FMLE,2010,0.1,0.1,0.1
incidence_per_1000_uninfected,GHA,SEX_MLE,2017,0.51,0.66,0.39
incidence_per_1000_uninfected,ERI,SEX_BTSX,2014,0.11,0.22,0.1
incidence_per_1000_uninfected,CPV,SEX_MLE,2007,0.39,0.5,0.33
incidence_per_1000_uninfected,CIV,SEX_MLE,2020,0.29,0.44,0.17
incidence_per_1000_uninfected,KEN,SEX_BTSX,2009,1.9,3.0,1.2
incidence_per_1000_uninfected,ZWE,SEX_BTSX,1999,15.0,16.6,13.8
incidence_per_1000_uninfected,CAF,SEX_BTSX,2015,1.5,2.1,1.0
incidence_per_1000_uninfected,STP,SEX_FMLE,2006,,,
incidence_per_1000_uninfected,CAF,SEX_MLE,1998,4.4,5.5,3.6
incidence_per_1000_uninfected,MOZ,SEX_FMLE,2008,8.7,9.8,8.0
incidence_per_1000_uninfected,STP,SEX_FMLE,1991,,,
incidence_per_1000_uninfected,COM,SEX_MLE,2024,0.1,0.1,0.01
incidence_per_1000_uninfected,AGO,SEX_FMLE,2013,1.4,1.6,1.2
incidence_per_1000_uninfected,GAB,SEX_BTSX,2001,3.3,4.2,2.5
incidence_per_1000_uninfected,COD,SEX_MLE,2009,0.55,0.73,0.45
incidence_per_1000_uninfected,SYC,SEX_MLE,2005,,,
incidence_per_1000_uninfected,NAM,SEX_BTSX,2024,1.6,2.0,1.2
incidence_per_1000_uninfected,ZMB,SEX_FMLE,2009,5.6,6.4,4.9
incidence_per_1000_uninfected,KEN,SEX_MLE,1999,4.3,6.8,2.8
incidence_per_1000_uninfected,AGO,SEX_FMLE,1998,1.5,1.9,1.2
incidence_per_1000_uninfected,SLE,SEX_FMLE,2014,0.94,1.1,0.77
incidence_per_1000_uninfected,DZA,SEX_MLE,1995,0.01,0.01,0.01
incidence_per_1000_uninfected,DZA,SEX_MLE,2021,0.1,0.1,0.1
incidence_per_1000_uninfected,TZA,SEX_MLE,1991,5.1,5.8,4.4
incidence_per_1000_uninfected,BWA,SEX_BTSX,2018,4.1,4.4,3.6
incidence_per_1000_uninfected,NGA,SEX_MLE,2000,1.4,1.7,1.2
incidence_per_1000_uninfected,NGA,SEX_MLE,2016,0.42,0.55,0.35
incidence_per_1000_uninfected,AGO,SEX_MLE,2000,0.93,1.1,0.74
incidence_per_1000_uninfected,COG,SEX_MLE,2000,1.9,2.2,1.6
incidence_per_1000_uninfected,KEN,SEX_MLE,2016,0.51,0.82,0.33
incidence_per_1000_uninfected,SWZ,SEX_FMLE,1996,26.7,29.5,23.7
incidence_per_1000_uninfected,COG,SEX_BTSX,1992,3.7,4.8,3.1
incidence_per_1000_uninfected,MOZ,SEX_FMLE,1993,5.7,6.8,4.9
incidence_per_1000_uninfected,BDI,SEX_MLE,2002,0.93,1.2,0.75
incidence_per_1000_uninfected,AGO,SEX_FMLE,1994,1.3,1.8,0.99
incidence_per_1000_uninfected,GMB,SEX_MLE,1992,0.61,1.0,0.36
incidence_per_1000_uninfected,SEN,SEX_MLE,2021,0.14,0.16,0.13
incidence_per_1000_uninfected,TCD,SEX_MLE,2014,0.38,0.54,0.26
incidence_per_1000_uninfected,KEN,SEX_MLE,2024,0.25,0.4,0.16
incidence_per_1000_uninfected,DZA,SEX_FMLE,2012,0.1,0.1,0.1
incidence_per_1000_uninfected,GNQ,SEX_FMLE,2004,,,
incidence_per_1000_uninfected,COG,SEX_BTSX,2005,2.0,2.4,1.8
incidence_per_1000_uninfected,SEN,SEX_FMLE,1998,0.61,0.66,0.57
incidence_per_1000_uninfected,ZWE,SEX_BTSX,1991,32.7,37.9,29.0
incidence_per_1000_uninfected,LBR,SEX_FMLE,1990,,,
incidence_per_1000_uninfected,GHA,SEX_BTSX,2011,0.87,1.1,0.71
incidence_per_1000_uninfected,MLI,SEX_MLE,2018,0.28,0.39,0.21
incidence_per_1000_uninfected,AGO,SEX_FMLE,1991,1.0,1.5,0.69
incidence_per_1000_uninfected,AGO,SEX_BTSX,2017,0.91,1.1,0.77
incidence_per_1000_uninfected,CMR,SEX_MLE,2018,0.61,0.83,0.48
incidence_per_1000_uninfected,GMB,SEX_FMLE,2019,0.67,1.0,0.44
incidence_per_1000_uninfected,SSD,SEX_FMLE,2017,1.1,1.4,0.85
incidence_per_1000_uninfected,COG,SEX_FMLE,2022,2.6,4.0,1.4
incidence_per_1000_uninfected,MOZ,SEX_MLE,2017,4.0,4.7,3.5
incidence_per_1000_uninfected,DZA,SEX_FMLE,1998,0.1,0.1,0.1
incidence_per_1000_uninfected,MWI,SEX_BTSX,2008,4.9,5.6,4.5
incidence_per_1000_uninfected,GIN,SEX_MLE,2022,0.34,0.51,0.23
incidence_per_1000_uninfected,ETH,SEX_BTSX,2009,0.38,0.77,0.22
incidence_per_1000_uninfected,MRT,SEX_FMLE,1998,0.57,0.67,0.46
incidence_per_1000_uninfected,ZWE,SEX_MLE,1995,20.9,24.6,18.6
incidence_per_1000_uninfected,SWZ,SEX_FMLE,2000,26.5,28.8,24.4
incidence_per_1000_uninfected,SEN,SEX_BTSX,2022,0.18,0.2,0.17
incidence_per_1000_uninfected,SLE,SEX_MLE,1993,1.2,1.6,0.79
incidence_per_1000_uninfected,COD,SEX_MLE,1994,1.5,2.0,1.1
incidence_per_1000_uninfected,ZAF,SEX_BTSX,2023,3.2,3.6,2.9
incidence_per_1000_uninfected,GMB,SEX_MLE,2012,1.0,1.4,0.74
incidence_per_1000_uninfected,NGA,SEX_FMLE,2024,0.25,0.34,0.18
incidence_per_1000_uninfected,GNQ,SEX_BTSX,2023,,,
incidence_per_1000_uninfected,MDG,SEX_FMLE,1999,0.1,0.1,0.1
incidence_per_1000_uninfected,COM,SEX_BTSX,2001,0.1,0.1,0.01
incidence_per_1000_uninfected,RWA,SEX_BTSX,2008,1.4,1.7,1.2
incidence_per_1000_uninfected,CIV,SEX_MLE,2016,0.51,0.72,0.35
incidence_per_1000_uninfected,COG,SEX_FMLE,2012,2.2,2.9,1.7
incidence_per_1000_uninfected,SYC,SEX_BTSX,2013,,,
incidence_per_1000_uninfected,MRT,SEX_MLE,2024,0.1,0.1,0.1
incidence_per_1000_uninfected,ZAF,SEX_BTSX,1992,6.6,7.4,6.0
incidence_per_1000_uninfected,ERI,SEX_BTSX,2002,0.63,0.89,0.41
incidence_per_1000_uninfected,GMB,SEX_MLE,1996,1.3,1.8,0.86
incidence_per_1000_uninfected,SSD,SEX_FMLE,2010,1.3,1.8,1.1
incidence_per_1000_uninfected,BDI,SEX_FMLE,2023,0.11,0.18,0.1
incidence_per_1000_uninfected,TCD,SEX_MLE,2012,0.53,0.71,0.41
incidence_per_1000_uninfected,ETH,SEX_BTSX,2003,0.76,1.5,0.44
incidence_per_1000_uninfected,GHA,SEX_MLE,2004,1.1,1.3,0.9
incidence_per_1000_uninfected,TZA,SEX_FMLE,2019,2.1,2.5,1.8
incidence_per_1000_uninfected,MRT,SEX_BTSX,1999,0.6,0.69,0.5
incidence_per_1000_uninfected,MRT,SEX_FMLE,2012,0.1,0.14,0.1
incidence_per_1000_uninfected,GAB,SEX_MLE,2012,1.1,1.5,0.83
incidence_per_1000_uninfected,CAF,SEX_MLE,2024,0.48,1.0,0.23
incidence_per_1000_uninfected,BFA,SEX_BTSX,2015,0.19,0.25,0.14
incidence_per_1000_uninfected,GMB,SEX_FMLE,2012,1.1,1.6,0.84
incidence_per_1000_uninfected,SLE,SEX_BTSX,2012,0.83,1.0,0.69
incidence_per_1000_uninfected,ZAF,SEX_BTSX,2009,8.5,9.6,7.6
incidence_per_1000_uninfected,SLE,SEX_FMLE,1995,1.5,1.9,1.1
incidence_per_1000_uninfected,COD,SEX_BTSX,1994,1.6,2.1,1.3
incidence_per_1000_uninfected,SLE,SEX_MLE,2020,0.48,0.67,0.34
incidence_per_1000_uninfected,MDG,SEX_MLE,2020,0.29,0.42,0.2
incidence_per_1000_uninfected,AGO,SEX_MLE,2018,0.57,0.68,0.47
incidence_per_1000_uninfected,LBR,SEX_BTSX,2004,,,
incidence_per_1000_uninfected,SSD,SEX_BTSX,2002,1.6,2.2,1.2
incidence_per_1000_uninfected,AGO,SEX_FMLE,2021,0.96,1.2,0.78
incidence_per_1000_uninfected,CIV,SEX_MLE,2010,0.97,1.3,0.77
incidence_per_1000_uninfected,COD,SEX_MLE,2019,0.25,0.35,0.18
incidence_per_1000_uninfected,BWA,SEX_FMLE,2021,3.3,3.8,2.8
incidence_per_1000_uninfected,SWZ,SEX_FMLE,2024,5.2,6.6,4.2
incidence_per_1000_uninfected,MOZ,SEX_MLE,1997,6.8,8.2,5.9
incidence_per_1000_uninfected,COD,SEX_FMLE,2011,0.59,0.74,0.48
incidence_per_1000_uninfected,TGO,SEX_MLE,1996,3.0,3.9,2.3
incidence_per_1000_uninfected,MLI,SEX_MLE,2020,0.23,0.33,0.17
incidence_per_1000_uninfected,UGA,SEX_BTSX,2005,4.2,4.6,3.9
incidence_per_1000_uninfected,COG,SEX_BTSX,2015,1.7,2.4,1.3
incidence_per_1000_uninfected,BDI,SEX_MLE,2022,0.1,0.12,0.1
incidence_per_1000_uninfected,TCD,SEX_BTSX,2012,0.59,0.79,0.45
incidence_per_1000_uninfected,TZA,SEX_MLE,2021,0.81,1.1,0.69
incidence_per_1000_uninfected,CAF,SEX_FMLE,1994,7.9,10.7,6.1
incidence_per_1000_uninfected,SLE,SEX_FMLE,2022,0.5,0.78,0.32
incidence_per_1000_uninfected,GAB,SEX_FMLE,2011,2.4,3.1,1.7
incidence_per_1000_uninfected,MWI,SEX_MLE,2023,0.51,0.69,0.42
incidence_per_1000_uninfected,MRT,SEX_FMLE,2018,0.1,0.1,0.1
incidence_per_1000_uninfected,LSO,SEX_BTSX,1998,20.3,22.8,17.7
incidence_per_1000_uninfected,SLE,SEX_BTSX,2020,0.59,0.82,0.42
incidence_per_1000_uninfected,TGO,SEX_BTSX,2006,1.4,1.8,1.2
incidence_per_1000_uninfected,BFA,SEX_MLE,2003,0.63,0.78,0.51
incidence_per_1000_uninfected,MWI,SEX_MLE,2002,7.0,8.1,6.5
incidence_per_1000_uninfected,GMB,SEX_BTSX,2022,0.5,0.82,0.29
incidence_per_1000_uninfected,GIN,SEX_BTSX,2010,0.95,1.1,0.79
incidence_per_1000_uninfected,ZWE,SEX_MLE,2013,3.9,4.9,3.4
incidence_per_1000_uninfected,LSO,SEX_MLE,2016,5.7,7.4,4.7
incidence_per_1000_uninfected,CIV,SEX_BTSX,1990,7.2,9.7,5.3
incidence_per_1000_uninfected,NGA,SEX_BTSX,1991,1.5,1.8,1.3
incidence_per_1000_uninfected,SWZ,SEX_MLE,1996,23.2,27.1,20.3
incidence_per_1000_uninfected,CIV,SEX_FMLE,2013,1.0,1.4,0.7
incidence_per_1000_uninfected,COG,SEX_MLE,1992,2.9,3.7,2.4
incidence_per_1000_uninfected,BEN,SEX_FMLE,2009,0.53,0.65,0.43
incidence_per_1000_uninfected,DZA,SEX_FMLE,2016,0.1,0.1,0.1
incidence_per_1000_uninfected,GMB,SEX_FMLE,2018,0.71,1.0,0.47
incidence_per_1000_uninfected,AGO,SEX_BTSX,1990,0.73,1.1,0.46
incidence_per_1000_uninfected,STP,SEX_FMLE,1998,,,
incidence_per_1000_uninfected,CAF,SEX_BTSX,2000,4.3,5.1,3.5
incidence_per_1000_uninfected,BDI,SEX_BTSX,2020,0.11,0.17,0.1
incidence_per_1000_uninfected,DZA,SEX_FMLE,2001,0.1,0.1,0.1
incidence_per_1000_uninfected,STP,SEX_BTSX,1999,,,
incidence_per_1000_uninfected,BDI,SEX_BTSX,1991,4.5,5.8,3.2
incidence_per_1000_uninfected,TZA,SEX_BTSX,1991,5.8,6.5,5.2
incidence_per_1000_uninfected,GMB,SEX_MLE,2023,0.44,0.77,0.24
incidence_per_1000_uninfected,SLE,SEX_BTSX,2005,1.1,1.3,0.98
incidence_per_1000_uninfected,BEN,SEX_FMLE,1997,1.5,1.8,1.2
incidence_per_1000_uninfected,AGO,SEX_BTSX,2001,1.3,1.5,1.1
incidence_per_1000_uninfected,MRT,SEX_FMLE,2022,0.1,0.1,0.1
incidence_per_1000_uninfected,NAM,SEX_BTSX,2020,1.8,2.4,1.4
incidence_per_1000_uninfected,CPV,SEX_MLE,2005,0.46,0.57,0.4
incidence_per_1000_uninfected,SWZ,SEX_BTSX,2006,19.0,20.6,17.5
incidence_per_1000_uninfected,ZAF,SEX_FMLE,2009,10.3,11.5,9.2
incidence_per_1000_uninfected,RWA,SEX_BTSX,1994,4.6,5.6,3.9
incidence_per_1000_uninfected,AGO,SEX_BTSX,2018,0.86,1.0,0.72
incidence_per_1000_uninfected,MRT,SEX_MLE,2023,0.1,0.1,0.1
incidence_per_1000_uninfected,MDG,SEX_MLE,2019,0.28,0.4,0.2
incidence_per_1000_uninfected,DZA,SEX_MLE,2001,0.1,0.1,0.1
incidence_per_1000_uninfected,TZA,SEX_FMLE,2013,2.3,2.8,2.1
incidence_per_1000_uninfected,MUS,SEX_MLE,2014,,,
incidence_per_1000_uninfected,GHA,SEX_BTSX,2010,0.94,1.2,0.78
incidence_per_1000_uninfected,ERI,SEX_BTSX,2023,0.11,0.17,0.1
incidence_per_1000_uninfected,TZA,SEX_MLE,2018,1.2,1.5,1.0
incidence_per_1000_uninfected,CPV,SEX_BTSX,2022,0.38,0.54,0.24
incidence_per_1000_uninfected,BWA,SEX_MLE,1998,18.9,21.8,17.0
incidence_per_1000_uninfected,LSO,SEX_BTSX,2005,16.5,18.8,14.7
incidence_per_1000_uninfected,CPV,SEX_BTSX,2016,0.45,0.58,0.37
incidence_per_1000_uninfected,BDI,SEX_BTSX,2019,0.12,0.19,0.1
incidence_per_1000_uninfected,COG,SEX_FMLE,2007,2.3,2.8,1.9
incidence_per_1000_uninfected,NER,SEX_BTSX,2014,0.1,0.1,0.1
incidence_per_1000_uninfected,ETH,SEX_BTSX,1997,1.7,3.4,0.97
incidence_per_1000_uninfected,TGO,SEX_BTSX,2009,1.2,1.5,0.93
incidence_per_1000_uninfected,CPV,SEX_BTSX,2014,0.4,0.52,0.33
incidence_per_1000_uninfected,CAF,SEX_MLE,2007,2.3,3.0,1.9
incidence_per_1000_uninfected,MRT,SEX_FMLE,2023,0.1,0.1,0.1
incidence_per_1000_uninfected,SSD,SEX_MLE,2021,0.48,0.67,0.35
incidence_per_1000_uninfected,CPV,SEX_FMLE,2004,0.43,0.51,0.38
incidence_per_1000_uninfected,SSD,SEX_FMLE,2002,1.8,2.5,1.3
incidence_per_1000_uninfected,BEN,SEX_MLE,2018,0.13,0.19,0.1
incidence_per_1000_uninfected,TCD,SEX_BTSX,1992,2.1,2.9,1.4
incidence_per_1000_uninfected,AGO,SEX_MLE,2003,0.98,1.2,0.81
incidence_per_1000_uninfected,TCD,SEX_MLE,2024,0.17,0.29,0.1
incidence_per_1000_uninfected,COD,SEX_FMLE,2016,0.42,0.57,0.3
incidence_per_1000_uninfected,GMB,SEX_FMLE,2013,1.1,1.5,0.77
incidence_per_1000_uninfected,DZA,SEX_MLE,2016,0.1,0.1,0.1
incidence_per_1000_uninfected,ETH,SEX_BTSX,1994,2.7,5.3,1.5
incidence_per_1000_uninfected,MWI,SEX_MLE,2018,1.1,1.3,0.95
incidence_per_1000_uninfected,MOZ,SEX_FMLE,2021,5.0,6.0,4.2
incidence_per_1000_uninfected,NGA,SEX_FMLE,2004,1.4,1.6,1.3
incidence_per_1000_uninfected,KEN,SEX_MLE,1995,6.5,10.3,4.2
incidence_per_1000_uninfected,BFA,SEX_MLE,1994,1.6,2.1,1.3
incidence_per_1000_uninfected,BFA,SEX_BTSX,2016,0.17,0.22,0.13
incidence_per_1000_uninfected,MLI,SEX_FMLE,1993,1.7,2.3,1.4
incidence_per_1000_uninfected,ZAF,SEX_FMLE,1993,9.2,10.1,8.2
incidence_per_1000_uninfected,TGO,SEX_MLE,2013,0.51,0.73,0.34
incidence_per_1000_uninfected,MUS,SEX_FMLE,2000,,,
incidence_per_1000_uninfected,TGO,SEX_BTSX,2011,0.81,1.1,0.6
incidence_per_1000_uninfected,SYC,SEX_BTSX,1991,,,
incidence_per_1000_uninfected,CIV,SEX_FMLE,2009,1.5,1.9,1.1
incidence_per_1000_uninfected,NER,SEX_FMLE,2010,0.1,0.11,0.1
incidence_per_1000_uninfected,GIN,SEX_BTSX,2013,0.73,0.92,0.57
incidence_per_1000_uninfected,UGA,SEX_MLE,2000,4.5,5.1,4.1
incidence_per_1000_uninfected,BWA,SEX_FMLE,1998,25.1,27.2,23.1
incidence_per_1000_uninfected,NGA,SEX_MLE,1997,1.6,2.0,1.4
incidence_per_1000_uninfected,CMR,SEX_BTSX,2023,0.46,0.68,0.34
incidence_per_1000_uninfected,GNB,SEX_BTSX,2002,3.7,4.4,3.1
incidence_per_1000_uninfected,ZWE,SEX_FMLE,2024,1.1,1.4,0.85
incidence_per_1000_uninfected,GNB,SEX_FMLE,2006,2.7,3.2,2.3
incidence_per_1000_uninfected,CAF,SEX_FMLE,2017,1.5,2.1,0.92
incidence_per_1000_uninfected,AGO,SEX_FMLE,1999,1.6,1.9,1.3
incidence_per_1000_uninfected,BFA,SEX_FMLE,1997,1.2,1.5,1.0
incidence_per_1000_uninfected,GNQ,SEX_MLE,2002,,,
incidence_per_1000_uninfected,GAB,SEX_FMLE,1994,5.1,8.4,3.3
incidence_per_1000_uninfected,BFA,SEX_BTSX,2006,0.44,0.56,0.34
incidence_per_1000_uninfected,BDI,SEX_BTSX,2002,1.0,1.3,0.79
incidence_per_1000_uninfected,SYC,SEX_FMLE,2013,,,
incidence_per_1000_uninfected,CAF,SEX_FMLE,1999,5.4,6.5,4.4
incidence_per_1000_uninfected,BDI,SEX_BTSX,2010,0.48,0.65,0.36
incidence_per_1000_uninfected,COM,SEX_MLE,2023,0.1,0.1,0.01
incidence_per_1000_uninfected,TGO,SEX_FMLE,1990,1.7,2.2,1.2
incidence_per_1000_uninfected,TCD,SEX_BTSX,2019,0.31,0.44,0.2
incidence_per_1000_uninfected,ETH,SEX_FMLE,1992,4.0,7.7,2.4
incidence_per_1000_uninfected,CIV,SEX_FMLE,2015,0.83,1.2,0.55
incidence_per_1000_uninfected,CMR,SEX_BTSX,2008,2.3,2.7,2.0
incidence_per_1000_uninfected,CPV,SEX_BTSX,2023,0.41,0.59,0.24
incidence_per_1000_uninfected,ERI,SEX_MLE,2014,0.1,0.19,0.1
incidence_per_1000_uninfected,LBR,SEX_FMLE,1995,,,
incidence_per_1000_uninfected,MLI,SEX_BTSX,2004,0.76,0.95,0.64
incidence_per_1000_uninfected,ZAF,SEX_BTSX,2006,10.4,11.6,9.4
incidence_per_1000_uninfected,ERI,SEX_BTSX,1998,1.3,1.7,1.0
incidence_per_1000_uninfected,ZMB,SEX_BTSX,2014,4.9,5.6,4.5
incidence_per_1000_uninfected,SWZ,SEX_MLE,1995,22.0,25.5,19.2
incidence_per_1000_uninfected,SSD,SEX_FMLE,1991,1.7,2.4,0.85
incidence_per_1000_uninfected,DZA,SEX_FMLE,1994,0.01,0.01,0.01
incidence_per_1000_uninfected,SEN,SEX_FMLE,2013,0.11,0.13,0.1
incidence_per_1000_uninfected,MOZ,SEX_FMLE,1999,10.2,11.7,9.2
incidence_per_1000_uninfected,GNQ,SEX_FMLE,1994,,,
incidence_per_1000_uninfected,MWI,SEX_FMLE,1992,15.1,16.2,14.2
incidence_per_1000_uninfected,CPV,SEX_BTSX,2000,0.49,0.6,0.42
incidence_per_1000_uninfected,GAB,SEX_BTSX,2019,1.1,1.7,0.65
incidence_per_1000_uninfected,UGA,SEX_BTSX,2002,4.7,5.2,4.3
incidence_per_1000_uninfected,MWI,SEX_FMLE,2006,6.5,7.4,6.0
incidence_per_1000_uninfected,TCD,SEX_MLE,2001,1.3,1.7,1.0
incidence_per_1000_uninfected,COG,SEX_BTSX,2001,2.3,2.7,2.0
incidence_per_1000_uninfected,COG,SEX_MLE,2006,1.5,1.8,1.3
incidence_per_1000_uninfected,ERI,SEX_MLE,2009,0.14,0.26,0.1
incidence_per_1000_uninfected,BWA,SEX_FMLE,2016,6.6,7.1,5.7
incidence_per_1000_uninfected,NAM,SEX_FMLE,2008,7.6,8.8,6.7
incidence_per_1000_uninfected,MOZ,SEX_FMLE,2005,9.4,10.5,8.6
incidence_per_1000_uninfected,ETH,SEX_MLE,2000,0.9,2.0,0.48
incidence_per_1000_uninfected,TCD,SEX_MLE,2016,0.36,0.49,0.26
incidence_per_1000_uninfected,NGA,SEX_FMLE,2007,1.2,1.4,1.1
incidence_per_1000_uninfected,BFA,SEX_FMLE,2011,0.26,0.33,0.19
incidence_per_1000_uninfected,GNB,SEX_BTSX,2004,2.9,3.4,2.4
incidence_per_1000_uninfected,ZMB,SEX_BTSX,2010,4.9,5.6,4.4
incidence_per_1000_uninfected,SEN,SEX_FMLE,2002,0.47,0.51,0.43
incidence_per_1000_uninfected,BEN,SEX_MLE,2000,0.83,1.0,0.69
incidence_per_1000_uninfected,CMR,SEX_BTSX,2006,2.7,3.1,2.4
incidence_per_1000_uninfected,LBR,SEX_MLE,2003,,,
incidence_per_1000_uninfected,MLI,SEX_BTSX,2009,0.58,0.77,0.48
incidence_per_1000_uninfected,COD,SEX_MLE,2018,0.26,0.36,0.19
incidence_per_1000_uninfected,TGO,SEX_BTSX,2016,0.52,0.71,0.37
incidence_per_1000_uninfected,COD,SEX_FMLE,1990,2.2,3.0,1.7
incidence_per_1000_uninfected,KEN,SEX_FMLE,2023,0.5,0.78,0.31
incidence_per_1000_uninfected,KEN,SEX_BTSX,2004,3.3,5.2,2.1
incidence_per_1000_uninfected,GMB,SEX_BTSX,2021,0.55,0.83,0.34
incidence_per_1000_uninfected,BWA,SEX_BTSX,1993,24.0,26.0,22.4
incidence_per_1000_uninfected,TGO,SEX_FMLE,2011,0.93,1.2,0.69
incidence_per_1000_uninfected,ZWE,SEX_MLE,2020,1.0,1.3,0.83
incidence_per_1000_uninfected,SEN,SEX_BTSX,2009,0.18,0.21,0.17
incidence_per_1000_uninfected,TGO,SEX_BTSX,1995,3.4,4.2,2.7
incidence_per_1000_uninfected,ERI,SEX_FMLE,2014,0.13,0.27,0.1
incidence_per_1000_uninfected,ZAF,SEX_BTSX,1998,13.5,14.9,12.1
incidence_per_1000_uninfected,BWA,SEX_BTSX,1991,17.9,19.7,16.4
incidence_per_1000_uninfected,SLE,SEX_FMLE,2015,0.93,1.2,0.75
incidence_per_1000_uninfected,SLE,SEX_FMLE,1991,1.1,1.6,0.69
incidence_per_1000_uninfected,GNQ,SEX_BTSX,1995,,,
incidence_per_1000_uninfected,CIV,SEX_MLE,1994,6.1,7.5,5.0
incidence_per_1000_uninfected,GIN,SEX_MLE,1990,0.5,0.8,0.22
incidence_per_1000_uninfected,AGO,SEX_FMLE,2014,1.3,1.6,1.1
incidence_per_1000_uninfected,GIN,SEX_MLE,1991,0.6,0.92,0.29
incidence_per_1000_uninfected,ETH,SEX_FMLE,2010,0.42,0.81,0.24
incidence_per_1000_uninfected,DZA,SEX_FMLE,2011,0.1,0.1,0.1
incidence_per_1000_uninfected,AGO,SEX_BTSX,2010,1.2,1.4,1.0
incidence_per_1000_uninfected,CMR,SEX_FMLE,2021,0.8,1.1,0.59
incidence_per_1000_uninfected,BFA,SEX_MLE,2007,0.38,0.47,0.28
incidence_per_1000_uninfected,SLE,SEX_MLE,1998,1.3,1.7,1.1
incidence_per_1000_uninfected,COD,SEX_BTSX,1996,1.5,1.9,1.2
incidence_per_1000_uninfected,NER,SEX_BTSX,2022,0.1,0.1,0.1
incidence_per_1000_uninfected,RWA,SEX_BTSX,2020,0.24,0.43,0.15
incidence_per_1000_uninfected,MRT,SEX_BTSX,2024,0.1,0.1,0.1
incidence_per_1000_uninfected,GIN,SEX_BTSX,2002,1.3,1.5,1.1
incidence_per_1000_uninfected,ZAF,SEX_BTSX,1990,3.5,3.9,3.1
incidence_per_1000_uninfected,TZA,SEX_MLE,2015,1.4,1.7,1.3
incidence_per_1000_uninfected,COG,SEX_MLE,2019,1.3,1.8,0.83
incidence_per_1000_uninfected,GMB,SEX_FMLE,2005,1.6,2.1,1.3
incidence_per_1000_uninfected,ZWE,SEX_FMLE,2013,4.6,5.7,4.0
incidence_per_1000_uninfected,CAF,SEX_FMLE,2005,3.4,4.2,2.8
incidence_per_1000_uninfected,LSO,SEX_BTSX,1999,19.0,21.4,16.6
incidence_per_1000_uninfected,MUS,SEX_MLE,2002,,,
incidence_per_1000_uninfected,SWZ,SEX_MLE,2016,7.3,8.6,6.3
incidence_per_1000_uninfected,CAF,SEX_BTSX,1993,6.8,9.4,5.2
incidence_per_1000_uninfected,KEN,SEX_FMLE,2002,4.6,7.2,2.9
incidence_per_1000_uninfected,GMB,SEX_BTSX,2007,1.4,1.9,1.1
incidence_per_1000_uninfected,GIN,SEX_BTSX,1996,1.2,1.5,0.97
incidence_per_1000_uninfected,LBR,SEX_BTSX,2008,,,
incidence_per_1000_uninfected,GNQ,SEX_BTSX,2024,,,
incidence_per_1000_uninfected,MRT,SEX_MLE,2014,0.1,0.1,0.1
incidence_per_1000_uninfected,TCD,SEX_BTSX,1993,2.2,2.9,1.5
incidence_per_1000_uninfected,LSO,SEX_BTSX,1993,16.8,20.8,14.1
incidence_per_1000_uninfected,ERI,SEX_BTSX,2021,0.11,0.18,0.1
incidence_per_1000_uninfected,NGA,SEX_FMLE,2003,1.5,1.7,1.4
incidence_per_1000_uninfected,LBR,SEX_BTSX,1992,,,
incidence_per_1000_uninfected,SSD,SEX_BTSX,2016,1.0,1.3,0.83
incidence_per_1000_uninfected,BEN,SEX_FMLE,2001,0.98,1.2,0.82
incidence_per_1000_uninfected,GMB,SEX_FMLE,2016,0.86,1.2,0.59
incidence_per_1000_uninfected,BWA,SEX_BTSX,2021,2.6,2.9,2.1
incidence_per_1000_uninfected,GNB,SEX_FMLE,1993,1.3,1.8,0.87
incidence_per_1000_uninfected,ZWE,SEX_MLE,2016,2.5,3.3,2.2
incidence_per_1000_uninfected,LSO,SEX_MLE,2009,12.4,15.3,10.7
incidence_per_1000_uninfected,SYC,SEX_BTSX,1996,,,
incidence_per_1000_uninfected,BDI,SEX_BTSX,1998,1.8,2.2,1.5
incidence_per_1000_uninfected,BDI,SEX_BTSX,1995,1.5,2.6,0.91
incidence_per_1000_uninfected,SWZ,SEX_FMLE,2015,13.7,15.4,11.8
incidence_per_1000_uninfected,CPV,SEX_BTSX,1991,0.44,0.85,0.29
incidence_per_1000_uninfected,GNB,SEX_MLE,2018,0.65,0.86,0.47
incidence_per_1000_uninfected,KEN,SEX_MLE,2005,2.5,3.9,1.6
incidence_per_1000_uninfected,MRT,SEX_MLE,2018,0.1,0.1,0.1
incidence_per_1000_uninfected,GNB,SEX_BTSX,2008,2.2,2.7,1.8
incidence_per_1000_uninfected,GAB,SEX_FMLE,2000,4.5,5.8,3.3
incidence_per_1000_uninfected,MLI,SEX_FMLE,2017,0.38,0.52,0.29
incidence_per_1000_uninfected,DZA,SEX_BTSX,2008,0.1,0.1,0.1
incidence_per_1000_uninfected,DZA,SEX_BTSX,2011,0.1,0.1,0.1
incidence_per_1000_uninfected,SSD,SEX_FMLE,2011,1.3,1.8,1.1
incidence_per_1000_uninfected,MOZ,SEX_FMLE,2024,3.6,4.5,2.8
incidence_per_1000_uninfected,SWZ,SEX_BTSX,1994,20.0,22.8,17.2
incidence_per_1000_uninfected,LBR,SEX_BTSX,2007,,,
incidence_per_1000_uninfected,NAM,SEX_FMLE,2015,4.5,5.7,3.7
incidence_per_1000_uninfected,SWZ,SEX_MLE,1997,23.4,26.7,20.8
incidence_per_1000_uninfected,NAM,SEX_BTSX,2017,3.0,3.9,2.5
incidence_per_1000_uninfected,ZMB,SEX_BTSX,2008,5.0,5.7,4.4
incidence_per_1000_uninfected,KEN,SEX_BTSX,2007,2.4,3.8,1.6
incidence_per_1000_uninfected,RWA,SEX_FMLE,1994,5.0,6.0,4.2
incidence_per_1000_uninfected,COG,SEX_FMLE,2002,2.9,3.3,2.5
incidence_per_1000_uninfected,MOZ,SEX_FMLE,2014,7.7,8.6,6.9
incidence_per_1000_uninfected,AGO,SEX_MLE,1990,0.52,0.79,0.33
incidence_per_1000_uninfected,GMB,SEX_BTSX,2014,0.96,1.3,0.67
incidence_per_1000_uninfected,MWI,SEX_FMLE,2017,2.2,2.6,1.9
incidence_per_1000_uninfected,BDI,SEX_BTSX,2017,0.17,0.26,0.11
incidence_per_1000_uninfected,MUS,SEX_MLE,2008,,,
incidence_per_1000_uninfected,TCD,SEX_BTSX,2003,1.2,1.5,0.97
incidence_per_1000_uninfected,COG,SEX_MLE,2010,1.3,1.6,1.0
incidence_per_1000_uninfected,GIN,SEX_MLE,1994,0.92,1.3,0.57
incidence_per_1000_uninfected,CMR,SEX_BTSX,1999,4.8,5.4,4.2
incidence_per_1000_uninfected,ETH,SEX_BTSX,2017,0.16,0.32,0.1
incidence_per_1000_uninfected,STP,SEX_FMLE,2024,,,
incidence_per_1000_uninfected,MLI,SEX_FMLE,2011,0.54,0.75,0.42
incidence_per_1000_uninfected,NAM,SEX_MLE,1992,6.7,7.9,5.8
incidence_per_1000_uninfected,BWA,SEX_BTSX,2012,7.0,7.6,6.1
incidence_per_1000_uninfected,CIV,SEX_FMLE,2005,2.4,2.9,2.1
incidence_per_1000_uninfected,GAB,SEX_MLE,1990,1.4,2.5,0.75
incidence_per_1000_uninfected,KEN,SEX_MLE,2007,2.0,3.2,1.3
incidence_per_1000_uninfected,MRT,SEX_BTSX,1995,0.54,0.68,0.41
incidence_per_1000_uninfected,SWZ,SEX_FMLE,2012,17.2,19.6,14.9
incidence_per_1000_uninfected,STP,SEX_BTSX,2010,,,
incidence_per_1000_uninfected,BEN,SEX_BTSX,2006,0.63,0.76,0.53
incidence_per_1000_uninfected,ZMB,SEX_MLE,2009,4.1,4.8,3.7
incidence_per_1000_uninfected,DZA,SEX_FMLE,2019,0.1,0.1,0.1
incidence_per_1000_uninfected,GAB,SEX_FMLE,2018,1.7,2.5,1.0
incidence_per_1000_uninfected,ZWE,SEX_BTSX,2021,1.4,1.8,1.1
incidence_per_1000_uninfected,NAM,SEX_BTSX,2014,4.0,5.0,3.4
incidence_per_1000_uninfected,SSD,SEX_BTSX,2012,1.2,1.5,0.93
incidence_per_1000_uninfected,RWA,SEX_MLE,2010,0.97,1.3,0.8
incidence_per_1000_uninfected,GIN,SEX_FMLE,1995,1.2,1.6,0.87
incidence_per_1000_uninfected,COM,SEX_MLE,2022,0.1,0.1,0.01
incidence_per_1000_uninfected,CAF,SEX_BTSX,2011,2.0,2.5,1.5
incidence_per_1000_uninfected,GIN,SEX_BTSX,2024,0.32,0.51,0.18
incidence_per_1000_uninfected,ETH,SEX_FMLE,2000,1.3,2.4,0.74
incidence_per_1000_uninfected,SEN,SEX_FMLE,2017,0.1,0.11,0.1
incidence_per_1000_uninfected,STP,SEX_MLE,2014,,,
incidence_per_1000_uninfected,RWA,SEX_BTSX,2018,0.36,0.58,0.26
incidence_per_1000_uninfected,MLI,SEX_MLE,2005,0.67,0.87,0.56
incidence_per_1000_uninfected,CAF,SEX_FMLE,2023,0.78,1.5,0.38
incidence_per_1000_uninfected,BFA,SEX_BTSX,2018,0.17,0.22,0.12
incidence_per_1000_uninfected,ZMB,SEX_FMLE,2014,5.9,6.6,5.4
incidence_per_1000_uninfected,LBR,SEX_BTSX,2022,,,
incidence_per_1000_uninfected,TGO,SEX_MLE,2007,1.2,1.6,1.0
incidence_per_1000_uninfected,CAF,SEX_FMLE,1990,7.0,10.5,5.2
incidence_per_1000_uninfected,SSD,SEX_FMLE,2021,0.81,1.1,0.57
incidence_per_1000_uninfected,SEN,SEX_BTSX,2001,0.58,0.64,0.56
incidence_per_1000_uninfected,COD,SEX_MLE,2000,1.0,1.3,0.82
incidence_per_1000_uninfected,ZMB,SEX_MLE,2022,1.5,1.9,1.2
incidence_per_1000_uninfected,TCD,SEX_BTSX,2000,1.4,1.8,1.1
incidence_per_1000_uninfected,MOZ,SEX_BTSX,1999,9.0,10.4,8.1
incidence_per_1000_uninfected,TCD,SEX_FMLE,1997,2.0,2.7,1.5
incidence_per_1000_uninfected,GAB,SEX_MLE,1993,2.3,4.0,1.5
incidence_per_1000_uninfected,CIV,SEX_MLE,1996,5.0,6.1,4.1
incidence_per_1000_uninfected,RWA,SEX_MLE,2012,0.73,1.0,0.57
incidence_per_1000_uninfected,TCD,SEX_FMLE,2021,0.29,0.43,0.18
incidence_per_1000_uninfected,MLI,SEX_FMLE,2021,0.27,0.39,0.19
incidence_per_1000_uninfected,SSD,SEX_FMLE,2020,0.82,1.1,0.6
incidence_per_1000_uninfected,TZA,SEX_FMLE,1991,6.6,7.3,5.9
incidence_per_1000_uninfected,LBR,SEX_BTSX,1999,,,
incidence_per_1000_uninfected,GAB,SEX_BTSX,1998,4.1,5.7,2.9
incidence_per_1000_uninfected,SEN,SEX_FMLE,1993,0.34,0.36,0.31
incidence_per_1000_uninfected,UGA,SEX_BTSX,1993,6.3,7.3,5.8
incidence_per_1000_uninfected,ERI,SEX_FMLE,2009,0.18,0.34,0.1
incidence_per_1000_uninfected,CIV,SEX_MLE,2008,1.1,1.4,0.92
incidence_per_1000_uninfected,GIN,SEX_BTSX,1991,0.66,0.96,0.31
incidence_per_1000_uninfected,MDG,SEX_MLE,1998,0.1,0.11,0.1
incidence_per_1000_uninfected,NER,SEX_MLE,1991,0.67,0.85,0.52
incidence_per_1000_uninfected,SWZ,SEX_FMLE,1998,27.7,29.7,25.5
incidence_per_1000_uninfected,MWI,SEX_MLE,1991,12.4,13.6,11.4
incidence_per_1000_uninfected,BEN,SEX_FMLE,2024,0.11,0.18,0.1
incidence_per_1000_uninfected,GHA,SEX_MLE,2018,0.47,0.64,0.35
incidence_per_1000_uninfected,UGA,SEX_BTSX,2021,1.1,1.5,0.91
incidence_per_1000_uninfected,TCD,SEX_MLE,1992,1.9,2.7,1.2
incidence_per_1000_uninfected,MLI,SEX_MLE,1999,0.92,1.1,0.76
incidence_per_1000_uninfected,ETH,SEX_MLE,1994,2.2,4.8,1.2
incidence_per_1000_uninfected,ERI,SEX_FMLE,2010,0.17,0.29,0.1
incidence_per_1000_uninfected,MOZ,SEX_BTSX,2010,7.8,8.7,7.2
incidence_per_1000_uninfected,TGO,SEX_BTSX,2017,0.56,0.76,0.4
incidence_per_1000_uninfected,MRT,SEX_FMLE,2000,0.51,0.6,0.43
incidence_per_1000_uninfected,GHA,SEX_MLE,1991,1.8,2.3,1.3
incidence_per_1000_uninfected,GNB,SEX_FMLE,1995,2.6,3.2,1.7
incidence_per_1000_uninfected,BWA,SEX_MLE,1996,21.5,24.1,19.3
incidence_per_1000_uninfected,CAF,SEX_BTSX,2004,3.3,4.0,2.7
incidence_per_1000_uninfected,BFA,SEX_BTSX,2001,0.8,0.98,0.66
incidence_per_1000_uninfected,DZA,SEX_FMLE,1991,0.01,0.01,0.01
incidence_per_1000_uninfected,TCD,SEX_FMLE,2005,1.1,1.4,0.9
incidence_per_1000_uninfected,COD,SEX_MLE,2006,0.67,0.86,0.55
incidence_per_1000_uninfected,MLI,SEX_BTSX,1995,1.4,1.8,1.2
incidence_per_1000_uninfected,BDI,SEX_MLE,2009,0.42,0.56,0.3
incidence_per_1000_uninfected,UGA,SEX_MLE,2011,2.7,3.3,2.5
incidence_per_1000_uninfected,AGO,SEX_BTSX,1993,0.98,1.3,0.7
incidence_per_1000_uninfected,NAM,SEX_MLE,1991,5.1,5.9,4.5
incidence_per_1000_uninfected,NER,SEX_BTSX,2010,0.1,0.11,0.1
incidence_per_1000_uninfected,UGA,SEX_MLE,2007,3.6,4.2,3.3
incidence_per_1000_uninfected,GNQ,SEX_MLE,2009,,,
incidence_per_1000_uninfected,GHA,SEX_BTSX,2023,0.52,0.82,0.34
incidence_per_1000_uninfected,GMB,SEX_FMLE,2017,0.79,1.1,0.54
incidence_per_1000_uninfected,MWI,SEX_FMLE,1997,12.7,13.8,11.7
incidence_per_1000_uninfected,CMR,SEX_MLE,2004,2.9,3.5,2.5
incidence_per_1000_uninfected,GMB,SEX_FMLE,2020,0.65,1.0,0.41
incidence_per_1000_uninfected,ZWE,SEX_MLE,2008,7.4,8.6,6.7
incidence_per_1000_uninfected,NGA,SEX_BTSX,2020,0.37,0.48,0.29
incidence_per_1000_uninfected,TGO,SEX_FMLE,2021,0.52,0.77,0.31
incidence_per_1000_uninfected,MLI,SEX_BTSX,1999,1.0,1.3,0.89
incidence_per_1000_uninfected,GAB,SEX_BTSX,2005,2.5,3.2,2.0
incidence_per_1000_uninfected,SEN,SEX_BTSX,2002,0.5,0.55,0.48
incidence_per_1000_uninfected,MDG,SEX_FMLE,1995,0.1,0.1,0.01
incidence_per_1000_uninfected,GNB,SEX_FMLE,2005,2.9,3.4,2.4
incidence_per_1000_uninfected,DZA,SEX_BTSX,2007,0.1,0.1,0.1
incidence_per_1000_uninfected,COD,SEX_BTSX,2015,0.37,0.49,0.28
incidence_per_1000_uninfected,BFA,SEX_BTSX,2023,0.14,0.2,0.1
incidence_per_1000_uninfected,LSO,SEX_FMLE,2019,5.2,6.7,4.1
incidence_per_1000_uninfected,ZAF,SEX_FMLE,2021,4.6,5.2,4.1
incidence_per_1000_uninfected,COD,SEX_BTSX,2002,0.98,1.2,0.82
incidence_per_1000_uninfected,TZA,SEX_BTSX,1996,4.4,5.1,4.0
incidence_per_1000_uninfected,COD,SEX_FMLE,2024,0.25,0.42,0.14
incidence_per_1000_uninfected,CIV,SEX_MLE,2021,0.25,0.4,0.16
incidence_per_1000_uninfected,MOZ,SEX_BTSX,1996,7.3,8.4,6.5
incidence_per_1000_uninfected,BDI,SEX_MLE,2020,0.1,0.13,0.1
incidence_per_1000_uninfected,MUS,SEX_MLE,2015,,,
incidence_per_1000_uninfected,DZA,SEX_MLE,1998,0.1,0.1,0.1
incidence_per_1000_uninfected,GIN,SEX_BTSX,1993,0.92,1.3,0.53
incidence_per_1000_uninfected,AGO,SEX_MLE,2001,0.94,1.1,0.77
incidence_per_1000_uninfected,TCD,SEX_FMLE,2008,0.89,1.1,0.7
incidence_per_1000_uninfected,MLI,SEX_FMLE,1990,1.5,2.4,0.93
incidence_per_1000_uninfected,NER,SEX_BTSX,1995,0.7,0.86,0.58
incidence_per_1000_uninfected,GNB,SEX_MLE,1997,3.1,3.9,2.4
incidence_per_1000_uninfected,SEN,SEX_MLE,2002,0.54,0.6,0.5
incidence_per_1000_uninfected,COG,SEX_BTSX,2012,1.8,2.2,1.3
incidence_per_1000_uninfected,STP,SEX_FMLE,1993,,,
incidence_per_1000_uninfected,AGO,SEX_BTSX,2012,1.1,1.3,0.97
incidence_per_1000_uninfected,SLE,SEX_FMLE,2019,0.73,1.0,0.53
incidence_per_1000_uninfected,RWA,SEX_MLE,1996,3.1,3.5,2.7
incidence_per_1000_uninfected,ERI,SEX_BTSX,1990,1.9,3.0,1.2
incidence_per_1000_uninfected,GNQ,SEX_FMLE,2021,,,
incidence_per_1000_uninfected,GMB,SEX_MLE,2008,1.3,1.8,1.0
incidence_per_1000_uninfected,GHA,SEX_FMLE,1995,2.5,3.1,2.2
incidence_per_1000_uninfected,BWA,SEX_MLE,2001,14.6,16.9,13.3
incidence_per_1000_uninfected,ZAF,SEX_MLE,2005,8.8,10.3,7.7
incidence_per_1000_uninfected,UGA,SEX_MLE,1991,6.2,7.3,5.5
incidence_per_1000_uninfected,COD,SEX_MLE,1995,1.4,1.9,1.1
incidence_per_1000_uninfected,GIN,SEX_MLE,2013,0.62,0.78,0.48
incidence_per_1000_uninfected,ETH,SEX_MLE,2007,0.4,0.87,0.21
incidence_per_1000_uninfected,SSD,SEX_FMLE,1997,2.2,3.2,1.5
incidence_per_1000_uninfected,BEN,SEX_FMLE,2002,0.89,1.1,0.76
incidence_per_1000_uninfected,COD,SEX_FMLE,2000,1.2,1.6,1.0
incidence_per_1000_uninfected,LSO,SEX_FMLE,2008,17.0,19.9,14.7
incidence_per_1000_uninfected,COD,SEX_MLE,1998,1.2,1.5,0.93
incidence_per_1000_uninfected,MLI,SEX_MLE,2010,0.45,0.6,0.36
incidence_per_1000_uninfected,SLE,SEX_FMLE,1996,1.5,1.9,1.2
incidence_per_1000_uninfected,NAM,SEX_FMLE,1998,15.4,17.2,14.1
incidence_per_1000_uninfected,MLI,SEX_FMLE,2004,0.85,1.1,0.71
incidence_per_1000_uninfected,MOZ,SEX_FMLE,2006,9.2,10.3,8.4
incidence_per_1000_uninfected,MUS,SEX_BTSX,2024,,,
incidence_per_1000_uninfected,COG,SEX_FMLE,1995,3.9,4.7,3.4
incidence_per_1000_uninfected,NGA,SEX_BTSX,1990,1.4,1.6,1.2
incidence_per_1000_uninfected,MDG,SEX_MLE,1991,0.1,0.1,0.01
incidence_per_1000_uninfected,SEN,SEX_MLE,1991,0.28,0.31,0.25
incidence_per_1000_uninfected,BWA,SEX_FMLE,2000,20.9,23.2,18.9
incidence_per_1000_uninfected,NGA,SEX_BTSX,1996,1.9,2.2,1.7
incidence_per_1000_uninfected,NAM,SEX_MLE,2024,1.1,1.5,0.87
incidence_per_1000_uninfected,SWZ,SEX_FMLE,2016,11.0,12.6,9.3
incidence_per_1000_uninfected,GNQ,SEX_FMLE,2019,,,
incidence_per_1000_uninfected,TGO,SEX_BTSX,2020,0.42,0.63,0.26
incidence_per_1000_uninfected,CPV,SEX_MLE,1997,0.51,0.69,0.42
incidence_per_1000_uninfected,CPV,SEX_BTSX,2013,0.39,0.5,0.32
incidence_per_1000_uninfected,UGA,SEX_BTSX,2004,4.4,5.0,4.1
incidence_per_1000_uninfected,DZA,SEX_BTSX,2002,0.1,0.1,0.1
incidence_per_1000_uninfected,ZAF,SEX_BTSX,2000,13.2,14.5,11.9
incidence_per_1000_uninfected,DZA,SEX_MLE,2020,0.1,0.1,0.1
incidence_per_1000_uninfected,TZA,SEX_BTSX,2019,1.6,1.9,1.4
incidence_per_1000_uninfected,GIN,SEX_BTSX,2000,1.3,1.6,1.1
incidence_per_1000_uninfected,CMR,SEX_FMLE,2002,4.2,4.7,3.8
incidence_per_1000_uninfected,GAB,SEX_MLE,2013,1.0,1.3,0.7
incidence_per_1000_uninfected,STP,SEX_BTSX,2024,,,
incidence_per_1000_uninfected,UGA,SEX_MLE,1997,5.0,5.8,4.6
incidence_per_1000_uninfected,LBR,SEX_BTSX,1995,,,
incidence_per_1000_uninfected,BDI,SEX_MLE,2021,0.1,0.14,0.1
incidence_per_1000_uninfected,LSO,SEX_MLE,2008,13.8,16.8,11.9
incidence_per_1000_uninfected,SEN,SEX_MLE,2000,0.72,0.8,0.66
incidence_per_1000_uninfected,SYC,SEX_BTSX,1992,,,
incidence_per_1000_uninfected,CAF,SEX_BTSX,1992,6.6,10.2,5.0
incidence_per_1000_uninfected,ERI,SEX_MLE,2002,0.55,0.79,0.36
incidence_per_1000_uninfected,GIN,SEX_FMLE,2023,0.45,0.69,0.26
incidence_per_1000_uninfected,COG,SEX_BTSX,2019,2.0,2.8,1.2
incidence_per_1000_uninfected,ZAF,SEX_MLE,2004,9.2,10.8,8.0
incidence_per_1000_uninfected,GNQ,SEX_FMLE,2014,,,
incidence_per_1000_uninfected,TGO,SEX_FMLE,2001,2.6,3.3,2.1
incidence_per_1000_uninfected,CAF,SEX_MLE,1992,5.4,7.9,4.1
incidence_per_1000_uninfected,ZAF,SEX_BTSX,2014,6.0,6.7,5.4
incidence_per_1000_uninfected,SWZ,SEX_FMLE,2023,5.7,7.1,4.5
incidence_per_1000_uninfected,NGA,SEX_FMLE,2020,0.45,0.58,0.36
incidence_per_1000_uninfected,MLI,SEX_FMLE,2002,0.97,1.2,0.83
incidence_per_1000_uninfected,UGA,SEX_BTSX,1990,7.4,8.5,6.6
incidence_per_1000_uninfected,KEN,SEX_FMLE,1993,13.1,20.5,8.3
incidence_per_1000_uninfected,ZMB,SEX_BTSX,2012,5.0,5.6,4.5
incidence_per_1000_uninfected,NAM,SEX_MLE,2021,1.3,1.8,1.0
incidence_per_1000_uninfected,GIN,SEX_BTSX,2007,1.1,1.3,0.9
incidence_per_1000_uninfected,COD,SEX_FMLE,2007,0.77,0.97,0.64
incidence_per_1000_uninfected,AGO,SEX_FMLE,2018,1.1,1.4,0.96
incidence_per_1000_uninfected,GNQ,SEX_FMLE,2003,,,
incidence_per_1000_uninfected,CPV,SEX_MLE,2014,0.45,0.6,0.37
incidence_per_1000_uninfected,SSD,SEX_FMLE,2016,1.2,1.6,1.0
incidence_per_1000_uninfected,SWZ,SEX_MLE,2008,16.2,18.1,14.6
incidence_per_1000_uninfected,MWI,SEX_BTSX,1993,14.2,15.3,13.5
incidence_per_1000_uninfected,TZA,SEX_MLE,2007,1.9,2.3,1.7
incidence_per_1000_uninfected,TCD,SEX_FMLE,1990,1.8,2.8,1.1
incidence_per_1000_uninfected,BFA,SEX_BTSX,2019,0.14,0.2,0.1
incidence_per_1000_uninfected,SEN,SEX_FMLE,2000,0.62,0.66,0.57
incidence_per_1000_uninfected,SYC,SEX_MLE,2004,,,
incidence_per_1000_uninfected,BEN,SEX_FMLE,1995,1.7,2.1,1.4
incidence_per_1000_uninfected,BFA,SEX_FMLE,2023,0.16,0.23,0.1
incidence_per_1000_uninfected,SWZ,SEX_FMLE,1999,27.5,29.9,25.5
incidence_per_1000_uninfected,NAM,SEX_FMLE,2010,7.0,8.1,6.1
incidence_per_1000_uninfected,COD,SEX_BTSX,2020,0.29,0.4,0.2
incidence_per_1000_uninfected,MOZ,SEX_MLE,2023,2.4,3.1,1.9
incidence_per_1000_uninfected,TZA,SEX_BTSX,2012,2.0,2.3,1.8
incidence_per_1000_uninfected,AGO,SEX_BTSX,2020,0.76,0.9,0.63
incidence_per_1000_uninfected,COM,SEX_FMLE,2016,0.1,0.1,0.01
incidence_per_1000_uninfected,BDI,SEX_BTSX,2006,0.68,0.87,0.53
incidence_per_1000_uninfected,DZA,SEX_MLE,2012,0.1,0.1,0.1
incidence_per_1000_uninfected,TCD,SEX_MLE,2015,0.39,0.53,0.28
incidence_per_1000_uninfected,BWA,SEX_FMLE,1993,27.7,30.2,25.4
incidence_per_1000_uninfected,ZMB,SEX_MLE,1998,8.2,9.2,7.3
incidence_per_1000_uninfected,ERI,SEX_FMLE,2019,0.14,0.24,0.1
incidence_per_1000_uninfected,CAF,SEX_BTSX,2021,0.86,1.4,0.48
incidence_per_1000_uninfected,CIV,SEX_MLE,2001,2.9,3.5,2.5
incidence_per_1000_uninfected,COD,SEX_FMLE,1994,1.8,2.4,1.4
incidence_per_1000_uninfected,GNB,SEX_MLE,2009,1.8,2.2,1.5
incidence_per_1000_uninfected,UGA,SEX_BTSX,2019,1.3,1.6,1.1
incidence_per_1000_uninfected,MDG,SEX_MLE,2008,0.19,0.26,0.15
incidence_per_1000_uninfected,COD,SEX_FMLE,2019,0.39,0.53,0.28
incidence_per_1000_uninfected,DZA,SEX_MLE,2023,0.1,0.1,0.1
incidence_per_1000_uninfected,CIV,SEX_BTSX,1991,7.8,10.1,6.2
incidence_per_1000_uninfected,ZWE,SEX_MLE,2009,7.0,8.2,6.4
incidence_per_1000_uninfected,NER,SEX_MLE,1996,0.66,0.79,0.53
incidence_per_1000_uninfected,LSO,SEX_MLE,2023,1.8,2.5,1.3
incidence_per_1000_uninfected,SLE,SEX_MLE,2015,0.68,0.86,0.55
incidence_per_1000_uninfected,COM,SEX_FMLE,2001,0.1,0.1,0.01
incidence_per_1000_uninfected,SEN,SEX_MLE,2006,0.3,0.34,0.28
incidence_per_1000_uninfected,MLI,SEX_BTSX,2021,0.24,0.35,0.17
incidence_per_1000_uninfected,GNB,SEX_FMLE,2002,4.1,5.0,3.4
incidence_per_1000_uninfected,CPV,SEX_MLE,1990,0.47,0.95,0.28
incidence_per_1000_uninfected,BFA,SEX_BTSX,2005,0.51,0.63,0.4
incidence_per_1000_uninfected,BDI,SEX_MLE,2010,0.43,0.58,0.32
incidence_per_1000_uninfected,TZA,SEX_BTSX,2018,1.8,2.2,1.6
incidence_per_1000_uninfected,UGA,SEX_FMLE,2005,4.5,5.0,4.2
incidence_per_1000_uninfected,MOZ,SEX_MLE,2005,7.4,8.6,6.7
incidence_per_1000_uninfected,SLE,SEX_FMLE,2004,1.3,1.5,1.1
incidence_per_1000_uninfected,COD,SEX_BTSX,2011,0.52,0.67,0.43
incidence_per_1000_uninfected,CAF,SEX_MLE,2016,1.0,1.5,0.69
incidence_per_1000_uninfected,RWA,SEX_MLE,1999,2.9,3.4,2.7
incidence_per_1000_uninfected,UGA,SEX_FMLE,1995,6.4,7.0,5.8
incidence_per_1000_uninfected,BDI,SEX_BTSX,2018,0.13,0.21,0.1
incidence_per_1000_uninfected,MLI,SEX_BTSX,2008,0.65,0.83,0.55
incidence_per_1000_uninfected,LBR,SEX_FMLE,2001,,,
incidence_per_1000_uninfected,NGA,SEX_FMLE,1996,2.1,2.4,1.8
incidence_per_1000_uninfected,LBR,SEX_MLE,1998,,,
incidence_per_1000_uninfected,MOZ,SEX_BTSX,2014,6.5,7.4,5.9
incidence_per_1000_uninfected,MWI,SEX_MLE,2016,1.7,2.1,1.6
incidence_per_1000_uninfected,TCD,SEX_MLE,2002,1.2,1.5,0.95
incidence_per_1000_uninfected,UGA,SEX_BTSX,1992,6.6,7.6,6.0
incidence_per_1000_uninfected,TGO,SEX_FMLE,1992,2.6,3.4,2.0
incidence_per_1000_uninfected,BDI,SEX_BTSX,2023,0.1,0.15,0.1
incidence_per_1000_uninfected,CMR,SEX_FMLE,1991,2.4,2.8,1.8
incidence_per_1000_uninfected,MDG,SEX_FMLE,2015,0.19,0.26,0.14
incidence_per_1000_uninfected,UGA,SEX_FMLE,2004,4.8,5.2,4.4
incidence_per_1000_uninfected,MOZ,SEX_BTSX,2002,9.0,10.3,8.2
incidence_per_1000_uninfected,BFA,SEX_BTSX,2014,0.17,0.23,0.12
incidence_per_1000_uninfected,ETH,SEX_FMLE,1999,1.5,2.9,0.88
incidence_per_1000_uninfected,SEN,SEX_BTSX,1991,0.25,0.28,0.24
incidence_per_1000_uninfected,GNQ,SEX_MLE,1996,,,
incidence_per_1000_uninfected,MWI,SEX_MLE,2022,0.62,0.8,0.52
incidence_per_1000_uninfected,BDI,SEX_FMLE,1991,4.9,6.5,3.6
incidence_per_1000_uninfected,SWZ,SEX_MLE,2004,18.8,21.2,17.0
incidence_per_1000_uninfected,MDG,SEX_MLE,2011,0.21,0.26,0.16
incidence_per_1000_uninfected,LBR,SEX_FMLE,1996,,,
incidence_per_1000_uninfected,AGO,SEX_MLE,2020,0.48,0.58,0.39
incidence_per_1000_uninfected,CAF,SEX_FMLE,2020,1.1,1.8,0.6
incidence_per_1000_uninfected,ZMB,SEX_MLE,2010,4.1,4.8,3.7
incidence_per_1000_uninfected,KEN,SEX_BTSX,2016,0.73,1.1,0.46
incidence_per_1000_uninfected,GMB,SEX_FMLE,2021,0.58,0.89,0.35
incidence_per_1000_uninfected,DZA,SEX_FMLE,1995,0.01,0.01,0.01
incidence_per_1000_uninfected,ZWE,SEX_MLE,2001,11.9,13.5,10.7
incidence_per_1000_uninfected,BEN,SEX_BTSX,2010,0.42,0.53,0.34
incidence_per_1000_uninfected,COD,SEX_BTSX,2012,0.48,0.61,0.38
incidence_per_1000_uninfected,CAF,SEX_FMLE,2001,4.6,5.5,3.7
incidence_per_1000_uninfected,MDG,SEX_FMLE,2004,0.11,0.16,0.1
incidence_per_1000_uninfected,GNB,SEX_BTSX,2005,2.6,3.2,2.2
incidence_per_1000_uninfected,SLE,SEX_FMLE,2009,1.1,1.3,0.91
incidence_per_1000_uninfected,SLE,SEX_FMLE,2018,0.78,1.1,0.59
incidence_per_1000_uninfected,STP,SEX_FMLE,2013,,,
incidence_per_1000_uninfected,CIV,SEX_MLE,2006,1.7,2.1,1.4
incidence_per_1000_uninfected,MWI,SEX_MLE,2009,3.5,4.1,3.2
incidence_per_1000_uninfected,MLI,SEX_BTSX,1998,1.1,1.4,0.92
incidence_per_1000_uninfected,GNB,SEX_MLE,1998,3.7,4.6,3.0
incidence_per_1000_uninfected,SEN,SEX_FMLE,1992,0.29,0.31,0.27
incidence_per_1000_uninfected,GNB,SEX_MLE,2004,2.6,3.1,2.1
incidence_per_1000_uninfected,BFA,SEX_FMLE,2014,0.18,0.25,0.13
incidence_per_1000_uninfected,STP,SEX_BTSX,2021,,,
incidence_per_1000_uninfected,MRT,SEX_BTSX,2001,0.54,0.63,0.46
incidence_per_1000_uninfected,LSO,SEX_MLE,2022,1.9,2.6,1.4
incidence_per_1000_uninfected,LSO,SEX_MLE,1997,18.9,21.8,16.4
incidence_per_1000_uninfected,ETH,SEX_MLE,2016,0.12,0.27,0.1
incidence_per_1000_uninfected,MUS,SEX_MLE,2004,,,
incidence_per_1000_uninfected,ZWE,SEX_BTSX,2009,7.4,8.4,6.7
incidence_per_1000_uninfected,GNB,SEX_BTSX,2010,1.9,2.3,1.5
incidence_per_1000_uninfected,GNB,SEX_FMLE,2008,2.4,3.0,2.0
incidence_per_1000_uninfected,COM,SEX_FMLE,1995,0.1,0.1,0.1
incidence_per_1000_uninfected,MLI,SEX_MLE,1991,1.4,2.0,0.89
incidence_per_1000_uninfected,COM,SEX_FMLE,2013,0.1,0.1,0.01
incidence_per_1000_uninfected,MDG,SEX_MLE,2015,0.22,0.29,0.16
incidence_per_1000_uninfected,ETH,SEX_MLE,2018,0.1,0.22,0.1
incidence_per_1000_uninfected,AGO,SEX_BTSX,1994,1.0,1.4,0.77
incidence_per_1000_uninfected,DZA,SEX_MLE,2015,0.1,0.1,0.1
incidence_per_1000_uninfected,ZAF,SEX_FMLE,2010,9.5,10.5,8.4
incidence_per_1000_uninfected,ETH,SEX_FMLE,1998,1.7,3.3,1.0
incidence_per_1000_uninfected,GAB,SEX_MLE,2010,1.4,1.7,1.1
incidence_per_1000_uninfected,CAF,SEX_FMLE,2014,1.9,2.5,1.3
incidence_per_1000_uninfected,SYC,SEX_BTSX,2016,,,
incidence_per_1000_uninfected,SYC,SEX_MLE,2006,,,
incidence_per_1000_uninfected,MUS,SEX_FMLE,2019,,,
incidence_per_1000_uninfected,CPV,SEX_BTSX,2008,0.35,0.45,0.3
incidence_per_1000_uninfected,ZAF,SEX_BTSX,1999,13.5,15.0,12.2
incidence_per_1000_uninfected,LBR,SEX_BTSX,2012,,,
incidence_per_1000_uninfected,ZAF,SEX_FMLE,2014,7.3,8.3,6.5
incidence_per_1000_uninfected,CMR,SEX_MLE,1997,4.3,5.1,3.8
incidence_per_1000_uninfected,MRT,SEX_MLE,1990,0.27,0.48,0.18
incidence_per_1000_uninfected,MDG,SEX_MLE,2001,0.1,0.15,0.1
incidence_per_1000_uninfected,COD,SEX_BTSX,2003,0.91,1.1,0.76
incidence_per_1000_uninfected,GAB,SEX_BTSX,1992,3.0,5.0,1.8
incidence_per_1000_uninfected,GNQ,SEX_FMLE,2016,,,
incidence_per_1000_uninfected,CMR,SEX_BTSX,2018,0.8,1.1,0.63
incidence_per_1000_uninfected,MWI,SEX_FMLE,1998,11.9,12.9,11.1
incidence_per_1000_uninfected,COD,SEX_MLE,1996,1.4,1.7,1.0
incidence_per_1000_uninfected,ZWE,SEX_BTSX,2023,0.95,1.3,0.77
incidence_per_1000_uninfected,GHA,SEX_BTSX,1999,1.7,2.1,1.5
incidence_per_1000_uninfected,GAB,SEX_FMLE,2017,1.7,2.5,1.1
incidence_per_1000_uninfected,STP,SEX_BTSX,2014,,,
incidence_per_1000_uninfected,CPV,SEX_MLE,1992,0.47,0.88,0.32
incidence_per_1000_uninfected,MWI,SEX_MLE,1999,8.7,9.8,8.0
incidence_per_1000_uninfected,SLE,SEX_MLE,2013,0.7,0.86,0.57
incidence_per_1000_uninfected,MWI,SEX_FMLE,2001,9.4,10.5,8.8
incidence_per_1000_uninfected,KEN,SEX_BTSX,1993,10.6,16.5,6.8
incidence_per_1000_uninfected,SEN,SEX_MLE,1999,0.74,0.83,0.68
incidence_per_1000_uninfected,ZMB,SEX_BTSX,1997,9.8,10.9,8.8
incidence_per_1000_uninfected,MOZ,SEX_BTSX,1994,5.6,6.7,4.9
incidence_per_1000_uninfected,GNQ,SEX_BTSX,2022,,,
incidence_per_1000_uninfected,NGA,SEX_MLE,2002,1.3,1.5,1.1
incidence_per_1000_uninfected,SLE,SEX_MLE,1996,1.3,1.7,1.0
incidence_per_1000_uninfected,MOZ,SEX_MLE,1998,7.3,8.7,6.5
incidence_per_1000_uninfected,MWI,SEX_FMLE,1996,13.6,14.6,12.6
incidence_per_1000_uninfected,MWI,SEX_BTSX,2007,5.2,6.0,4.9
incidence_per_1000_uninfected,GNQ,SEX_MLE,1991,,,
incidence_per_1000_uninfected,SYC,SEX_FMLE,2000,,,
incidence_per_1000_uninfected,MUS,SEX_BTSX,2002,,,
incidence_per_1000_uninfected,GMB,SEX_FMLE,2006,1.6,2.1,1.2
incidence_per_1000_uninfected,SLE,SEX_BTSX,2017,0.72,0.94,0.56
incidence_per_1000_uninfected,ZWE,SEX_MLE,2012,4.4,5.5,3.8
incidence_per_1000_uninfected,TZA,SEX_BTSX,2013,2.0,2.3,1.8
incidence_per_1000_uninfected,ZAF,SEX_FMLE,1991,5.1,5.6,4.5
incidence_per_1000_uninfected,LBR,SEX_FMLE,2005,,,
incidence_per_1000_uninfected,SSD,SEX_MLE,2023,0.39,0.58,0.25
incidence_per_1000_uninfected,CPV,SEX_BTSX,1990,0.43,0.85,0.27
incidence_per_1000_uninfected,COM,SEX_BTSX,2004,0.1,0.1,0.1
incidence_per_1000_uninfected,SLE,SEX_MLE,2003,1.1,1.4,0.97
incidence_per_1000_uninfected,GHA,SEX_FMLE,1997,2.3,2.7,1.9
incidence_per_1000_uninfected,MLI,SEX_FMLE,1998,1.2,1.6,1.0
incidence_per_1000_uninfected,GNQ,SEX_MLE,2016,,,
incidence_per_1000_uninfected,GNQ,SEX_FMLE,2011,,,
incidence_per_1000_uninfected,COG,SEX_MLE,1998,2.2,2.6,1.9
incidence_per_1000_uninfected,SSD,SEX_MLE,1999,1.7,2.4,1.2
incidence_per_1000_uninfected,BWA,SEX_FMLE,2015,7.2,7.7,6.2
incidence_per_1000_uninfected,LSO,SEX_BTSX,2010,12.5,14.9,10.9
incidence_per_1000_uninfected,CIV,SEX_BTSX,2024,0.27,0.47,0.14
incidence_per_1000_uninfected,LBR,SEX_BTSX,1997,,,
incidence_per_1000_uninfected,MLI,SEX_MLE,1998,0.97,1.2,0.79
incidence_per_1000_uninfected,CMR,SEX_MLE,2003,3.2,3.8,2.8
incidence_per_1000_uninfected,MLI,SEX_FMLE,1999,1.2,1.5,1.0
incidence_per_1000_uninfected,MDG,SEX_BTSX,2011,0.19,0.24,0.15
incidence_per_1000_uninfected,GAB,SEX_MLE,1994,2.6,4.2,1.7
incidence_per_1000_uninfected,ERI,SEX_BTSX,2012,0.14,0.26,0.1
incidence_per_1000_uninfected,BFA,SEX_FMLE,2002,0.74,0.89,0.6
incidence_per_1000_uninfected,MOZ,SEX_FMLE,2020,5.5,6.5,4.7
incidence_per_1000_uninfected,SWZ,SEX_BTSX,2018,7.3,8.7,6.1
incidence_per_1000_uninfected,SYC,SEX_FMLE,2020,,,
incidence_per_1000_uninfected,BEN,SEX_BTSX,2000,0.95,1.1,0.8
incidence_per_1000_uninfected,BDI,SEX_MLE,2006,0.62,0.8,0.49
incidence_per_1000_uninfected,MUS,SEX_FMLE,1993,,,
incidence_per_1000_uninfected,BWA,SEX_FMLE,2018,5.2,5.7,4.6
incidence_per_1000_uninfected,SEN,SEX_MLE,1993,0.4,0.44,0.36
incidence_per_1000_uninfected,GMB,SEX_MLE,2003,1.5,2.0,1.2
incidence_per_1000_uninfected,BFA,SEX_BTSX,2013,0.21,0.27,0.15
incidence_per_1000_uninfected,BDI,SEX_BTSX,2003,0.92,1.2,0.74
incidence_per_1000_uninfected,MOZ,SEX_BTSX,2023,3.2,4.0,2.6
incidence_per_1000_uninfected,BFA,SEX_FMLE,2024,0.14,0.21,0.1
incidence_per_1000_uninfected,CPV,SEX_FMLE,2018,0.39,0.51,0.31
incidence_per_1000_uninfected,MWI,SEX_BTSX,2017,1.8,2.1,1.6
incidence_per_1000_uninfected,NER,SEX_FMLE,1994,0.69,0.84,0.56
incidence_per_1000_uninfected,COG,SEX_FMLE,2005,2.5,2.9,2.2
incidence_per_1000_uninfected,UGA,SEX_BTSX,2022,1.0,1.4,0.81
incidence_per_1000_uninfected,AGO,SEX_BTSX,2022,0.63,0.78,0.52
incidence_per_1000_uninfected,RWA,SEX_BTSX,1990,3.9,5.7,2.8
incidence_per_1000_uninfected,GIN,SEX_FMLE,2002,1.4,1.6,1.2
incidence_per_1000_uninfected,ZWE,SEX_BTSX,1997,18.0,19.9,16.3
incidence_per_1000_uninfected,BEN,SEX_FMLE,2012,0.4,0.51,0.32
incidence_per_1000_uninfected,SEN,SEX_MLE,2008,0.21,0.24,0.19
incidence_per_1000_uninfected,MOZ,SEX_MLE,1990,2.6,3.4,2.0
incidence_per_1000_uninfected,SWZ,SEX_FMLE,2013,17.1,19.4,14.9
incidence_per_1000_uninfected,CPV,SEX_BTSX,1999,0.49,0.6,0.41
incidence_per_1000_uninfected,COD,SEX_FMLE,2020,0.35,0.48,0.24
incidence_per_1000_uninfected,GNQ,SEX_BTSX,2011,,,
incidence_per_1000_uninfected,MLI,SEX_MLE,1994,1.3,1.7,1.0
incidence_per_1000_uninfected,MDG,SEX_BTSX,1991,0.1,0.1,0.01
incidence_per_1000_uninfected,GNQ,SEX_FMLE,2013,,,
incidence_per_1000_uninfected,ETH,SEX_BTSX,2020,0.11,0.21,0.1
incidence_per_1000_uninfected,NGA,SEX_MLE,1994,1.6,1.9,1.4
incidence_per_1000_uninfected,STP,SEX_BTSX,2015,,,
incidence_per_1000_uninfected,MOZ,SEX_FMLE,1997,9.1,10.4,8.1
incidence_per_1000_uninfected,ETH,SEX_MLE,2023,0.1,0.1,0.1
incidence_per_1000_uninfected,KEN,SEX_MLE,2010,1.4,2.2,0.89
incidence_per_1000_uninfected,TZA,SEX_MLE,2003,2.6,3.1,2.3
incidence_per_1000_uninfected,COG,SEX_FMLE,1999,3.1,3.6,2.7
incidence_per_1000_uninfected,KEN,SEX_BTSX,1992,11.0,17.2,7.0
incidence_per_1000_uninfected,NER,SEX_MLE,2005,0.27,0.32,0.23
incidence_per_1000_uninfected,TCD,SEX_BTSX,2001,1.4,1.7,1.1
incidence_per_1000_uninfected,SSD,SEX_FMLE,1999,2.1,3.0,1.5
incidence_per_1000_uninfected,TGO,SEX_MLE,2019,0.34,0.48,0.23
incidence_per_1000_uninfected,STP,SEX_BTSX,1993,,,
incidence_per_1000_uninfected,AGO,SEX_BTSX,2014,0.99,1.2,0.84
incidence_per_1000_uninfected,BDI,SEX_MLE,2007,0.57,0.74,0.44
incidence_per_1000_uninfected,COM,SEX_FMLE,2007,0.1,0.1,0.01
incidence_per_1000_uninfected,CPV,SEX_BTSX,2020,0.42,0.57,0.29
incidence_per_1000_uninfected,NGA,SEX_BTSX,2011,0.84,1.0,0.75
incidence_per_1000_uninfected,ETH,SEX_MLE,2013,0.17,0.38,0.1
incidence_per_1000_uninfected,SSD,SEX_MLE,2015,0.8,1.0,0.63
incidence_per_1000_uninfected,CMR,SEX_FMLE,1997,5.4,6.3,4.7
incidence_per_1000_uninfected,SLE,SEX_BTSX,2015,0.81,1.0,0.65
incidence_per_1000_uninfected,COD,SEX_BTSX,2007,0.69,0.87,0.58
incidence_per_1000_uninfected,MLI,SEX_MLE,2021,0.21,0.31,0.15
incidence_per_1000_uninfected,CMR,SEX_BTSX,2007,2.6,2.9,2.3
incidence_per_1000_uninfected,GAB,SEX_FMLE,2016,1.7,2.4,1.1
incidence_per_1000_uninfected,CPV,SEX_BTSX,1994,0.46,0.64,0.35
incidence_per_1000_uninfected,NAM,SEX_FMLE,2013,5.3,6.5,4.5
incidence_per_1000_uninfected,GIN,SEX_FMLE,2020,0.63,0.88,0.43
incidence_per_1000_uninfected,SSD,SEX_BTSX,2013,1.1,1.5,0.89
incidence_per_1000_uninfected,MUS,SEX_BTSX,2009,,,
incidence_per_1000_uninfected,MRT,SEX_MLE,1995,0.52,0.68,0.4
incidence_per_1000_uninfected,NGA,SEX_BTSX,2003,1.3,1.6,1.2
incidence_per_1000_uninfected,TCD,SEX_MLE,1994,1.9,2.6,1.4
incidence_per_1000_uninfected,BFA,SEX_MLE,1993,1.8,2.4,1.5
incidence_per_1000_uninfected,GAB,SEX_BTSX,1993,3.4,5.5,2.1
incidence_per_1000_uninfected,SYC,SEX_BTSX,1995,,,
incidence_per_1000_uninfected,SEN,SEX_FMLE,2009,0.17,0.19,0.16
incidence_per_1000_uninfected,COG,SEX_MLE,2017,1.2,1.7,0.84
incidence_per_1000_uninfected,MOZ,SEX_MLE,2020,3.4,4.1,2.9
incidence_per_1000_uninfected,UGA,SEX_FMLE,2017,2.1,2.6,1.8
incidence_per_1000_uninfected,GAB,SEX_BTSX,1997,4.3,6.2,2.9
incidence_per_1000_uninfected,ZMB,SEX_BTSX,2002,7.7,8.6,7.2
incidence_per_1000_uninfected,SLE,SEX_MLE,2004,1.1,1.3,0.92
incidence_per_1000_uninfected,CIV,SEX_BTSX,2005,2.1,2.5,1.8
incidence_per_1000_uninfected,CIV,SEX_BTSX,2014,0.67,0.99,0.44
incidence_per_1000_uninfected,ERI,SEX_FMLE,2023,0.13,0.22,0.1
incidence_per_1000_uninfected,NGA,SEX_BTSX,2014,0.62,0.77,0.53
incidence_per_1000_uninfected,GHA,SEX_BTSX,2000,1.6,1.9,1.4
incidence_per_1000_uninfected,BEN,SEX_FMLE,2011,0.42,0.54,0.34
incidence_per_1000_uninfected,BWA,SEX_BTSX,2006,9.3,10.9,8.1
incidence_per_1000_uninfected,MLI,SEX_BTSX,1990,1.4,2.1,0.82
incidence_per_1000_uninfected,SWZ,SEX_FMLE,1993,15.1,17.8,12.5
incidence_per_1000_uninfected,MWI,SEX_BTSX,2000,9.3,10.6,8.7
incidence_per_1000_uninfected,CIV,SEX_BTSX,2012,0.9,1.3,0.66
incidence_per_1000_uninfected,BFA,SEX_MLE,2017,0.15,0.2,0.11
incidence_per_1000_uninfected,MLI,SEX_FMLE,2007,0.75,0.99,0.63
incidence_per_1000_uninfected,ZAF,SEX_BTSX,2020,3.8,4.3,3.4
incidence_per_1000_uninfected,DZA,SEX_BTSX,2014,0.1,0.1,0.1
incidence_per_1000_uninfected,GMB,SEX_BTSX,2015,0.88,1.2,0.6
incidence_per_1000_uninfected,DZA,SEX_BTSX,2019,0.1,0.1,0.1
incidence_per_1000_uninfected,DZA,SEX_MLE,2002,0.1,0.1,0.1
incidence_per_1000_uninfected,UGA,SEX_MLE,1992,6.0,7.2,5.4
incidence_per_1000_uninfected,ZWE,SEX_MLE,2022,0.88,1.2,0.73
incidence_per_1000_uninfected,MWI,SEX_BTSX,2012,3.5,4.0,3.2
incidence_per_1000_uninfected,ZWE,SEX_BTSX,2018,1.7,2.3,1.4
incidence_per_1000_uninfected,TCD,SEX_BTSX,2008,0.83,1.0,0.65
incidence_per_1000_uninfected,TGO,SEX_MLE,2008,1.1,1.4,0.88
incidence_per_1000_uninfected,KEN,SEX_MLE,2018,0.37,0.59,0.24
incidence_per_1000_uninfected,BDI,SEX_FMLE,2013,0.34,0.48,0.23
incidence_per_1000_uninfected,BEN,SEX_FMLE,2005,0.77,0.92,0.66
incidence_per_1000_uninfected,ZAF,SEX_BTSX,1991,5.0,5.5,4.4
incidence_per_1000_uninfected,GNQ,SEX_MLE,1997,,,
incidence_per_1000_uninfected,ZAF,SEX_MLE,1999,11.0,13.0,9.8
incidence_per_1000_uninfected,COM,SEX_MLE,1996,0.1,0.1,0.1
incidence_per_1000_uninfected,KEN,SEX_FMLE,2016,0.95,1.5,0.6
incidence_per_1000_uninfected,MLI,SEX_MLE,1997,1.1,1.3,0.86
incidence_per_1000_uninfected,COD,SEX_FMLE,2012,0.54,0.68,0.44
incidence_per_1000_uninfected,MUS,SEX_MLE,2018,,,
incidence_per_1000_uninfected,COD,SEX_FMLE,2017,0.39,0.55,0.28
incidence_per_1000_uninfected,BDI,SEX_BTSX,2013,0.3,0.42,0.2
incidence_per_1000_uninfected,GNQ,SEX_MLE,1993,,,
incidence_per_1000_uninfected,MWI,SEX_BTSX,1995,13.2,14.4,12.5
incidence_per_1000_uninfected,NAM,SEX_FMLE,2014,4.8,6.1,4.1
incidence_per_1000_uninfected,KEN,SEX_MLE,2012,1.1,1.7,0.7
incidence_per_1000_uninfected,BEN,SEX_FMLE,1996,1.7,2.0,1.4
incidence_per_1000_uninfected,RWA,SEX_BTSX,2014,0.67,0.97,0.52
incidence_per_1000_uninfected,ZWE,SEX_BTSX,1995,22.6,25.5,20.4
incidence_per_1000_uninfected,ERI,SEX_FMLE,1998,1.5,1.9,1.2
incidence_per_1000_uninfected,TZA,SEX_BTSX,2015,2.0,2.4,1.8
incidence_per_1000_uninfected,UGA,SEX_MLE,1996,5.2,6.1,4.7
incidence_per_1000_uninfected,GMB,SEX_BTSX,2009,1.3,1.8,1.0
incidence_per_1000_uninfected,CIV,SEX_FMLE,1994,8.0,9.5,6.5
incidence_per_1000_uninfected,MLI,SEX_BTSX,1996,1.3,1.6,1.1
incidence_per_1000_uninfected,GNQ,SEX_BTSX,2010,,,
incidence_per_1000_uninfected,ETH,SEX_MLE,2014,0.15,0.33,0.1
incidence_per_1000_uninfected,LSO,SEX_BTSX,2002,16.9,18.9,15.0
incidence_per_1000_uninfected,AGO,SEX_MLE,2002,0.96,1.2,0.8
incidence_per_1000_uninfected,COG,SEX_BTSX,2004,2.1,2.4,1.8
incidence_per_1000_uninfected,MRT,SEX_BTSX,2006,0.28,0.35,0.21
incidence_per_1000_uninfected,CMR,SEX_BTSX,1994,3.9,4.6,3.3
incidence_per_1000_uninfected,MRT,SEX_MLE,2008,0.19,0.27,0.13
incidence_per_1000_uninfected,COD,SEX_FMLE,1998,1.4,1.8,1.2
incidence_per_1000_uninfected,BDI,SEX_FMLE,2006,0.73,0.94,0.56
incidence_per_1000_uninfected,CAF,SEX_MLE,2000,3.8,4.6,3.1
incidence_per_1000_uninfected,SSD,SEX_MLE,1992,1.5,2.2,0.77
incidence_per_1000_uninfected,MWI,SEX_FMLE,2004,7.6,8.5,7.0
incidence_per_1000_uninfected,COG,SEX_MLE,2012,1.3,1.6,0.97
incidence_per_1000_uninfected,NGA,SEX_MLE,2008,0.89,1.1,0.78
incidence_per_1000_uninfected,RWA,SEX_MLE,2022,0.17,0.29,0.11
incidence_per_1000_uninfected,TCD,SEX_MLE,2003,1.1,1.4,0.89
incidence_per_1000_uninfected,GHA,SEX_FMLE,2016,0.94,1.2,0.75
incidence_per_1000_uninfected,BEN,SEX_MLE,2013,0.29,0.39,0.23
incidence_per_1000_uninfected,BWA,SEX_FMLE,2006,10.6,12.4,9.1
incidence_per_1000_uninfected,ERI,SEX_BTSX,1996,1.4,1.9,1.0
incidence_per_1000_uninfected,LBR,SEX_FMLE,2016,,,
incidence_per_1000_uninfected,CPV,SEX_FMLE,1997,0.44,0.56,0.36
incidence_per_1000_uninfected,ZWE,SEX_BTSX,1994,25.9,29.4,23.2
incidence_per_1000_uninfected,GMB,SEX_FMLE,1999,1.7,2.4,1.3
incidence_per_1000_uninfected,KEN,SEX_FMLE,2019,0.68,1.1,0.43
incidence_per_1000_uninfected,GNB,SEX_MLE,2001,3.6,4.6,3.0
incidence_per_1000_uninfected,MRT,SEX_MLE,2022,0.1,0.1,0.1
incidence_per_1000_uninfected,CAF,SEX_BTSX,1990,6.1,9.1,4.5
incidence_per_1000_uninfected,ZMB,SEX_FMLE,2000,9.4,10.4,8.5
incidence_per_1000_uninfected,SWZ,SEX_BTSX,2001,22.9,24.8,21.3
incidence_per_1000_uninfected,COG,SEX_FMLE,2014,2.3,3.1,1.7
incidence_per_1000_uninfected,MDG,SEX_FMLE,1992,0.1,0.1,0.01
incidence_per_1000_uninfected,TZA,SEX_MLE,2008,1.8,2.2,1.6
incidence_per_1000_uninfected,GNB,SEX_FMLE,2021,0.76,1.1,0.49
incidence_per_1000_uninfected,BWA,SEX_FMLE,1999,23.0,25.3,21.1
incidence_per_1000_uninfected,CIV,SEX_BTSX,2000,3.7,4.3,3.1
incidence_per_1000_uninfected,GHA,SEX_FMLE,2007,1.3,1.6,1.1
incidence_per_1000_uninfected,UGA,SEX_FMLE,1993,6.9,7.8,6.3
incidence_per_1000_uninfected,SEN,SEX_FMLE,2006,0.27,0.29,0.25
incidence_per_1000_uninfected,MDG,SEX_MLE,2021,0.32,0.46,0.22
incidence_per_1000_uninfected,SYC,SEX_MLE,2016,,,
incidence_per_1000_uninfected,TZA,SEX_BTSX,1994,5.1,5.8,4.5
incidence_per_1000_uninfected,TZA,SEX_FMLE,2002,3.5,4.0,3.2
incidence_per_1000_uninfected,BFA,SEX_BTSX,2004,0.57,0.69,0.45
incidence_per_1000_uninfected,LSO,SEX_MLE,1990,4.7,5.9,3.6
incidence_per_1000_uninfected,ZMB,SEX_FMLE,2013,6.0,6.7,5.4
incidence_per_1000_uninfected,SEN,SEX_FMLE,2005,0.29,0.32,0.27
incidence_per_1000_uninfected,DZA,SEX_MLE,1996,0.01,0.1,0.01
incidence_per_1000_uninfected,CPV,SEX_FMLE,2019,0.37,0.49,0.28
incidence_per_1000_uninfected,MUS,SEX_BTSX,1994,,,
incidence_per_1000_uninfected,SEN,SEX_FMLE,2018,0.1,0.12,0.1
incidence_per_1000_uninfected,COG,SEX_BTSX,2011,1.7,2.1,1.3
incidence_per_1000_uninfected,ETH,SEX_FMLE,2003,0.88,1.7,0.52
incidence_per_1000_uninfected,GMB,SEX_MLE,2017,0.71,1.0,0.47
incidence_per_1000_uninfected,GMB,SEX_MLE,2020,0.59,0.89,0.38
incidence_per_1000_uninfected,STP,SEX_FMLE,1992,,,
incidence_per_1000_uninfected,SWZ,SEX_BTSX,2009,17.3,19.1,15.6
incidence_per_1000_uninfected,CAF,SEX_MLE,1996,5.0,6.5,4.0
incidence_per_1000_uninfected,CPV,SEX_BTSX,2024,0.41,0.6,0.23
incidence_per_1000_uninfected,RWA,SEX_MLE,2020,0.18,0.31,0.12
incidence_per_1000_uninfected,BEN,SEX_MLE,2007,0.53,0.66,0.46
incidence_per_1000_uninfected,NAM,SEX_MLE,1990,3.7,4.3,3.2
incidence_per_1000_uninfected,RWA,SEX_FMLE,1996,4.0,4.5,3.6
incidence_per_1000_uninfected,MRT,SEX_FMLE,2020,0.1,0.1,0.1
incidence_per_1000_uninfected,COG,SEX_BTSX,2013,1.7,2.3,1.3
incidence_per_1000_uninfected,SEN,SEX_FMLE,2023,0.16,0.18,0.15
incidence_per_1000_uninfected,GMB,SEX_MLE,2016,0.78,1.1,0.53
incidence_per_1000_uninfected,SLE,SEX_BTSX,2022,0.42,0.64,0.26
incidence_per_1000_uninfected,LSO,SEX_FMLE,1996,25.9,30.6,22.9
incidence_per_1000_uninfected,BDI,SEX_BTSX,2024,0.1,0.15,0.1
incidence_per_1000_uninfected,GIN,SEX_MLE,2007,0.97,1.2,0.8
incidence_per_1000_uninfected,MUS,SEX_FMLE,2005,,,
incidence_per_1000_uninfected,SYC,SEX_FMLE,2014,,,
incidence_per_1000_uninfected,STP,SEX_FMLE,2008,,,
incidence_per_1000_uninfected,GIN,SEX_FMLE,2013,0.83,1.1,0.65
incidence_per_1000_uninfected,SSD,SEX_FMLE,2005,1.6,2.1,1.3
incidence_per_1000_uninfected,COD,SEX_MLE,2012,0.42,0.55,0.33
incidence_per_1000_uninfected,BDI,SEX_FMLE,1994,4.5,5.3,3.6
incidence_per_1000_uninfected,CPV,SEX_MLE,1993,0.49,0.79,0.36
incidence_per_1000_uninfected,CMR,SEX_FMLE,2012,1.6,2.0,1.4
incidence_per_1000_uninfected,MDG,SEX_FMLE,1994,0.1,0.1,0.01
incidence_per_1000_uninfected,COG,SEX_MLE,2009,1.3,1.6,1.0
incidence_per_1000_uninfected,TGO,SEX_MLE,2022,0.3,0.49,0.18
incidence_per_1000_uninfected,SYC,SEX_FMLE,2011,,,
incidence_per_1000_uninfected,GIN,SEX_MLE,1992,0.72,1.0,0.37
incidence_per_1000_uninfected,KEN,SEX_FMLE,2020,0.64,1.0,0.41
incidence_per_1000_uninfected,GNQ,SEX_FMLE,2022,,,
incidence_per_1000_uninfected,LSO,SEX_BTSX,1994,20.7,25.5,17.7
incidence_per_1000_uninfected,GNQ,SEX_BTSX,2020,,,
incidence_per_1000_uninfected,COG,SEX_BTSX,1993,3.5,4.4,3.0
incidence_per_1000_uninfected,ZAF,SEX_FMLE,2020,4.9,5.4,4.3
incidence_per_1000_uninfected,GIN,SEX_FMLE,2015,0.91,1.1,0.73
incidence_per_1000_uninfected,NGA,SEX_BTSX,1999,1.7,1.9,1.5
incidence_per_1000_uninfected,GIN,SEX_BTSX,2012,0.82,1.0,0.67
incidence_per_1000_uninfected,GIN,SEX_FMLE,2007,1.2,1.4,0.99
incidence_per_1000_uninfected,STP,SEX_MLE,2017,,,
incidence_per_1000_uninfected,MDG,SEX_MLE,2013,0.21,0.27,0.16
incidence_per_1000_uninfected,COM,SEX_BTSX,2019,0.1,0.1,0.01
incidence_per_1000_uninfected,SSD,SEX_BTSX,2024,0.5,0.75,0.31
incidence_per_1000_uninfected,SLE,SEX_FMLE,2013,0.91,1.1,0.75
incidence_per_1000_uninfected,SYC,SEX_FMLE,2022,,,
incidence_per_1000_uninfected,BEN,SEX_BTSX,1993,1.1,1.5,0.91
incidence_per_1000_uninfected,ZWE,SEX_FMLE,1997,19.4,21.6,17.6
incidence_per_1000_uninfected,CIV,SEX_BTSX,2004,2.4,2.9,2.1
incidence_per_1000_uninfected,TCD,SEX_FMLE,2000,1.5,1.9,1.2
incidence_per_1000_uninfected,GMB,SEX_MLE,2009,1.2,1.7,0.95
incidence_per_1000_uninfected,COD,SEX_FMLE,2013,0.5,0.64,0.39
incidence_per_1000_uninfected,SEN,SEX_MLE,2004,0.39,0.43,0.36
incidence_per_1000_uninfected,MLI,SEX_BTSX,2023,0.19,0.29,0.13
incidence_per_1000_uninfected,BDI,SEX_FMLE,2010,0.54,0.7,0.4
incidence_per_1000_uninfected,GNQ,SEX_MLE,2022,,,
incidence_per_1000_uninfected,KEN,SEX_FMLE,2007,2.9,4.6,1.8
incidence_per_1000_uninfected,MLI,SEX_BTSX,2013,0.46,0.62,0.36
incidence_per_1000_uninfected,AGO,SEX_BTSX,2021,0.7,0.85,0.57
incidence_per_1000_uninfected,GIN,SEX_FMLE,1993,1.0,1.4,0.56
incidence_per_1000_uninfected,GAB,SEX_FMLE,2003,3.8,4.6,3.0
incidence_per_1000_uninfected,BDI,SEX_FMLE,2022,0.13,0.2,0.1
incidence_per_1000_uninfected,ZWE,SEX_BTSX,2012,4.7,5.8,4.2
incidence_per_1000_uninfected,NER,SEX_MLE,2017,0.1,0.1,0.1
incidence_per_1000_uninfected,MRT,SEX_MLE,2010,0.1,0.17,0.1
incidence_per_1000_uninfected,MOZ,SEX_FMLE,2013,8.2,9.2,7.3
incidence_per_1000_uninfected,MOZ,SEX_BTSX,1992,4.4,5.4,3.6
incidence_per_1000_uninfected,TGO,SEX_MLE,2010,0.93,1.2,0.73
incidence_per_1000_uninfected,TCD,SEX_MLE,2006,0.89,1.1,0.71
incidence_per_1000_uninfected,CAF,SEX_BTSX,2009,2.3,2.9,1.8
incidence_per_1000_uninfected,GMB,SEX_FMLE,2000,1.8,2.4,1.3
incidence_per_1000_uninfected,CAF,SEX_FMLE,2007,3.0,3.6,2.4
incidence_per_1000_uninfected,SLE,SEX_BTSX,2014,0.83,1.0,0.68
incidence_per_1000_uninfected,BDI,SEX_BTSX,2001,1.2,1.5,0.96
incidence_per_1000_uninfected,COG,SEX_BTSX,2022,1.9,2.9,1.0
incidence_per_1000_uninfected,GMB,SEX_FMLE,1990,0.37,0.66,0.19
incidence_per_1000_uninfected,TZA,SEX_MLE,2000,3.0,3.6,2.7
incidence_per_1000_uninfected,ZMB,SEX_MLE,2012,4.1,4.8,3.7
incidence_per_1000_uninfected,SWZ,SEX_BTSX,2005,20.1,21.7,18.6
incidence_per_1000_uninfected,UGA,SEX_MLE,1993,5.8,6.9,5.2
incidence_per_1000_uninfected,MDG,SEX_FMLE,1990,0.01,0.1,0.01
incidence_per_1000_uninfected,MOZ,SEX_BTSX,2011,7.5,8.4,6.9
incidence_per_1000_uninfected,MLI,SEX_MLE,2006,0.63,0.81,0.52
incidence_per_1000_uninfected,NER,SEX_FMLE,2013,0.1,0.1,0.1
incidence_per_1000_uninfected,KEN,SEX_BTSX,2014,1.1,1.7,0.7
incidence_per_1000_uninfected,TGO,SEX_BTSX,2013,0.62,0.86,0.41
incidence_per_1000_uninfected,STP,SEX_MLE,1994,,,
incidence_per_1000_uninfected,NAM,SEX_MLE,2011,4.7,5.7,4.2
incidence_per_1000_uninfected,SLE,SEX_FMLE,2003,1.3,1.5,1.1
incidence_per_1000_uninfected,STP,SEX_FMLE,2020,,,
incidence_per_1000_uninfected,MLI,SEX_MLE,2004,0.67,0.83,0.56
incidence_per_1000_uninfected,MRT,SEX_MLE,2002,0.57,0.68,0.48
incidence_per_1000_uninfected,ZWE,SEX_MLE,2011,5.2,6.3,4.6
incidence_per_1000_uninfected,ETH,SEX_BTSX,2013,0.23,0.46,0.13
incidence_per_1000_uninfected,MWI,SEX_MLE,2014,2.3,2.7,2.1
incidence_per_1000_uninfected,SSD,SEX_MLE,1993,1.7,2.5,0.93
incidence_per_1000_uninfected,GMB,SEX_FMLE,1993,0.86,1.3,0.52
incidence_per_1000_uninfected,NER,SEX_BTSX,1999,0.48,0.56,0.41
incidence_per_1000_uninfected,ZMB,SEX_BTSX,2013,5.0,5.7,4.6
incidence_per_1000_uninfected,GIN,SEX_FMLE,2016,0.86,1.1,0.68
incidence_per_1000_uninfected,GHA,SEX_FMLE,2018,0.88,1.2,0.67
incidence_per_1000_uninfected,MRT,SEX_BTSX,2017,0.1,0.1,0.1
incidence_per_1000_uninfected,ERI,SEX_MLE,2006,0.26,0.43,0.13
incidence_per_1000_uninfected,SWZ,SEX_MLE,1998,22.6,25.7,20.2
incidence_per_1000_uninfected,SLE,SEX_BTSX,2019,0.61,0.83,0.44
incidence_per_1000_uninfected,GNB,SEX_MLE,1994,1.4,1.8,0.92
incidence_per_1000_uninfected,GMB,SEX_MLE,1993,0.76,1.2,0.49
incidence_per_1000_uninfected,DZA,SEX_FMLE,2020,0.1,0.1,0.1
incidence_per_1000_uninfected,GHA,SEX_BTSX,1994,2.4,2.9,2.0
incidence_per_1000_uninfected,SWZ,SEX_BTSX,1997,25.7,28.5,23.2
incidence_per_1000_uninfected,UGA,SEX_BTSX,1991,6.8,7.8,6.2
incidence_per_1000_uninfected,KEN,SEX_BTSX,2015,0.87,1.4,0.56
incidence_per_1000_uninfected,KEN,SEX_FMLE,2024,0.48,0.75,0.3
incidence_per_1000_uninfected,ZAF,SEX_MLE,1997,11.1,12.9,9.8
incidence_per_1000_uninfected,NAM,SEX_MLE,2022,1.1,1.6,0.9
incidence_per_1000_uninfected,CMR,SEX_FMLE,2000,5.0,5.6,4.4
incidence_per_1000_uninfected,NAM,SEX_MLE,2017,2.2,2.9,1.8
incidence_per_1000_uninfected,SEN,SEX_FMLE,2004,0.34,0.37,0.31
incidence_per_1000_uninfected,COG,SEX_MLE,2005,1.6,1.8,1.3
incidence_per_1000_uninfected,MLI,SEX_MLE,2000,0.86,1.1,0.73
incidence_per_1000_uninfected,MDG,SEX_MLE,2000,0.1,0.14,0.1
incidence_per_1000_uninfected,MWI,SEX_FMLE,2023,0.79,1.0,0.63
incidence_per_1000_uninfected,SEN,SEX_BTSX,2020,0.11,0.13,0.1
incidence_per_1000_uninfected,MRT,SEX_MLE,2006,0.33,0.43,0.24
incidence_per_1000_uninfected,COD,SEX_FMLE,1999,1.3,1.7,1.1
incidence_per_1000_uninfected,ERI,SEX_MLE,2012,0.11,0.22,0.1
incidence_per_1000_uninfected,ZWE,SEX_BTSX,2008,7.8,8.8,7.2
incidence_per_1000_uninfected,MDG,SEX_FMLE,2013,0.18,0.24,0.14
incidence_per_1000_uninfected,LSO,SEX_MLE,1993,14.1,18.0,11.6
incidence_per_1000_uninfected,ERI,SEX_FMLE,1991,2.4,3.8,1.6
incidence_per_1000_uninfected,KEN,SEX_BTSX,2013,1.3,2.0,0.8
incidence_per_1000_uninfected,CMR,SEX_BTSX,2003,3.5,4.0,3.2
incidence_per_1000_uninfected,GHA,SEX_FMLE,2019,0.86,1.2,0.63
incidence_per_1000_uninfected,MOZ,SEX_MLE,1995,5.6,6.7,4.9
incidence_per_1000_uninfected,TCD,SEX_BTSX,2009,0.75,0.94,0.57
incidence_per_1000_uninfected,TZA,SEX_MLE,2022,0.7,0.96,0.58
incidence_per_1000_uninfected,SSD,SEX_BTSX,2019,0.72,0.95,0.53
incidence_per_1000_uninfected,ZWE,SEX_FMLE,2020,1.5,1.9,1.2
incidence_per_1000_uninfected,NGA,SEX_FMLE,2022,0.34,0.46,0.26
incidence_per_1000_uninfected,TGO,SEX_FMLE,2019,0.55,0.79,0.37
incidence_per_1000_uninfected,CMR,SEX_FMLE,2019,0.97,1.3,0.75
incidence_per_1000_uninfected,GHA,SEX_MLE,2001,1.3,1.5,1.1
incidence_per_1000_uninfected,CMR,SEX_BTSX,2020,0.75,1.0,0.58
incidence_per_1000_uninfected,SYC,SEX_BTSX,2012,,,
incidence_per_1000_uninfected,GNB,SEX_BTSX,1995,2.2,2.8,1.5
incidence_per_1000_uninfected,GNB,SEX_FMLE,2015,1.2,1.6,0.83
incidence_per_1000_uninfected,CAF,SEX_FMLE,2008,2.7,3.3,2.1
incidence_per_1000_uninfected,CPV,SEX_BTSX,2002,0.46,0.55,0.41
incidence_per_1000_uninfected,SYC,SEX_FMLE,2003,,,
incidence_per_1000_uninfected,SLE,SEX_MLE,2000,1.2,1.5,1.0
incidence_per_1000_uninfected,KEN,SEX_BTSX,2008,2.1,3.3,1.3
incidence_per_1000_uninfected,ZMB,SEX_BTSX,1996,10.4,11.7,9.3
incidence_per_1000_uninfected,CPV,SEX_MLE,2002,0.5,0.6,0.44
incidence_per_1000_uninfected,STP,SEX_BTSX,2012,,,
incidence_per_1000_uninfected,CIV,SEX_MLE,1997,4.4,5.4,3.6
incidence_per_1000_uninfected,MLI,SEX_FMLE,1994,1.7,2.2,1.4
incidence_per_1000_uninfected,MOZ,SEX_FMLE,2001,10.4,11.7,9.3
incidence_per_1000_uninfected,SEN,SEX_BTSX,2000,0.67,0.72,0.64
incidence_per_1000_uninfected,SEN,SEX_BTSX,2017,0.11,0.12,0.1
incidence_per_1000_uninfected,NAM,SEX_FMLE,2007,8.1,9.3,7.1
incidence_per_1000_uninfected,ZAF,SEX_FMLE,2000,15.6,17.2,13.9
incidence_per_1000_uninfected,GIN,SEX_BTSX,2004,1.2,1.4,0.99
incidence_per_1000_uninfected,SEN,SEX_FMLE,1996,0.5,0.54,0.46
incidence_per_1000_uninfected,COG,SEX_BTSX,1999,2.5,2.9,2.2
incidence_per_1000_uninfected,STP,SEX_MLE,2007,,,
incidence_per_1000_uninfected,UGA,SEX_BTSX,1997,5.5,6.2,5.0
incidence_per_1000_uninfected,COM,SEX_BTSX,2018,0.1,0.1,0.01
incidence_per_1000_uninfected,COG,SEX_FMLE,2001,2.8,3.3,2.5
incidence_per_1000_uninfected,BWA,SEX_FMLE,2008,9.6,10.9,8.3
incidence_per_1000_uninfected,KEN,SEX_BTSX,1994,9.4,14.7,6.0
incidence_per_1000_uninfected,BWA,SEX_BTSX,2005,10.5,12.2,9.2
incidence_per_1000_uninfected,CAF,SEX_BTSX,2005,3.1,3.7,2.5
incidence_per_1000_uninfected,GNB,SEX_MLE,2022,0.42,0.61,0.28
incidence_per_1000_uninfected,MRT,SEX_BTSX,1998,0.61,0.72,0.49
incidence_per_1000_uninfected,GHA,SEX_MLE,2024,0.31,0.5,0.2
incidence_per_1000_uninfected,KEN,SEX_FMLE,2021,0.62,0.97,0.39
incidence_per_1000_uninfected,COG,SEX_BTSX,2021,1.9,2.8,1.1
incidence_per_1000_uninfected,ETH,SEX_MLE,1995,1.9,4.1,1.0
incidence_per_1000_uninfected,BWA,SEX_BTSX,2023,1.9,2.4,1.6
incidence_per_1000_uninfected,BDI,SEX_FMLE,2008,0.65,0.83,0.5
incidence_per_1000_uninfected,CPV,SEX_FMLE,2012,0.34,0.44,0.28
incidence_per_1000_uninfected,GMB,SEX_MLE,2004,1.4,1.9,1.1
incidence_per_1000_uninfected,DZA,SEX_MLE,1990,0.01,0.01,0.01
incidence_per_1000_uninfected,NER,SEX_BTSX,2021,0.1,0.1,0.1
incidence_per_1000_uninfected,SWZ,SEX_FMLE,2007,20.7,23.1,18.7
incidence_per_1000_uninfected,ETH,SEX_FMLE,2001,1.1,2.1,0.65
incidence_per_1000_uninfected,NER,SEX_BTSX,1998,0.55,0.65,0.48
incidence_per_1000_uninfected,NER,SEX_FMLE,2021,0.1,0.1,0.1
incidence_per_1000_uninfected,SWZ,SEX_MLE,2010,13.5,15.5,12.0
incidence_per_1000_uninfected,MWI,SEX_BTSX,2015,2.5,3.0,2.3
incidence_per_1000_uninfected,GAB,SEX_BTSX,2011,1.8,2.3,1.3
incidence_per_1000_uninfected,TZA,SEX_MLE,2001,2.8,3.3,2.6
incidence_per_1000_uninfected,DZA,SEX_FMLE,1992,0.01,0.01,0.01
incidence_per_1000_uninfected,STP,SEX_FMLE,2003,,,
incidence_per_1000_uninfected,GNQ,SEX_FMLE,2012,,,
incidence_per_1000_uninfected,SWZ,SEX_MLE,2013,12.2,13.9,10.7
incidence_per_1000_uninfected,COM,SEX_MLE,2008,0.1,0.1,0.01
incidence_per_1000_uninfected,SLE,SEX_FMLE,2006,1.2,1.4,1.0
incidence_per_1000_uninfected,SEN,SEX_BTSX,2023,0.17,0.19,0.16
incidence_per_1000_uninfected,BWA,SEX_BTSX,1992,21.3,23.1,19.8
incidence_per_1000_uninfected,BFA,SEX_FMLE,2007,0.39,0.49,0.3
incidence_per_1000_uninfected,BEN,SEX_MLE,2011,0.32,0.42,0.26
incidence_per_1000_uninfected,DZA,SEX_MLE,1993,0.01,0.01,0.01
incidence_per_1000_uninfected,BWA,SEX_BTSX,2001,16.8,18.7,15.4
incidence_per_1000_uninfected,NER,SEX_FMLE,2012,0.1,0.1,0.1
incidence_per_1000_uninfected,ERI,SEX_FMLE,2013,0.12,0.23,0.1
incidence_per_1000_uninfected,ERI,SEX_MLE,2008,0.18,0.33,0.1
incidence_per_1000_uninfected,ZAF,SEX_BTSX,2010,7.9,8.8,7.1
incidence_per_1000_uninfected,CMR,SEX_BTSX,2013,1.2,1.5,1.0
incidence_per_1000_uninfected,BWA,SEX_BTSX,2017,4.6,5.0,4.2
incidence_per_1000_uninfected,NGA,SEX_MLE,2021,0.26,0.36,0.21
incidence_per_1000_uninfected,SSD,SEX_FMLE,2019,0.89,1.2,0.64
incidence_per_1000_uninfected,STP,SEX_MLE,2016,,,
incidence_per_1000_uninfected,UGA,SEX_FMLE,2016,2.4,2.9,2.1
incidence_per_1000_uninfected,ZWE,SEX_FMLE,1992,33.7,38.9,29.5
incidence_per_1000_uninfected,BDI,SEX_BTSX,2016,0.2,0.29,0.13
incidence_per_1000_uninfected,RWA,SEX_BTSX,2016,0.5,0.75,0.38
incidence_per_1000_uninfected,CPV,SEX_MLE,2023,0.46,0.68,0.27
incidence_per_1000_uninfected,MOZ,SEX_MLE,2008,6.7,7.8,6.1
incidence_per_1000_uninfected,NER,SEX_BTSX,2008,0.16,0.2,0.13
incidence_per_1000_uninfected,DZA,SEX_MLE,2010,0.1,0.1,0.1
incidence_per_1000_uninfected,MLI,SEX_BTSX,2006,0.71,0.92,0.6
incidence_per_1000_uninfected,MWI,SEX_BTSX,2003,7.3,8.2,6.9
incidence_per_1000_uninfected,ZAF,SEX_BTSX,2004,11.4,12.6,10.3
incidence_per_1000_uninfected,ETH,SEX_MLE,2020,0.1,0.15,0.1
incidence_per_1000_uninfected,ZMB,SEX_FMLE,1998,10.5,11.7,9.5
incidence_per_1000_uninfected,ERI,SEX_BTSX,2001,0.81,1.1,0.58
incidence_per_1000_uninfected,SYC,SEX_MLE,2007,,,
incidence_per_1000_uninfected,MDG,SEX_MLE,2010,0.2,0.26,0.16
incidence_per_1000_uninfected,KEN,SEX_MLE,1993,8.2,13.0,5.3
incidence_per_1000_uninfected,BFA,SEX_MLE,2013,0.2,0.26,0.14
incidence_per_1000_uninfected,COG,SEX_FMLE,2008,2.2,2.7,1.8
incidence_per_1000_uninfected,BEN,SEX_MLE,2004,0.63,0.79,0.54
incidence_per_1000_uninfected,SYC,SEX_BTSX,1998,,,
incidence_per_1000_uninfected,CMR,SEX_BTSX,2014,1.1,1.4,0.93
incidence_per_1000_uninfected,RWA,SEX_BTSX,1991,4.4,5.6,3.3
incidence_per_1000_uninfected,TZA,SEX_FMLE,1996,5.0,5.7,4.5
incidence_per_1000_uninfected,LBR,SEX_BTSX,2019,,,
incidence_per_1000_uninfected,SEN,SEX_MLE,2003,0.45,0.5,0.41
incidence_per_1000_uninfected,SWZ,SEX_MLE,2003,19.1,21.5,17.5
incidence_per_1000_uninfected,ERI,SEX_BTSX,2020,0.1,0.16,0.1
incidence_per_1000_uninfected,COM,SEX_MLE,2001,0.1,0.1,0.01
incidence_per_1000_uninfected,CPV,SEX_MLE,2008,0.39,0.49,0.32
incidence_per_1000_uninfected,NER,SEX_BTSX,2004,0.29,0.34,0.25
incidence_per_1000_uninfected,NER,SEX_BTSX,1994,0.72,0.87,0.58
incidence_per_1000_uninfected,DZA,SEX_FMLE,1990,0.01,0.01,0.01
incidence_per_1000_uninfected,NGA,SEX_FMLE,2021,0.41,0.54,0.32
incidence_per_1000_uninfected,SEN,SEX_BTSX,2024,0.16,0.18,0.15
incidence_per_1000_uninfected,MUS,SEX_FMLE,2023,,,
incidence_per_1000_uninfected,ETH,SEX_MLE,2003,0.65,1.4,0.34
incidence_per_1000_uninfected,GIN,SEX_MLE,2015,0.67,0.86,0.54
incidence_per_1000_uninfected,BWA,SEX_BTSX,2008,8.4,9.6,7.2
incidence_per_1000_uninfected,LBR,SEX_MLE,2023,,,
incidence_per_1000_uninfected,GNQ,SEX_MLE,2018,,,
incidence_per_1000_uninfected,ZWE,SEX_FMLE,2002,12.5,14.0,11.3
incidence_per_1000_uninfected,GAB,SEX_BTSX,2003,2.9,3.6,2.3
incidence_per_1000_uninfected,GHA,SEX_FMLE,2020,0.86,1.2,0.62
incidence_per_1000_uninfected,ZWE,SEX_MLE,1991,30.1,35.7,25.9
incidence_per_1000_uninfected,UGA,SEX_MLE,2005,3.8,4.4,3.5
incidence_per_1000_uninfected,MUS,SEX_BTSX,2005,,,
incidence_per_1000_uninfected,MRT,SEX_FMLE,2017,0.1,0.11,0.1
incidence_per_1000_uninfected,ZWE,SEX_FMLE,2016,3.4,4.3,2.9
incidence_per_1000_uninfected,BFA,SEX_MLE,2011,0.24,0.31,0.18
incidence_per_1000_uninfected,ZWE,SEX_FMLE,2014,3.9,5.0,3.4
incidence_per_1000_uninfected,GAB,SEX_BTSX,2015,1.3,1.9,0.89
incidence_per_1000_uninfected,GMB,SEX_BTSX,2008,1.4,1.9,1.1
incidence_per_1000_uninfected,ETH,SEX_MLE,2004,0.56,1.2,0.3
incidence_per_1000_uninfected,MLI,SEX_FMLE,2018,0.36,0.51,0.27
incidence_per_1000_uninfected,BEN,SEX_MLE,2015,0.18,0.26,0.14
incidence_per_1000_uninfected,BEN,SEX_FMLE,1992,1.0,1.4,0.81
incidence_per_1000_uninfected,TGO,SEX_BTSX,2021,0.42,0.64,0.25
incidence_per_1000_uninfected,NER,SEX_MLE,1993,0.74,0.89,0.59
incidence_per_1000_uninfected,RWA,SEX_BTSX,2007,1.5,1.8,1.3
incidence_per_1000_uninfected,UGA,SEX_MLE,1998,4.8,5.7,4.4
incidence_per_1000_uninfected,LBR,SEX_FMLE,2014,,,
incidence_per_1000_uninfected,TCD,SEX_FMLE,2024,0.25,0.4,0.16
incidence_per_1000_uninfected,BEN,SEX_FMLE,1999,1.2,1.4,0.97
incidence_per_1000_uninfected,GIN,SEX_BTSX,2011,0.88,1.1,0.73
incidence_per_1000_uninfected,BEN,SEX_FMLE,2022,0.15,0.23,0.1
incidence_per_1000_uninfected,SSD,SEX_BTSX,1990,1.3,2.0,0.59
incidence_per_1000_uninfected,ZMB,SEX_MLE,2007,4.8,5.6,4.3
incidence_per_1000_uninfected,SEN,SEX_BTSX,1992,0.32,0.35,0.3
incidence_per_1000_uninfected,BDI,SEX_FMLE,2021,0.14,0.21,0.1
incidence_per_1000_uninfected,SYC,SEX_BTSX,2015,,,
incidence_per_1000_uninfected,NGA,SEX_MLE,2012,0.65,0.83,0.57
incidence_per_1000_uninfected,MUS,SEX_BTSX,1999,,,
incidence_per_1000_uninfected,MWI,SEX_BTSX,1999,9.5,10.4,8.9
incidence_per_1000_uninfected,BWA,SEX_BTSX,2004,12.3,14.2,11.0
incidence_per_1000_uninfected,COM,SEX_MLE,2020,0.1,0.1,0.01
incidence_per_1000_uninfected,COG,SEX_MLE,2024,1.1,1.7,0.47
incidence_per_1000_uninfected,KEN,SEX_BTSX,1995,8.2,12.7,5.2
incidence_per_1000_uninfected,BEN,SEX_MLE,2010,0.37,0.46,0.3
incidence_per_1000_uninfected,SEN,SEX_BTSX,2013,0.12,0.14,0.1
incidence_per_1000_uninfected,COM,SEX_MLE,2005,0.1,0.1,0.01
incidence_per_1000_uninfected,COG,SEX_FMLE,2023,2.5,4.0,1.2
incidence_per_1000_uninfected,ERI,SEX_FMLE,2022,0.15,0.24,0.1
incidence_per_1000_uninfected,GNQ,SEX_FMLE,2020,,,
incidence_per_1000_uninfected,CAF,SEX_BTSX,2013,1.8,2.4,1.3
incidence_per_1000_uninfected,MRT,SEX_BTSX,2022,0.1,0.1,0.1
incidence_per_1000_uninfected,MUS,SEX_BTSX,1993,,,
incidence_per_1000_uninfected,SLE,SEX_BTSX,1998,1.4,1.8,1.2
incidence_per_1000_uninfected,MUS,SEX_BTSX,2010,,,
incidence_per_1000_uninfected,TGO,SEX_FMLE,1998,3.6,4.9,2.9
incidence_per_1000_uninfected,GAB,SEX_FMLE,1992,4.0,6.4,2.3
incidence_per_1000_uninfected,KEN,SEX_BTSX,2006,2.7,4.2,1.7
incidence_per_1000_uninfected,NAM,SEX_MLE,2008,5.6,6.7,4.9
incidence_per_1000_uninfected,CAF,SEX_BTSX,2007,2.7,3.3,2.1
incidence_per_1000_uninfected,COG,SEX_MLE,2007,1.4,1.7,1.2
incidence_per_1000_uninfected,STP,SEX_FMLE,2022,,,
incidence_per_1000_uninfected,DZA,SEX_MLE,1999,0.1,0.1,0.1
incidence_per_1000_uninfected,NAM,SEX_MLE,2006,6.6,7.7,5.9
incidence_per_1000_uninfected,SEN,SEX_MLE,2023,0.18,0.21,0.16
incidence_per_1000_uninfected,BDI,SEX_FMLE,1996,2.4,3.2,2.0
incidence_per_1000_uninfected,MWI,SEX_FMLE,2015,3.1,3.6,2.8
incidence_per_1000_uninfected,MWI,SEX_MLE,2008,4.0,4.7,3.7
incidence_per_1000_uninfected,ERI,SEX_MLE,1999,1.0,1.4,0.75
incidence_per_1000_uninfected,ZMB,SEX_FMLE,2022,2.6,3.2,2.0
incidence_per_1000_uninfected,MRT,SEX_FMLE,1994,0.52,0.67,0.39
incidence_per_1000_uninfected,CAF,SEX_FMLE,2004,3.7,4.5,3.0
incidence_per_1000_uninfected,GNB,SEX_MLE,2023,0.39,0.56,0.25
incidence_per_1000_uninfected,CPV,SEX_BTSX,2018,0.45,0.59,0.35
incidence_per_1000_uninfected,NGA,SEX_MLE,2006,1.0,1.2,0.9
incidence_per_1000_uninfected,GMB,SEX_BTSX,2016,0.82,1.1,0.56
incidence_per_1000_uninfected,BDI,SEX_MLE,1998,1.6,2.0,1.4
incidence_per_1000_uninfected,TGO,SEX_BTSX,2019,0.45,0.64,0.3
incidence_per_1000_uninfected,ERI,SEX_MLE,2021,0.1,0.13,0.1
incidence_per_1000_uninfected,MLI,SEX_FMLE,2015,0.44,0.6,0.33
incidence_per_1000_uninfected,MDG,SEX_BTSX,2002,0.1,0.15,0.1
incidence_per_1000_uninfected,TZA,SEX_BTSX,2014,2.0,2.4,1.8
incidence_per_1000_uninfected,GHA,SEX_BTSX,2020,0.64,0.89,0.48
incidence_per_1000_uninfected,LBR,SEX_FMLE,2008,,,
incidence_per_1000_uninfected,RWA,SEX_BTSX,1992,4.6,5.6,3.7
incidence_per_1000_uninfected,NGA,SEX_BTSX,2005,1.2,1.4,1.1
incidence_per_1000_uninfected,ZWE,SEX_FMLE,2003,11.5,12.8,10.4
incidence_per_1000_uninfected,ZAF,SEX_FMLE,2012,8.3,9.2,7.4
incidence_per_1000_uninfected,LBR,SEX_MLE,2006,,,
incidence_per_1000_uninfected,COM,SEX_FMLE,2019,0.1,0.1,0.01
incidence_per_1000_uninfected,DZA,SEX_MLE,1994,0.01,0.01,0.01
incidence_per_1000_uninfected,GHA,SEX_BTSX,2013,0.82,1.0,0.67
incidence_per_1000_uninfected,GMB,SEX_BTSX,2020,0.62,0.91,0.39
incidence_per_1000_uninfected,KEN,SEX_FMLE,1996,8.7,13.5,5.5
incidence_per_1000_uninfected,NGA,SEX_FMLE,2012,0.88,1.1,0.76
incidence_per_1000_uninfected,AGO,SEX_FMLE,2006,1.6,1.8,1.4
incidence_per_1000_uninfected,NAM,SEX_MLE,2009,5.4,6.5,4.9
incidence_per_1000_uninfected,TZA,SEX_BTSX,2000,3.5,4.0,3.1
incidence_per_1000_uninfected,MDG,SEX_BTSX,2007,0.17,0.22,0.13
incidence_per_1000_uninfected,GMB,SEX_FMLE,2007,1.5,2.1,1.2
incidence_per_1000_uninfected,CPV,SEX_MLE,2021,0.43,0.62,0.29
incidence_per_1000_uninfected,BDI,SEX_FMLE,2015,0.3,0.43,0.2
incidence_per_1000_uninfected,SYC,SEX_FMLE,2004,,,
incidence_per_1000_uninfected,MRT,SEX_FMLE,2016,0.1,0.11,0.1
incidence_per_1000_uninfected,BFA,SEX_MLE,1999,0.97,1.2,0.81
incidence_per_1000_uninfected,GHA,SEX_FMLE,2005,1.4,1.7,1.2
incidence_per_1000_uninfected,ERI,SEX_BTSX,2024,0.1,0.16,0.1
incidence_per_1000_uninfected,BWA,SEX_MLE,2016,4.1,4.6,3.6
incidence_per_1000_uninfected,BWA,SEX_MLE,2007,7.7,9.1,6.6
incidence_per_1000_uninfected,UGA,SEX_FMLE,2006,4.4,4.9,4.0
incidence_per_1000_uninfected,CIV,SEX_FMLE,1993,8.5,10.2,6.8
incidence_per_1000_uninfected,MRT,SEX_BTSX,2018,0.1,0.1,0.1
incidence_per_1000_uninfected,GNQ,SEX_BTSX,1996,,,
incidence_per_1000_uninfected,KEN,SEX_BTSX,2021,0.47,0.73,0.3
incidence_per_1000_uninfected,CIV,SEX_MLE,2000,3.2,3.8,2.7
incidence_per_1000_uninfected,TZA,SEX_BTSX,2006,2.5,2.8,2.2
incidence_per_1000_uninfected,MRT,SEX_BTSX,2013,0.1,0.11,0.1
incidence_per_1000_uninfected,ETH,SEX_MLE,1996,1.6,3.5,0.86
incidence_per_1000_uninfected,ZWE,SEX_BTSX,2001,12.7,14.1,11.6
incidence_per_1000_uninfected,MLI,SEX_BTSX,2011,0.48,0.65,0.38
incidence_per_1000_uninfected,MDG,SEX_BTSX,2001,0.1,0.14,0.1
incidence_per_1000_uninfected,LBR,SEX_BTSX,2016,,,
incidence_per_1000_uninfected,ZMB,SEX_FMLE,2024,2.0,2.7,1.5
incidence_per_1000_uninfected,ETH,SEX_MLE,2010,0.28,0.61,0.15
incidence_per_1000_uninfected,ZWE,SEX_BTSX,2004,10.2,11.3,9.3
incidence_per_1000_uninfected,NGA,SEX_MLE,2004,1.1,1.4,1.0
incidence_per_1000_uninfected,GNQ,SEX_BTSX,2016,,,
incidence_per_1000_uninfected,RWA,SEX_FMLE,2019,0.37,0.6,0.24
incidence_per_1000_uninfected,LBR,SEX_MLE,2005,,,
incidence_per_1000_uninfected,SSD,SEX_MLE,1994,1.8,2.7,1.0
incidence_per_1000_uninfected,ETH,SEX_BTSX,1990,3.4,6.9,2.0
incidence_per_1000_uninfected,RWA,SEX_MLE,2023,0.16,0.25,0.11
incidence_per_1000_uninfected,SWZ,SEX_FMLE,1994,20.4,23.3,17.4
incidence_per_1000_uninfected,SLE,SEX_MLE,2017,0.59,0.8,0.46
incidence_per_1000_uninfected,GHA,SEX_FMLE,2017,0.92,1.2,0.69
incidence_per_1000_uninfected,CPV,SEX_MLE,2004,0.52,0.62,0.45
incidence_per_1000_uninfected,SSD,SEX_BTSX,2001,1.7,2.3,1.2
incidence_per_1000_uninfected,MDG,SEX_FMLE,2024,0.47,0.62,0.34
incidence_per_1000_uninfected,KEN,SEX_MLE,2011,1.2,1.9,0.75
incidence_per_1000_uninfected,BEN,SEX_MLE,2009,0.41,0.53,0.34
incidence_per_1000_uninfected,NER,SEX_MLE,2013,0.1,0.1,0.1
incidence_per_1000_uninfected,MLI,SEX_MLE,1990,1.2,1.9,0.71
incidence_per_1000_uninfected,ZAF,SEX_MLE,1993,7.6,9.1,6.7
incidence_per_1000_uninfected,SYC,SEX_MLE,2011,,,
incidence_per_1000_uninfected,NER,SEX_MLE,1997,0.61,0.72,0.52
incidence_per_1000_uninfected,SEN,SEX_BTSX,2004,0.36,0.4,0.34
incidence_per_1000_uninfected,SEN,SEX_FMLE,1991,0.23,0.25,0.21
incidence_per_1000_uninfected,BWA,SEX_FMLE,2005,11.9,13.8,10.4
incidence_per_1000_uninfected,SLE,SEX_BTSX,1993,1.3,1.7,0.89
incidence_per_1000_uninfected,RWA,SEX_FMLE,2018,0.45,0.72,0.32
incidence_per_1000_uninfected,COG,SEX_FMLE,2009,2.2,2.7,1.7
incidence_per_1000_uninfected,MLI,SEX_BTSX,2018,0.32,0.44,0.24
incidence_per_1000_uninfected,BWA,SEX_MLE,2023,1.4,1.7,1.1
incidence_per_1000_uninfected,BFA,SEX_FMLE,2006,0.45,0.57,0.35
incidence_per_1000_uninfected,MLI,SEX_MLE,2009,0.5,0.66,0.41
incidence_per_1000_uninfected,ETH,SEX_BTSX,2004,0.66,1.3,0.38
incidence_per_1000_uninfected,UGA,SEX_FMLE,1994,6.6,7.4,6.0
incidence_per_1000_uninfected,CMR,SEX_MLE,2012,1.2,1.6,1.0
incidence_per_1000_uninfected,SYC,SEX_FMLE,2018,,,
incidence_per_1000_uninfected,LSO,SEX_FMLE,1990,6.3,7.8,4.9
incidence_per_1000_uninfected,BFA,SEX_FMLE,2018,0.18,0.25,0.13
incidence_per_1000_uninfected,MRT,SEX_FMLE,2004,0.32,0.38,0.26
incidence_per_1000_uninfected,BEN,SEX_BTSX,2012,0.36,0.46,0.28
incidence_per_1000_uninfected,GIN,SEX_MLE,2002,1.1,1.4,0.95
incidence_per_1000_uninfected,MDG,SEX_BTSX,1997,0.1,0.1,0.1
incidence_per_1000_uninfected,ZAF,SEX_BTSX,1997,13.2,14.6,11.8
incidence_per_1000_uninfected,CPV,SEX_FMLE,2017,0.41,0.53,0.33
incidence_per_1000_uninfected,SYC,SEX_BTSX,2006,,,
incidence_per_1000_uninfected,MRT,SEX_FMLE,2005,0.26,0.33,0.21
incidence_per_1000_uninfected,ZWE,SEX_MLE,2023,0.77,1.0,0.62
incidence_per_1000_uninfected,ETH,SEX_BTSX,2007,0.48,0.96,0.27
incidence_per_1000_uninfected,MWI,SEX_MLE,1992,12.7,14.1,11.7
incidence_per_1000_uninfected,MRT,SEX_BTSX,2015,0.1,0.1,0.1
incidence_per_1000_uninfected,GHA,SEX_BTSX,2014,0.79,1.0,0.64
incidence_per_1000_uninfected,SWZ,SEX_BTSX,2020,5.5,6.5,4.5
incidence_per_1000_uninfected,SSD,SEX_MLE,2007,1.2,1.6,0.94
incidence_per_1000_uninfected,BEN,SEX_BTSX,2024,0.1,0.15,0.1
incidence_per_1000_uninfected,STP,SEX_BTSX,2004,,,
incidence_per_1000_uninfected,SYC,SEX_BTSX,2001,,,
incidence_per_1000_uninfected,GNB,SEX_MLE,2014,0.84,1.1,0.59
incidence_per_1000_uninfected,ERI,SEX_MLE,2018,0.1,0.15,0.1
incidence_per_1000_uninfected,BDI,SEX_MLE,2017,0.13,0.2,0.1
incidence_per_1000_uninfected,MWI,SEX_MLE,2007,4.4,5.0,4.0
incidence_per_1000_uninfected,COG,SEX_BTSX,2000,2.4,2.9,2.1
incidence_per_1000_uninfected,MRT,SEX_BTSX,2005,0.33,0.41,0.26
incidence_per_1000_uninfected,COD,SEX_MLE,2016,0.29,0.39,0.21
incidence_per_1000_uninfected,LSO,SEX_FMLE,2022,3.0,4.0,2.2
incidence_per_1000_uninfected,GNB,SEX_MLE,2020,0.49,0.68,0.33
incidence_per_1000_uninfected,LSO,SEX_BTSX,2022,2.5,3.3,1.8
incidence_per_1000_uninfected,MRT,SEX_MLE,2005,0.39,0.5,0.3
incidence_per_1000_uninfected,CPV,SEX_FMLE,1992,0.41,0.78,0.29
incidence_per_1000_uninfected,BDI,SEX_MLE,2004,0.75,0.99,0.59
incidence_per_1000_uninfected,MRT,SEX_FMLE,2019,0.1,0.1,0.1
incidence_per_1000_uninfected,GNQ,SEX_MLE,1995,,,
incidence_per_1000_uninfected,MDG,SEX_BTSX,1992,0.1,0.1,0.01
incidence_per_1000_uninfected,CAF,SEX_FMLE,1991,7.7,11.8,5.8
incidence_per_1000_uninfected,MUS,SEX_BTSX,2021,,,
incidence_per_1000_uninfected,UGA,SEX_FMLE,2013,3.0,3.5,2.6
incidence_per_1000_uninfected,GAB,SEX_MLE,2016,0.75,1.1,0.49
incidence_per_1000_uninfected,NER,SEX_BTSX,2011,0.1,0.11,0.1
incidence_per_1000_uninfected,MRT,SEX_FMLE,2003,0.36,0.43,0.3
incidence_per_1000_uninfected,CAF,SEX_MLE,2012,1.6,2.0,1.2
incidence_per_1000_uninfected,CPV,SEX_FMLE,2010,0.33,0.43,0.27
incidence_per_1000_uninfected,MDG,SEX_FMLE,1993,0.1,0.1,0.01
incidence_per_1000_uninfected,MDG,SEX_BTSX,2017,0.23,0.32,0.17
incidence_per_1000_uninfected,AGO,SEX_BTSX,2023,0.59,0.73,0.47
incidence_per_1000_uninfected,MRT,SEX_BTSX,1994,0.49,0.65,0.37
incidence_per_1000_uninfected,BDI,SEX_MLE,2003,0.85,1.1,0.69
incidence_per_1000_uninfected,NER,SEX_FMLE,2009,0.12,0.15,0.1
incidence_per_1000_uninfected,LSO,SEX_FMLE,2007,17.4,20.4,15.3
incidence_per_1000_uninfected,TGO,SEX_MLE,1999,2.5,3.3,2.0
incidence_per_1000_uninfected,DZA,SEX_FMLE,2023,0.1,0.1,0.1
incidence_per_1000_uninfected,AGO,SEX_MLE,1992,0.66,0.94,0.44
incidence_per_1000_uninfected,MUS,SEX_BTSX,2022,,,
incidence_per_1000_uninfected,LBR,SEX_BTSX,1994,,,
incidence_per_1000_uninfected,ZAF,SEX_FMLE,1995,12.9,14.1,11.4
incidence_per_1000_uninfected,TCD,SEX_MLE,1991,1.9,2.8,1.1
incidence_per_1000_uninfected,COM,SEX_BTSX,1999,0.1,0.1,0.01
incidence_per_1000_uninfected,UGA,SEX_MLE,2004,4.0,4.7,3.7
incidence_per_1000_uninfected,GNQ,SEX_MLE,2004,,,
incidence_per_1000_uninfected,MWI,SEX_BTSX,2009,4.3,4.9,3.9
incidence_per_1000_uninfected,MLI,SEX_BTSX,2015,0.39,0.52,0.3
incidence_per_1000_uninfected,ZMB,SEX_BTSX,2024,1.5,2.0,1.1
incidence_per_1000_uninfected,MRT,SEX_BTSX,2012,0.1,0.12,0.1
incidence_per_1000_uninfected,LBR,SEX_BTSX,2013,,,
incidence_per_1000_uninfected,NER,SEX_MLE,2023,0.1,0.1,0.1
incidence_per_1000_uninfected,MOZ,SEX_BTSX,1995,6.6,7.8,5.7
incidence_per_1000_uninfected,GHA,SEX_FMLE,2002,1.7,2.0,1.5
incidence_per_1000_uninfected,STP,SEX_FMLE,2009,,,
incidence_per_1000_uninfected,GNB,SEX_FMLE,1994,1.8,2.4,1.2
incidence_per_1000_uninfected,TCD,SEX_FMLE,1991,2.2,3.1,1.3
incidence_per_1000_uninfected,TZA,SEX_BTSX,2009,2.1,2.4,1.9
incidence_per_1000_uninfected,STP,SEX_FMLE,2005,,,
incidence_per_1000_uninfected,MRT,SEX_MLE,2020,0.1,0.1,0.1
incidence_per_1000_uninfected,COG,SEX_FMLE,2000,3.0,3.5,2.6
incidence_per_1000_uninfected,MRT,SEX_BTSX,2023,0.1,0.1,0.1
incidence_per_1000_uninfected,CIV,SEX_BTSX,2002,3.0,3.5,2.6
incidence_per_1000_uninfected,MOZ,SEX_BTSX,1998,8.5,9.8,7.7
incidence_per_1000_uninfected,SYC,SEX_BTSX,2020,,,
incidence_per_1000_uninfected,MWI,SEX_MLE,2011,3.1,3.7,2.8
incidence_per_1000_uninfected,LBR,SEX_FMLE,2019,,,
incidence_per_1000_uninfected,MLI,SEX_FMLE,2005,0.85,1.1,0.71
incidence_per_1000_uninfected,DZA,SEX_BTSX,2023,0.1,0.1,0.1
incidence_per_1000_uninfected,TGO,SEX_FMLE,2014,0.7,0.98,0.47
incidence_per_1000_uninfected,LSO,SEX_MLE,2012,9.4,11.6,7.9
incidence_per_1000_uninfected,LSO,SEX_BTSX,2018,4.7,6.1,3.8
incidence_per_1000_uninfected,MRT,SEX_BTSX,1992,0.38,0.55,0.28
incidence_per_1000_uninfected,BDI,SEX_MLE,1990,4.7,6.7,3.2
incidence_per_1000_uninfected,GMB,SEX_MLE,1997,1.4,1.9,0.99
incidence_per_1000_uninfected,ETH,SEX_MLE,2024,0.1,0.1,0.1
incidence_per_1000_uninfected,LBR,SEX_MLE,2004,,,
incidence_per_1000_uninfected,ZAF,SEX_MLE,2006,8.3,9.8,7.3
incidence_per_1000_uninfected,UGA,SEX_MLE,2017,1.3,1.6,1.1
incidence_per_1000_uninfected,GNQ,SEX_BTSX,1992,,,
incidence_per_1000_uninfected,GNQ,SEX_FMLE,1995,,,
incidence_per_1000_uninfected,CIV,SEX_MLE,1992,6.8,8.6,5.6
incidence_per_1000_uninfected,GNB,SEX_MLE,1995,1.9,2.4,1.3
incidence_per_1000_uninfected,SEN,SEX_FMLE,2011,0.15,0.17,0.14
incidence_per_1000_uninfected,GAB,SEX_MLE,1992,2.0,3.5,1.2
incidence_per_1000_uninfected,MUS,SEX_MLE,2007,,,
incidence_per_1000_uninfected,GHA,SEX_MLE,1993,1.9,2.4,1.6
incidence_per_1000_uninfected,AGO,SEX_MLE,2014,0.68,0.83,0.57
incidence_per_1000_uninfected,COM,SEX_MLE,2014,0.1,0.1,0.01
incidence_per_1000_uninfected,MUS,SEX_MLE,2016,,,
incidence_per_1000_uninfected,MWI,SEX_FMLE,2003,8.1,9.1,7.6
incidence_per_1000_uninfected,TGO,SEX_MLE,2016,0.41,0.57,0.29
incidence_per_1000_uninfected,COG,SEX_MLE,2014,1.2,1.6,0.92
incidence_per_1000_uninfected,TGO,SEX_FMLE,2018,0.58,0.81,0.41
incidence_per_1000_uninfected,GHA,SEX_MLE,2003,1.1,1.4,0.97
incidence_per_1000_uninfected,STP,SEX_FMLE,2021,,,
incidence_per_1000_uninfected,COM,SEX_BTSX,2008,0.1,0.1,0.01
incidence_per_1000_uninfected,COM,SEX_BTSX,1992,0.1,0.1,0.01
incidence_per_1000_uninfected,TZA,SEX_BTSX,2024,0.64,0.92,0.5
incidence_per_1000_uninfected,MUS,SEX_FMLE,2016,,,
incidence_per_1000_uninfected,SWZ,SEX_FMLE,2010,17.9,20.0,15.7
incidence_per_1000_uninfected,GAB,SEX_FMLE,2010,2.6,3.3,1.9
incidence_per_1000_uninfected,SYC,SEX_BTSX,2009,,,
incidence_per_1000_uninfected,CMR,SEX_MLE,1996,4.2,5.0,3.6
incidence_per_1000_uninfected,STP,SEX_FMLE,1996,,,
incidence_per_1000_uninfected,SSD,SEX_BTSX,1996,2.0,2.9,1.2
incidence_per_1000_uninfected,GHA,SEX_MLE,2013,0.64,0.84,0.52
incidence_per_1000_uninfected,TZA,SEX_FMLE,2003,3.3,3.8,3.0
incidence_per_1000_uninfected,TCD,SEX_FMLE,1995,2.2,2.9,1.6
incidence_per_1000_uninfected,ZMB,SEX_FMLE,2010,5.7,6.4,5.1
incidence_per_1000_uninfected,CMR,SEX_MLE,2015,0.83,1.1,0.67
incidence_per_1000_uninfected,CAF,SEX_MLE,2011,1.7,2.2,1.3
incidence_per_1000_uninfected,MDG,SEX_BTSX,1995,0.1,0.1,0.1
incidence_per_1000_uninfected,ZMB,SEX_MLE,2019,2.5,3.1,2.2
incidence_per_1000_uninfected,TGO,SEX_MLE,2001,2.0,2.6,1.7
incidence_per_1000_uninfected,NGA,SEX_BTSX,2024,0.21,0.29,0.15
incidence_per_1000_uninfected,LSO,SEX_MLE,2020,2.8,3.8,2.2
incidence_per_1000_uninfected,AGO,SEX_MLE,2004,0.98,1.1,0.83
incidence_per_1000_uninfected,COM,SEX_BTSX,2000,0.1,0.1,0.01
incidence_per_1000_uninfected,SSD,SEX_FMLE,2003,1.8,2.4,1.3
incidence_per_1000_uninfected,CIV,SEX_BTSX,2015,0.67,0.92,0.44
incidence_per_1000_uninfected,MRT,SEX_MLE,1998,0.66,0.8,0.54
incidence_per_1000_uninfected,CAF,SEX_FMLE,2021,1.0,1.7,0.58
incidence_per_1000_uninfected,MLI,SEX_FMLE,1995,1.6,2.0,1.3
incidence_per_1000_uninfected,MRT,SEX_BTSX,2016,0.1,0.1,0.1
incidence_per_1000_uninfected,RWA,SEX_FMLE,2000,3.5,3.8,3.2
incidence_per_1000_uninfected,CMR,SEX_FMLE,2005,3.2,3.6,2.9
incidence_per_1000_uninfected,NGA,SEX_FMLE,2015,0.7,0.86,0.59
incidence_per_1000_uninfected,COD,SEX_FMLE,2004,0.94,1.2,0.79
incidence_per_1000_uninfected,BWA,SEX_FMLE,2009,9.0,10.1,7.7
incidence_per_1000_uninfected,SWZ,SEX_BTSX,2004,21.2,22.9,19.7
incidence_per_1000_uninfected,CMR,SEX_MLE,1991,1.9,2.3,1.4
incidence_per_1000_uninfected,KEN,SEX_FMLE,1999,6.2,9.7,3.9
incidence_per_1000_uninfected,SEN,SEX_FMLE,2020,0.1,0.12,0.1
incidence_per_1000_uninfected,MUS,SEX_BTSX,2012,,,
incidence_per_1000_uninfected,ERI,SEX_FMLE,1996,1.6,2.1,1.2
incidence_per_1000_uninfected,COD,SEX_MLE,2014,0.33,0.46,0.25
incidence_per_1000_uninfected,ZMB,SEX_MLE,2023,1.2,1.6,0.93
incidence_per_1000_uninfected,SSD,SEX_BTSX,2008,1.3,1.7,1.0
incidence_per_1000_uninfected,MWI,SEX_FMLE,2021,1.1,1.3,0.87
incidence_per_1000_uninfected,CPV,SEX_MLE,1995,0.51,0.67,0.4
incidence_per_1000_uninfected,ETH,SEX_BTSX,2008,0.43,0.86,0.25
incidence_per_1000_uninfected,CMR,SEX_BTSX,2004,3.2,3.7,2.9
incidence_per_1000_uninfected,LSO,SEX_MLE,1994,17.4,21.6,14.5
incidence_per_1000_uninfected,SYC,SEX_FMLE,2023,,,
incidence_per_1000_uninfected,DZA,SEX_FMLE,2022,0.1,0.1,0.1
incidence_per_1000_uninfected,CMR,SEX_MLE,2000,4.0,4.8,3.5
incidence_per_1000_uninfected,MRT,SEX_FMLE,2007,0.18,0.23,0.13
incidence_per_1000_uninfected,COM,SEX_BTSX,2012,0.1,0.1,0.01
incidence_per_1000_uninfected,CIV,SEX_BTSX,2006,1.9,2.4,1.6
incidence_per_1000_uninfected,ZMB,SEX_FMLE,2020,3.6,4.3,3.0
incidence_per_1000_uninfected,ERI,SEX_BTSX,2010,0.15,0.25,0.1
incidence_per_1000_uninfected,LBR,SEX_FMLE,1994,,,
incidence_per_1000_uninfected,BWA,SEX_BTSX,2019,3.5,3.9,3.1
incidence_per_1000_uninfected,BFA,SEX_BTSX,2021,0.14,0.2,0.1
incidence_per_1000_uninfected,COG,SEX_FMLE,2024,2.3,3.9,1.1
incidence_per_1000_uninfected,MOZ,SEX_BTSX,2015,6.1,6.9,5.5
incidence_per_1000_uninfected,UGA,SEX_FMLE,2002,5.1,5.5,4.7
incidence_per_1000_uninfected,MDG,SEX_BTSX,2014,0.2,0.27,0.15
incidence_per_1000_uninfected,MOZ,SEX_MLE,2019,3.6,4.4,3.1
incidence_per_1000_uninfected,MRT,SEX_FMLE,2014,0.1,0.12,0.1
incidence_per_1000_uninfected,GMB,SEX_BTSX,2019,0.64,0.95,0.41
incidence_per_1000_uninfected,ERI,SEX_FMLE,2012,0.16,0.3,0.1
incidence_per_1000_uninfected,MUS,SEX_FMLE,2001,,,
incidence_per_1000_uninfected,GNB,SEX_FMLE,2011,1.9,2.3,1.5
incidence_per_1000_uninfected,SSD,SEX_FMLE,2009,1.4,1.9,1.2
incidence_per_1000_uninfected,GHA,SEX_MLE,2007,0.88,1.1,0.75
incidence_per_1000_uninfected,SWZ,SEX_BTSX,2014,13.9,15.4,12.2
incidence_per_1000_uninfected,CIV,SEX_FMLE,2024,0.35,0.61,0.18
incidence_per_1000_uninfected,LSO,SEX_FMLE,2023,2.9,3.9,2.1
incidence_per_1000_uninfected,BFA,SEX_FMLE,1991,2.4,3.2,1.8
incidence_per_1000_uninfected,BEN,SEX_BTSX,2008,0.51,0.63,0.41
incidence_per_1000_uninfected,GHA,SEX_FMLE,1999,2.0,2.4,1.8
incidence_per_1000_uninfected,MOZ,SEX_MLE,2003,7.6,8.9,6.9
incidence_per_1000_uninfected,ZAF,SEX_MLE,2021,2.6,3.2,2.3
incidence_per_1000_uninfected,COG,SEX_MLE,2002,1.8,2.1,1.5
incidence_per_1000_uninfected,BFA,SEX_FMLE,2020,0.15,0.2,0.1
incidence_per_1000_uninfected,COM,SEX_MLE,1992,0.1,0.1,0.01
incidence_per_1000_uninfected,BDI,SEX_MLE,2023,0.1,0.12,0.1
incidence_per_1000_uninfected,AGO,SEX_FMLE,2024,0.77,0.98,0.62
incidence_per_1000_uninfected,TZA,SEX_BTSX,2007,2.2,2.5,2.0
incidence_per_1000_uninfected,GIN,SEX_FMLE,2010,1.1,1.3,0.86
incidence_per_1000_uninfected,BDI,SEX_FMLE,1999,1.5,1.9,1.3
incidence_per_1000_uninfected,CPV,SEX_FMLE,1995,0.44,0.56,0.34
incidence_per_1000_uninfected,COG,SEX_MLE,1995,2.4,3.0,2.1
incidence_per_1000_uninfected,BWA,SEX_FMLE,1991,20.5,22.4,18.8
incidence_per_1000_uninfected,GNQ,SEX_BTSX,1998,,,
incidence_per_1000_uninfected,ZWE,SEX_BTSX,2000,13.6,15.2,12.4
incidence_per_1000_uninfected,COM,SEX_MLE,2016,0.1,0.1,0.01
incidence_per_1000_uninfected,TGO,SEX_BTSX,2022,0.4,0.63,0.24
incidence_per_1000_uninfected,SYC,SEX_FMLE,2006,,,
incidence_per_1000_uninfected,NER,SEX_FMLE,2002,0.31,0.36,0.27
incidence_per_1000_uninfected,CMR,SEX_MLE,2007,2.3,2.7,2.0
incidence_per_1000_uninfected,SSD,SEX_BTSX,2005,1.5,1.9,1.1
incidence_per_1000_uninfected,UGA,SEX_MLE,2023,0.66,0.9,0.49
incidence_per_1000_uninfected,CAF,SEX_BTSX,2001,4.1,4.9,3.3
incidence_per_1000_uninfected,COM,SEX_MLE,2015,0.1,0.1,0.01
incidence_per_1000_uninfected,TGO,SEX_BTSX,1998,3.2,4.3,2.5
incidence_per_1000_uninfected,GAB,SEX_BTSX,1996,4.3,6.4,2.8
incidence_per_1000_uninfected,MUS,SEX_FMLE,2017,,,
incidence_per_1000_uninfected,SLE,SEX_BTSX,1995,1.4,1.8,1.1
incidence_per_1000_uninfected,RWA,SEX_BTSX,2000,3.1,3.5,2.9
incidence_per_1000_uninfected,CMR,SEX_BTSX,1993,3.3,3.8,2.6
incidence_per_1000_uninfected,NER,SEX_FMLE,2003,0.28,0.32,0.24
incidence_per_1000_uninfected,BWA,SEX_BTSX,2009,7.7,8.8,6.7
incidence_per_1000_uninfected,ZAF,SEX_MLE,2022,2.4,3.0,2.1
incidence_per_1000_uninfected,GHA,SEX_FMLE,1990,2.3,3.1,1.5
incidence_per_1000_uninfected,STP,SEX_FMLE,2014,,,
incidence_per_1000_uninfected,AGO,SEX_BTSX,2003,1.3,1.6,1.1
incidence_per_1000_uninfected,CAF,SEX_FMLE,2009,2.6,3.2,2.0
incidence_per_1000_uninfected,SWZ,SEX_MLE,2006,16.7,18.6,15.1
incidence_per_1000_uninfected,CIV,SEX_FMLE,2016,0.83,1.2,0.56
incidence_per_1000_uninfected,GAB,SEX_MLE,2000,2.4,3.2,1.8
incidence_per_1000_uninfected,LBR,SEX_BTSX,2002,,,
incidence_per_1000_uninfected,COG,SEX_BTSX,2018,1.8,2.5,1.2
incidence_per_1000_uninfected,ETH,SEX_FMLE,2009,0.45,0.88,0.27
incidence_per_1000_uninfected,NAM,SEX_MLE,1996,11.5,13.2,10.2
incidence_per_1000_uninfected,KEN,SEX_MLE,2000,3.9,6.2,2.5
incidence_per_1000_uninfected,GHA,SEX_MLE,2019,0.45,0.62,0.34
incidence_per_1000_uninfected,SLE,SEX_FMLE,1992,1.2,1.7,0.8
incidence_per_1000_uninfected,ZWE,SEX_MLE,2024,0.73,0.98,0.58
incidence_per_1000_uninfected,COM,SEX_FMLE,2005,0.1,0.1,0.01
incidence_per_1000_uninfected,SYC,SEX_FMLE,2015,,,
incidence_per_1000_uninfected,DZA,SEX_BTSX,2001,0.1,0.1,0.1
incidence_per_1000_uninfected,COD,SEX_FMLE,2023,0.27,0.44,0.15
incidence_per_1000_uninfected,NGA,SEX_MLE,1990,1.2,1.5,1.0
incidence_per_1000_uninfected,COM,SEX_FMLE,2014,0.1,0.1,0.01
incidence_per_1000_uninfected,BWA,SEX_FMLE,1997,27.2,29.7,25.1
incidence_per_1000_uninfected,MUS,SEX_FMLE,1994,,,
incidence_per_1000_uninfected,GMB,SEX_BTSX,2023,0.46,0.78,0.27
incidence_per_1000_uninfected,GHA,SEX_BTSX,2017,0.71,0.93,0.56
incidence_per_1000_uninfected,SEN,SEX_FMLE,2015,0.1,0.11,0.1
incidence_per_1000_uninfected,NAM,SEX_FMLE,1997,16.0,17.9,14.3
incidence_per_1000_uninfected,BFA,SEX_FMLE,1994,1.7,2.1,1.4
incidence_per_1000_uninfected,ERI,SEX_BTSX,2019,0.11,0.19,0.1
incidence_per_1000_uninfected,NER,SEX_MLE,2021,0.1,0.1,0.1
incidence_per_1000_uninfected,ERI,SEX_FMLE,2018,0.14,0.24,0.1
incidence_per_1000_uninfected,MUS,SEX_BTSX,2011,,,
incidence_per_1000_uninfected,TZA,SEX_FMLE,2007,2.5,2.8,2.2
incidence_per_1000_uninfected,ERI,SEX_BTSX,2011,0.13,0.23,0.1
incidence_per_1000_uninfected,NER,SEX_BTSX,2024,0.1,0.1,0.1
incidence_per_1000_uninfected,BDI,SEX_BTSX,2008,0.59,0.77,0.46
incidence_per_1000_uninfected,ETH,SEX_FMLE,1997,2.0,3.8,1.1
incidence_per_1000_uninfected,CMR,SEX_MLE,2020,0.57,0.77,0.44
incidence_per_1000_uninfected,GNB,SEX_BTSX,2021,0.62,0.9,0.41
incidence_per_1000_uninfected,BDI,SEX_MLE,2012,0.31,0.43,0.21
incidence_per_1000_uninfected,NAM,SEX_BTSX,1994,11.9,13.5,10.7
incidence_per_1000_uninfected,NER,SEX_BTSX,2013,0.1,0.1,0.1
incidence_per_1000_uninfected,ZMB,SEX_MLE,1992,10.9,12.8,9.7
incidence_per_1000_uninfected,NAM,SEX_BTSX,1995,13.2,14.9,12.0
incidence_per_1000_uninfected,MUS,SEX_BTSX,2023,,,
incidence_per_1000_uninfected,TZA,SEX_BTSX,2020,1.3,1.6,1.1
incidence_per_1000_uninfected,COM,SEX_MLE,1998,0.1,0.1,0.01
incidence_per_1000_uninfected,GNQ,SEX_FMLE,2007,,,
incidence_per_1000_uninfected,GNB,SEX_FMLE,1990,0.5,0.74,0.32
incidence_per_1000_uninfected,LBR,SEX_FMLE,2002,,,
incidence_per_1000_uninfected,KEN,SEX_MLE,1990,7.5,11.9,4.8
incidence_per_1000_uninfected,SEN,SEX_FMLE,2016,0.1,0.11,0.1
incidence_per_1000_uninfected,SSD,SEX_FMLE,2008,1.5,2.0,1.2
incidence_per_1000_uninfected,MUS,SEX_BTSX,2004,,,
incidence_per_1000_uninfected,MUS,SEX_MLE,2003,,,
incidence_per_1000_uninfected,GNQ,SEX_FMLE,2015,,,
incidence_per_1000_uninfected,KEN,SEX_MLE,2014,0.81,1.3,0.52
incidence_per_1000_uninfected,COM,SEX_BTSX,1998,0.1,0.1,0.01
incidence_per_1000_uninfected,BDI,SEX_BTSX,2014,0.28,0.39,0.18
incidence_per_1000_uninfected,CAF,SEX_MLE,2002,3.2,4.0,2.6
incidence_per_1000_uninfected,STP,SEX_FMLE,2011,,,
incidence_per_1000_uninfected,TZA,SEX_FMLE,2000,3.9,4.4,3.5
incidence_per_1000_uninfected,NAM,SEX_FMLE,2011,6.8,7.8,5.9
incidence_per_1000_uninfected,CMR,SEX_MLE,1999,4.2,5.1,3.7
incidence_per_1000_uninfected,ZMB,SEX_FMLE,2019,4.5,5.3,3.9
incidence_per_1000_uninfected,LBR,SEX_BTSX,2006,,,
incidence_per_1000_uninfected,KEN,SEX_FMLE,1992,13.6,21.3,8.6
incidence_per_1000_uninfected,NGA,SEX_FMLE,1993,2.0,2.3,1.8
incidence_per_1000_uninfected,ERI,SEX_MLE,1997,1.4,1.8,1.0
incidence_per_1000_uninfected,TCD,SEX_BTSX,2007,0.91,1.2,0.72
incidence_per_1000_uninfected,MWI,SEX_FMLE,1995,14.4,15.5,13.5
incidence_per_1000_uninfected,MRT,SEX_MLE,2007,0.25,0.35,0.18
incidence_per_1000_uninfected,LBR,SEX_FMLE,2010,,,
incidence_per_1000_uninfected,KEN,SEX_MLE,1996,5.8,9.2,3.7
incidence_per_1000_uninfected,UGA,SEX_MLE,2021,0.84,1.1,0.66
incidence_per_1000_uninfected,MUS,SEX_BTSX,2008,,,
incidence_per_1000_uninfected,LSO,SEX_BTSX,1992,12.7,15.4,10.5
incidence_per_1000_uninfected,NER,SEX_FMLE,2015,0.1,0.1,0.1
incidence_per_1000_uninfected,SYC,SEX_MLE,2014,,,
incidence_per_1000_uninfected,UGA,SEX_FMLE,2014,2.7,3.2,2.4
incidence_per_1000_uninfected,GNB,SEX_MLE,1996,2.5,3.1,1.7
incidence_per_1000_uninfected,CAF,SEX_BTSX,1995,6.6,8.6,5.2
incidence_per_1000_uninfected,GAB,SEX_FMLE,1995,5.7,9.0,3.7
incidence_per_1000_uninfected,NAM,SEX_MLE,2000,10.3,12.0,9.3
incidence_per_1000_uninfected,DZA,SEX_BTSX,2009,0.1,0.1,0.1
incidence_per_1000_uninfected,LSO,SEX_BTSX,2012,11.0,13.2,9.3
incidence_per_1000_uninfected,MOZ,SEX_BTSX,2022,3.6,4.4,3.0
incidence_per_1000_uninfected,BFA,SEX_FMLE,2003,0.66,0.8,0.53
incidence_per_1000_uninfected,SSD,SEX_BTSX,2011,1.2,1.5,0.93
incidence_per_1000_uninfected,BDI,SEX_FMLE,1998,1.9,2.4,1.7
incidence_per_1000_uninfected,TZA,SEX_FMLE,2005,2.9,3.3,2.7
incidence_per_1000_uninfected,GIN,SEX_FMLE,1999,1.5,1.8,1.2
incidence_per_1000_uninfected,CPV,SEX_MLE,2000,0.53,0.66,0.45
incidence_per_1000_uninfected,SLE,SEX_BTSX,2008,1.0,1.2,0.86
incidence_per_1000_uninfected,UGA,SEX_MLE,2010,3.0,3.5,2.7
incidence_per_1000_uninfected,MLI,SEX_FMLE,2019,0.33,0.47,0.25
incidence_per_1000_uninfected,LBR,SEX_MLE,1992,,,
incidence_per_1000_uninfected,LSO,SEX_MLE,2013,9.1,11.3,7.7
incidence_per_1000_uninfected,SEN,SEX_MLE,2017,0.11,0.13,0.1
incidence_per_1000_uninfected,TCD,SEX_BTSX,2011,0.65,0.83,0.49
incidence_per_1000_uninfected,NAM,SEX_FMLE,2019,2.7,3.5,2.1
incidence_per_1000_uninfected,TCD,SEX_BTSX,1990,1.7,2.7,0.98
incidence_per_1000_uninfected,UGA,SEX_BTSX,2014,2.3,2.7,2.0
incidence_per_1000_uninfected,ZWE,SEX_BTSX,2024,0.91,1.2,0.73
incidence_per_1000_uninfected,CIV,SEX_FMLE,2017,0.7,1.0,0.45
incidence_per_1000_uninfected,TCD,SEX_MLE,1995,1.8,2.5,1.4
incidence_per_1000_uninfected,AGO,SEX_FMLE,2019,1.1,1.3,0.9
incidence_per_1000_uninfected,MLI,SEX_FMLE,2024,0.19,0.3,0.14
incidence_per_1000_uninfected,AGO,SEX_FMLE,1990,0.93,1.4,0.59
incidence_per_1000_uninfected,GAB,SEX_BTSX,1990,2.1,3.5,1.1
incidence_per_1000_uninfected,MWI,SEX_BTSX,2001,8.6,9.6,8.1
incidence_per_1000_uninfected,BFA,SEX_MLE,2004,0.56,0.69,0.44
incidence_per_1000_uninfected,GMB,SEX_BTSX,2012,1.1,1.5,0.78
incidence_per_1000_uninfected,STP,SEX_BTSX,1994,,,
incidence_per_1000_uninfected,LSO,SEX_FMLE,1995,26.0,31.4,21.8
incidence_per_1000_uninfected,GNQ,SEX_FMLE,1998,,,
incidence_per_1000_uninfected,GAB,SEX_BTSX,1995,4.3,6.6,2.8
incidence_per_1000_uninfected,GAB,SEX_MLE,2023,0.49,0.92,0.26
incidence_per_1000_uninfected,ZWE,SEX_MLE,1998,15.2,17.4,13.5
incidence_per_1000_uninfected,RWA,SEX_MLE,2017,0.32,0.48,0.24
incidence_per_1000_uninfected,KEN,SEX_MLE,2004,2.7,4.4,1.8
incidence_per_1000_uninfected,CIV,SEX_BTSX,1993,7.5,9.0,6.1
incidence_per_1000_uninfected,BFA,SEX_MLE,2021,0.12,0.17,0.1
incidence_per_1000_uninfected,ZAF,SEX_BTSX,1995,11.4,12.7,10.2
incidence_per_1000_uninfected,TZA,SEX_MLE,1997,3.6,4.3,3.3
incidence_per_1000_uninfected,RWA,SEX_FMLE,2017,0.5,0.76,0.36
incidence_per_1000_uninfected,ZMB,SEX_MLE,2004,6.0,6.9,5.4
incidence_per_1000_uninfected,ERI,SEX_BTSX,2008,0.21,0.39,0.1
incidence_per_1000_uninfected,AGO,SEX_FMLE,1997,1.5,1.9,1.2
incidence_per_1000_uninfected,UGA,SEX_BTSX,1998,5.3,5.9,4.9
incidence_per_1000_uninfected,GNB,SEX_FMLE,2017,1.0,1.4,0.72
incidence_per_1000_uninfected,ZAF,SEX_MLE,2020,2.8,3.3,2.4
incidence_per_1000_uninfected,SEN,SEX_MLE,2019,0.11,0.13,0.1
incidence_per_1000_uninfected,MDG,SEX_MLE,2007,0.18,0.25,0.14
incidence_per_1000_uninfected,MWI,SEX_BTSX,2014,2.9,3.4,2.7
incidence_per_1000_uninfected,COD,SEX_MLE,1990,1.8,2.5,1.3
incidence_per_1000_uninfected,GNQ,SEX_FMLE,2024,,,
incidence_per_1000_uninfected,MUS,SEX_MLE,2012,,,
incidence_per_1000_uninfected,SLE,SEX_MLE,1994,1.3,1.7,0.9
incidence_per_1000_uninfected,NER,SEX_MLE,2020,0.1,0.1,0.1
incidence_per_1000_uninfected,CMR,SEX_FMLE,2010,2.0,2.4,1.7
incidence_per_1000_uninfected,MUS,SEX_FMLE,2013,,,
incidence_per_1000_uninfected,COG,SEX_FMLE,2019,2.7,3.8,1.7
incidence_per_1000_uninfected,STP,SEX_FMLE,1997,,,
incidence_per_1000_uninfected,GMB,SEX_BTSX,2010,1.2,1.7,0.9
incidence_per_1000_uninfected,CPV,SEX_FMLE,1990,0.4,0.77,0.26
incidence_per_1000_uninfected,TGO,SEX_BTSX,2000,2.6,3.4,2.2
incidence_per_1000_uninfected,LBR,SEX_BTSX,2000,,,
incidence_per_1000_uninfected,BWA,SEX_MLE,2002,13.2,15.2,11.9
incidence_per_1000_uninfected,TZA,SEX_BTSX,1992,5.7,6.4,5.1
incidence_per_1000_uninfected,ERI,SEX_FMLE,1999,1.3,1.7,1.0
incidence_per_1000_uninfected,SLE,SEX_MLE,2001,1.2,1.4,0.98
incidence_per_1000_uninfected,ETH,SEX_MLE,1991,3.0,6.6,1.6
incidence_per_1000_uninfected,ZAF,SEX_FMLE,1999,15.8,17.5,14.2
incidence_per_1000_uninfected,ERI,SEX_BTSX,2007,0.25,0.43,0.12
incidence_per_1000_uninfected,GAB,SEX_BTSX,2012,1.6,2.2,1.2
incidence_per_1000_uninfected,SWZ,SEX_MLE,2011,12.8,14.7,11.5
incidence_per_1000_uninfected,ERI,SEX_BTSX,1993,2.1,3.0,1.4
incidence_per_1000_uninfected,RWA,SEX_BTSX,1995,4.2,4.8,3.6
incidence_per_1000_uninfected,COM,SEX_FMLE,2011,0.1,0.1,0.01
incidence_per_1000_uninfected,MLI,SEX_FMLE,2003,0.88,1.1,0.74
incidence_per_1000_uninfected,SWZ,SEX_BTSX,2013,14.6,16.5,13.0
incidence_per_1000_uninfected,BWA,SEX_BTSX,2024,1.8,2.3,1.5
incidence_per_1000_uninfected,ZAF,SEX_MLE,1990,3.5,4.1,3.1
incidence_per_1000_uninfected,ERI,SEX_BTSX,1992,2.0,3.0,1.4
incidence_per_1000_uninfected,GMB,SEX_MLE,2018,0.64,0.92,0.42
incidence_per_1000_uninfected,ZWE,SEX_FMLE,1995,24.4,27.2,21.8
incidence_per_1000_uninfected,CIV,SEX_BTSX,2007,1.7,2.1,1.4
incidence_per_1000_uninfected,GAB,SEX_FMLE,2019,1.5,2.5,0.91
incidence_per_1000_uninfected,COD,SEX_BTSX,1997,1.4,1.8,1.1
incidence_per_1000_uninfected,AGO,SEX_BTSX,2019,0.79,0.95,0.67
incidence_per_1000_uninfected,STP,SEX_MLE,2018,,,
incidence_per_1000_uninfected,BDI,SEX_FMLE,2001,1.3,1.5,1.0
incidence_per_1000_uninfected,UGA,SEX_BTSX,2000,4.9,5.4,4.5
incidence_per_1000_uninfected,MRT,SEX_BTSX,2021,0.1,0.1,0.1
incidence_per_1000_uninfected,GMB,SEX_BTSX,1999,1.6,2.2,1.2
incidence_per_1000_uninfected,GNB,SEX_FMLE,2000,5.3,6.4,4.4
incidence_per_1000_uninfected,SYC,SEX_BTSX,1997,,,
incidence_per_1000_uninfected,COM,SEX_FMLE,1998,0.1,0.1,0.01
incidence_per_1000_uninfected,TGO,SEX_FMLE,2017,0.68,0.93,0.48
incidence_per_1000_uninfected,SSD,SEX_FMLE,1992,1.9,2.7,1.0
incidence_per_1000_uninfected,GIN,SEX_BTSX,2003,1.2,1.5,1.0
incidence_per_1000_uninfected,BWA,SEX_BTSX,2020,3.2,3.5,2.7
incidence_per_1000_uninfected,NER,SEX_FMLE,1990,0.37,0.49,0.27
incidence_per_1000_uninfected,UGA,SEX_MLE,2016,1.5,1.9,1.3
incidence_per_1000_uninfected,BWA,SEX_FMLE,2014,7.6,8.2,6.5
incidence_per_1000_uninfected,BEN,SEX_MLE,1992,0.76,0.99,0.57
incidence_per_1000_uninfected,CAF,SEX_MLE,1997,4.7,6.0,3.8
incidence_per_1000_uninfected,SWZ,SEX_FMLE,2021,6.7,8.3,5.4
incidence_per_1000_uninfected,SSD,SEX_MLE,1991,1.4,2.0,0.67
incidence_per_1000_uninfected,SEN,SEX_BTSX,1997,0.62,0.67,0.59
incidence_per_1000_uninfected,ERI,SEX_BTSX,1991,2.2,3.4,1.5
incidence_per_1000_uninfected,LSO,SEX_BTSX,1995,22.9,27.6,19.4
incidence_per_1000_uninfected,GHA,SEX_BTSX,2001,1.5,1.8,1.3
incidence_per_1000_uninfected,STP,SEX_BTSX,2003,,,
incidence_per_1000_uninfected,AGO,SEX_BTSX,2002,1.3,1.6,1.1
incidence_per_1000_uninfected,ETH,SEX_FMLE,2012,0.33,0.63,0.19
incidence_per_1000_uninfected,MLI,SEX_FMLE,1997,1.3,1.7,1.1
incidence_per_1000_uninfected,AGO,SEX_MLE,1999,0.91,1.1,0.73
incidence_per_1000_uninfected,CIV,SEX_MLE,2005,1.8,2.2,1.6
incidence_per_1000_uninfected,TGO,SEX_MLE,1994,2.5,3.3,1.9
incidence_per_1000_uninfected,SSD,SEX_FMLE,2013,1.3,1.7,1.0
incidence_per_1000_uninfected,ETH,SEX_BTSX,2018,0.15,0.29,0.1
incidence_per_1000_uninfected,DZA,SEX_MLE,2000,0.1,0.1,0.1
incidence_per_1000_uninfected,BEN,SEX_MLE,1990,0.43,0.57,0.3
incidence_per_1000_uninfected,NGA,SEX_MLE,2001,1.3,1.6,1.2
incidence_per_1000_uninfected,TZA,SEX_FMLE,2018,2.3,2.8,2.0
incidence_per_1000_uninfected,CMR,SEX_BTSX,2021,0.64,0.9,0.47
incidence_per_1000_uninfected,ERI,SEX_MLE,2023,0.1,0.12,0.1
incidence_per_1000_uninfected,BWA,SEX_FMLE,2017,5.9,6.3,5.2
incidence_per_1000_uninfected,CMR,SEX_FMLE,2016,1.2,1.6,0.97
incidence_per_1000_uninfected,ZAF,SEX_MLE,1991,4.8,5.7,4.2
incidence_per_1000_uninfected,ZAF,SEX_BTSX,2021,3.6,4.1,3.2
incidence_per_1000_uninfected,GAB,SEX_MLE,2015,0.85,1.2,0.6
incidence_per_1000_uninfected,COG,SEX_BTSX,2008,1.8,2.2,1.5
incidence_per_1000_uninfected,DZA,SEX_BTSX,1999,0.1,0.1,0.1
incidence_per_1000_uninfected,GHA,SEX_MLE,1998,1.5,1.8,1.3
incidence_per_1000_uninfected,BDI,SEX_FMLE,2011,0.44,0.58,0.31
incidence_per_1000_uninfected,RWA,SEX_BTSX,2004,2.1,2.5,2.0
incidence_per_1000_uninfected,MLI,SEX_FMLE,2000,1.1,1.3,0.94
incidence_per_1000_uninfected,NER,SEX_BTSX,1992,0.63,0.77,0.49
incidence_per_1000_uninfected,LSO,SEX_FMLE,2011,13.0,15.7,11.2
incidence_per_1000_uninfected,UGA,SEX_MLE,2008,3.4,4.0,3.1
incidence_per_1000_uninfected,BFA,SEX_MLE,1992,2.1,2.8,1.6
incidence_per_1000_uninfected,GAB,SEX_BTSX,2000,3.4,4.5,2.5
incidence_per_1000_uninfected,GNB,SEX_BTSX,2020,0.63,0.91,0.43
incidence_per_1000_uninfected,CAF,SEX_MLE,2004,2.9,3.6,2.3
incidence_per_1000_uninfected,GAB,SEX_MLE,2003,2.1,2.7,1.6
incidence_per_1000_uninfected,SWZ,SEX_FMLE,1990,3.0,3.7,2.5
incidence_per_1000_uninfected,GIN,SEX_BTSX,1998,1.3,1.6,1.1
incidence_per_1000_uninfected,BWA,SEX_BTSX,2016,5.3,5.7,4.8
incidence_per_1000_uninfected,ERI,SEX_FMLE,2007,0.28,0.49,0.13
incidence_per_1000_uninfected,COD,SEX_FMLE,2005,0.88,1.1,0.74
incidence_per_1000_uninfected,GNQ,SEX_BTSX,1997,,,
incidence_per_1000_uninfected,SYC,SEX_FMLE,1991,,,
incidence_per_1000_uninfected,MDG,SEX_MLE,1999,0.1,0.12,0.1
incidence_per_1000_uninfected,COG,SEX_MLE,2008,1.4,1.6,1.1
incidence_per_1000_uninfected,ETH,SEX_MLE,2005,0.5,1.1,0.27
incidence_per_1000_uninfected,SSD,SEX_FMLE,2001,1.8,2.6,1.4
incidence_per_1000_uninfected,COM,SEX_FMLE,2009,0.1,0.1,0.01
incidence_per_1000_uninfected,ERI,SEX_BTSX,1999,1.2,1.5,0.9
incidence_per_1000_uninfected,LBR,SEX_FMLE,1998,,,
incidence_per_1000_uninfected,COG,SEX_FMLE,2004,2.6,3.0,2.2
incidence_per_1000_uninfected,ETH,SEX_BTSX,2019,0.13,0.26,0.1
incidence_per_1000_uninfected,BDI,SEX_MLE,1995,1.4,2.3,0.91
incidence_per_1000_uninfected,SEN,SEX_FMLE,1999,0.64,0.69,0.6
incidence_per_1000_uninfected,GNQ,SEX_FMLE,1999,,,
incidence_per_1000_uninfected,CAF,SEX_MLE,2017,0.98,1.4,0.64
incidence_per_1000_uninfected,ZWE,SEX_MLE,2010,6.5,7.7,5.9
incidence_per_1000_uninfected,ERI,SEX_MLE,1998,1.2,1.6,0.88
incidence_per_1000_uninfected,CMR,SEX_BTSX,2012,1.4,1.7,1.2
incidence_per_1000_uninfected,MOZ,SEX_BTSX,2013,7.0,7.9,6.4
incidence_per_1000_uninfected,SYC,SEX_BTSX,1994,,,
incidence_per_1000_uninfected,RWA,SEX_BTSX,2009,1.2,1.5,0.98
incidence_per_1000_uninfected,SWZ,SEX_FMLE,1995,24.1,26.9,20.7
incidence_per_1000_uninfected,ETH,SEX_FMLE,2005,0.69,1.3,0.4
incidence_per_1000_uninfected,MRT,SEX_FMLE,2013,0.1,0.13,0.1
incidence_per_1000_uninfected,ZAF,SEX_MLE,1992,6.2,7.3,5.4
incidence_per_1000_uninfected,GHA,SEX_MLE,2008,0.82,1.1,0.67
incidence_per_1000_uninfected,GIN,SEX_BTSX,2023,0.37,0.57,0.22
incidence_per_1000_uninfected,TZA,SEX_BTSX,2003,3.0,3.4,2.7
incidence_per_1000_uninfected,MRT,SEX_FMLE,2008,0.15,0.21,0.1
incidence_per_1000_uninfected,COD,SEX_MLE,1993,1.6,2.2,1.2
incidence_per_1000_uninfected,SYC,SEX_FMLE,1990,,,
incidence_per_1000_uninfected,GNQ,SEX_FMLE,2005,,,
incidence_per_1000_uninfected,SWZ,SEX_MLE,2000,21.2,24.1,19.3
incidence_per_1000_uninfected,GNQ,SEX_BTSX,2021,,,
incidence_per_1000_uninfected,ZAF,SEX_BTSX,2019,4.1,4.6,3.6
incidence_per_1000_uninfected,TZA,SEX_BTSX,2005,2.6,2.9,2.4
incidence_per_1000_uninfected,LSO,SEX_MLE,2011,9.9,12.5,8.4
incidence_per_1000_uninfected,GHA,SEX_MLE,1999,1.4,1.8,1.2
incidence_per_1000_uninfected,COM,SEX_FMLE,1999,0.1,0.1,0.01
incidence_per_1000_uninfected,STP,SEX_FMLE,2019,,,
incidence_per_1000_uninfected,GIN,SEX_MLE,1993,0.83,1.1,0.48
incidence_per_1000_uninfected,LSO,SEX_BTSX,2015,8.7,10.7,7.4
incidence_per_1000_uninfected,SSD,SEX_MLE,2011,1.0,1.3,0.79
incidence_per_1000_uninfected,NER,SEX_FMLE,2024,0.1,0.1,0.1
incidence_per_1000_uninfected,NGA,SEX_FMLE,1991,1.7,2.0,1.5
incidence_per_1000_uninfected,STP,SEX_MLE,2024,,,
incidence_per_1000_uninfected,STP,SEX_FMLE,1999,,,
incidence_per_1000_uninfected,RWA,SEX_MLE,2005,1.7,2.2,1.6
incidence_per_1000_uninfected,NGA,SEX_BTSX,1997,1.8,2.1,1.6
incidence_per_1000_uninfected,CMR,SEX_FMLE,2009,2.4,2.7,2.1
incidence_per_1000_uninfected,KEN,SEX_BTSX,2018,0.54,0.84,0.34
incidence_per_1000_uninfected,ZAF,SEX_BTSX,2016,5.3,5.9,4.7
incidence_per_1000_uninfected,MUS,SEX_BTSX,2015,,,
incidence_per_1000_uninfected,LSO,SEX_FMLE,1998,22.6,25.5,19.7
incidence_per_1000_uninfected,SSD,SEX_FMLE,1994,2.3,3.3,1.3
incidence_per_1000_uninfected,NER,SEX_FMLE,2016,0.1,0.1,0.1
incidence_per_1000_uninfected,AGO,SEX_FMLE,2002,1.6,1.9,1.4
incidence_per_1000_uninfected,GMB,SEX_MLE,2022,0.47,0.79,0.27
incidence_per_1000_uninfected,MUS,SEX_BTSX,2013,,,
incidence_per_1000_uninfected,GAB,SEX_MLE,2005,1.8,2.3,1.4
incidence_per_1000_uninfected,RWA,SEX_MLE,1995,3.6,4.1,3.2
incidence_per_1000_uninfected,BFA,SEX_FMLE,2005,0.51,0.64,0.4
incidence_per_1000_uninfected,ERI,SEX_FMLE,2001,0.91,1.2,0.65
incidence_per_1000_uninfected,CAF,SEX_MLE,2019,0.75,1.2,0.45
incidence_per_1000_uninfected,ZWE,SEX_FMLE,2023,1.1,1.4,0.9
incidence_per_1000_uninfected,ZWE,SEX_FMLE,2008,8.2,9.3,7.5
incidence_per_1000_uninfected,BEN,SEX_MLE,2014,0.25,0.34,0.19
incidence_per_1000_uninfected,TCD,SEX_FMLE,2017,0.42,0.56,0.28
incidence_per_1000_uninfected,COD,SEX_BTSX,2017,0.33,0.46,0.24
incidence_per_1000_uninfected,TZA,SEX_FMLE,2009,2.3,2.7,2.0
incidence_per_1000_uninfected,DZA,SEX_BTSX,1994,0.01,0.01,0.01
incidence_per_1000_uninfected,TCD,SEX_FMLE,2002,1.4,1.7,1.1
incidence_per_1000_uninfected,COD,SEX_MLE,1991,1.7,2.4,1.3
incidence_per_1000_uninfected,MDG,SEX_BTSX,2006,0.16,0.21,0.12
incidence_per_1000_uninfected,CIV,SEX_FMLE,2020,0.51,0.81,0.3
incidence_per_1000_uninfected,SLE,SEX_FMLE,1993,1.4,1.9,0.94
incidence_per_1000_uninfected,MLI,SEX_BTSX,2003,0.79,0.99,0.67
incidence_per_1000_uninfected,NGA,SEX_BTSX,2017,0.48,0.62,0.4
incidence_per_1000_uninfected,GNB,SEX_FMLE,2022,0.65,1.0,0.41
incidence_per_1000_uninfected,MWI,SEX_FMLE,1994,15.3,16.5,14.3
incidence_per_1000_uninfected,SSD,SEX_BTSX,2006,1.4,1.9,1.1
incidence_per_1000_uninfected,COM,SEX_MLE,2021,0.1,0.1,0.01
incidence_per_1000_uninfected,GMB,SEX_FMLE,2004,1.6,2.2,1.3
incidence_per_1000_uninfected,GNQ,SEX_FMLE,2000,,,
incidence_per_1000_uninfected,SLE,SEX_FMLE,2017,0.85,1.1,0.65
incidence_per_1000_uninfected,KEN,SEX_FMLE,2017,0.84,1.3,0.53
incidence_per_1000_uninfected,DZA,SEX_FMLE,2014,0.1,0.1,0.1
incidence_per_1000_uninfected,MDG,SEX_MLE,1990,0.1,0.1,0.01
incidence_per_1000_uninfected,SLE,SEX_FMLE,2008,1.1,1.3,0.92
incidence_per_1000_uninfected,MUS,SEX_MLE,2001,,,
incidence_per_1000_uninfected,SSD,SEX_MLE,2001,1.5,2.1,1.1
incidence_per_1000_uninfected,CIV,SEX_BTSX,2013,0.82,1.1,0.58
incidence_per_1000_uninfected,GMB,SEX_BTSX,2003,1.6,2.2,1.2
incidence_per_1000_uninfected,SEN,SEX_MLE,1996,0.59,0.65,0.54
incidence_per_1000_uninfected,DZA,SEX_BTSX,2024,0.1,0.1,0.1
incidence_per_1000_uninfected,SWZ,SEX_BTSX,2000,23.9,25.9,22.1
incidence_per_1000_uninfected,MLI,SEX_BTSX,1994,1.5,1.9,1.2
incidence_per_1000_uninfected,SEN,SEX_FMLE,1990,0.18,0.2,0.17
incidence_per_1000_uninfected,DZA,SEX_BTSX,2017,0.1,0.1,0.1
incidence_per_1000_uninfected,TCD,SEX_FMLE,2022,0.28,0.42,0.18
incidence_per_1000_uninfected,LBR,SEX_FMLE,2018,,,
incidence_per_1000_uninfected,NER,SEX_MLE,2016,0.1,0.1,0.1
incidence_per_1000_uninfected,SYC,SEX_BTSX,1993,,,
incidence_per_1000_uninfected,MWI,SEX_FMLE,2012,4.2,4.8,3.8
incidence_per_1000_uninfected,LBR,SEX_BTSX,2023,,,
incidence_per_1000_uninfected,GNB,SEX_BTSX,2024,0.41,0.63,0.25
incidence_per_1000_uninfected,GMB,SEX_MLE,2014,0.91,1.3,0.63
incidence_per_1000_uninfected,ZMB,SEX_BTSX,2018,4.3,4.9,3.9
incidence_per_1000_uninfected,MUS,SEX_FMLE,2006,,,
incidence_per_1000_uninfected,SYC,SEX_MLE,2024,,,
incidence_per_1000_uninfected,NER,SEX_MLE,2008,0.18,0.22,0.15
incidence_per_1000_uninfected,KEN,SEX_FMLE,1991,13.1,20.6,8.3
incidence_per_1000_uninfected,ERI,SEX_FMLE,2004,0.46,0.7,0.25
incidence_per_1000_uninfected,COD,SEX_BTSX,1993,1.8,2.4,1.3
incidence_per_1000_uninfected,CIV,SEX_FMLE,2007,2.0,2.4,1.6
incidence_per_1000_uninfected,NAM,SEX_FMLE,2023,2.1,2.8,1.6
incidence_per_1000_uninfected,KEN,SEX_FMLE,2013,1.6,2.5,0.99
incidence_per_1000_uninfected,GNQ,SEX_BTSX,2005,,,
incidence_per_1000_uninfected,GHA,SEX_MLE,2022,0.37,0.57,0.25
incidence_per_1000_uninfected,GNQ,SEX_BTSX,2000,,,
incidence_per_1000_uninfected,SLE,SEX_FMLE,1990,0.97,1.4,0.55
incidence_per_1000_uninfected,NGA,SEX_BTSX,2010,0.88,1.1,0.79
incidence_per_1000_uninfected,RWA,SEX_FMLE,2021,0.32,0.52,0.21
incidence_per_1000_uninfected,COM,SEX_BTSX,1991,0.1,0.1,0.01
incidence_per_1000_uninfected,BEN,SEX_BTSX,2005,0.69,0.84,0.6
incidence_per_1000_uninfected,RWA,SEX_BTSX,2023,0.21,0.33,0.14
incidence_per_1000_uninfected,DZA,SEX_MLE,2008,0.1,0.1,0.1
incidence_per_1000_uninfected,STP,SEX_BTSX,2022,,,
incidence_per_1000_uninfected,CIV,SEX_BTSX,1998,4.6,5.5,3.8
incidence_per_1000_uninfected,COD,SEX_FMLE,2002,1.1,1.3,0.89
incidence_per_1000_uninfected,TGO,SEX_MLE,2012,0.57,0.8,0.4
incidence_per_1000_uninfected,ZMB,SEX_BTSX,1995,11.0,12.3,9.8
incidence_per_1000_uninfected,CIV,SEX_FMLE,1991,8.8,11.4,7.0
incidence_per_1000_uninfected,TCD,SEX_FMLE,1998,1.9,2.5,1.5
incidence_per_1000_uninfected,BDI,SEX_MLE,1997,1.9,2.4,1.7
incidence_per_1000_uninfected,GIN,SEX_BTSX,2009,1.0,1.2,0.85
incidence_per_1000_uninfected,ERI,SEX_BTSX,2006,0.3,0.49,0.15
incidence_per_1000_uninfected,SEN,SEX_MLE,1998,0.72,0.8,0.65
incidence_per_1000_uninfected,GNQ,SEX_MLE,1998,,,
incidence_per_1000_uninfected,ETH,SEX_FMLE,1993,3.6,7.0,2.1
incidence_per_1000_uninfected,CIV,SEX_FMLE,2002,3.4,4.0,2.9
incidence_per_1000_uninfected,RWA,SEX_MLE,2003,2.0,2.4,1.9
incidence_per_1000_uninfected,CMR,SEX_FMLE,2001,4.6,5.2,4.0
incidence_per_1000_uninfected,NAM,SEX_FMLE,1992,9.3,10.4,8.3
incidence_per_1000_uninfected,RWA,SEX_MLE,2015,0.46,0.69,0.37
incidence_per_1000_uninfected,TGO,SEX_FMLE,1997,4.0,5.4,3.1
incidence_per_1000_uninfected,GNB,SEX_BTSX,2013,1.3,1.6,0.97
incidence_per_1000_uninfected,SSD,SEX_FMLE,2023,0.66,0.97,0.43
incidence_per_1000_uninfected,TZA,SEX_MLE,1990,5.1,6.0,4.4
incidence_per_1000_uninfected,LBR,SEX_MLE,2012,,,
incidence_per_1000_uninfected,TGO,SEX_FMLE,2009,1.3,1.7,1.0
incidence_per_1000_uninfected,CAF,SEX_MLE,1991,5.3,7.8,4.0
incidence_per_1000_uninfected,NAM,SEX_BTSX,1990,4.4,5.1,3.9
incidence_per_1000_uninfected,TGO,SEX_MLE,1992,1.9,2.5,1.4
incidence_per_1000_uninfected,ERI,SEX_MLE,2020,0.1,0.12,0.1
incidence_per_1000_uninfected,MRT,SEX_MLE,1999,0.65,0.79,0.54
incidence_per_1000_uninfected,RWA,SEX_MLE,2014,0.54,0.78,0.41
incidence_per_1000_uninfected,COD,SEX_MLE,1992,1.7,2.3,1.3
incidence_per_1000_uninfected,SEN,SEX_FMLE,2010,0.16,0.18,0.15
incidence_per_1000_uninfected,GHA,SEX_MLE,2005,1.0,1.2,0.86
incidence_per_1000_uninfected,STP,SEX_FMLE,2012,,,
incidence_per_1000_uninfected,MWI,SEX_FMLE,2008,5.7,6.5,5.1
incidence_per_1000_uninfected,COD,SEX_MLE,2023,0.18,0.29,0.1
incidence_per_1000_uninfected,GAB,SEX_MLE,2017,0.76,1.1,0.51
incidence_per_1000_uninfected,BDI,SEX_MLE,1999,1.3,1.7,1.1
incidence_per_1000_uninfected,SLE,SEX_FMLE,2021,0.59,0.87,0.4
incidence_per_1000_uninfected,BWA,SEX_BTSX,2013,6.4,6.9,5.6
incidence_per_1000_uninfected,GNQ,SEX_MLE,2003,,,
incidence_per_1000_uninfected,GNQ,SEX_MLE,2023,,,
incidence_per_1000_uninfected,CPV,SEX_FMLE,2008,0.32,0.39,0.27
incidence_per_1000_uninfected,GMB,SEX_FMLE,2015,0.93,1.3,0.64
incidence_per_1000_uninfected,NAM,SEX_BTSX,2011,5.7,6.7,5.2
incidence_per_1000_uninfected,MDG,SEX_MLE,1993,0.1,0.1,0.01
incidence_per_1000_uninfected,CAF,SEX_MLE,2018,0.87,1.3,0.55
incidence_per_1000_uninfected,CMR,SEX_MLE,2009,1.9,2.3,1.7
incidence_per_1000_uninfected,COG,SEX_BTSX,2016,1.8,2.5,1.3
incidence_per_1000_uninfected,BEN,SEX_FMLE,2021,0.16,0.24,0.11
incidence_per_1000_uninfected,CIV,SEX_BTSX,2008,1.3,1.7,1.1
incidence_per_1000_uninfected,KEN,SEX_BTSX,2022,0.44,0.69,0.28
incidence_per_1000_uninfected,BWA,SEX_BTSX,2000,18.5,20.4,16.8
incidence_per_1000_uninfected,UGA,SEX_FMLE,2019,1.6,2.0,1.3
incidence_per_1000_uninfected,BFA,SEX_FMLE,1998,1.1,1.4,0.93
incidence_per_1000_uninfected,GIN,SEX_BTSX,1995,1.1,1.5,0.78
incidence_per_1000_uninfected,MLI,SEX_MLE,2001,0.8,0.98,0.67
incidence_per_1000_uninfected,COM,SEX_BTSX,2017,0.1,0.1,0.01
incidence_per_1000_uninfected,COM,SEX_MLE,1995,0.1,0.1,0.1
incidence_per_1000_uninfected,MRT,SEX_MLE,1996,0.59,0.76,0.47
incidence_per_1000_uninfected,BWA,SEX_FMLE,2024,2.4,3.0,1.9
incidence_per_1000_uninfected,UGA,SEX_MLE,2013,2.1,2.6,1.9
incidence_per_1000_uninfected,CMR,SEX_BTSX,2019,0.78,1.1,0.62
incidence_per_1000_uninfected,BEN,SEX_MLE,1998,1.0,1.2,0.83
incidence_per_1000_uninfected,GIN,SEX_BTSX,2015,0.79,0.99,0.64
incidence_per_1000_uninfected,MOZ,SEX_BTSX,2004,8.6,9.8,7.9
incidence_per_1000_uninfected,BFA,SEX_MLE,2014,0.16,0.22,0.12
incidence_per_1000_uninfected,SEN,SEX_BTSX,2012,0.14,0.16,0.13
incidence_per_1000_uninfected,BFA,SEX_BTSX,1994,1.6,2.1,1.3
incidence_per_1000_uninfected,AGO,SEX_FMLE,2004,1.7,1.9,1.4
incidence_per_1000_uninfected,GIN,SEX_FMLE,2024,0.39,0.63,0.21
incidence_per_1000_uninfected,TGO,SEX_MLE,2014,0.47,0.67,0.31
incidence_per_1000_uninfected,GAB,SEX_FMLE,2004,3.5,4.3,2.8
incidence_per_1000_uninfected,GHA,SEX_MLE,2020,0.44,0.6,0.32
incidence_per_1000_uninfected,GAB,SEX_FMLE,2009,2.7,3.5,2.1
incidence_per_1000_uninfected,ZAF,SEX_BTSX,1996,12.5,13.8,11.3
incidence_per_1000_uninfected,ETH,SEX_FMLE,2023,0.12,0.22,0.1
incidence_per_1000_uninfected,BFA,SEX_BTSX,2024,0.13,0.18,0.1
incidence_per_1000_uninfected,STP,SEX_MLE,2006,,,
incidence_per_1000_uninfected,CMR,SEX_BTSX,1997,4.9,5.6,4.2
incidence_per_1000_uninfected,NGA,SEX_MLE,1992,1.5,1.8,1.3
incidence_per_1000_uninfected,ZMB,SEX_BTSX,2006,5.9,6.7,5.4
incidence_per_1000_uninfected,AGO,SEX_MLE,2019,0.51,0.6,0.42
incidence_per_1000_uninfected,GNB,SEX_FMLE,2016,1.1,1.5,0.8
incidence_per_1000_uninfected,ETH,SEX_BTSX,1996,1.9,3.9,1.1
incidence_per_1000_uninfected,MWI,SEX_MLE,2020,0.81,1.0,0.68
incidence_per_1000_uninfected,ZAF,SEX_FMLE,2004,13.5,14.8,12.1
incidence_per_1000_uninfected,GNQ,SEX_BTSX,2002,,,
incidence_per_1000_uninfected,SEN,SEX_BTSX,2010,0.17,0.2,0.16
incidence_per_1000_uninfected,MDG,SEX_BTSX,2012,0.19,0.24,0.15
incidence_per_1000_uninfected,GNB,SEX_BTSX,2023,0.49,0.74,0.31
incidence_per_1000_uninfected,MWI,SEX_MLE,2006,4.8,5.6,4.5
incidence_per_1000_uninfected,LBR,SEX_MLE,1999,,,
incidence_per_1000_uninfected,CMR,SEX_BTSX,2022,0.52,0.76,0.37
incidence_per_1000_uninfected,CPV,SEX_MLE,2009,0.4,0.53,0.33
incidence_per_1000_uninfected,MUS,SEX_FMLE,2004,,,
incidence_per_1000_uninfected,COG,SEX_MLE,1993,2.7,3.4,2.2
incidence_per_1000_uninfected,NER,SEX_MLE,1990,0.58,0.74,0.42
incidence_per_1000_uninfected,CIV,SEX_MLE,1990,6.4,8.9,4.7
incidence_per_1000_uninfected,GAB,SEX_MLE,2004,1.9,2.4,1.5
incidence_per_1000_uninfected,CIV,SEX_FMLE,2003,3.0,3.5,2.5
incidence_per_1000_uninfected,ERI,SEX_MLE,2003,0.49,0.7,0.32
incidence_per_1000_uninfected,NGA,SEX_BTSX,2007,1.1,1.3,0.96
incidence_per_1000_uninfected,TZA,SEX_FMLE,2006,2.8,3.1,2.5
incidence_per_1000_uninfected,LBR,SEX_BTSX,2021,,,
incidence_per_1000_uninfected,GMB,SEX_MLE,2002,1.5,2.0,1.2
incidence_per_1000_uninfected,COD,SEX_MLE,2015,0.31,0.42,0.23
incidence_per_1000_uninfected,ZWE,SEX_FMLE,2006,9.6,10.8,8.6
incidence_per_1000_uninfected,RWA,SEX_MLE,1992,4.1,5.2,3.3
incidence_per_1000_uninfected,GAB,SEX_MLE,2018,0.71,1.1,0.47
incidence_per_1000_uninfected,GIN,SEX_MLE,2019,0.47,0.62,0.34
incidence_per_1000_uninfected,MDG,SEX_FMLE,2010,0.17,0.22,0.13
incidence_per_1000_uninfected,ETH,SEX_MLE,1999,1.1,2.4,0.59
incidence_per_1000_uninfected,STP,SEX_BTSX,1990,,,
incidence_per_1000_uninfected,TZA,SEX_MLE,2004,2.4,2.9,2.2
incidence_per_1000_uninfected,GNB,SEX_BTSX,2016,0.93,1.2,0.67
incidence_per_1000_uninfected,GIN,SEX_MLE,2009,0.9,1.1,0.75
incidence_per_1000_uninfected,ERI,SEX_MLE,2019,0.1,0.14,0.1
incidence_per_1000_uninfected,BFA,SEX_BTSX,2010,0.29,0.37,0.22
incidence_per_1000_uninfected,GNB,SEX_FMLE,2004,3.2,3.8,2.7
incidence_per_1000_uninfected,GHA,SEX_BTSX,2007,1.1,1.3,0.91
incidence_per_1000_uninfected,MDG,SEX_MLE,2005,0.16,0.22,0.11
incidence_per_1000_uninfected,RWA,SEX_BTSX,2015,0.6,0.88,0.46
incidence_per_1000_uninfected,BEN,SEX_BTSX,2011,0.37,0.48,0.3
incidence_per_1000_uninfected,GNQ,SEX_BTSX,2014,,,
incidence_per_1000_uninfected,ERI,SEX_MLE,2000,0.86,1.2,0.63
incidence_per_1000_uninfected,BFA,SEX_FMLE,2021,0.16,0.23,0.11
incidence_per_1000_uninfected,ZMB,SEX_BTSX,2016,4.8,5.5,4.4
incidence_per_1000_uninfected,SSD,SEX_BTSX,2017,0.9,1.1,0.69
incidence_per_1000_uninfected,BEN,SEX_FMLE,1990,0.56,0.78,0.41
incidence_per_1000_uninfected,MDG,SEX_BTSX,2004,0.13,0.18,0.1
incidence_per_1000_uninfected,MLI,SEX_FMLE,2009,0.65,0.88,0.54
incidence_per_1000_uninfected,SWZ,SEX_BTSX,2024,4.2,5.2,3.3
incidence_per_1000_uninfected,BFA,SEX_BTSX,1993,1.9,2.5,1.5
incidence_per_1000_uninfected,LBR,SEX_MLE,2009,,,
incidence_per_1000_uninfected,NAM,SEX_MLE,1999,10.9,12.7,9.8
incidence_per_1000_uninfected,MOZ,SEX_BTSX,2024,2.9,3.6,2.3
incidence_per_1000_uninfected,BFA,SEX_FMLE,2008,0.36,0.47,0.28
incidence_per_1000_uninfected,NAM,SEX_BTSX,2022,1.6,2.1,1.3
incidence_per_1000_uninfected,MDG,SEX_BTSX,2010,0.19,0.24,0.15
incidence_per_1000_uninfected,BDI,SEX_FMLE,2014,0.33,0.46,0.21
incidence_per_1000_uninfected,COM,SEX_MLE,2002,0.1,0.1,0.01
incidence_per_1000_uninfected,GIN,SEX_FMLE,2019,0.7,0.93,0.49
incidence_per_1000_uninfected,CPV,SEX_BTSX,2019,0.42,0.57,0.31
incidence_per_1000_uninfected,KEN,SEX_BTSX,1998,5.8,9.0,3.7
incidence_per_1000_uninfected,BFA,SEX_FMLE,2000,0.91,1.1,0.75
incidence_per_1000_uninfected,TGO,SEX_MLE,2021,0.32,0.47,0.19
incidence_per_1000_uninfected,ZWE,SEX_BTSX,2011,5.5,6.6,4.9
incidence_per_1000_uninfected,ZAF,SEX_MLE,1998,11.1,12.9,9.9
incidence_per_1000_uninfected,COD,SEX_FMLE,2006,0.82,1.0,0.69
incidence_per_1000_uninfected,MRT,SEX_FMLE,2001,0.46,0.55,0.39
incidence_per_1000_uninfected,SYC,SEX_BTSX,1999,,,
incidence_per_1000_uninfected,ZMB,SEX_FMLE,1997,11.0,12.1,9.8
incidence_per_1000_uninfected,AGO,SEX_FMLE,2022,0.88,1.1,0.71
incidence_per_1000_uninfected,NER,SEX_FMLE,1991,0.47,0.6,0.36
incidence_per_1000_uninfected,ETH,SEX_MLE,2009,0.31,0.69,0.17
incidence_per_1000_uninfected,DZA,SEX_MLE,2022,0.1,0.1,0.1
incidence_per_1000_uninfected,NAM,SEX_BTSX,1993,10.0,11.4,9.0
incidence_per_1000_uninfected,LBR,SEX_MLE,2011,,,
incidence_per_1000_uninfected,LSO,SEX_FMLE,2000,19.9,22.6,17.2
incidence_per_1000_uninfected,NAM,SEX_FMLE,1996,15.9,17.9,14.4
incidence_per_1000_uninfected,BWA,SEX_MLE,2018,3.0,3.4,2.6
incidence_per_1000_uninfected,ETH,SEX_BTSX,2024,0.1,0.15,0.1
incidence_per_1000_uninfected,LSO,SEX_FMLE,2012,12.6,15.1,10.6
incidence_per_1000_uninfected,BDI,SEX_BTSX,1994,4.1,4.9,3.4
incidence_per_1000_uninfected,COD,SEX_FMLE,1996,1.7,2.1,1.3
incidence_per_1000_uninfected,UGA,SEX_MLE,2018,1.1,1.4,0.9
incidence_per_1000_uninfected,GHA,SEX_MLE,2011,0.69,0.87,0.56
incidence_per_1000_uninfected,SYC,SEX_BTSX,2022,,,
incidence_per_1000_uninfected,BFA,SEX_FMLE,1990,2.6,3.6,1.7
incidence_per_1000_uninfected,MUS,SEX_MLE,2006,,,
incidence_per_1000_uninfected,ZWE,SEX_FMLE,2021,1.7,2.1,1.4
incidence_per_1000_uninfected,BWA,SEX_BTSX,1995,26.0,28.2,24.2
incidence_per_1000_uninfected,GNQ,SEX_MLE,2020,,,
incidence_per_1000_uninfected,LSO,SEX_FMLE,2003,18.4,20.9,16.3
incidence_per_1000_uninfected,GNB,SEX_MLE,2016,0.74,0.98,0.54
incidence_per_1000_uninfected,BWA,SEX_MLE,2004,10.7,12.6,9.5
incidence_per_1000_uninfected,GMB,SEX_BTSX,2000,1.7,2.2,1.3
incidence_per_1000_uninfected,MRT,SEX_MLE,2004,0.45,0.56,0.36
incidence_per_1000_uninfected,GAB,SEX_MLE,1999,2.6,3.5,1.9
incidence_per_1000_uninfected,TCD,SEX_BTSX,1991,2.0,3.0,1.2
incidence_per_1000_uninfected,SLE,SEX_MLE,1990,0.86,1.3,0.47
incidence_per_1000_uninfected,MOZ,SEX_BTSX,2006,8.2,9.2,7.6
incidence_per_1000_uninfected,MWI,SEX_MLE,2005,5.3,6.2,4.9
incidence_per_1000_uninfected,BFA,SEX_FMLE,1999,1.0,1.2,0.86
incidence_per_1000_uninfected,SEN,SEX_BTSX,1994,0.42,0.45,0.4
incidence_per_1000_uninfected,COG,SEX_MLE,1999,2.0,2.3,1.7
incidence_per_1000_uninfected,CAF,SEX_BTSX,2002,3.7,4.4,3.0
incidence_per_1000_uninfected,NER,SEX_MLE,2004,0.32,0.37,0.27
incidence_per_1000_uninfected,GAB,SEX_BTSX,2014,1.4,2.0,0.99
incidence_per_1000_uninfected,GMB,SEX_BTSX,2018,0.68,0.97,0.44
incidence_per_1000_uninfected,TCD,SEX_FMLE,2016,0.49,0.65,0.34
incidence_per_1000_uninfected,NGA,SEX_MLE,2024,0.17,0.24,0.13
incidence_per_1000_uninfected,CMR,SEX_FMLE,2014,1.3,1.7,1.1
incidence_per_1000_uninfected,CAF,SEX_BTSX,2014,1.6,2.2,1.1
incidence_per_1000_uninfected,KEN,SEX_MLE,2015,0.62,0.99,0.4
incidence_per_1000_uninfected,SYC,SEX_MLE,2020,,,
incidence_per_1000_uninfected,CIV,SEX_FMLE,1997,5.8,6.9,4.9
incidence_per_1000_uninfected,GIN,SEX_FMLE,2014,0.95,1.2,0.76
incidence_per_1000_uninfected,LBR,SEX_MLE,2000,,,
incidence_per_1000_uninfected,SLE,SEX_MLE,2012,0.73,0.91,0.6
incidence_per_1000_uninfected,CIV,SEX_FMLE,2021,0.46,0.75,0.28
incidence_per_1000_uninfected,NAM,SEX_FMLE,2000,13.7,15.5,12.4
incidence_per_1000_uninfected,ZWE,SEX_MLE,2005,8.8,10.3,8.0
incidence_per_1000_uninfected,SLE,SEX_BTSX,2011,0.88,1.1,0.73
incidence_per_1000_uninfected,BFA,SEX_MLE,2000,0.88,1.1,0.74
incidence_per_1000_uninfected,MLI,SEX_MLE,1992,1.4,1.8,1.0
incidence_per_1000_uninfected,GNQ,SEX_MLE,2005,,,
incidence_per_1000_uninfected,GAB,SEX_BTSX,2022,0.86,1.5,0.47
incidence_per_1000_uninfected,GNB,SEX_FMLE,2013,1.5,1.9,1.1
incidence_per_1000_uninfected,COG,SEX_MLE,2015,1.2,1.6,0.89
incidence_per_1000_uninfected,COD,SEX_MLE,2005,0.71,0.91,0.6
incidence_per_1000_uninfected,SYC,SEX_MLE,2009,,,
incidence_per_1000_uninfected,LSO,SEX_BTSX,2007,15.8,18.4,13.8
incidence_per_1000_uninfected,MDG,SEX_FMLE,2000,0.1,0.1,0.1
incidence_per_1000_uninfected,KEN,SEX_FMLE,1990,11.6,18.2,7.3
incidence_per_1000_uninfected,BEN,SEX_MLE,2012,0.31,0.4,0.25
incidence_per_1000_uninfected,ZMB,SEX_MLE,2021,1.7,2.1,1.4
incidence_per_1000_uninfected,ERI,SEX_FMLE,1990,2.1,3.4,1.3
incidence_per_1000_uninfected,GNB,SEX_BTSX,2011,1.7,2.0,1.3
incidence_per_1000_uninfected,BEN,SEX_BTSX,1994,1.4,1.7,1.1
incidence_per_1000_uninfected,ZWE,SEX_BTSX,2007,8.4,9.4,7.6
incidence_per_1000_uninfected,CPV,SEX_FMLE,2006,0.35,0.41,0.29
incidence_per_1000_uninfected,COG,SEX_FMLE,1992,4.6,6.0,3.8
incidence_per_1000_uninfected,MUS,SEX_BTSX,2007,,,
incidence_per_1000_uninfected,ETH,SEX_BTSX,2014,0.2,0.41,0.12
incidence_per_1000_uninfected,CAF,SEX_FMLE,2015,1.7,2.5,1.2
incidence_per_1000_uninfected,BWA,SEX_MLE,1992,17.9,20.7,16.1
incidence_per_1000_uninfected,MOZ,SEX_MLE,2001,8.0,9.4,7.1
incidence_per_1000_uninfected,COG,SEX_FMLE,1996,3.7,4.5,3.3
incidence_per_1000_uninfected,STP,SEX_MLE,1993,,,
incidence_per_1000_uninfected,UGA,SEX_FMLE,2010,3.8,4.3,3.5
incidence_per_1000_uninfected,TZA,SEX_MLE,2023,0.58,0.85,0.47
incidence_per_1000_uninfected,DZA,SEX_FMLE,1996,0.01,0.01,0.01
incidence_per_1000_uninfected,DZA,SEX_FMLE,2017,0.1,0.1,0.1
incidence_per_1000_uninfected,LSO,SEX_BTSX,2004,16.6,18.8,14.8
incidence_per_1000_uninfected,AGO,SEX_BTSX,2004,1.3,1.5,1.1
incidence_per_1000_uninfected,BDI,SEX_MLE,2014,0.23,0.33,0.15
incidence_per_1000_uninfected,MWI,SEX_MLE,1993,13.0,14.5,12.0
incidence_per_1000_uninfected,MDG,SEX_BTSX,2008,0.18,0.23,0.14
incidence_per_1000_uninfected,NER,SEX_BTSX,2003,0.31,0.36,0.27
incidence_per_1000_uninfected,SSD,SEX_BTSX,2007,1.4,1.9,1.1
incidence_per_1000_uninfected,AGO,SEX_BTSX,1997,1.2,1.5,0.92
incidence_per_1000_uninfected,LBR,SEX_MLE,2020,,,
incidence_per_1000_uninfected,ZWE,SEX_FMLE,2009,7.7,8.9,7.0
incidence_per_1000_uninfected,GNB,SEX_BTSX,2009,2.1,2.5,1.7
incidence_per_1000_uninfected,TZA,SEX_FMLE,2023,1.1,1.4,0.84
incidence_per_1000_uninfected,UGA,SEX_FMLE,2020,1.5,1.9,1.2
incidence_per_1000_uninfected,TZA,SEX_FMLE,1998,4.4,5.0,4.0
incidence_per_1000_uninfected,MLI,SEX_BTSX,1997,1.2,1.5,0.99
incidence_per_1000_uninfected,COM,SEX_MLE,2012,0.1,0.1,0.01
incidence_per_1000_uninfected,SYC,SEX_BTSX,2011,,,
incidence_per_1000_uninfected,RWA,SEX_BTSX,2011,0.93,1.2,0.74
incidence_per_1000_uninfected,BFA,SEX_BTSX,2009,0.31,0.4,0.24
incidence_per_1000_uninfected,DZA,SEX_MLE,2011,0.1,0.1,0.1
incidence_per_1000_uninfected,SWZ,SEX_FMLE,1992,9.8,12.0,8.3
incidence_per_1000_uninfected,COM,SEX_BTSX,2020,0.1,0.1,0.01
incidence_per_1000_uninfected,RWA,SEX_FMLE,1995,4.7,5.4,4.1
incidence_per_1000_uninfected,RWA,SEX_MLE,2000,2.8,3.2,2.5
incidence_per_1000_uninfected,BFA,SEX_MLE,2019,0.13,0.17,0.1
incidence_per_1000_uninfected,UGA,SEX_FMLE,2021,1.4,1.9,1.2
incidence_per_1000_uninfected,ETH,SEX_FMLE,2006,0.61,1.2,0.36
incidence_per_1000_uninfected,ZAF,SEX_FMLE,1997,15.2,16.9,13.6
incidence_per_1000_uninfected,MDG,SEX_FMLE,2016,0.2,0.28,0.15
incidence_per_1000_uninfected,BWA,SEX_FMLE,2004,14.0,15.9,12.3
incidence_per_1000_uninfected,NAM,SEX_MLE,1993,8.3,9.6,7.4
incidence_per_1000_uninfected,SYC,SEX_FMLE,1992,,,
incidence_per_1000_uninfected,MDG,SEX_MLE,2016,0.24,0.33,0.17
incidence_per_1000_uninfected,GAB,SEX_FMLE,1996,5.7,8.6,3.7
incidence_per_1000_uninfected,UGA,SEX_MLE,1994,5.5,6.5,5.0
incidence_per_1000_uninfected,SYC,SEX_FMLE,1996,,,
incidence_per_1000_uninfected,COM,SEX_MLE,1999,0.1,0.1,0.01
incidence_per_1000_uninfected,KEN,SEX_FMLE,2008,2.5,4.0,1.6
incidence_per_1000_uninfected,ZAF,SEX_FMLE,2003,14.0,15.4,12.5
incidence_per_1000_uninfected,TCD,SEX_MLE,2023,0.17,0.28,0.1
incidence_per_1000_uninfected,BEN,SEX_MLE,2016,0.17,0.24,0.12
incidence_per_1000_uninfected,CMR,SEX_BTSX,2016,0.98,1.3,0.79
incidence_per_1000_uninfected,STP,SEX_MLE,2004,,,
incidence_per_1000_uninfected,NGA,SEX_FMLE,2017,0.58,0.73,0.47
incidence_per_1000_uninfected,CAF,SEX_FMLE,1998,5.9,7.1,4.7
incidence_per_1000_uninfected,ZMB,SEX_FMLE,2012,5.9,6.5,5.3
incidence_per_1000_uninfected,MUS,SEX_MLE,1999,,,
incidence_per_1000_uninfected,TGO,SEX_MLE,1991,1.6,2.1,1.2
incidence_per_1000_uninfected,SSD,SEX_BTSX,1992,1.7,2.4,0.9
incidence_per_1000_uninfected,CMR,SEX_FMLE,2018,0.99,1.4,0.78
incidence_per_1000_uninfected,ETH,SEX_BTSX,1991,3.6,7.3,2.1
incidence_per_1000_uninfected,ZMB,SEX_BTSX,1994,11.5,12.9,10.4
incidence_per_1000_uninfected,MWI,SEX_BTSX,2004,6.8,7.6,6.3
incidence_per_1000_uninfected,TCD,SEX_BTSX,1998,1.8,2.3,1.4
incidence_per_1000_uninfected,GMB,SEX_BTSX,2011,1.1,1.6,0.83
incidence_per_1000_uninfected,ZMB,SEX_MLE,2006,5.2,5.9,4.6
incidence_per_1000_uninfected,TZA,SEX_MLE,2017,1.3,1.6,1.1
incidence_per_1000_uninfected,MUS,SEX_FMLE,1995,,,
incidence_per_1000_uninfected,KEN,SEX_BTSX,2002,3.9,6.1,2.5
incidence_per_1000_uninfected,UGA,SEX_FMLE,2009,4.0,4.5,3.7
incidence_per_1000_uninfected,SYC,SEX_MLE,2010,,,
incidence_per_1000_uninfected,CPV,SEX_FMLE,2007,0.32,0.39,0.27
incidence_per_1000_uninfected,NER,SEX_BTSX,2016,0.1,0.1,0.1
incidence_per_1000_uninfected,NGA,SEX_FMLE,2013,0.78,0.96,0.69
incidence_per_1000_uninfected,BDI,SEX_MLE,2001,1.1,1.3,0.89
incidence_per_1000_uninfected,GMB,SEX_BTSX,1991,0.47,0.79,0.26
incidence_per_1000_uninfected,COG,SEX_FMLE,2011,2.2,2.7,1.7
incidence_per_1000_uninfected,UGA,SEX_MLE,2022,0.76,1.0,0.6
incidence_per_1000_uninfected,CAF,SEX_MLE,2006,2.5,3.1,2.0
incidence_per_1000_uninfected,NGA,SEX_BTSX,1994,1.8,2.1,1.6
incidence_per_1000_uninfected,GIN,SEX_BTSX,1994,1.0,1.4,0.64
incidence_per_1000_uninfected,ZWE,SEX_FMLE,2022,1.3,1.6,1.0
incidence_per_1000_uninfected,GMB,SEX_FMLE,2014,1.0,1.4,0.73
incidence_per_1000_uninfected,BWA,SEX_BTSX,2010,7.6,8.4,6.6
incidence_per_1000_uninfected,COM,SEX_BTSX,1996,0.1,0.1,0.1
incidence_per_1000_uninfected,ZAF,SEX_FMLE,2007,11.7,12.9,10.5
incidence_per_1000_uninfected,TCD,SEX_MLE,2009,0.69,0.88,0.53
incidence_per_1000_uninfected,MUS,SEX_BTSX,2017,,,
incidence_per_1000_uninfected,GIN,SEX_FMLE,2022,0.52,0.76,0.33
incidence_per_1000_uninfected,TZA,SEX_FMLE,2001,3.7,4.2,3.3
incidence_per_1000_uninfected,ETH,SEX_FMLE,1995,2.7,5.2,1.6
incidence_per_1000_uninfected,RWA,SEX_MLE,1998,3.2,3.7,2.8
incidence_per_1000_uninfected,ETH,SEX_FMLE,2021,0.17,0.33,0.1
incidence_per_1000_uninfected,DZA,SEX_BTSX,2020,0.1,0.1,0.1
incidence_per_1000_uninfected,TGO,SEX_FMLE,2010,1.2,1.5,0.94
incidence_per_1000_uninfected,MDG,SEX_BTSX,2021,0.29,0.42,0.2
incidence_per_1000_uninfected,BEN,SEX_BTSX,1991,0.69,0.91,0.52
incidence_per_1000_uninfected,MRT,SEX_BTSX,1991,0.33,0.49,0.24
incidence_per_1000_uninfected,SSD,SEX_BTSX,1993,1.9,2.7,1.1
incidence_per_1000_uninfected,MRT,SEX_BTSX,2010,0.1,0.16,0.1
incidence_per_1000_uninfected,CMR,SEX_MLE,1994,3.5,4.2,2.9
incidence_per_1000_uninfected,GHA,SEX_BTSX,2003,1.4,1.7,1.2
incidence_per_1000_uninfected,MDG,SEX_BTSX,1990,0.1,0.1,0.01
incidence_per_1000_uninfected,ZAF,SEX_BTSX,1994,10.1,11.2,9.0
incidence_per_1000_uninfected,ZWE,SEX_MLE,2019,1.2,1.6,0.98
incidence_per_1000_uninfected,GIN,SEX_BTSX,2017,0.72,0.91,0.57
incidence_per_1000_uninfected,ETH,SEX_FMLE,2004,0.77,1.5,0.45
incidence_per_1000_uninfected,MOZ,SEX_BTSX,2000,9.2,10.6,8.2
incidence_per_1000_uninfected,DZA,SEX_MLE,2005,0.1,0.1,0.1
incidence_per_1000_uninfected,MLI,SEX_FMLE,2023,0.21,0.32,0.15
incidence_per_1000_uninfected,BDI,SEX_FMLE,2002,1.1,1.4,0.84
incidence_per_1000_uninfected,NGA,SEX_BTSX,1995,1.9,2.2,1.7
incidence_per_1000_uninfected,SSD,SEX_MLE,2019,0.54,0.73,0.4
incidence_per_1000_uninfected,MUS,SEX_MLE,2024,,,
incidence_per_1000_uninfected,GIN,SEX_FMLE,2021,0.58,0.83,0.38
incidence_per_1000_uninfected,SSD,SEX_FMLE,2012,1.4,1.7,1.1
incidence_per_1000_uninfected,TGO,SEX_MLE,2006,1.3,1.6,1.0
incidence_per_1000_uninfected,NGA,SEX_MLE,2007,0.95,1.2,0.84
incidence_per_1000_uninfected,UGA,SEX_MLE,1990,6.7,8.0,5.9
incidence_per_1000_uninfected,BWA,SEX_FMLE,1996,29.2,31.8,27.1
incidence_per_1000_uninfected,GNB,SEX_FMLE,2018,0.99,1.3,0.69
incidence_per_1000_uninfected,NGA,SEX_MLE,2018,0.37,0.47,0.3
incidence_per_1000_uninfected,COG,SEX_FMLE,2020,2.6,3.7,1.6
incidence_per_1000_uninfected,KEN,SEX_MLE,2009,1.5,2.5,0.99
incidence_per_1000_uninfected,GHA,SEX_FMLE,1998,2.1,2.5,1.8
incidence_per_1000_uninfected,ETH,SEX_BTSX,2015,0.17,0.34,0.1
incidence_per_1000_uninfected,MOZ,SEX_FMLE,2003,9.8,11.1,9.0
incidence_per_1000_uninfected,GNQ,SEX_MLE,1990,,,
incidence_per_1000_uninfected,STP,SEX_FMLE,2018,,,
incidence_per_1000_uninfected,COM,SEX_FMLE,2015,0.1,0.1,0.01
incidence_per_1000_uninfected,NAM,SEX_BTSX,2006,7.8,8.8,7.0
incidence_per_1000_uninfected,ERI,SEX_MLE,2011,0.11,0.2,0.1
incidence_per_1000_uninfected,RWA,SEX_FMLE,2012,1.0,1.4,0.81
incidence_per_1000_uninfected,SYC,SEX_BTSX,2008,,,
incidence_per_1000_uninfected,GMB,SEX_BTSX,1995,1.2,1.7,0.81
incidence_per_1000_uninfected,DZA,SEX_BTSX,2018,0.1,0.1,0.1
incidence_per_1000_uninfected,BEN,SEX_MLE,2022,0.1,0.14,0.1
incidence_per_1000_uninfected,TCD,SEX_BTSX,2002,1.3,1.6,1.0
incidence_per_1000_uninfected,GNB,SEX_MLE,2002,3.2,3.9,2.7
incidence_per_1000_uninfected,GNQ,SEX_BTSX,2007,,,
incidence_per_1000_uninfected,NAM,SEX_BTSX,2019,2.1,2.8,1.7
incidence_per_1000_uninfected,NAM,SEX_MLE,2002,9.0,10.4,8.1
incidence_per_1000_uninfected,LSO,SEX_BTSX,1991,8.7,10.7,7.1
incidence_per_1000_uninfected,STP,SEX_FMLE,2007,,,
incidence_per_1000_uninfected,COM,SEX_BTSX,2002,0.1,0.1,0.01
incidence_per_1000_uninfected,CAF,SEX_FMLE,2024,0.74,1.6,0.34
incidence_per_1000_uninfected,SSD,SEX_FMLE,2004,1.8,2.4,1.4
incidence_per_1000_uninfected,LBR,SEX_BTSX,1998,,,
incidence_per_1000_uninfected,SSD,SEX_MLE,2005,1.3,1.7,1.0
incidence_per_1000_uninfected,SLE,SEX_MLE,2022,0.34,0.51,0.21
incidence_per_1000_uninfected,SWZ,SEX_FMLE,2005,22.2,24.2,20.3
incidence_per_1000_uninfected,COM,SEX_MLE,2010,0.1,0.1,0.01
incidence_per_1000_uninfected,GHA,SEX_BTSX,2006,1.2,1.4,0.99
incidence_per_1000_uninfected,MUS,SEX_FMLE,1996,,,
incidence_per_1000_uninfected,NAM,SEX_FMLE,2017,3.8,5.1,3.1
incidence_per_1000_uninfected,BDI,SEX_BTSX,2007,0.62,0.81,0.47
incidence_per_1000_uninfected,SEN,SEX_MLE,2018,0.12,0.14,0.11
incidence_per_1000_uninfected,NAM,SEX_BTSX,2009,6.4,7.4,5.8
incidence_per_1000_uninfected,BWA,SEX_MLE,1990,12.0,13.9,10.6
incidence_per_1000_uninfected,NAM,SEX_FMLE,2016,4.2,5.5,3.5
incidence_per_1000_uninfected,MUS,SEX_MLE,2013,,,
incidence_per_1000_uninfected,SYC,SEX_MLE,2008,,,
incidence_per_1000_uninfected,SEN,SEX_FMLE,2021,0.12,0.14,0.11
incidence_per_1000_uninfected,GNB,SEX_BTSX,2000,4.6,5.5,3.9
incidence_per_1000_uninfected,SEN,SEX_FMLE,2024,0.15,0.17,0.14
incidence_per_1000_uninfected,RWA,SEX_FMLE,1999,3.7,4.1,3.4
incidence_per_1000_uninfected,MWI,SEX_BTSX,1991,13.5,14.5,12.9
incidence_per_1000_uninfected,SSD,SEX_MLE,2013,0.94,1.2,0.73
incidence_per_1000_uninfected,MUS,SEX_FMLE,1998,,,
incidence_per_1000_uninfected,SSD,SEX_BTSX,2020,0.66,0.89,0.48
incidence_per_1000_uninfected,ETH,SEX_MLE,2022,0.1,0.12,0.1
incidence_per_1000_uninfected,COD,SEX_BTSX,2024,0.21,0.35,0.12
incidence_per_1000_uninfected,BEN,SEX_BTSX,2019,0.16,0.24,0.11
incidence_per_1000_uninfected,ZMB,SEX_FMLE,2011,5.8,6.5,5.2
incidence_per_1000_uninfected,MRT,SEX_FMLE,1990,0.29,0.52,0.19
incidence_per_1000_uninfected,SLE,SEX_FMLE,2000,1.4,1.8,1.2
incidence_per_1000_uninfected,CPV,SEX_BTSX,1995,0.47,0.61,0.37
incidence_per_1000_uninfected,GIN,SEX_FMLE,1994,1.1,1.6,0.72
incidence_per_1000_uninfected,SLE,SEX_BTSX,2009,0.98,1.2,0.82
incidence_per_1000_uninfected,MOZ,SEX_MLE,2022,2.7,3.3,2.2
incidence_per_1000_uninfected,LSO,SEX_BTSX,2008,15.5,18.0,13.5
incidence_per_1000_uninfected,BDI,SEX_FMLE,2017,0.2,0.32,0.13
incidence_per_1000_uninfected,SSD,SEX_MLE,2017,0.68,0.89,0.52
incidence_per_1000_uninfected,AGO,SEX_MLE,1998,0.87,1.1,0.7
incidence_per_1000_uninfected,DZA,SEX_FMLE,2008,0.1,0.1,0.1
incidence_per_1000_uninfected,TGO,SEX_FMLE,1991,2.1,2.8,1.6
incidence_per_1000_uninfected,TGO,SEX_FMLE,1995,3.9,4.9,3.0
incidence_per_1000_uninfected,ZWE,SEX_FMLE,2012,5.1,6.2,4.4
incidence_per_1000_uninfected,ZWE,SEX_FMLE,2019,1.7,2.2,1.4
incidence_per_1000_uninfected,TCD,SEX_BTSX,2024,0.21,0.34,0.13
incidence_per_1000_uninfected,RWA,SEX_MLE,2004,1.9,2.3,1.7
incidence_per_1000_uninfected,CAF,SEX_MLE,1999,4.1,5.0,3.3
incidence_per_1000_uninfected,SYC,SEX_FMLE,2008,,,
incidence_per_1000_uninfected,ZMB,SEX_BTSX,2015,4.9,5.7,4.6
incidence_per_1000_uninfected,GAB,SEX_FMLE,2015,1.8,2.6,1.2
incidence_per_1000_uninfected,TCD,SEX_FMLE,2012,0.65,0.86,0.49
incidence_per_1000_uninfected,ETH,SEX_BTSX,2022,0.1,0.19,0.1
incidence_per_1000_uninfected,MUS,SEX_BTSX,2019,,,
incidence_per_1000_uninfected,COG,SEX_FMLE,2016,2.4,3.3,1.7
incidence_per_1000_uninfected,MUS,SEX_FMLE,2009,,,
incidence_per_1000_uninfected,LBR,SEX_FMLE,2015,,,
incidence_per_1000_uninfected,CMR,SEX_FMLE,2003,3.9,4.4,3.5
incidence_per_1000_uninfected,ZMB,SEX_MLE,2013,4.0,4.7,3.6
incidence_per_1000_uninfected,GHA,SEX_FMLE,2024,0.64,1.1,0.41
incidence_per_1000_uninfected,ZWE,SEX_BTSX,2015,3.3,4.2,2.8
incidence_per_1000_uninfected,SLE,SEX_BTSX,2003,1.2,1.4,1.1
incidence_per_1000_uninfected,SEN,SEX_BTSX,1999,0.69,0.75,0.66
incidence_per_1000_uninfected,MDG,SEX_MLE,1995,0.1,0.1,0.1
incidence_per_1000_uninfected,MUS,SEX_MLE,1992,,,
incidence_per_1000_uninfected,ZMB,SEX_FMLE,2015,6.0,6.7,5.5
incidence_per_1000_uninfected,BFA,SEX_BTSX,1990,2.5,3.5,1.7
incidence_per_1000_uninfected,COD,SEX_BTSX,2004,0.86,1.1,0.71
incidence_per_1000_uninfected,ZMB,SEX_MLE,1994,10.0,11.6,8.9
incidence_per_1000_uninfected,TZA,SEX_BTSX,1998,3.9,4.5,3.6
incidence_per_1000_uninfected,MRT,SEX_MLE,2000,0.65,0.77,0.55
incidence_per_1000_uninfected,BEN,SEX_MLE,1995,1.2,1.5,1.0
incidence_per_1000_uninfected,DZA,SEX_BTSX,1990,0.01,0.01,0.01
incidence_per_1000_uninfected,GNQ,SEX_FMLE,2010,,,
incidence_per_1000_uninfected,MLI,SEX_BTSX,2012,0.43,0.59,0.34
incidence_per_1000_uninfected,LSO,SEX_BTSX,2013,10.8,13.0,9.1
incidence_per_1000_uninfected,SEN,SEX_MLE,2005,0.33,0.37,0.31
incidence_per_1000_uninfected,COD,SEX_BTSX,2016,0.35,0.48,0.26
incidence_per_1000_uninfected,ZAF,SEX_FMLE,1998,15.7,17.2,14.0
incidence_per_1000_uninfected,NGA,SEX_BTSX,2006,1.1,1.3,1.0
incidence_per_1000_uninfected,MDG,SEX_BTSX,2024,0.51,0.69,0.38
incidence_per_1000_uninfected,STP,SEX_FMLE,2023,,,
incidence_per_1000_uninfected,COD,SEX_FMLE,1993,2.0,2.6,1.5
incidence_per_1000_uninfected,MDG,SEX_BTSX,1994,0.1,0.1,0.01
incidence_per_1000_uninfected,COD,SEX_BTSX,2010,0.56,0.71,0.45
incidence_per_1000_uninfected,NAM,SEX_MLE,2018,1.9,2.5,1.5
incidence_per_1000_uninfected,TGO,SEX_MLE,2023,0.29,0.45,0.18
incidence_per_1000_uninfected,LSO,SEX_MLE,1995,19.4,23.6,16.2
incidence_per_1000_uninfected,GHA,SEX_MLE,2015,0.58,0.75,0.47
incidence_per_1000_uninfected,CMR,SEX_BTSX,2005,3.0,3.4,2.7
incidence_per_1000_uninfected,SLE,SEX_FMLE,2001,1.4,1.6,1.2
incidence_per_1000_uninfected,GHA,SEX_FMLE,2003,1.6,1.9,1.4
incidence_per_1000_uninfected,MOZ,SEX_FMLE,2002,10.2,11.4,9.2
incidence_per_1000_uninfected,ZMB,SEX_BTSX,2011,4.9,5.6,4.5
incidence_per_1000_uninfected,GNQ,SEX_MLE,2012,,,
incidence_per_1000_uninfected,SSD,SEX_MLE,2012,1.0,1.3,0.77
incidence_per_1000_uninfected,BDI,SEX_MLE,1992,3.6,4.7,2.8
incidence_per_1000_uninfected,TCD,SEX_FMLE,2006,1.0,1.3,0.82
incidence_per_1000_uninfected,NAM,SEX_FMLE,2002,11.8,13.2,10.7
incidence_per_1000_uninfected,ZAF,SEX_FMLE,2024,4.0,4.5,3.6
incidence_per_1000_uninfected,ZAF,SEX_FMLE,2023,4.2,4.7,3.7
incidence_per_1000_uninfected,TGO,SEX_MLE,2011,0.68,0.93,0.5
incidence_per_1000_uninfected,GHA,SEX_MLE,2016,0.54,0.72,0.43
incidence_per_1000_uninfected,LSO,SEX_MLE,1998,17.7,20.6,15.1
incidence_per_1000_uninfected,UGA,SEX_BTSX,2009,3.6,4.1,3.3
incidence_per_1000_uninfected,RWA,SEX_MLE,2006,1.6,1.9,1.4
incidence_per_1000_uninfected,MUS,SEX_BTSX,2000,,,
incidence_per_1000_uninfected,GHA,SEX_MLE,2010,0.75,0.96,0.61
incidence_per_1000_uninfected,GAB,SEX_BTSX,2013,1.5,2.1,1.1
incidence_per_1000_uninfected,NGA,SEX_MLE,2019,0.33,0.43,0.27
incidence_per_1000_uninfected,LSO,SEX_BTSX,2020,3.7,4.9,2.9
incidence_per_1000_uninfected,AGO,SEX_MLE,2011,0.84,0.98,0.72
incidence_per_1000_uninfected,DZA,SEX_FMLE,2007,0.1,0.1,0.1
incidence_per_1000_uninfected,COM,SEX_BTSX,2021,0.1,0.1,0.01
incidence_per_1000_uninfected,ERI,SEX_MLE,1996,1.2,1.7,0.89
incidence_per_1000_uninfected,MWI,SEX_BTSX,2013,3.2,3.7,3.0
incidence_per_1000_uninfected,NGA,SEX_FMLE,2005,1.4,1.6,1.2
incidence_per_1000_uninfected,SYC,SEX_MLE,2013,,,
incidence_per_1000_uninfected,TZA,SEX_BTSX,2008,2.1,2.4,1.9
incidence_per_1000_uninfected,CMR,SEX_MLE,1998,4.4,5.2,3.8
incidence_per_1000_uninfected,ZMB,SEX_MLE,2016,3.7,4.3,3.4
incidence_per_1000_uninfected,BWA,SEX_BTSX,1998,22.0,24.0,20.2
incidence_per_1000_uninfected,NAM,SEX_BTSX,2002,10.4,11.7,9.5
incidence_per_1000_uninfected,UGA,SEX_FMLE,2011,3.6,4.1,3.3
incidence_per_1000_uninfected,CIV,SEX_MLE,2009,1.1,1.4,0.85
incidence_per_1000_uninfected,SYC,SEX_MLE,1999,,,
incidence_per_1000_uninfected,MOZ,SEX_BTSX,2017,5.1,5.9,4.5
incidence_per_1000_uninfected,TZA,SEX_MLE,2019,1.1,1.3,0.93
incidence_per_1000_uninfected,SEN,SEX_MLE,2013,0.13,0.16,0.11
incidence_per_1000_uninfected,SWZ,SEX_BTSX,2021,5.4,6.7,4.4
incidence_per_1000_uninfected,NGA,SEX_MLE,2003,1.2,1.5,1.1
incidence_per_1000_uninfected,MWI,SEX_FMLE,2002,8.7,9.8,8.0
incidence_per_1000_uninfected,SYC,SEX_BTSX,2004,,,
incidence_per_1000_uninfected,BFA,SEX_FMLE,2019,0.16,0.23,0.12
incidence_per_1000_uninfected,BWA,SEX_BTSX,1994,25.8,27.9,23.9
incidence_per_1000_uninfected,LBR,SEX_FMLE,1991,,,
incidence_per_1000_uninfected,ERI,SEX_MLE,2001,0.7,0.96,0.51
incidence_per_1000_uninfected,SEN,SEX_BTSX,2014,0.11,0.13,0.1
incidence_per_1000_uninfected,MRT,SEX_FMLE,2021,0.1,0.1,0.1
incidence_per_1000_uninfected,BWA,SEX_BTSX,2002,15.1,17.0,13.8
incidence_per_1000_uninfected,SYC,SEX_FMLE,2010,,,
incidence_per_1000_uninfected,NGA,SEX_MLE,1993,1.6,2.0,1.4
incidence_per_1000_uninfected,TGO,SEX_FMLE,2022,0.5,0.76,0.29
incidence_per_1000_uninfected,LBR,SEX_FMLE,1993,,,
incidence_per_1000_uninfected,TZA,SEX_BTSX,1997,4.2,4.8,3.9
incidence_per_1000_uninfected,NER,SEX_FMLE,2001,0.36,0.42,0.31
incidence_per_1000_uninfected,NGA,SEX_MLE,2015,0.48,0.62,0.41
incidence_per_1000_uninfected,CAF,SEX_BTSX,2018,1.1,1.6,0.67
incidence_per_1000_uninfected,SSD,SEX_BTSX,1995,2.0,2.9,1.2
incidence_per_1000_uninfected,COM,SEX_FMLE,2006,0.1,0.1,0.01
incidence_per_1000_uninfected,CIV,SEX_MLE,2004,2.1,2.6,1.8
incidence_per_1000_uninfected,ETH,SEX_FMLE,1994,3.1,6.0,1.8
incidence_per_1000_uninfected,GAB,SEX_FMLE,2024,0.97,1.9,0.49
incidence_per_1000_uninfected,BFA,SEX_FMLE,2015,0.2,0.26,0.15
incidence_per_1000_uninfected,NAM,SEX_BTSX,2010,6.0,6.9,5.3
incidence_per_1000_uninfected,BWA,SEX_FMLE,2023,2.6,3.1,2.1
incidence_per_1000_uninfected,GNQ,SEX_FMLE,1992,,,
incidence_per_1000_uninfected,DZA,SEX_FMLE,2004,0.1,0.1,0.1
incidence_per_1000_uninfected,CMR,SEX_MLE,2011,1.5,1.8,1.3
incidence_per_1000_uninfected,RWA,SEX_BTSX,2019,0.29,0.5,0.2
incidence_per_1000_uninfected,COM,SEX_MLE,2019,0.1,0.1,0.01
incidence_per_1000_uninfected,BFA,SEX_FMLE,1995,1.5,1.9,1.2
incidence_per_1000_uninfected,NGA,SEX_FMLE,2019,0.51,0.65,0.41
incidence_per_1000_uninfected,UGA,SEX_MLE,2012,2.3,2.8,2.1
incidence_per_1000_uninfected,NAM,SEX_FMLE,2012,6.0,7.2,5.2
incidence_per_1000_uninfected,BWA,SEX_MLE,2014,4.9,5.7,4.4
incidence_per_1000_uninfected,SSD,SEX_BTSX,1998,2.0,2.8,1.4
incidence_per_1000_uninfected,TCD,SEX_BTSX,2015,0.46,0.62,0.33
incidence_per_1000_uninfected,KEN,SEX_FMLE,2005,3.5,5.5,2.2
incidence_per_1000_uninfected,BFA,SEX_MLE,2002,0.72,0.88,0.59
incidence_per_1000_uninfected,GIN,SEX_BTSX,2021,0.49,0.68,0.33
incidence_per_1000_uninfected,TZA,SEX_MLE,1998,3.4,4.1,3.0
incidence_per_1000_uninfected,DZA,SEX_MLE,2019,0.1,0.1,0.1
incidence_per_1000_uninfected,MWI,SEX_FMLE,1990,13.5,14.4,12.7
incidence_per_1000_uninfected,GNB,SEX_MLE,2005,2.3,2.9,2.0
incidence_per_1000_uninfected,UGA,SEX_MLE,2015,1.7,2.1,1.5
incidence_per_1000_uninfected,MLI,SEX_MLE,2012,0.37,0.51,0.29
incidence_per_1000_uninfected,SSD,SEX_MLE,2024,0.37,0.55,0.23
incidence_per_1000_uninfected,COG,SEX_FMLE,1998,3.5,4.1,3.1
incidence_per_1000_uninfected,SYC,SEX_BTSX,2024,,,
incidence_per_1000_uninfected,SYC,SEX_MLE,1993,,,
incidence_per_1000_uninfected,DZA,SEX_MLE,2014,0.1,0.1,0.1
incidence_per_1000_uninfected,LSO,SEX_BTSX,1997,21.9,24.8,19.0
incidence_per_1000_uninfected,NGA,SEX_FMLE,2001,1.7,1.9,1.5
incidence_per_1000_uninfected,BEN,SEX_FMLE,2019,0.2,0.3,0.13
incidence_per_1000_uninfected,LSO,SEX_FMLE,2005,18.0,20.6,16.0
incidence_per_1000_uninfected,CPV,SEX_MLE,2020,0.46,0.63,0.32
incidence_per_1000_uninfected,BFA,SEX_BTSX,2017,0.16,0.22,0.12
incidence_per_1000_uninfected,TZA,SEX_BTSX,2001,3.2,3.7,3.0
incidence_per_1000_uninfected,NAM,SEX_MLE,2016,2.5,3.3,2.1
incidence_per_1000_uninfected,GAB,SEX_MLE,2002,2.2,2.8,1.7
incidence_per_1000_uninfected,BDI,SEX_FMLE,1997,2.3,2.8,1.9
incidence_per_1000_uninfected,LBR,SEX_BTSX,2024,,,
incidence_per_1000_uninfected,ZMB,SEX_FMLE,2003,8.3,9.2,7.6
incidence_per_1000_uninfected,COM,SEX_BTSX,2016,0.1,0.1,0.01
incidence_per_1000_uninfected,SEN,SEX_BTSX,2003,0.42,0.46,0.4
incidence_per_1000_uninfected,GIN,SEX_FMLE,1991,0.71,1.0,0.33
incidence_per_1000_uninfected,MUS,SEX_BTSX,2003,,,
incidence_per_1000_uninfected,ZMB,SEX_FMLE,1995,12.3,13.7,10.9
incidence_per_1000_uninfected,ZAF,SEX_MLE,2009,6.8,8.2,5.9
incidence_per_1000_uninfected,GAB,SEX_MLE,1997,2.9,4.3,2.0
incidence_per_1000_uninfected,CMR,SEX_FMLE,2024,0.57,0.79,0.43
incidence_per_1000_uninfected,ZAF,SEX_BTSX,1993,8.4,9.4,7.6
incidence_per_1000_uninfected,DZA,SEX_MLE,2003,0.1,0.1,0.1
incidence_per_1000_uninfected,DZA,SEX_BTSX,1992,0.01,0.01,0.01
incidence_per_1000_uninfected,MDG,SEX_FMLE,1998,0.1,0.1,0.1
incidence_per_1000_uninfected,BEN,SEX_BTSX,1990,0.49,0.68,0.36
incidence_per_1000_uninfected,ZMB,SEX_BTSX,2019,3.5,4.1,3.1
incidence_per_1000_uninfected,GNB,SEX_MLE,2019,0.55,0.75,0.38
incidence_per_1000_uninfected,STP,SEX_BTSX,2018,,,
incidence_per_1000_uninfected,COD,SEX_BTSX,1995,1.6,2.0,1.2
incidence_per_1000_uninfected,SEN,SEX_MLE,2009,0.2,0.23,0.18
incidence_per_1000_uninfected,GAB,SEX_FMLE,1991,3.3,5.5,1.9
incidence_per_1000_uninfected,BEN,SEX_FMLE,2007,0.68,0.81,0.57
incidence_per_1000_uninfected,STP,SEX_FMLE,2010,,,
incidence_per_1000_uninfected,ERI,SEX_BTSX,2017,0.1,0.18,0.1
incidence_per_1000_uninfected,ERI,SEX_BTSX,1994,1.9,2.7,1.3
incidence_per_1000_uninfected,COM,SEX_MLE,1991,0.1,0.1,0.01
incidence_per_1000_uninfected,ZAF,SEX_MLE,1995,9.9,11.5,8.8
incidence_per_1000_uninfected,GNB,SEX_FMLE,1992,0.96,1.4,0.62
incidence_per_1000_uninfected,KEN,SEX_MLE,1997,5.2,8.2,3.3
incidence_per_1000_uninfected,BWA,SEX_MLE,2008,7.1,8.5,6.2
incidence_per_1000_uninfected,NAM,SEX_MLE,2015,2.8,3.6,2.4
incidence_per_1000_uninfected,SSD,SEX_BTSX,2021,0.65,0.87,0.47
incidence_per_1000_uninfected,ERI,SEX_BTSX,2000,0.99,1.3,0.75
incidence_per_1000_uninfected,LSO,SEX_MLE,2006,14.8,17.5,13.1
incidence_per_1000_uninfected,ETH,SEX_BTSX,1995,2.3,4.6,1.3
incidence_per_1000_uninfected,COG,SEX_FMLE,1993,4.3,5.5,3.6
incidence_per_1000_uninfected,COG,SEX_FMLE,2015,2.3,3.1,1.7
incidence_per_1000_uninfected,LSO,SEX_FMLE,2017,7.0,8.7,5.8
incidence_per_1000_uninfected,TGO,SEX_FMLE,1994,3.5,4.5,2.7
incidence_per_1000_uninfected,STP,SEX_BTSX,1996,,,
incidence_per_1000_uninfected,GNB,SEX_FMLE,1991,0.7,0.99,0.44
incidence_per_1000_uninfected,MDG,SEX_MLE,2022,0.33,0.48,0.22
incidence_per_1000_uninfected,SEN,SEX_FMLE,2019,0.1,0.11,0.1
incidence_per_1000_uninfected,ZMB,SEX_MLE,2015,3.9,4.5,3.6
incidence_per_1000_uninfected,NGA,SEX_FMLE,2011,0.95,1.1,0.85
incidence_per_1000_uninfected,GNQ,SEX_MLE,2021,,,
incidence_per_1000_uninfected,COM,SEX_MLE,2009,0.1,0.1,0.01
incidence_per_1000_uninfected,ETH,SEX_FMLE,2016,0.22,0.43,0.13
incidence_per_1000_uninfected,ERI,SEX_FMLE,2017,0.12,0.22,0.1
incidence_per_1000_uninfected,BFA,SEX_FMLE,2012,0.24,0.32,0.18
incidence_per_1000_uninfected,SLE,SEX_MLE,2016,0.64,0.8,0.51
incidence_per_1000_uninfected,MWI,SEX_FMLE,2018,1.7,2.1,1.5
incidence_per_1000_uninfected,NAM,SEX_MLE,2014,3.1,4.0,2.6
incidence_per_1000_uninfected,MWI,SEX_FMLE,2011,4.5,5.2,4.1
incidence_per_1000_uninfected,MDG,SEX_MLE,2004,0.14,0.2,0.1
incidence_per_1000_uninfected,TCD,SEX_BTSX,2023,0.21,0.33,0.12
incidence_per_1000_uninfected,GMB,SEX_BTSX,2005,1.5,2.0,1.2
incidence_per_1000_uninfected,GNB,SEX_FMLE,1998,5.0,6.0,4.0
incidence_per_1000_uninfected,CMR,SEX_BTSX,1998,4.9,5.6,4.3
incidence_per_1000_uninfected,LBR,SEX_FMLE,2020,,,
incidence_per_1000_uninfected,MLI,SEX_MLE,2017,0.3,0.41,0.23
incidence_per_1000_uninfected,MWI,SEX_BTSX,2016,2.2,2.6,2.0
incidence_per_1000_uninfected,ZWE,SEX_FMLE,2011,5.8,7.0,5.1
incidence_per_1000_uninfected,NAM,SEX_BTSX,2003,9.8,11.0,9.1
incidence_per_1000_uninfected,CPV,SEX_MLE,2010,0.42,0.55,0.34
incidence_per_1000_uninfected,GHA,SEX_FMLE,1994,2.8,3.4,2.4
incidence_per_1000_uninfected,ZWE,SEX_FMLE,2004,10.9,12.1,9.8
incidence_per_1000_uninfected,UGA,SEX_BTSX,1995,5.9,6.7,5.4
incidence_per_1000_uninfected,ZMB,SEX_FMLE,2001,9.0,9.9,8.2
incidence_per_1000_uninfected,STP,SEX_BTSX,2016,,,
incidence_per_1000_uninfected,KEN,SEX_MLE,2001,3.6,5.7,2.3
incidence_per_1000_uninfected,UGA,SEX_BTSX,2013,2.6,3.0,2.3
incidence_per_1000_uninfected,COG,SEX_BTSX,1991,4.4,5.8,3.6
incidence_per_1000_uninfected,UGA,SEX_BTSX,2015,2.1,2.5,1.8
incidence_per_1000_uninfected,LBR,SEX_FMLE,2011,,,
incidence_per_1000_uninfected,BEN,SEX_MLE,1993,0.96,1.3,0.77
incidence_per_1000_uninfected,SWZ,SEX_BTSX,2019,6.6,7.9,5.5
incidence_per_1000_uninfected,TZA,SEX_FMLE,2024,0.83,1.2,0.61
incidence_per_1000_uninfected,CPV,SEX_MLE,2006,0.42,0.52,0.35
incidence_per_1000_uninfected,GNB,SEX_FMLE,2003,3.6,4.3,3.1
incidence_per_1000_uninfected,GNQ,SEX_MLE,2008,,,
incidence_per_1000_uninfected,GIN,SEX_MLE,2021,0.38,0.55,0.26
incidence_per_1000_uninfected,SWZ,SEX_FMLE,1991,5.8,7.1,4.8
incidence_per_1000_uninfected,CAF,SEX_FMLE,2019,1.2,1.9,0.66
incidence_per_1000_uninfected,TZA,SEX_MLE,2005,2.3,2.7,2.1
incidence_per_1000_uninfected,BFA,SEX_MLE,2012,0.22,0.29,0.17
incidence_per_1000_uninfected,NGA,SEX_BTSX,2002,1.4,1.7,1.3
incidence_per_1000_uninfected,SYC,SEX_FMLE,1995,,,
incidence_per_1000_uninfected,MDG,SEX_FMLE,2009,0.17,0.21,0.13
incidence_per_1000_uninfected,GNB,SEX_FMLE,2001,4.6,5.6,3.9
incidence_per_1000_uninfected,MDG,SEX_MLE,2024,0.55,0.74,0.4
incidence_per_1000_uninfected,KEN,SEX_BTSX,2011,1.5,2.4,0.97
incidence_per_1000_uninfected,BFA,SEX_MLE,2001,0.79,0.98,0.64
incidence_per_1000_uninfected,CPV,SEX_FMLE,2000,0.45,0.55,0.38
incidence_per_1000_uninfected,KEN,SEX_FMLE,2001,5.0,7.9,3.2
incidence_per_1000_uninfected,GMB,SEX_MLE,2006,1.4,1.9,1.1
incidence_per_1000_uninfected,STP,SEX_BTSX,2000,,,
incidence_per_1000_uninfected,BWA,SEX_MLE,2024,1.3,1.6,1.0
incidence_per_1000_uninfected,MOZ,SEX_MLE,2021,3.1,3.9,2.6
incidence_per_1000_uninfected,LSO,SEX_MLE,1991,7.3,9.0,5.7
incidence_per_1000_uninfected,ETH,SEX_BTSX,1998,1.5,3.0,0.85
incidence_per_1000_uninfected,NER,SEX_FMLE,2018,0.1,0.1,0.1
incidence_per_1000_uninfected,MDG,SEX_MLE,2002,0.1,0.16,0.1
incidence_per_1000_uninfected,TZA,SEX_FMLE,2016,2.7,3.3,2.4
incidence_per_1000_uninfected,SYC,SEX_BTSX,2017,,,
incidence_per_1000_uninfected,ZAF,SEX_BTSX,2005,10.9,12.0,9.8
incidence_per_1000_uninfected,BWA,SEX_FMLE,1990,15.9,17.7,14.4
incidence_per_1000_uninfected,NGA,SEX_MLE,2020,0.29,0.38,0.24
incidence_per_1000_uninfected,CMR,SEX_MLE,1992,2.4,2.9,1.8
incidence_per_1000_uninfected,MLI,SEX_MLE,2015,0.34,0.45,0.26
incidence_per_1000_uninfected,BWA,SEX_BTSX,2015,5.8,6.3,5.1
incidence_per_1000_uninfected,DZA,SEX_MLE,2006,0.1,0.1,0.1
incidence_per_1000_uninfected,MRT,SEX_MLE,2017,0.1,0.1,0.1
incidence_per_1000_uninfected,CPV,SEX_FMLE,1993,0.42,0.66,0.31
incidence_per_1000_uninfected,SWZ,SEX_BTSX,2017,7.8,9.1,6.7
incidence_per_1000_uninfected,CPV,SEX_FMLE,2009,0.33,0.4,0.28
incidence_per_1000_uninfected,BDI,SEX_MLE,2011,0.35,0.48,0.25
incidence_per_1000_uninfected,SSD,SEX_BTSX,2022,0.6,0.83,0.41
incidence_per_1000_uninfected,TZA,SEX_FMLE,1995,5.4,6.1,4.8
incidence_per_1000_uninfected,TCD,SEX_BTSX,2021,0.24,0.37,0.15
incidence_per_1000_uninfected,ZMB,SEX_MLE,2014,3.9,4.6,3.5
incidence_per_1000_uninfected,UGA,SEX_BTSX,2023,0.9,1.3,0.66
incidence_per_1000_uninfected,GMB,SEX_BTSX,2013,1.0,1.4,0.72
incidence_per_1000_uninfected,GHA,SEX_BTSX,2008,1.0,1.3,0.84
incidence_per_1000_uninfected,GHA,SEX_MLE,2000,1.3,1.6,1.1
incidence_per_1000_uninfected,CPV,SEX_MLE,1996,0.51,0.68,0.41
incidence_per_1000_uninfected,GAB,SEX_BTSX,2009,2.1,2.7,1.6
incidence_per_1000_uninfected,BWA,SEX_BTSX,2003,13.8,15.5,12.4
incidence_per_1000_uninfected,LSO,SEX_FMLE,2016,8.5,10.4,7.1
incidence_per_1000_uninfected,BEN,SEX_FMLE,1991,0.79,1.0,0.61
incidence_per_1000_uninfected,COD,SEX_MLE,2022,0.2,0.31,0.12
incidence_per_1000_uninfected,SSD,SEX_MLE,2014,0.96,1.2,0.75
incidence_per_1000_uninfected,COG,SEX_FMLE,1997,3.5,4.1,3.0
incidence_per_1000_uninfected,MUS,SEX_MLE,1995,,,
incidence_per_1000_uninfected,NGA,SEX_MLE,2011,0.73,0.9,0.65
incidence_per_1000_uninfected,ZAF,SEX_FMLE,2018,5.6,6.3,4.9
incidence_per_1000_uninfected,CAF,SEX_BTSX,1991,6.6,10.0,5.1
incidence_per_1000_uninfected,MLI,SEX_BTSX,2022,0.22,0.32,0.15
incidence_per_1000_uninfected,GIN,SEX_BTSX,2008,1.0,1.3,0.87
incidence_per_1000_uninfected,ERI,SEX_MLE,1990,1.6,2.7,1.1
incidence_per_1000_uninfected,GIN,SEX_BTSX,2022,0.43,0.63,0.28
incidence_per_1000_uninfected,CMR,SEX_FMLE,2023,0.58,0.84,0.42
incidence_per_1000_uninfected,SYC,SEX_MLE,2015,,,
incidence_per_1000_uninfected,COM,SEX_MLE,2007,0.1,0.1,0.1
incidence_per_1000_uninfected,GNB,SEX_BTSX,1993,1.2,1.6,0.77
incidence_per_1000_uninfected,GAB,SEX_BTSX,1991,2.5,4.3,1.4
incidence_per_1000_uninfected,DZA,SEX_BTSX,1998,0.1,0.1,0.1
incidence_per_1000_uninfected,NGA,SEX_MLE,1998,1.6,1.9,1.4
incidence_per_1000_uninfected,DZA,SEX_FMLE,2000,0.1,0.1,0.1
incidence_per_1000_uninfected,GAB,SEX_MLE,2024,0.4,0.79,0.2
incidence_per_1000_uninfected,MRT,SEX_MLE,1992,0.36,0.53,0.25
incidence_per_1000_uninfected,BWA,SEX_MLE,1991,15.1,17.6,13.5
incidence_per_1000_uninfected,MOZ,SEX_MLE,2000,7.9,9.2,7.0
incidence_per_1000_uninfected,MUS,SEX_FMLE,2011,,,
incidence_per_1000_uninfected,MLI,SEX_BTSX,2010,0.52,0.7,0.43
incidence_per_1000_uninfected,ERI,SEX_MLE,1994,1.6,2.3,1.2
incidence_per_1000_uninfected,ETH,SEX_MLE,1992,2.9,6.2,1.5
incidence_per_1000_uninfected,COM,SEX_BTSX,2010,0.1,0.1,0.01
incidence_per_1000_uninfected,UGA,SEX_MLE,2020,0.87,1.1,0.71
incidence_per_1000_uninfected,MLI,SEX_FMLE,1992,1.7,2.3,1.3
incidence_per_1000_uninfected,COD,SEX_BTSX,2005,0.8,0.99,0.68
incidence_per_1000_uninfected,ERI,SEX_FMLE,2020,0.12,0.21,0.1
incidence_per_1000_uninfected,RWA,SEX_BTSX,2006,1.8,2.1,1.6
incidence_per_1000_uninfected,KEN,SEX_MLE,1991,8.3,13.2,5.3
incidence_per_1000_uninfected,NER,SEX_FMLE,1993,0.63,0.78,0.5
incidence_per_1000_uninfected,COD,SEX_FMLE,2021,0.32,0.48,0.21
incidence_per_1000_uninfected,LSO,SEX_MLE,2002,15.2,18.0,13.4
incidence_per_1000_uninfected,BWA,SEX_MLE,2011,6.6,7.5,5.8
incidence_per_1000_uninfected,GMB,SEX_FMLE,2009,1.4,1.9,1.1
incidence_per_1000_uninfected,CMR,SEX_MLE,2024,0.35,0.49,0.28
incidence_per_1000_uninfected,ETH,SEX_FMLE,2008,0.51,0.98,0.3
incidence_per_1000_uninfected,ETH,SEX_MLE,2015,0.12,0.27,0.1
incidence_per_1000_uninfected,CIV,SEX_BTSX,2017,0.56,0.82,0.36
incidence_per_1000_uninfected,NER,SEX_FMLE,1999,0.45,0.54,0.39
incidence_per_1000_uninfected,NGA,SEX_FMLE,2002,1.6,1.8,1.4
incidence_per_1000_uninfected,ERI,SEX_MLE,2005,0.29,0.45,0.16
incidence_per_1000_uninfected,UGA,SEX_BTSX,2020,1.2,1.5,0.97
incidence_per_1000_uninfected,MDG,SEX_BTSX,2009,0.19,0.24,0.14
incidence_per_1000_uninfected,MDG,SEX_FMLE,2005,0.13,0.18,0.1
incidence_per_1000_uninfected,MWI,SEX_MLE,2000,8.4,9.7,7.8
incidence_per_1000_uninfected,NER,SEX_BTSX,2009,0.13,0.16,0.11
incidence_per_1000_uninfected,NAM,SEX_BTSX,2012,5.1,6.1,4.5
incidence_per_1000_uninfected,MWI,SEX_MLE,2015,2.0,2.3,1.8
incidence_per_1000_uninfected,ZMB,SEX_MLE,2008,4.3,4.9,3.7
incidence_per_1000_uninfected,CIV,SEX_FMLE,2000,4.2,4.8,3.6
incidence_per_1000_uninfected,COD,SEX_BTSX,1999,1.2,1.5,0.97
incidence_per_1000_uninfected,CIV,SEX_FMLE,1990,8.1,10.7,6.0
incidence_per_1000_uninfected,CPV,SEX_FMLE,1994,0.43,0.6,0.33
incidence_per_1000_uninfected,BFA,SEX_FMLE,1993,1.9,2.5,1.6
incidence_per_1000_uninfected,CMR,SEX_BTSX,1990,1.7,2.0,1.2
incidence_per_1000_uninfected,SLE,SEX_MLE,2011,0.79,0.95,0.64
incidence_per_1000_uninfected,SSD,SEX_MLE,1995,1.8,2.6,1.1
incidence_per_1000_uninfected,MUS,SEX_MLE,2023,,,
incidence_per_1000_uninfected,SWZ,SEX_BTSX,1998,25.2,27.4,23.2
incidence_per_1000_uninfected,LSO,SEX_FMLE,2002,18.4,20.8,16.0
incidence_per_1000_uninfected,COG,SEX_MLE,2023,1.1,1.7,0.56
incidence_per_1000_uninfected,NER,SEX_MLE,2001,0.42,0.5,0.37
incidence_per_1000_uninfected,NER,SEX_BTSX,1991,0.57,0.72,0.44
incidence_per_1000_uninfected,GAB,SEX_FMLE,2014,1.9,2.7,1.3
incidence_per_1000_uninfected,MDG,SEX_BTSX,2005,0.14,0.2,0.1
incidence_per_1000_uninfected,ZMB,SEX_MLE,2001,7.1,8.0,6.4
incidence_per_1000_uninfected,MUS,SEX_BTSX,2020,,,
incidence_per_1000_uninfected,TZA,SEX_MLE,2002,2.7,3.2,2.5
incidence_per_1000_uninfected,GHA,SEX_FMLE,2009,1.2,1.4,0.97
incidence_per_1000_uninfected,RWA,SEX_FMLE,2023,0.26,0.41,0.17
incidence_per_1000_uninfected,GAB,SEX_FMLE,1990,2.7,4.6,1.4
incidence_per_1000_uninfected,GMB,SEX_MLE,2007,1.3,1.8,1.0
incidence_per_1000_uninfected,CIV,SEX_MLE,2017,0.42,0.61,0.28
incidence_per_1000_uninfected,STP,SEX_FMLE,2002,,,
incidence_per_1000_uninfected,BFA,SEX_MLE,1998,1.1,1.4,0.89
incidence_per_1000_uninfected,TZA,SEX_MLE,2009,1.8,2.2,1.7
incidence_per_1000_uninfected,NGA,SEX_MLE,2010,0.77,0.96,0.68
incidence_per_1000_uninfected,BFA,SEX_BTSX,1991,2.4,3.2,1.8
incidence_per_1000_uninfected,GMB,SEX_FMLE,1994,1.1,1.5,0.68
incidence_per_1000_uninfected,ERI,SEX_BTSX,2004,0.41,0.62,0.22
incidence_per_1000_uninfected,DZA,SEX_MLE,2013,0.1,0.1,0.1
incidence_per_1000_uninfected,COM,SEX_MLE,2003,0.1,0.1,0.01
incidence_per_1000_uninfected,STP,SEX_MLE,2015,,,
incidence_per_1000_uninfected,TCD,SEX_BTSX,2022,0.24,0.35,0.15
incidence_per_1000_uninfected,COM,SEX_FMLE,2004,0.1,0.1,0.01
incidence_per_1000_uninfected,GMB,SEX_MLE,2011,1.1,1.5,0.77
incidence_per_1000_uninfected,AGO,SEX_MLE,1995,0.79,1.0,0.59
incidence_per_1000_uninfected,BEN,SEX_BTSX,2017,0.2,0.29,0.13
incidence_per_1000_uninfected,TCD,SEX_FMLE,2023,0.25,0.4,0.14
incidence_per_1000_uninfected,COM,SEX_BTSX,2014,0.1,0.1,0.01
incidence_per_1000_uninfected,NAM,SEX_FMLE,2006,8.9,10.2,7.9
incidence_per_1000_uninfected,CMR,SEX_FMLE,2020,0.93,1.3,0.71
incidence_per_1000_uninfected,GHA,SEX_MLE,2014,0.6,0.78,0.48
incidence_per_1000_uninfected,BEN,SEX_BTSX,1995,1.5,1.8,1.2
incidence_per_1000_uninfected,SWZ,SEX_BTSX,1992,10.3,12.5,8.7
incidence_per_1000_uninfected,KEN,SEX_FMLE,2003,4.3,6.7,2.7
incidence_per_1000_uninfected,NGA,SEX_MLE,1996,1.6,2.0,1.4
incidence_per_1000_uninfected,MUS,SEX_MLE,2009,,,
incidence_per_1000_uninfected,ERI,SEX_MLE,2010,0.12,0.22,0.1
incidence_per_1000_uninfected,NER,SEX_MLE,2009,0.14,0.17,0.11
incidence_per_1000_uninfected,ZMB,SEX_FMLE,2021,3.0,3.7,2.5
incidence_per_1000_uninfected,NAM,SEX_BTSX,1996,13.8,15.7,12.4
incidence_per_1000_uninfected,ZAF,SEX_MLE,2023,2.3,2.7,1.9
incidence_per_1000_uninfected,GAB,SEX_BTSX,2021,0.97,1.6,0.58
incidence_per_1000_uninfected,ZAF,SEX_FMLE,1996,14.3,15.7,12.8
incidence_per_1000_uninfected,LSO,SEX_FMLE,1992,14.5,17.7,12.1
incidence_per_1000_uninfected,CPV,SEX_MLE,2013,0.43,0.58,0.35
incidence_per_1000_uninfected,GNQ,SEX_MLE,2011,,,
incidence_per_1000_uninfected,COG,SEX_FMLE,1990,5.8,7.7,4.6
incidence_per_1000_uninfected,MUS,SEX_BTSX,2001,,,
incidence_per_1000_uninfected,SYC,SEX_BTSX,2014,,,
incidence_per_1000_uninfected,LSO,SEX_MLE,2019,3.2,4.3,2.6
incidence_per_1000_uninfected,AGO,SEX_MLE,1997,0.85,1.1,0.66
incidence_per_1000_uninfected,BFA,SEX_BTSX,2022,0.13,0.19,0.1
incidence_per_1000_uninfected,RWA,SEX_FMLE,2005,2.1,2.5,1.9
incidence_per_1000_uninfected,ERI,SEX_FMLE,2002,0.71,1.0,0.46
incidence_per_1000_uninfected,KEN,SEX_BTSX,2023,0.37,0.58,0.24
incidence_per_1000_uninfected,RWA,SEX_FMLE,1998,4.1,4.6,3.8
incidence_per_1000_uninfected,CMR,SEX_BTSX,2000,4.5,5.1,4.0
incidence_per_1000_uninfected,ERI,SEX_FMLE,2005,0.38,0.58,0.21
incidence_per_1000_uninfected,NGA,SEX_FMLE,2006,1.3,1.5,1.1
incidence_per_1000_uninfected,BEN,SEX_FMLE,2000,1.1,1.3,0.89
incidence_per_1000_uninfected,ETH,SEX_MLE,2021,0.1,0.17,0.1
incidence_per_1000_uninfected,CIV,SEX_BTSX,1996,5.7,6.9,4.8
incidence_per_1000_uninfected,SEN,SEX_BTSX,1996,0.55,0.59,0.52
incidence_per_1000_uninfected,COG,SEX_MLE,2020,1.2,1.8,0.76
incidence_per_1000_uninfected,ZAF,SEX_MLE,2013,5.1,6.0,4.5
incidence_per_1000_uninfected,DZA,SEX_BTSX,1995,0.01,0.01,0.01
incidence_per_1000_uninfected,UGA,SEX_FMLE,1997,5.9,6.6,5.4
incidence_per_1000_uninfected,MLI,SEX_BTSX,2001,0.9,1.1,0.77
incidence_per_1000_uninfected,SYC,SEX_MLE,1997,,,
incidence_per_1000_uninfected,MLI,SEX_MLE,2022,0.2,0.28,0.14
incidence_per_1000_uninfected,COM,SEX_BTSX,2023,0.01,0.1,0.01
incidence_per_1000_uninfected,LBR,SEX_MLE,1994,,,
incidence_per_1000_uninfected,MRT,SEX_FMLE,1999,0.54,0.63,0.43
incidence_per_1000_uninfected,BDI,SEX_FMLE,2004,0.87,1.1,0.66
incidence_per_1000_uninfected,UGA,SEX_BTSX,2024,0.79,1.1,0.55
incidence_per_1000_uninfected,SWZ,SEX_MLE,2020,4.2,5.1,3.5
incidence_per_1000_uninfected,MRT,SEX_FMLE,1995,0.55,0.7,0.42
incidence_per_1000_uninfected,SLE,SEX_FMLE,1994,1.5,1.9,1.1
incidence_per_1000_uninfected,STP,SEX_MLE,2010,,,
incidence_per_1000_uninfected,KEN,SEX_FMLE,1994,11.6,18.1,7.3
incidence_per_1000_uninfected,MOZ,SEX_BTSX,2019,4.7,5.5,4.0
incidence_per_1000_uninfected,TCD,SEX_BTSX,2016,0.42,0.57,0.3
incidence_per_1000_uninfected,KEN,SEX_FMLE,1997,7.6,11.9,4.8
incidence_per_1000_uninfected,COM,SEX_FMLE,2023,0.01,0.1,0.01
incidence_per_1000_uninfected,ZMB,SEX_BTSX,2004,6.9,7.8,6.3
incidence_per_1000_uninfected,AGO,SEX_BTSX,2005,1.3,1.5,1.1
incidence_per_1000_uninfected,TGO,SEX_FMLE,2007,1.5,1.9,1.2
incidence_per_1000_uninfected,CMR,SEX_FMLE,1990,1.9,2.2,1.4
incidence_per_1000_uninfected,SYC,SEX_FMLE,2007,,,
incidence_per_1000_uninfected,RWA,SEX_BTSX,2002,2.7,3.0,2.5
incidence_per_1000_uninfected,SLE,SEX_MLE,2019,0.49,0.67,0.36
incidence_per_1000_uninfected,CPV,SEX_BTSX,1993,0.45,0.71,0.33
incidence_per_1000_uninfected,RWA,SEX_FMLE,2010,1.3,1.6,1.1
incidence_per_1000_uninfected,TZA,SEX_FMLE,2015,2.5,3.0,2.2
incidence_per_1000_uninfected,ZMB,SEX_FMLE,2023,2.2,2.8,1.6
incidence_per_1000_uninfected,CMR,SEX_MLE,2013,1.0,1.3,0.84
incidence_per_1000_uninfected,CPV,SEX_FMLE,2011,0.34,0.44,0.28
incidence_per_1000_uninfected,NER,SEX_FMLE,1997,0.58,0.7,0.49
incidence_per_1000_uninfected,CAF,SEX_FMLE,2000,4.9,5.8,3.9
incidence_per_1000_uninfected,AGO,SEX_BTSX,2008,1.3,1.4,1.1
incidence_per_1000_uninfected,SWZ,SEX_BTSX,1993,15.3,17.8,12.9
incidence_per_1000_uninfected,CMR,SEX_FMLE,2006,3.0,3.4,2.7
incidence_per_1000_uninfected,SWZ,SEX_BTSX,2022,4.4,5.5,3.5
incidence_per_1000_uninfected,TCD,SEX_MLE,1997,1.7,2.3,1.3
incidence_per_1000_uninfected,BDI,SEX_MLE,1996,2.1,2.6,1.6
incidence_per_1000_uninfected,SSD,SEX_FMLE,2006,1.6,2.1,1.2
incidence_per_1000_uninfected,UGA,SEX_BTSX,1994,6.0,6.9,5.6
incidence_per_1000_uninfected,LSO,SEX_FMLE,2014,11.6,14.0,9.6
incidence_per_1000_uninfected,SLE,SEX_MLE,2014,0.71,0.88,0.58
incidence_per_1000_uninfected,LSO,SEX_FMLE,2004,18.1,20.5,16.0
incidence_per_1000_uninfected,COM,SEX_FMLE,1992,0.1,0.1,0.01
incidence_per_1000_uninfected,RWA,SEX_MLE,2011,0.77,1.1,0.6
incidence_per_1000_uninfected,BFA,SEX_FMLE,1996,1.4,1.7,1.1
incidence_per_1000_uninfected,CIV,SEX_MLE,2003,2.3,2.7,1.9
incidence_per_1000_uninfected,ERI,SEX_BTSX,2016,0.1,0.17,0.1
incidence_per_1000_uninfected,COG,SEX_BTSX,2003,2.3,2.6,2.0
incidence_per_1000_uninfected,LBR,SEX_FMLE,2000,,,
incidence_per_1000_uninfected,GMB,SEX_MLE,1994,0.94,1.4,0.6
incidence_per_1000_uninfected,GNB,SEX_MLE,2010,1.6,2.0,1.3
incidence_per_1000_uninfected,ZWE,SEX_BTSX,1993,28.6,32.7,25.5
incidence_per_1000_uninfected,TCD,SEX_MLE,1998,1.6,2.2,1.3
incidence_per_1000_uninfected,ZMB,SEX_MLE,2011,4.1,4.8,3.8
incidence_per_1000_uninfected,UGA,SEX_MLE,2006,3.7,4.2,3.4
incidence_per_1000_uninfected,NAM,SEX_MLE,1995,10.9,12.5,9.7
incidence_per_1000_uninfected,ZWE,SEX_MLE,2015,2.9,3.8,2.6
incidence_per_1000_uninfected,BEN,SEX_BTSX,2016,0.21,0.3,0.15
incidence_per_1000_uninfected,LBR,SEX_BTSX,2001,,,
incidence_per_1000_uninfected,GHA,SEX_BTSX,1993,2.4,2.9,2.0
incidence_per_1000_uninfected,SLE,SEX_MLE,1997,1.3,1.7,1.1
incidence_per_1000_uninfected,BDI,SEX_BTSX,2005,0.7,0.9,0.53
incidence_per_1000_uninfected,NGA,SEX_BTSX,2004,1.3,1.5,1.2
incidence_per_1000_uninfected,MDG,SEX_FMLE,1991,0.01,0.1,0.01
incidence_per_1000_uninfected,AGO,SEX_MLE,1993,0.7,0.95,0.5
incidence_per_1000_uninfected,ZMB,SEX_FMLE,2008,5.7,6.6,5.0
incidence_per_1000_uninfected,ZMB,SEX_FMLE,2006,6.7,7.5,6.1
incidence_per_1000_uninfected,MUS,SEX_FMLE,2010,,,
incidence_per_1000_uninfected,MRT,SEX_MLE,2009,0.13,0.2,0.1
incidence_per_1000_uninfected,NGA,SEX_FMLE,2014,0.72,0.91,0.63
incidence_per_1000_uninfected,BDI,SEX_BTSX,2009,0.46,0.61,0.32
incidence_per_1000_uninfected,NAM,SEX_BTSX,2007,7.0,8.1,6.3
incidence_per_1000_uninfected,AGO,SEX_FMLE,2000,1.6,1.9,1.3
incidence_per_1000_uninfected,MOZ,SEX_MLE,2009,6.5,7.6,6.0
incidence_per_1000_uninfected,SWZ,SEX_BTSX,2023,4.6,5.6,3.7
incidence_per_1000_uninfected,CIV,SEX_FMLE,2019,0.53,0.83,0.32
incidence_per_1000_uninfected,GIN,SEX_FMLE,2000,1.5,1.8,1.2
incidence_per_1000_uninfected,CMR,SEX_MLE,2017,0.67,0.9,0.53
incidence_per_1000_uninfected,ZMB,SEX_FMLE,1993,13.5,15.1,11.9
incidence_per_1000_uninfected,NER,SEX_MLE,1992,0.71,0.88,0.55
incidence_per_1000_uninfected,NGA,SEX_BTSX,2008,1.0,1.2,0.91
incidence_per_1000_uninfected,NER,SEX_FMLE,2007,0.16,0.19,0.14
incidence_per_1000_uninfected,NAM,SEX_BTSX,2013,4.4,5.4,3.8
incidence_per_1000_uninfected,GNQ,SEX_BTSX,2012,,,
incidence_per_1000_uninfected,CMR,SEX_FMLE,1996,5.3,6.1,4.5
incidence_per_1000_uninfected,STP,SEX_BTSX,2006,,,
incidence_per_1000_uninfected,RWA,SEX_MLE,2002,2.4,2.7,2.2
incidence_per_1000_uninfected,SWZ,SEX_MLE,2007,16.3,18.4,14.8
incidence_per_1000_uninfected,MLI,SEX_FMLE,2014,0.46,0.64,0.36
incidence_per_1000_uninfected,GHA,SEX_BTSX,2016,0.74,0.96,0.59
incidence_per_1000_uninfected,UGA,SEX_BTSX,2018,1.4,1.8,1.2
incidence_per_1000_uninfected,BWA,SEX_BTSX,2022,2.1,2.5,1.8
incidence_per_1000_uninfected,SLE,SEX_BTSX,1997,1.4,1.8,1.2
incidence_per_1000_uninfected,CPV,SEX_FMLE,2021,0.34,0.49,0.24
incidence_per_1000_uninfected,GHA,SEX_BTSX,2018,0.68,0.91,0.51
incidence_per_1000_uninfected,CIV,SEX_MLE,2011,0.86,1.2,0.68
incidence_per_1000_uninfected,STP,SEX_MLE,2019,,,
incidence_per_1000_uninfected,ZMB,SEX_BTSX,2005,6.3,7.1,5.8
incidence_per_1000_uninfected,NGA,SEX_FMLE,1992,1.9,2.2,1.6
incidence_per_1000_uninfected,SWZ,SEX_FMLE,2001,25.4,27.6,23.5
incidence_per_1000_uninfected,GAB,SEX_BTSX,2004,2.7,3.4,2.1
incidence_per_1000_uninfected,ZWE,SEX_MLE,1997,16.7,19.3,14.9
incidence_per_1000_uninfected,STP,SEX_FMLE,2000,,,
incidence_per_1000_uninfected,COG,SEX_FMLE,2006,2.5,2.9,2.1
incidence_per_1000_uninfected,CIV,SEX_FMLE,2001,3.7,4.4,3.2
incidence_per_1000_uninfected,COD,SEX_MLE,2001,0.93,1.2,0.76
incidence_per_1000_uninfected,TZA,SEX_BTSX,2004,2.8,3.1,2.5
incidence_per_1000_uninfected,GIN,SEX_MLE,2023,0.3,0.46,0.18
incidence_per_1000_uninfected,CAF,SEX_BTSX,1996,5.9,7.5,4.8
incidence_per_1000_uninfected,TZA,SEX_MLE,1999,3.2,3.8,2.9
incidence_per_1000_uninfected,ERI,SEX_BTSX,2018,0.11,0.19,0.1
incidence_per_1000_uninfected,GNQ,SEX_MLE,2007,,,
incidence_per_1000_uninfected,TCD,SEX_FMLE,2019,0.36,0.51,0.24
incidence_per_1000_uninfected,SSD,SEX_BTSX,2018,0.72,0.92,0.51
incidence_per_1000_uninfected,LBR,SEX_FMLE,2013,,,
incidence_per_1000_uninfected,NAM,SEX_BTSX,2016,3.4,4.4,2.9
incidence_per_1000_uninfected,COD,SEX_MLE,2024,0.17,0.28,0.1
incidence_per_1000_uninfected,LBR,SEX_BTSX,1993,,,
incidence_per_1000_uninfected,BDI,SEX_MLE,2018,0.1,0.16,0.1
incidence_per_1000_uninfected,CPV,SEX_FMLE,2023,0.36,0.52,0.22
incidence_per_1000_uninfected,TCD,SEX_MLE,2000,1.3,1.7,1.0
incidence_per_1000_uninfected,RWA,SEX_FMLE,2003,2.4,2.7,2.2
incidence_per_1000_uninfected,STP,SEX_BTSX,1991,,,
incidence_per_1000_uninfected,SEN,SEX_FMLE,2008,0.18,0.2,0.17
incidence_per_1000_uninfected,CMR,SEX_BTSX,1996,4.7,5.5,4.1
incidence_per_1000_uninfected,LBR,SEX_BTSX,2017,,,
incidence_per_1000_uninfected,BFA,SEX_MLE,1995,1.4,1.9,1.2
incidence_per_1000_uninfected,GMB,SEX_FMLE,1996,1.4,1.9,0.98
incidence_per_1000_uninfected,ZMB,SEX_FMLE,1996,11.7,13.1,10.2
incidence_per_1000_uninfected,CPV,SEX_BTSX,2010,0.38,0.48,0.31
incidence_per_1000_uninfected,GNB,SEX_BTSX,2003,3.2,3.9,2.7
incidence_per_1000_uninfected,MWI,SEX_FMLE,2000,10.2,11.5,9.5
incidence_per_1000_uninfected,GMB,SEX_MLE,1995,1.1,1.5,0.75
incidence_per_1000_uninfected,GNB,SEX_BTSX,2015,1.0,1.3,0.71
incidence_per_1000_uninfected,GAB,SEX_MLE,2020,0.57,0.96,0.32
incidence_per_1000_uninfected,GMB,SEX_FMLE,1991,0.5,0.83,0.27
incidence_per_1000_uninfected,UGA,SEX_BTSX,2012,2.8,3.3,2.5
incidence_per_1000_uninfected,ZWE,SEX_BTSX,1992,31.2,36.1,27.5
incidence_per_1000_uninfected,MDG,SEX_BTSX,2016,0.22,0.3,0.16
incidence_per_1000_uninfected,UGA,SEX_FMLE,2000,5.3,5.8,4.8
incidence_per_1000_uninfected,LBR,SEX_MLE,2019,,,
incidence_per_1000_uninfected,TGO,SEX_FMLE,2003,2.1,2.6,1.7
incidence_per_1000_uninfected,SLE,SEX_BTSX,2000,1.3,1.6,1.1
incidence_per_1000_uninfected,BFA,SEX_MLE,1996,1.3,1.7,1.1
incidence_per_1000_uninfected,LSO,SEX_MLE,2000,16.0,18.6,14.1
incidence_per_1000_uninfected,MUS,SEX_BTSX,1997,,,
incidence_per_1000_uninfected,TGO,SEX_MLE,2005,1.4,1.8,1.2
incidence_per_1000_uninfected,GHA,SEX_BTSX,1997,1.9,2.3,1.6
incidence_per_1000_uninfected,NGA,SEX_BTSX,2001,1.5,1.8,1.4
incidence_per_1000_uninfected,DZA,SEX_BTSX,2022,0.1,0.1,0.1
incidence_per_1000_uninfected,BEN,SEX_FMLE,2013,0.39,0.51,0.3
incidence_per_1000_uninfected,COD,SEX_MLE,2008,0.57,0.73,0.46
incidence_per_1000_uninfected,MWI,SEX_FMLE,2007,6.0,6.9,5.5
incidence_per_1000_uninfected,GAB,SEX_BTSX,1999,3.7,5.0,2.7
incidence_per_1000_uninfected,BWA,SEX_FMLE,2003,15.6,17.6,14.0
incidence_per_1000_uninfected,TCD,SEX_FMLE,2011,0.71,0.9,0.54
incidence_per_1000_uninfected,TCD,SEX_FMLE,2009,0.8,1.0,0.62
incidence_per_1000_uninfected,ZAF,SEX_FMLE,2015,7.0,7.9,6.2
incidence_per_1000_uninfected,KEN,SEX_BTSX,2019,0.51,0.8,0.33
incidence_per_1000_uninfected,CAF,SEX_FMLE,1996,6.8,8.7,5.5
incidence_per_1000_uninfected,MWI,SEX_BTSX,2023,0.65,0.85,0.52
incidence_per_1000_uninfected,TZA,SEX_FMLE,2011,2.3,2.7,2.0
incidence_per_1000_uninfected,COG,SEX_MLE,1990,3.6,4.6,2.9
incidence_per_1000_uninfected,NAM,SEX_MLE,2005,7.2,8.5,6.4
incidence_per_1000_uninfected,NGA,SEX_FMLE,1990,1.5,1.8,1.3
incidence_per_1000_uninfected,TZA,SEX_FMLE,1992,6.5,7.2,5.8
incidence_per_1000_uninfected,SSD,SEX_MLE,1990,1.2,1.8,0.53
incidence_per_1000_uninfected,LBR,SEX_BTSX,1991,,,
incidence_per_1000_uninfected,COM,SEX_BTSX,2024,0.1,0.1,0.01
incidence_per_1000_uninfected,MRT,SEX_FMLE,2024,0.1,0.1,0.1
incidence_per_1000_uninfected,SSD,SEX_BTSX,2000,1.8,2.5,1.3
incidence_per_1000_uninfected,NGA,SEX_FMLE,2023,0.32,0.43,0.24
incidence_per_1000_uninfected,SWZ,SEX_MLE,1994,19.6,22.8,16.8
incidence_per_1000_uninfected,AGO,SEX_BTSX,2007,1.3,1.4,1.1
incidence_per_1000_uninfected,NGA,SEX_MLE,2013,0.57,0.71,0.48
incidence_per_1000_uninfected,KEN,SEX_FMLE,1995,9.9,15.5,6.3
incidence_per_1000_uninfected,COG,SEX_MLE,1991,3.3,4.4,2.7
incidence_per_1000_uninfected,TGO,SEX_MLE,1997,3.0,3.9,2.3
incidence_per_1000_uninfected,RWA,SEX_BTSX,1997,3.5,4.0,3.2
incidence_per_1000_uninfected,COG,SEX_BTSX,2020,1.9,2.7,1.2
incidence_per_1000_uninfected,NER,SEX_BTSX,2012,0.1,0.1,0.1
incidence_per_1000_uninfected,BDI,SEX_BTSX,2000,1.3,1.6,1.1
incidence_per_1000_uninfected,GAB,SEX_FMLE,2008,2.7,3.5,2.1
incidence_per_1000_uninfected,SSD,SEX_MLE,2018,0.54,0.7,0.37
incidence_per_1000_uninfected,ZAF,SEX_BTSX,2022,3.4,3.9,3.0
incidence_per_1000_uninfected,SWZ,SEX_MLE,2023,3.4,4.3,2.8
incidence_per_1000_uninfected,GHA,SEX_BTSX,2021,0.58,0.84,0.42
incidence_per_1000_uninfected,MRT,SEX_MLE,1993,0.4,0.57,0.29
incidence_per_1000_uninfected,MOZ,SEX_MLE,2007,6.7,7.9,6.0
incidence_per_1000_uninfected,ZAF,SEX_MLE,2012,5.4,6.5,4.8
incidence_per_1000_uninfected,LBR,SEX_BTSX,2003,,,
incidence_per_1000_uninfected,NAM,SEX_FMLE,1991,7.1,8.1,6.2
incidence_per_1000_uninfected,NAM,SEX_FMLE,2004,10.5,11.6,9.5
incidence_per_1000_uninfected,ERI,SEX_MLE,2016,0.1,0.13,0.1
incidence_per_1000_uninfected,NAM,SEX_BTSX,2001,11.1,12.5,10.2
incidence_per_1000_uninfected,NAM,SEX_BTSX,2015,3.6,4.6,3.1
incidence_per_1000_uninfected,COG,SEX_MLE,2018,1.2,1.7,0.81
incidence_per_1000_uninfected,MDG,SEX_FMLE,2023,0.41,0.56,0.3
incidence_per_1000_uninfected,GHA,SEX_FMLE,2021,0.78,1.1,0.55
incidence_per_1000_uninfected,GMB,SEX_MLE,1998,1.5,2.1,1.1
incidence_per_1000_uninfected,UGA,SEX_BTSX,2008,3.8,4.3,3.5
incidence_per_1000_uninfected,SLE,SEX_BTSX,1991,1.1,1.5,0.65
incidence_per_1000_uninfected,GIN,SEX_FMLE,2018,0.81,1.0,0.61
incidence_per_1000_uninfected,SLE,SEX_BTSX,2007,1.1,1.3,0.94
incidence_per_1000_uninfected,GNB,SEX_MLE,2017,0.66,0.89,0.46
incidence_per_1000_uninfected,BWA,SEX_FMLE,1992,24.5,26.9,22.8
incidence_per_1000_uninfected,ZWE,SEX_MLE,1996,18.5,21.4,16.4
incidence_per_1000_uninfected,BEN,SEX_BTSX,2023,0.1,0.16,0.1
incidence_per_1000_uninfected,GHA,SEX_MLE,2023,0.34,0.54,0.23
incidence_per_1000_uninfected,UGA,SEX_FMLE,2018,1.7,2.2,1.5
incidence_per_1000_uninfected,SSD,SEX_BTSX,2015,0.99,1.3,0.79
incidence_per_1000_uninfected,GHA,SEX_FMLE,2015,0.98,1.2,0.77
incidence_per_1000_uninfected,GNQ,SEX_FMLE,2006,,,
incidence_per_1000_uninfected,ZAF,SEX_FMLE,2001,15.1,16.7,13.6
incidence_per_1000_uninfected,AGO,SEX_FMLE,2023,0.82,1.0,0.66
incidence_per_1000_uninfected,SWZ,SEX_MLE,1993,15.5,18.7,13.0
incidence_per_1000_uninfected,MWI,SEX_MLE,2012,2.8,3.3,2.5
incidence_per_1000_uninfected,GNQ,SEX_FMLE,1997,,,
incidence_per_1000_uninfected,COG,SEX_FMLE,2017,2.4,3.4,1.6
incidence_per_1000_uninfected,NGA,SEX_MLE,2005,1.1,1.3,0.97
incidence_per_1000_uninfected,ERI,SEX_FMLE,1993,2.3,3.3,1.6
incidence_per_1000_uninfected,NAM,SEX_MLE,2019,1.5,2.0,1.2
incidence_per_1000_uninfected,AGO,SEX_BTSX,2009,1.2,1.4,1.1
incidence_per_1000_uninfected,MWI,SEX_MLE,1996,11.4,12.8,10.5
incidence_per_1000_uninfected,ETH,SEX_BTSX,2021,0.12,0.25,0.1
incidence_per_1000_uninfected,MRT,SEX_MLE,2011,0.1,0.15,0.1
incidence_per_1000_uninfected,NAM,SEX_FMLE,1994,13.8,15.7,12.3
incidence_per_1000_uninfected,STP,SEX_FMLE,2015,,,
incidence_per_1000_uninfected,DZA,SEX_FMLE,1997,0.01,0.1,0.01
incidence_per_1000_uninfected,GAB,SEX_FMLE,2013,2.0,2.8,1.4
incidence_per_1000_uninfected,STP,SEX_BTSX,2001,,,
incidence_per_1000_uninfected,SEN,SEX_BTSX,1993,0.37,0.4,0.35
incidence_per_1000_uninfected,LSO,SEX_FMLE,1991,9.9,12.1,8.3
incidence_per_1000_uninfected,MUS,SEX_BTSX,1996,,,
incidence_per_1000_uninfected,MDG,SEX_FMLE,2020,0.25,0.36,0.18
incidence_per_1000_uninfected,SWZ,SEX_MLE,2021,4.1,5.0,3.3
incidence_per_1000_uninfected,BEN,SEX_FMLE,2016,0.26,0.37,0.18
incidence_per_1000_uninfected,COD,SEX_FMLE,2015,0.44,0.57,0.33
incidence_per_1000_uninfected,GAB,SEX_FMLE,1998,5.3,7.4,3.8
incidence_per_1000_uninfected,LBR,SEX_BTSX,1996,,,
incidence_per_1000_uninfected,SEN,SEX_BTSX,2016,0.11,0.13,0.1
incidence_per_1000_uninfected,RWA,SEX_FMLE,2002,2.9,3.2,2.7
incidence_per_1000_uninfected,CIV,SEX_MLE,1993,6.5,8.0,5.3
incidence_per_1000_uninfected,ZWE,SEX_BTSX,2020,1.2,1.6,0.99
incidence_per_1000_uninfected,MWI,SEX_BTSX,1997,11.7,12.8,11.0
incidence_per_1000_uninfected,BDI,SEX_MLE,1991,4.1,5.5,2.9
incidence_per_1000_uninfected,GNQ,SEX_BTSX,2008,,,
incidence_per_1000_uninfected,ZMB,SEX_MLE,1993,10.4,12.1,9.3
incidence_per_1000_uninfected,MDG,SEX_FMLE,1996,0.1,0.1,0.1
incidence_per_1000_uninfected,LBR,SEX_BTSX,2020,,,
incidence_per_1000_uninfected,ZMB,SEX_MLE,2017,3.6,4.1,3.2
incidence_per_1000_uninfected,GAB,SEX_FMLE,2001,4.3,5.4,3.3
incidence_per_1000_uninfected,AGO,SEX_BTSX,2006,1.3,1.5,1.1
incidence_per_1000_uninfected,GNB,SEX_MLE,2008,2.0,2.4,1.6
incidence_per_1000_uninfected,COG,SEX_MLE,2004,1.6,1.9,1.4
incidence_per_1000_uninfected,SYC,SEX_FMLE,1997,,,
incidence_per_1000_uninfected,MOZ,SEX_FMLE,1994,6.4,7.6,5.7
incidence_per_1000_uninfected,LSO,SEX_BTSX,2006,16.5,18.9,14.6
incidence_per_1000_uninfected,NER,SEX_FMLE,2004,0.26,0.3,0.22
incidence_per_1000_uninfected,GAB,SEX_MLE,1998,2.8,3.9,2.0
incidence_per_1000_uninfected,CMR,SEX_MLE,2002,3.4,4.1,3.1
incidence_per_1000_uninfected,COG,SEX_BTSX,2017,1.8,2.5,1.2
incidence_per_1000_uninfected,COG,SEX_BTSX,2006,2.0,2.3,1.7
incidence_per_1000_uninfected,ZAF,SEX_MLE,2008,7.3,8.6,6.3
incidence_per_1000_uninfected,GIN,SEX_MLE,2008,0.92,1.2,0.77
incidence_per_1000_uninfected,CPV,SEX_FMLE,1991,0.41,0.76,0.27
incidence_per_1000_uninfected,ETH,SEX_MLE,1998,1.2,2.7,0.66
incidence_per_1000_uninfected,CPV,SEX_BTSX,2005,0.42,0.51,0.37
incidence_per_1000_uninfected,LSO,SEX_BTSX,2001,17.4,19.5,15.4
incidence_per_1000_uninfected,BFA,SEX_BTSX,1995,1.5,1.8,1.2
incidence_per_1000_uninfected,ZWE,SEX_FMLE,2005,10.2,11.5,9.2
incidence_per_1000_uninfected,CAF,SEX_FMLE,2012,2.1,2.7,1.6
incidence_per_1000_uninfected,COM,SEX_BTSX,2005,0.1,0.1,0.01
incidence_per_1000_uninfected,CIV,SEX_BTSX,2021,0.35,0.55,0.21
incidence_per_1000_uninfected,GIN,SEX_FMLE,1998,1.4,1.8,1.2
incidence_per_1000_uninfected,COG,SEX_FMLE,2013,2.2,2.9,1.6
incidence_per_1000_uninfected,UGA,SEX_MLE,2024,0.58,0.8,0.41
incidence_per_1000_uninfected,SLE,SEX_MLE,2009,0.89,1.1,0.73
incidence_per_1000_uninfected,GAB,SEX_BTSX,2007,2.3,3.0,1.9
incidence_per_1000_uninfected,ZAF,SEX_MLE,2019,3.0,3.7,2.6
incidence_per_1000_uninfected,CPV,SEX_BTSX,2012,0.39,0.5,0.32
incidence_per_1000_uninfected,MOZ,SEX_FMLE,2015,7.2,8.2,6.4
incidence_per_1000_uninfected,LSO,SEX_BTSX,2011,11.5,13.9,10.0
incidence_per_1000_uninfected,ETH,SEX_BTSX,2023,0.1,0.16,0.1
incidence_per_1000_uninfected,NAM,SEX_MLE,2010,5.0,6.0,4.4
incidence_per_1000_uninfected,MWI,SEX_BTSX,2024,0.58,0.77,0.46
incidence_per_1000_uninfected,CMR,SEX_MLE,2014,0.92,1.2,0.74
incidence_per_1000_uninfected,GNQ,SEX_MLE,2015,,,
incidence_per_1000_uninfected,BEN,SEX_MLE,2020,0.11,0.16,0.1
incidence_per_1000_uninfected,COD,SEX_BTSX,2006,0.74,0.93,0.62
incidence_per_1000_uninfected,GHA,SEX_BTSX,2015,0.78,0.99,0.63
incidence_per_1000_uninfected,SWZ,SEX_FMLE,2003,23.9,26.1,21.9
incidence_per_1000_uninfected,MDG,SEX_FMLE,2002,0.1,0.13,0.1
incidence_per_1000_uninfected,GNQ,SEX_BTSX,1990,,,
incidence_per_1000_uninfected,MDG,SEX_FMLE,2019,0.24,0.33,0.17
incidence_per_1000_uninfected,RWA,SEX_MLE,2019,0.22,0.36,0.15
incidence_per_1000_uninfected,SYC,SEX_MLE,2023,,,
incidence_per_1000_uninfected,KEN,SEX_MLE,2008,1.7,2.6,1.1
incidence_per_1000_uninfected,TGO,SEX_BTSX,2012,0.69,0.95,0.47
incidence_per_1000_uninfected,GMB,SEX_MLE,1990,0.34,0.6,0.18
incidence_per_1000_uninfected,MDG,SEX_BTSX,2003,0.11,0.17,0.1
incidence_per_1000_uninfected,GNB,SEX_FMLE,2014,1.3,1.7,0.9
incidence_per_1000_uninfected,ZWE,SEX_MLE,1999,13.9,15.9,12.6
incidence_per_1000_uninfected,GHA,SEX_BTSX,1996,2.0,2.4,1.7
incidence_per_1000_uninfected,MOZ,SEX_BTSX,2020,4.4,5.2,3.8
incidence_per_1000_uninfected,MDG,SEX_FMLE,2003,0.1,0.15,0.1
incidence_per_1000_uninfected,SLE,SEX_BTSX,2013,0.81,0.98,0.66
incidence_per_1000_uninfected,ZAF,SEX_BTSX,2003,11.7,13.0,10.6
incidence_per_1000_uninfected,GNB,SEX_FMLE,2009,2.3,2.8,1.8
incidence_per_1000_uninfected,KEN,SEX_MLE,2021,0.32,0.5,0.2
incidence_per_1000_uninfected,GIN,SEX_MLE,2012,0.72,0.92,0.57
incidence_per_1000_uninfected,GMB,SEX_MLE,1991,0.45,0.76,0.25
incidence_per_1000_uninfected,COM,SEX_FMLE,2018,0.1,0.1,0.01
incidence_per_1000_uninfected,LBR,SEX_MLE,2017,,,
incidence_per_1000_uninfected,GNB,SEX_BTSX,1998,4.4,5.3,3.5
incidence_per_1000_uninfected,GNB,SEX_FMLE,2019,0.86,1.2,0.58
incidence_per_1000_uninfected,NGA,SEX_MLE,1999,1.5,1.8,1.3
incidence_per_1000_uninfected,LBR,SEX_FMLE,2023,,,
incidence_per_1000_uninfected,GAB,SEX_FMLE,1993,4.5,7.5,2.8
incidence_per_1000_uninfected,MRT,SEX_MLE,1991,0.31,0.48,0.22
incidence_per_1000_uninfected,CMR,SEX_BTSX,2001,4.1,4.7,3.7
incidence_per_1000_uninfected,RWA,SEX_MLE,1994,4.1,5.1,3.4
incidence_per_1000_uninfected,MUS,SEX_FMLE,2014,,,
incidence_per_1000_uninfected,COM,SEX_FMLE,1994,0.1,0.1,0.01
incidence_per_1000_uninfected,GHA,SEX_FMLE,2022,0.74,1.1,0.51
incidence_per_1000_uninfected,TGO,SEX_BTSX,2023,0.39,0.61,0.23
incidence_per_1000_uninfected,MLI,SEX_BTSX,1993,1.6,2.0,1.2
incidence_per_1000_uninfected,BWA,SEX_BTSX,1990,14.0,15.6,12.8
incidence_per_1000_uninfected,SLE,SEX_BTSX,2018,0.66,0.87,0.49
incidence_per_1000_uninfected,UGA,SEX_BTSX,1996,5.7,6.4,5.2
incidence_per_1000_uninfected,ZAF,SEX_BTSX,2012,6.9,7.7,6.1
incidence_per_1000_uninfected,MRT,SEX_MLE,2013,0.1,0.1,0.1
incidence_per_1000_uninfected,CIV,SEX_BTSX,2011,1.0,1.4,0.8
incidence_per_1000_uninfected,GAB,SEX_MLE,2009,1.5,1.9,1.2
incidence_per_1000_uninfected,MDG,SEX_BTSX,2018,0.24,0.33,0.18
incidence_per_1000_uninfected,GNB,SEX_BTSX,2019,0.71,0.98,0.48
incidence_per_1000_uninfected,CIV,SEX_BTSX,1994,7.0,8.4,5.8
incidence_per_1000_uninfected,DZA,SEX_MLE,2009,0.1,0.1,0.1
incidence_per_1000_uninfected,CMR,SEX_MLE,2016,0.77,1.0,0.61
incidence_per_1000_uninfected,TZA,SEX_MLE,2020,0.88,1.1,0.75
incidence_per_1000_uninfected,GNB,SEX_BTSX,2001,4.1,5.0,3.5
incidence_per_1000_uninfected,TGO,SEX_FMLE,2020,0.52,0.75,0.32
incidence_per_1000_uninfected,ETH,SEX_MLE,2017,0.11,0.25,0.1
incidence_per_1000_uninfected,COM,SEX_BTSX,2003,0.1,0.1,0.01
incidence_per_1000_uninfected,DZA,SEX_FMLE,2002,0.1,0.1,0.1
incidence_per_1000_uninfected,GIN,SEX_MLE,2000,1.2,1.5,0.97
incidence_per_1000_uninfected,MDG,SEX_BTSX,2022,0.3,0.44,0.2
incidence_per_1000_uninfected,MDG,SEX_FMLE,2017,0.21,0.29,0.16
incidence_per_1000_uninfected,GMB,SEX_BTSX,1993,0.81,1.2,0.5
incidence_per_1000_uninfected,MOZ,SEX_MLE,2014,5.3,6.1,4.7
incidence_per_1000_uninfected,MOZ,SEX_MLE,2024,2.2,2.7,1.7
incidence_per_1000_uninfected,TGO,SEX_FMLE,1996,4.0,5.1,3.2
incidence_per_1000_uninfected,GMB,SEX_BTSX,2004,1.5,2.0,1.2
incidence_per_1000_uninfected,GMB,SEX_BTSX,2017,0.75,1.0,0.5
incidence_per_1000_uninfected,CPV,SEX_MLE,2015,0.46,0.63,0.37
incidence_per_1000_uninfected,LSO,SEX_FMLE,2024,2.4,3.3,1.7
incidence_per_1000_uninfected,LBR,SEX_MLE,1990,,,
incidence_per_1000_uninfected,CIV,SEX_BTSX,2001,3.3,3.9,2.8
incidence_per_1000_uninfected,SEN,SEX_MLE,2011,0.17,0.2,0.15
incidence_per_1000_uninfected,MRT,SEX_MLE,2016,0.1,0.1,0.1
incidence_per_1000_uninfected,LBR,SEX_BTSX,2005,,,
incidence_per_1000_uninfected,UGA,SEX_BTSX,2011,3.2,3.7,2.9
incidence_per_1000_uninfected,SWZ,SEX_MLE,1990,4.0,5.1,3.3
incidence_per_1000_uninfected,SSD,SEX_MLE,2016,0.82,1.0,0.65
incidence_per_1000_uninfected,SLE,SEX_MLE,1995,1.3,1.7,0.96
incidence_per_1000_uninfected,TGO,SEX_MLE,2017,0.44,0.59,0.31
incidence_per_1000_uninfected,CPV,SEX_BTSX,2021,0.39,0.56,0.26
incidence_per_1000_uninfected,SLE,SEX_BTSX,1990,0.92,1.3,0.51
incidence_per_1000_uninfected,GMB,SEX_BTSX,2002,1.6,2.2,1.2
incidence_per_1000_uninfected,AGO,SEX_BTSX,1995,1.1,1.4,0.84
incidence_per_1000_uninfected,MRT,SEX_FMLE,1993,0.45,0.63,0.33
incidence_per_1000_uninfected,CAF,SEX_BTSX,1997,5.6,6.9,4.5
incidence_per_1000_uninfected,LSO,SEX_BTSX,2021,3.1,4.0,2.3
incidence_per_1000_uninfected,CAF,SEX_BTSX,2016,1.3,1.9,0.85
incidence_per_1000_uninfected,CIV,SEX_FMLE,2012,1.1,1.5,0.78
incidence_per_1000_uninfected,ZWE,SEX_FMLE,1993,31.0,35.0,27.6
incidence_per_1000_uninfected,COM,SEX_FMLE,2022,0.1,0.1,0.01
incidence_per_1000_uninfected,GNQ,SEX_FMLE,2017,,,
incidence_per_1000_uninfected,BEN,SEX_BTSX,2002,0.79,0.96,0.68
incidence_per_1000_uninfected,GMB,SEX_BTSX,1998,1.6,2.2,1.2
incidence_per_1000_uninfected,GMB,SEX_FMLE,1992,0.68,1.1,0.39
incidence_per_1000_uninfected,TCD,SEX_BTSX,1999,1.6,2.0,1.2
incidence_per_1000_uninfected,MOZ,SEX_FMLE,1991,4.1,5.1,3.4
incidence_per_1000_uninfected,MOZ,SEX_FMLE,2010,8.8,9.9,7.9
incidence_per_1000_uninfected,ZWE,SEX_MLE,2014,3.2,4.0,2.8
incidence_per_1000_uninfected,ZAF,SEX_MLE,2016,4.1,4.9,3.5
incidence_per_1000_uninfected,ETH,SEX_BTSX,2000,1.1,2.2,0.62
incidence_per_1000_uninfected,BEN,SEX_FMLE,2020,0.17,0.26,0.12
incidence_per_1000_uninfected,AGO,SEX_MLE,2007,0.92,1.1,0.79
incidence_per_1000_uninfected,ERI,SEX_FMLE,1995,2.0,2.7,1.4
incidence_per_1000_uninfected,GNB,SEX_MLE,1993,0.99,1.3,0.66
incidence_per_1000_uninfected,SSD,SEX_BTSX,2010,1.2,1.5,0.93
incidence_per_1000_uninfected,COG,SEX_MLE,2001,1.8,2.1,1.5
incidence_per_1000_uninfected,SEN,SEX_FMLE,2022,0.17,0.18,0.15
incidence_per_1000_uninfected,COM,SEX_MLE,2013,0.1,0.1,0.01
incidence_per_1000_uninfected,AGO,SEX_BTSX,1996,1.1,1.5,0.88
incidence_per_1000_uninfected,TCD,SEX_FMLE,2020,0.32,0.46,0.2
incidence_per_1000_uninfected,COD,SEX_BTSX,2022,0.25,0.39,0.15
incidence_per_1000_uninfected,CAF,SEX_BTSX,2012,1.9,2.4,1.4
incidence_per_1000_uninfected,SEN,SEX_MLE,2024,0.17,0.2,0.16
incidence_per_1000_uninfected,NGA,SEX_FMLE,2008,1.1,1.3,1.0
incidence_per_1000_uninfected,LBR,SEX_BTSX,1990,,,
incidence_per_1000_uninfected,TZA,SEX_FMLE,2017,2.5,3.0,2.2
incidence_per_1000_uninfected,CMR,SEX_FMLE,2007,2.8,3.2,2.5
incidence_per_1000_uninfected,DZA,SEX_MLE,2004,0.1,0.1,0.1
incidence_per_1000_uninfected,RWA,SEX_BTSX,2001,3.0,3.4,2.8
incidence_per_1000_uninfected,MLI,SEX_FMLE,1991,1.7,2.5,1.1
incidence_per_1000_uninfected,SEN,SEX_BTSX,1990,0.2,0.22,0.19
incidence_per_1000_uninfected,TGO,SEX_MLE,1995,2.8,3.7,2.2
incidence_per_1000_uninfected,MRT,SEX_FMLE,1992,0.41,0.59,0.29
incidence_per_1000_uninfected,ZMB,SEX_BTSX,1999,8.9,9.8,8.1
incidence_per_1000_uninfected,SYC,SEX_BTSX,2021,,,
incidence_per_1000_uninfected,BFA,SEX_BTSX,2011,0.25,0.32,0.19
incidence_per_1000_uninfected,MWI,SEX_FMLE,2009,5.0,5.7,4.5
incidence_per_1000_uninfected,AGO,SEX_FMLE,2003,1.7,2.0,1.4
incidence_per_1000_uninfected,CPV,SEX_FMLE,2020,0.37,0.5,0.26
incidence_per_1000_uninfected,SWZ,SEX_MLE,2022,3.3,4.3,2.7
incidence_per_1000_uninfected,ZMB,SEX_FMLE,2002,8.6,9.6,7.9
incidence_per_1000_uninfected,BEN,SEX_MLE,2003,0.65,0.81,0.56
incidence_per_1000_uninfected,MRT,SEX_BTSX,1990,0.28,0.48,0.19
incidence_per_1000_uninfected,GAB,SEX_MLE,2022,0.51,0.91,0.28
incidence_per_1000_uninfected,SSD,SEX_FMLE,1995,2.3,3.1,1.3
incidence_per_1000_uninfected,RWA,SEX_BTSX,2012,0.88,1.2,0.69
incidence_per_1000_uninfected,SEN,SEX_MLE,1997,0.67,0.74,0.61
incidence_per_1000_uninfected,TGO,SEX_MLE,2003,1.7,2.1,1.4
incidence_per_1000_uninfected,GIN,SEX_BTSX,2019,0.58,0.78,0.42
incidence_per_1000_uninfected,BEN,SEX_FMLE,2014,0.34,0.46,0.26
incidence_per_1000_uninfected,BWA,SEX_FMLE,1995,30.0,32.3,27.5
incidence_per_1000_uninfected,ERI,SEX_FMLE,2011,0.15,0.26,0.1
incidence_per_1000_uninfected,COM,SEX_MLE,2018,0.1,0.1,0.01
incidence_per_1000_uninfected,ZMB,SEX_FMLE,2005,7.1,8.0,6.5
incidence_per_1000_uninfected,TCD,SEX_MLE,2022,0.19,0.31,0.12
incidence_per_1000_uninfected,NAM,SEX_FMLE,2001,12.7,14.1,11.5
incidence_per_1000_uninfected,TZA,SEX_BTSX,2002,3.1,3.6,2.8
incidence_per_1000_uninfected,SEN,SEX_MLE,2014,0.12,0.14,0.1
incidence_per_1000_uninfected,MDG,SEX_BTSX,1999,0.1,0.11,0.1
incidence_per_1000_uninfected,SYC,SEX_MLE,2018,,,
incidence_per_1000_uninfected,GHA,SEX_MLE,2006,0.97,1.2,0.81
incidence_per_1000_uninfected,UGA,SEX_MLE,1995,5.4,6.2,4.9
incidence_per_1000_uninfected,TGO,SEX_MLE,2015,0.45,0.61,0.3
incidence_per_1000_uninfected,CIV,SEX_MLE,2018,0.37,0.55,0.23
incidence_per_1000_uninfected,MWI,SEX_BTSX,1996,12.5,13.6,11.7
incidence_per_1000_uninfected,BWA,SEX_MLE,2022,1.5,1.8,1.2
incidence_per_1000_uninfected,GHA,SEX_FMLE,2012,1.0,1.3,0.81
incidence_per_1000_uninfected,SEN,SEX_BTSX,1998,0.67,0.73,0.63
incidence_per_1000_uninfected,NGA,SEX_BTSX,1992,1.7,2.0,1.5
incidence_per_1000_uninfected,NER,SEX_BTSX,2005,0.25,0.29,0.21
incidence_per_1000_uninfected,SEN,SEX_BTSX,2011,0.16,0.18,0.15
incidence_per_1000_uninfected,DZA,SEX_BTSX,2015,0.1,0.1,0.1
incidence_per_1000_uninfected,LBR,SEX_FMLE,1992,,,
incidence_per_1000_uninfected,MDG,SEX_FMLE,2014,0.18,0.25,0.14
incidence_per_1000_uninfected,BDI,SEX_FMLE,1990,5.4,7.7,3.6
incidence_per_1000_uninfected,SYC,SEX_FMLE,2002,,,
incidence_per_1000_uninfected,SYC,SEX_BTSX,2005,,,
incidence_per_1000_uninfected,RWA,SEX_FMLE,1997,3.9,4.5,3.5
incidence_per_1000_uninfected,SSD,SEX_MLE,2000,1.6,2.3,1.2
incidence_per_1000_uninfected,TCD,SEX_MLE,2013,0.46,0.62,0.34
incidence_per_1000_uninfected,GNQ,SEX_BTSX,2009,,,
incidence_per_1000_uninfected,TZA,SEX_FMLE,2012,2.2,2.6,1.9
incidence_per_1000_uninfected,SEN,SEX_MLE,1990,0.22,0.25,0.2
incidence_per_1000_uninfected,MWI,SEX_FMLE,2022,0.94,1.2,0.76
incidence_per_1000_uninfected,CIV,SEX_BTSX,1992,7.8,9.7,6.6
incidence_per_1000_uninfected,NGA,SEX_FMLE,2000,1.8,2.0,1.6
incidence_per_1000_uninfected,CAF,SEX_MLE,2015,1.2,1.7,0.82
incidence_per_1000_uninfected,GIN,SEX_MLE,1995,1.0,1.4,0.71
incidence_per_1000_uninfected,CPV,SEX_BTSX,2001,0.48,0.57,0.41
incidence_per_1000_uninfected,NER,SEX_BTSX,1997,0.6,0.71,0.51
incidence_per_1000_uninfected,TCD,SEX_BTSX,2006,0.96,1.2,0.76
incidence_per_1000_uninfected,STP,SEX_MLE,2000,,,
incidence_per_1000_uninfected,SSD,SEX_MLE,1997,1.8,2.6,1.2
incidence_per_1000_uninfected,ZAF,SEX_MLE,2000,10.7,12.3,9.4
incidence_per_1000_uninfected,BEN,SEX_MLE,2002,0.7,0.87,0.59
incidence_per_1000_uninfected,GAB,SEX_BTSX,2024,0.67,1.3,0.33
incidence_per_1000_uninfected,CAF,SEX_BTSX,2024,0.61,1.3,0.29
incidence_per_1000_uninfected,GMB,SEX_FMLE,2010,1.3,1.8,0.94
incidence_per_1000_uninfected,CMR,SEX_BTSX,2024,0.46,0.63,0.36
incidence_per_1000_uninfected,SYC,SEX_MLE,1998,,,
incidence_per_1000_uninfected,LSO,SEX_MLE,2010,10.9,13.5,9.4
incidence_per_1000_uninfected,AGO,SEX_BTSX,1991,0.81,1.1,0.53
incidence_per_1000_uninfected,ZWE,SEX_MLE,2006,8.4,9.5,7.7
incidence_per_1000_uninfected,NAM,SEX_FMLE,2018,3.3,4.3,2.7
incidence_per_1000_uninfected,GNB,SEX_MLE,2003,2.8,3.4,2.4
incidence_per_1000_uninfected,ERI,SEX_BTSX,2013,0.1,0.2,0.1
incidence_per_1000_uninfected,LSO,SEX_BTSX,2024,1.9,2.6,1.4
incidence_per_1000_uninfected,NER,SEX_MLE,2000,0.46,0.54,0.4
incidence_per_1000_uninfected,NER,SEX_MLE,2002,0.38,0.44,0.32
incidence_per_1000_uninfected,COM,SEX_BTSX,2011,0.1,0.1,0.01
incidence_per_1000_uninfected,ETH,SEX_BTSX,2001,0.96,1.9,0.55
incidence_per_1000_uninfected,BFA,SEX_MLE,1991,2.3,3.2,1.7
incidence_per_1000_uninfected,MLI,SEX_BTSX,2002,0.87,1.1,0.75
incidence_per_1000_uninfected,STP,SEX_BTSX,2002,,,
incidence_per_1000_uninfected,TCD,SEX_BTSX,2005,1.0,1.3,0.83
incidence_per_1000_uninfected,SSD,SEX_MLE,1998,1.8,2.5,1.2
incidence_per_1000_uninfected,SSD,SEX_FMLE,2007,1.5,2.1,1.2
incidence_per_1000_uninfected,DZA,SEX_BTSX,2012,0.1,0.1,0.1
incidence_per_1000_uninfected,CPV,SEX_MLE,2016,0.5,0.68,0.39
incidence_per_1000_uninfected,COM,SEX_BTSX,2015,0.1,0.1,0.01
incidence_per_1000_uninfected,CMR,SEX_MLE,1993,2.9,3.5,2.3
incidence_per_1000_uninfected,MLI,SEX_FMLE,2006,0.8,1.0,0.68
incidence_per_1000_uninfected,CPV,SEX_BTSX,2003,0.47,0.56,0.42
incidence_per_1000_uninfected,ETH,SEX_FMLE,1991,4.3,8.2,2.5
incidence_per_1000_uninfected,LSO,SEX_MLE,2001,15.5,18.4,13.4
incidence_per_1000_uninfected,BEN,SEX_FMLE,1994,1.6,2.0,1.3
incidence_per_1000_uninfected,STP,SEX_BTSX,1998,,,
incidence_per_1000_uninfected,ZAF,SEX_BTSX,2024,3.1,3.4,2.7
incidence_per_1000_uninfected,SYC,SEX_BTSX,1990,,,
incidence_per_1000_uninfected,SSD,SEX_MLE,2002,1.4,2.0,1.1
incidence_per_1000_uninfected,RWA,SEX_FMLE,2016,0.61,0.91,0.46
incidence_per_1000_uninfected,TGO,SEX_MLE,1998,2.7,3.7,2.2
incidence_per_1000_uninfected,MRT,SEX_FMLE,2002,0.42,0.5,0.35
incidence_per_1000_uninfected,STP,SEX_MLE,2013,,,
incidence_per_1000_uninfected,NGA,SEX_BTSX,2015,0.59,0.73,0.5
incidence_per_1000_uninfected,SSD,SEX_MLE,2003,1.4,1.9,1.0
incidence_per_1000_uninfected,BWA,SEX_FMLE,2013,7.7,8.5,6.7
incidence_per_1000_uninfected,ETH,SEX_BTSX,2010,0.35,0.7,0.2
incidence_per_1000_uninfected,GIN,SEX_FMLE,1996,1.3,1.7,1.1
incidence_per_1000_uninfected,SYC,SEX_FMLE,2001,,,
incidence_per_1000_uninfected,TGO,SEX_FMLE,2012,0.8,1.1,0.56
incidence_per_1000_uninfected,MLI,SEX_FMLE,2013,0.52,0.72,0.41
incidence_per_1000_uninfected,GNB,SEX_BTSX,2007,2.4,2.8,2.0
incidence_per_1000_uninfected,BDI,SEX_MLE,2008,0.54,0.7,0.42
incidence_per_1000_uninfected,SEN,SEX_FMLE,1997,0.57,0.62,0.53
incidence_per_1000_uninfected,CAF,SEX_FMLE,2010,2.4,3.0,1.8
incidence_per_1000_uninfected,ZAF,SEX_FMLE,2011,8.8,9.9,7.9
incidence_per_1000_uninfected,NAM,SEX_FMLE,2022,2.1,2.8,1.6
incidence_per_1000_uninfected,COM,SEX_BTSX,2022,0.1,0.1,0.01
incidence_per_1000_uninfected,MDG,SEX_FMLE,2021,0.27,0.39,0.19
incidence_per_1000_uninfected,CPV,SEX_MLE,2024,0.46,0.69,0.26
incidence_per_1000_uninfected,MOZ,SEX_FMLE,1996,8.3,9.5,7.4
incidence_per_1000_uninfected,COG,SEX_FMLE,2018,2.5,3.4,1.5
incidence_per_1000_uninfected,MRT,SEX_MLE,1994,0.47,0.65,0.33
incidence_per_1000_uninfected,MUS,SEX_BTSX,1998,,,
incidence_per_1000_uninfected,COM,SEX_MLE,1997,0.1,0.1,0.1
incidence_per_1000_uninfected,GNQ,SEX_BTSX,1991,,,
incidence_per_1000_uninfected,SWZ,SEX_FMLE,2008,20.6,22.9,18.5
incidence_per_1000_uninfected,CPV,SEX_BTSX,1992,0.44,0.82,0.31
incidence_per_1000_uninfected,KEN,SEX_MLE,2002,3.2,5.2,2.1
incidence_per_1000_uninfected,MUS,SEX_FMLE,2007,,,
incidence_per_1000_uninfected,CPV,SEX_FMLE,2024,0.36,0.54,0.21
incidence_per_1000_uninfected,MDG,SEX_MLE,1994,0.1,0.1,0.01
incidence_per_1000_uninfected,ZMB,SEX_MLE,2003,6.5,7.4,6.0
incidence_per_1000_uninfected,SEN,SEX_FMLE,2012,0.13,0.16,0.12
incidence_per_1000_uninfected,KEN,SEX_BTSX,2024,0.37,0.57,0.23
incidence_per_1000_uninfected,ERI,SEX_BTSX,1995,1.8,2.4,1.3
incidence_per_1000_uninfected,COM,SEX_BTSX,1993,0.1,0.1,0.01
incidence_per_1000_uninfected,BWA,SEX_FMLE,2019,4.6,5.0,3.9
incidence_per_1000_uninfected,RWA,SEX_FMLE,2011,1.1,1.5,0.85
incidence_per_1000_uninfected,GMB,SEX_FMLE,2001,1.7,2.3,1.3
incidence_per_1000_uninfected,CMR,SEX_MLE,2023,0.35,0.5,0.27
incidence_per_1000_uninfected,GIN,SEX_FMLE,2008,1.1,1.4,0.96
incidence_per_1000_uninfected,CAF,SEX_MLE,2005,2.7,3.3,2.2
incidence_per_1000_uninfected,GIN,SEX_BTSX,2018,0.69,0.9,0.53
incidence_per_1000_uninfected,NAM,SEX_FMLE,2021,2.4,3.2,1.8
incidence_per_1000_uninfected,SLE,SEX_MLE,2008,0.93,1.1,0.77
incidence_per_1000_uninfected,MRT,SEX_FMLE,2010,0.1,0.15,0.1
incidence_per_1000_uninfected,TCD,SEX_MLE,2020,0.22,0.33,0.14
incidence_per_1000_uninfected,MWI,SEX_BTSX,2022,0.78,0.99,0.64
incidence_per_1000_uninfected,ZWE,SEX_BTSX,2002,11.7,13.1,10.7
incidence_per_1000_uninfected,RWA,SEX_BTSX,2022,0.23,0.39,0.15
incidence_per_1000_uninfected,SEN,SEX_FMLE,1994,0.38,0.42,0.35
incidence_per_1000_uninfected,MLI,SEX_BTSX,2017,0.34,0.46,0.26
incidence_per_1000_uninfected,STP,SEX_BTSX,1995,,,
incidence_per_1000_uninfected,KEN,SEX_MLE,2003,3.0,4.8,1.9
incidence_per_1000_uninfected,ZMB,SEX_FMLE,1990,13.8,15.3,12.1
incidence_per_1000_uninfected,MUS,SEX_BTSX,1995,,,
incidence_per_1000_uninfected,RWA,SEX_BTSX,1999,3.3,3.7,3.1
incidence_per_1000_uninfected,CIV,SEX_BTSX,2023,0.3,0.51,0.16
incidence_per_1000_uninfected,MRT,SEX_FMLE,2006,0.22,0.28,0.17
incidence_per_1000_uninfected,NER,SEX_BTSX,2023,0.1,0.1,0.1
incidence_per_1000_uninfected,TCD,SEX_MLE,2017,0.31,0.43,0.22
incidence_per_1000_uninfected,LBR,SEX_MLE,2008,,,
incidence_per_1000_uninfected,UGA,SEX_FMLE,2022,1.3,1.8,1.0
incidence_per_1000_uninfected,NAM,SEX_MLE,2013,3.5,4.4,3.1
incidence_per_1000_uninfected,CAF,SEX_MLE,2003,3.1,3.7,2.5
incidence_per_1000_uninfected,ZWE,SEX_FMLE,1990,34.6,39.6,30.7
incidence_per_1000_uninfected,GIN,SEX_FMLE,2006,1.2,1.5,1.0
incidence_per_1000_uninfected,NAM,SEX_FMLE,2005,9.5,10.7,8.5
incidence_per_1000_uninfected,MUS,SEX_FMLE,1992,,,
incidence_per_1000_uninfected,SLE,SEX_FMLE,2010,1.0,1.2,0.86
incidence_per_1000_uninfected,BDI,SEX_MLE,1994,3.7,4.4,3.0
incidence_per_1000_uninfected,GMB,SEX_MLE,2024,0.39,0.7,0.22
incidence_per_1000_uninfected,BFA,SEX_MLE,2020,0.11,0.16,0.1
incidence_per_1000_uninfected,MDG,SEX_FMLE,2007,0.16,0.2,0.12
incidence_per_1000_uninfected,BEN,SEX_MLE,1999,0.91,1.1,0.76
incidence_per_1000_uninfected,GNQ,SEX_BTSX,2013,,,
incidence_per_1000_uninfected,AGO,SEX_BTSX,1992,0.92,1.2,0.63
incidence_per_1000_uninfected,LSO,SEX_MLE,2024,1.5,2.0,1.1
incidence_per_1000_uninfected,LSO,SEX_MLE,2018,3.7,4.9,3.0
incidence_per_1000_uninfected,COD,SEX_FMLE,2018,0.39,0.53,0.28
incidence_per_1000_uninfected,ZAF,SEX_BTSX,2001,12.7,14.1,11.5
incidence_per_1000_uninfected,GHA,SEX_FMLE,2023,0.7,1.1,0.46
incidence_per_1000_uninfected,ETH,SEX_MLE,1997,1.4,3.1,0.75
incidence_per_1000_uninfected,CIV,SEX_FMLE,2010,1.4,1.8,1.1
incidence_per_1000_uninfected,NAM,SEX_MLE,2003,8.5,9.8,7.6
incidence_per_1000_uninfected,TZA,SEX_MLE,2024,0.46,0.64,0.36
incidence_per_1000_uninfected,ZAF,SEX_MLE,2017,3.6,4.4,3.1
incidence_per_1000_uninfected,SWZ,SEX_BTSX,2012,14.9,16.7,13.2
incidence_per_1000_uninfected,BFA,SEX_FMLE,2009,0.32,0.41,0.25
incidence_per_1000_uninfected,ZAF,SEX_FMLE,2006,12.4,13.7,11.1
incidence_per_1000_uninfected,LBR,SEX_BTSX,2011,,,
incidence_per_1000_uninfected,ZMB,SEX_FMLE,1991,14.3,16.0,12.7
incidence_per_1000_uninfected,GIN,SEX_MLE,2005,1.1,1.3,0.89
incidence_per_1000_uninfected,ZMB,SEX_BTSX,2020,2.8,3.3,2.4
incidence_per_1000_uninfected,CAF,SEX_MLE,2023,0.52,1.0,0.27
incidence_per_1000_uninfected,MDG,SEX_FMLE,2001,0.1,0.12,0.1
incidence_per_1000_uninfected,MOZ,SEX_FMLE,2004,9.6,10.9,8.8
incidence_per_1000_uninfected,STP,SEX_MLE,1999,,,
incidence_per_1000_uninfected,AGO,SEX_FMLE,2012,1.4,1.7,1.2
incidence_per_1000_uninfected,STP,SEX_MLE,1998,,,
incidence_per_1000_uninfected,ZMB,SEX_FMLE,2004,7.7,8.6,7.1
incidence_per_1000_uninfected,CIV,SEX_BTSX,1997,5.1,6.1,4.2
incidence_per_1000_uninfected,COM,SEX_BTSX,2006,0.1,0.1,0.01
incidence_per_1000_uninfected,LSO,SEX_BTSX,2017,5.9,7.3,4.9
incidence_per_1000_uninfected,LSO,SEX_BTSX,2019,4.2,5.4,3.4
incidence_per_1000_uninfected,UGA,SEX_FMLE,2008,4.1,4.7,3.8
incidence_per_1000_uninfected,CIV,SEX_FMLE,2022,0.41,0.69,0.23
incidence_per_1000_uninfected,UGA,SEX_MLE,2014,1.9,2.3,1.6
incidence_per_1000_uninfected,MUS,SEX_FMLE,1999,,,
incidence_per_1000_uninfected,TZA,SEX_MLE,1993,4.7,5.7,4.1
incidence_per_1000_uninfected,SEN,SEX_MLE,1994,0.45,0.5,0.41
incidence_per_1000_uninfected,SSD,SEX_BTSX,1997,2.0,2.9,1.3
incidence_per_1000_uninfected,UGA,SEX_FMLE,1990,8.0,9.1,7.2
incidence_per_1000_uninfected,COM,SEX_FMLE,2000,0.1,0.1,0.01
incidence_per_1000_uninfected,UGA,SEX_MLE,2009,3.2,3.8,2.9
incidence_per_1000_uninfected,MWI,SEX_MLE,1997,10.7,12.1,9.8
incidence_per_1000_uninfected,KEN,SEX_FMLE,1998,6.8,10.7,4.3
incidence_per_1000_uninfected,GNQ,SEX_MLE,2024,,,
incidence_per_1000_uninfected,GAB,SEX_FMLE,1999,4.9,6.6,3.5
incidence_per_1000_uninfected,GHA,SEX_FMLE,2004,1.5,1.8,1.3
incidence_per_1000_uninfected,MLI,SEX_BTSX,1992,1.6,2.1,1.2
incidence_per_1000_uninfected,RWA,SEX_MLE,2007,1.3,1.7,1.2
incidence_per_1000_uninfected,BEN,SEX_MLE,1996,1.2,1.5,0.99
incidence_per_1000_uninfected,BDI,SEX_MLE,1993,2.3,3.6,1.7
incidence_per_1000_uninfected,TCD,SEX_MLE,1993,2.0,2.7,1.4
incidence_per_1000_uninfected,GAB,SEX_FMLE,2020,1.4,2.4,0.83
incidence_per_1000_uninfected,ZAF,SEX_MLE,2014,4.7,5.6,4.1
incidence_per_1000_uninfected,SWZ,SEX_BTSX,2003,21.6,23.4,20.1
incidence_per_1000_uninfected,AGO,SEX_FMLE,2008,1.6,1.9,1.3
incidence_per_1000_uninfected,ERI,SEX_MLE,2022,0.1,0.13,0.1
incidence_per_1000_uninfected,MWI,SEX_MLE,2004,5.9,6.7,5.4
incidence_per_1000_uninfected,ZWE,SEX_BTSX,2019,1.5,1.9,1.2
incidence_per_1000_uninfected,ZMB,SEX_MLE,1997,8.6,9.7,7.7
incidence_per_1000_uninfected,GHA,SEX_FMLE,2001,1.8,2.1,1.5
incidence_per_1000_uninfected,MWI,SEX_FMLE,1999,10.3,11.4,9.6
incidence_per_1000_uninfected,UGA,SEX_FMLE,1991,7.4,8.4,6.6
incidence_per_1000_uninfected,NAM,SEX_FMLE,2020,2.3,3.1,1.7
incidence_per_1000_uninfected,GAB,SEX_MLE,2019,0.64,1.0,0.38
incidence_per_1000_uninfected,KEN,SEX_BTSX,1991,10.7,16.7,6.8
incidence_per_1000_uninfected,MWI,SEX_MLE,1994,12.9,14.3,11.9
incidence_per_1000_uninfected,STP,SEX_BTSX,2009,,,
incidence_per_1000_uninfected,ZMB,SEX_MLE,2005,5.5,6.3,4.9
incidence_per_1000_uninfected,SLE,SEX_FMLE,2023,0.4,0.66,0.24
incidence_per_1000_uninfected,GIN,SEX_FMLE,1990,0.58,0.93,0.25
incidence_per_1000_uninfected,SLE,SEX_BTSX,1994,1.4,1.8,0.99
incidence_per_1000_uninfected,MUS,SEX_MLE,1997,,,
incidence_per_1000_uninfected,SYC,SEX_MLE,1991,,,
incidence_per_1000_uninfected,SWZ,SEX_FMLE,2018,9.0,10.7,7.3
incidence_per_1000_uninfected,BWA,SEX_MLE,1997,20.3,22.7,18.4
incidence_per_1000_uninfected,TCD,SEX_MLE,2008,0.76,0.98,0.6
incidence_per_1000_uninfected,BEN,SEX_MLE,2024,0.1,0.11,0.1
incidence_per_1000_uninfected,BEN,SEX_FMLE,1993,1.3,1.7,1.0
incidence_per_1000_uninfected,RWA,SEX_FMLE,2004,2.3,2.7,2.1
incidence_per_1000_uninfected,BDI,SEX_MLE,2019,0.1,0.15,0.1
incidence_per_1000_uninfected,COG,SEX_BTSX,2009,1.8,2.1,1.4
incidence_per_1000_uninfected,BFA,SEX_BTSX,1998,1.1,1.3,0.91
incidence_per_1000_uninfected,SYC,SEX_BTSX,2002,,,
incidence_per_1000_uninfected,MUS,SEX_FMLE,2024,,,
incidence_per_1000_uninfected,COM,SEX_BTSX,1994,0.1,0.1,0.1
incidence_per_1000_uninfected,MOZ,SEX_MLE,1996,6.3,7.5,5.5
incidence_per_1000_uninfected,RWA,SEX_MLE,2024,0.13,0.2,0.1
incidence_per_1000_uninfected,COM,SEX_FMLE,2021,0.1,0.1,0.01
incidence_per_1000_uninfected,NGA,SEX_FMLE,2018,0.56,0.7,0.45
incidence_per_1000_uninfected,GNB,SEX_MLE,2012,1.3,1.6,1.0
incidence_per_1000_uninfected,COM,SEX_BTSX,1997,0.1,0.1,0.1
incidence_per_1000_uninfected,CPV,SEX_FMLE,1998,0.45,0.55,0.37
incidence_per_1000_uninfected,ZAF,SEX_FMLE,2022,4.4,5.0,3.9
incidence_per_1000_uninfected,ZMB,SEX_FMLE,2016,5.9,6.7,5.4
incidence_per_1000_uninfected,BEN,SEX_MLE,2023,0.1,0.12,0.1
incidence_per_1000_uninfected,ETH,SEX_FMLE,2011,0.37,0.72,0.22
incidence_per_1000_uninfected,RWA,SEX_FMLE,2024,0.23,0.35,0.15
incidence_per_1000_uninfected,MRT,SEX_BTSX,2004,0.38,0.47,0.31
incidence_per_1000_uninfected,RWA,SEX_BTSX,2021,0.25,0.44,0.17
incidence_per_1000_uninfected,BWA,SEX_MLE,2019,2.6,2.9,2.2
incidence_per_1000_uninfected,TZA,SEX_FMLE,1993,6.2,7.0,5.5
incidence_per_1000_uninfected,SYC,SEX_FMLE,2017,,,
incidence_per_1000_uninfected,MLI,SEX_BTSX,2016,0.36,0.49,0.28
incidence_per_1000_uninfected,MUS,SEX_MLE,1996,,,
incidence_per_1000_uninfected,MWI,SEX_MLE,1995,12.0,13.5,11.1
incidence_per_1000_uninfected,CAF,SEX_BTSX,2006,2.8,3.4,2.2
incidence_per_1000_uninfected,NER,SEX_MLE,1999,0.51,0.59,0.44
incidence_per_1000_uninfected,ETH,SEX_BTSX,1993,3.1,6.2,1.8
incidence_per_1000_uninfected,COD,SEX_FMLE,1992,2.1,2.8,1.5
incidence_per_1000_uninfected,LBR,SEX_MLE,2022,,,
incidence_per_1000_uninfected,TZA,SEX_BTSX,1995,4.8,5.5,4.3
incidence_per_1000_uninfected,AGO,SEX_MLE,2010,0.84,0.98,0.72
incidence_per_1000_uninfected,GNQ,SEX_MLE,2019,,,
incidence_per_1000_uninfected,COD,SEX_MLE,2004,0.77,0.97,0.63
incidence_per_1000_uninfected,CPV,SEX_FMLE,2001,0.44,0.52,0.38
incidence_per_1000_uninfected,ZMB,SEX_BTSX,2017,4.7,5.4,4.3
incidence_per_1000_uninfected,GIN,SEX_MLE,2006,1.0,1.2,0.85
incidence_per_1000_uninfected,ETH,SEX_FMLE,2019,0.17,0.34,0.1
incidence_per_1000_uninfected,CMR,SEX_MLE,2006,2.5,3.0,2.2
incidence_per_1000_uninfected,GIN,SEX_FMLE,2012,0.93,1.1,0.74
incidence_per_1000_uninfected,RWA,SEX_MLE,1997,3.0,3.5,2.7
incidence_per_1000_uninfected,GNB,SEX_BTSX,1991,0.62,0.91,0.4
incidence_per_1000_uninfected,GNB,SEX_BTSX,1992,0.85,1.2,0.56
incidence_per_1000_uninfected,GAB,SEX_BTSX,1994,3.9,6.2,2.5
incidence_per_1000_uninfected,MWI,SEX_BTSX,1994,14.1,15.2,13.3
incidence_per_1000_uninfected,ZMB,SEX_FMLE,1999,9.9,11.0,9.0
incidence_per_1000_uninfected,MRT,SEX_BTSX,2008,0.17,0.24,0.12
incidence_per_1000_uninfected,SYC,SEX_FMLE,2021,,,
incidence_per_1000_uninfected,BEN,SEX_BTSX,2021,0.13,0.19,0.1
incidence_per_1000_uninfected,GHA,SEX_MLE,1997,1.6,1.9,1.3
incidence_per_1000_uninfected,NAM,SEX_BTSX,2000,12.0,13.5,11.0
incidence_per_1000_uninfected,STP,SEX_MLE,1990,,,
incidence_per_1000_uninfected,MDG,SEX_MLE,2014,0.22,0.29,0.16
incidence_per_1000_uninfected,COD,SEX_MLE,2013,0.37,0.49,0.28
incidence_per_1000_uninfected,CIV,SEX_BTSX,2022,0.31,0.53,0.18
incidence_per_1000_uninfected,BWA,SEX_BTSX,2007,8.9,10.3,7.7
incidence_per_1000_uninfected,AGO,SEX_MLE,2015,0.65,0.78,0.55
incidence_per_1000_uninfected,SWZ,SEX_FMLE,2006,21.1,23.2,19.2
incidence_per_1000_uninfected,ZWE,SEX_BTSX,1998,16.3,18.0,14.9
incidence_per_1000_uninfected,LBR,SEX_MLE,1993,,,
incidence_per_1000_uninfected,SLE,SEX_BTSX,2002,1.3,1.5,1.1
incidence_per_1000_uninfected,BWA,SEX_FMLE,2001,19.0,21.2,17.0
incidence_per_1000_uninfected,GIN,SEX_BTSX,2016,0.75,0.94,0.6
incidence_per_1000_uninfected,MOZ,SEX_BTSX,2009,7.6,8.5,6.9
incidence_per_1000_uninfected,CAF,SEX_FMLE,2018,1.3,2.0,0.79
incidence_per_1000_uninfected,AGO,SEX_FMLE,1995,1.4,1.9,1.1
incidence_per_1000_uninfected,CMR,SEX_BTSX,2002,3.8,4.3,3.5
incidence_per_1000_uninfected,BWA,SEX_MLE,2003,12.0,14.2,10.7
incidence_per_1000_uninfected,SSD,SEX_BTSX,1994,2.1,3.0,1.2
incidence_per_1000_uninfected,DZA,SEX_BTSX,2000,0.1,0.1,0.1
incidence_per_1000_uninfected,SSD,SEX_MLE,2010,1.0,1.4,0.77
incidence_per_1000_uninfected,MLI,SEX_MLE,1996,1.1,1.5,0.91
incidence_per_1000_uninfected,MWI,SEX_FMLE,2020,1.3,1.6,1.1
incidence_per_1000_uninfected,CPV,SEX_MLE,2019,0.47,0.64,0.34
incidence_per_1000_uninfected,SWZ,SEX_BTSX,2002,22.0,23.8,20.5
incidence_per_1000_uninfected,SWZ,SEX_FMLE,2020,6.8,8.1,5.4
incidence_per_1000_uninfected,GHA,SEX_BTSX,2004,1.3,1.6,1.1
incidence_per_1000_uninfected,TGO,SEX_FMLE,2000,3.0,3.8,2.4
incidence_per_1000_uninfected,CAF,SEX_BTSX,2017,1.2,1.8,0.8
incidence_per_1000_uninfected,SLE,SEX_FMLE,1999,1.5,1.9,1.3
incidence_per_1000_uninfected,GHA,SEX_MLE,2002,1.2,1.5,1.0
incidence_per_1000_uninfected,CAF,SEX_FMLE,2022,0.93,1.7,0.48
incidence_per_1000_uninfected,BDI,SEX_MLE,2024,0.1,0.12,0.1
incidence_per_1000_uninfected,MRT,SEX_MLE,1997,0.62,0.77,0.5
incidence_per_1000_uninfected,SYC,SEX_FMLE,2019,,,
incidence_per_1000_uninfected,TCD,SEX_BTSX,1994,2.1,2.8,1.5
incidence_per_1000_uninfected,DZA,SEX_BTSX,2003,0.1,0.1,0.1
incidence_per_1000_uninfected,ZMB,SEX_BTSX,1990,12.3,13.9,11.0
incidence_per_1000_uninfected,NAM,SEX_BTSX,1991,6.1,7.0,5.4
incidence_per_1000_uninfected,NER,SEX_MLE,2022,0.1,0.1,0.1
incidence_per_1000_uninfected,TGO,SEX_FMLE,2004,1.9,2.4,1.5
incidence_per_1000_uninfected,BDI,SEX_BTSX,1996,2.2,2.9,1.8
incidence_per_1000_uninfected,BWA,SEX_FMLE,2010,8.8,9.7,7.6
incidence_per_1000_uninfected,SSD,SEX_BTSX,1991,1.5,2.2,0.76
incidence_per_1000_uninfected,TGO,SEX_BTSX,2014,0.59,0.82,0.39
incidence_per_1000_uninfected,CMR,SEX_FMLE,2008,2.6,3.0,2.2
incidence_per_1000_uninfected,BFA,SEX_FMLE,2016,0.18,0.24,0.13
incidence_per_1000_uninfected,MRT,SEX_FMLE,2009,0.11,0.17,0.1
incidence_per_1000_uninfected,AGO,SEX_FMLE,1993,1.2,1.6,0.88
incidence_per_1000_uninfected,GHA,SEX_FMLE,1992,2.8,3.4,2.2
incidence_per_1000_uninfected,CIV,SEX_BTSX,1999,4.3,5.1,3.7
incidence_per_1000_uninfected,BEN,SEX_MLE,2008,0.44,0.56,0.36
incidence_per_1000_uninfected,ZWE,SEX_BTSX,2014,3.6,4.5,3.1
incidence_per_1000_uninfected,NAM,SEX_FMLE,1999,14.6,16.5,13.3
incidence_per_1000_uninfected,TGO,SEX_MLE,2020,0.32,0.47,0.2
incidence_per_1000_uninfected,MRT,SEX_MLE,2001,0.61,0.72,0.52
incidence_per_1000_uninfected,ETH,SEX_FMLE,2013,0.28,0.55,0.17
incidence_per_1000_uninfected,TCD,SEX_BTSX,2017,0.37,0.49,0.26
incidence_per_1000_uninfected,CAF,SEX_BTSX,1994,6.8,9.2,5.3
incidence_per_1000_uninfected,GHA,SEX_FMLE,2008,1.2,1.5,1.0
incidence_per_1000_uninfected,STP,SEX_BTSX,2023,,,
incidence_per_1000_uninfected,AGO,SEX_FMLE,2009,1.5,1.8,1.3
incidence_per_1000_uninfected,BEN,SEX_MLE,2005,0.6,0.75,0.53
incidence_per_1000_uninfected,NAM,SEX_MLE,2020,1.3,1.7,0.98
incidence_per_1000_uninfected,DZA,SEX_BTSX,2010,0.1,0.1,0.1
incidence_per_1000_uninfected,SWZ,SEX_MLE,2012,12.5,14.3,11.2
incidence_per_1000_uninfected,SWZ,SEX_BTSX,1991,6.3,7.9,5.3
incidence_per_1000_uninfected,SSD,SEX_MLE,2020,0.49,0.66,0.35
incidence_per_1000_uninfected,CPV,SEX_MLE,2012,0.43,0.57,0.35
incidence_per_1000_uninfected,RWA,SEX_FMLE,1990,4.3,6.1,3.1
incidence_per_1000_uninfected,CIV,SEX_MLE,1999,3.7,4.5,3.2
incidence_per_1000_uninfected,GAB,SEX_MLE,2008,1.5,1.9,1.2
incidence_per_1000_uninfected,ZAF,SEX_BTSX,2018,4.4,5.0,4.0
incidence_per_1000_uninfected,MDG,SEX_MLE,2017,0.25,0.35,0.18
incidence_per_1000_uninfected,CPV,SEX_MLE,2001,0.52,0.64,0.44
incidence_per_1000_uninfected,SLE,SEX_FMLE,2012,0.94,1.1,0.76
incidence_per_1000_uninfected,MWI,SEX_MLE,2021,0.68,0.87,0.58
incidence_per_1000_uninfected,NER,SEX_MLE,2010,0.1,0.12,0.1
incidence_per_1000_uninfected,STP,SEX_BTSX,1997,,,
incidence_per_1000_uninfected,BDI,SEX_FMLE,1992,4.3,5.6,3.4
incidence_per_1000_uninfected,MOZ,SEX_FMLE,2019,5.8,6.8,5.0
incidence_per_1000_uninfected,COD,SEX_BTSX,2018,0.32,0.44,0.23
incidence_per_1000_uninfected,STP,SEX_MLE,2011,,,
incidence_per_1000_uninfected,SSD,SEX_MLE,1996,1.7,2.6,1.1
incidence_per_1000_uninfected,ETH,SEX_BTSX,1999,1.3,2.6,0.75
incidence_per_1000_uninfected,DZA,SEX_FMLE,2018,0.1,0.1,0.1
incidence_per_1000_uninfected,TGO,SEX_FMLE,2024,0.46,0.7,0.26
incidence_per_1000_uninfected,KEN,SEX_BTSX,2010,1.8,2.7,1.1
incidence_per_1000_uninfected,MOZ,SEX_MLE,2012,6.0,6.9,5.4
incidence_per_1000_uninfected,GHA,SEX_MLE,1992,1.9,2.4,1.5
incidence_per_1000_uninfected,STP,SEX_BTSX,2017,,,
incidence_per_1000_uninfected,NER,SEX_FMLE,2000,0.4,0.47,0.35
incidence_per_1000_uninfected,TCD,SEX_FMLE,1992,2.2,3.1,1.5
incidence_per_1000_uninfected,MLI,SEX_FMLE,2022,0.25,0.37,0.18
incidence_per_1000_uninfected,NGA,SEX_FMLE,1999,1.9,2.1,1.7
incidence_per_1000_uninfected,MDG,SEX_FMLE,2006,0.15,0.2,0.11
incidence_per_1000_uninfected,ZAF,SEX_BTSX,2008,9.2,10.3,8.3
incidence_per_1000_uninfected,CMR,SEX_BTSX,2017,0.87,1.2,0.69
incidence_per_1000_uninfected,ETH,SEX_MLE,1990,2.9,6.3,1.5
incidence_per_1000_uninfected,TGO,SEX_BTSX,1997,3.5,4.7,2.7
incidence_per_1000_uninfected,MUS,SEX_MLE,2021,,,
incidence_per_1000_uninfected,BDI,SEX_BTSX,2021,0.12,0.18,0.1
incidence_per_1000_uninfected,BDI,SEX_FMLE,2018,0.16,0.26,0.1
incidence_per_1000_uninfected,SWZ,SEX_MLE,2005,17.8,20.1,16.2
incidence_per_1000_uninfected,COD,SEX_BTSX,2023,0.22,0.37,0.13
incidence_per_1000_uninfected,MWI,SEX_BTSX,2019,1.2,1.5,1.0
incidence_per_1000_uninfected,BWA,SEX_FMLE,2007,10.2,11.8,8.7
incidence_per_1000_uninfected,MOZ,SEX_MLE,2013,5.8,6.7,5.2
incidence_per_1000_uninfected,GNQ,SEX_MLE,2013,,,
incidence_per_1000_uninfected,MLI,SEX_MLE,2023,0.17,0.26,0.12
incidence_per_1000_uninfected,GHA,SEX_MLE,1994,1.9,2.4,1.6
incidence_per_1000_uninfected,GHA,SEX_FMLE,2000,1.9,2.2,1.6
incidence_per_1000_uninfected,LBR,SEX_MLE,2024,,,
incidence_per_1000_uninfected,GMB,SEX_FMLE,2002,1.7,2.3,1.3
incidence_per_1000_uninfected,DZA,SEX_BTSX,2016,0.1,0.1,0.1
incidence_per_1000_uninfected,SLE,SEX_BTSX,2024,0.28,0.52,0.17
incidence_per_1000_uninfected,UGA,SEX_MLE,2002,4.3,4.9,3.9
incidence_per_1000_uninfected,GNB,SEX_FMLE,2010,2.1,2.5,1.7
incidence_per_1000_uninfected,NGA,SEX_FMLE,1997,2.0,2.3,1.8
incidence_per_1000_uninfected,MLI,SEX_MLE,2007,0.59,0.76,0.48
incidence_per_1000_uninfected,COM,SEX_FMLE,1991,0.1,0.1,0.01
incidence_per_1000_uninfected,TGO,SEX_FMLE,2005,1.8,2.2,1.4
incidence_per_1000_uninfected,MWI,SEX_FMLE,1991,14.6,15.6,13.6
incidence_per_1000_uninfected,SWZ,SEX_MLE,2014,11.4,13.3,10.2
incidence_per_1000_uninfected,LBR,SEX_MLE,2002,,,
incidence_per_1000_uninfected,MOZ,SEX_FMLE,2023,4.0,4.9,3.3
incidence_per_1000_uninfected,BFA,SEX_BTSX,2012,0.23,0.31,0.17
incidence_per_1000_uninfected,CPV,SEX_FMLE,2013,0.34,0.44,0.28
incidence_per_1000_uninfected,ZMB,SEX_FMLE,2007,6.3,7.2,5.6
incidence_per_1000_uninfected,STP,SEX_BTSX,2011,,,
incidence_per_1000_uninfected,ZWE,SEX_BTSX,1996,20.0,22.3,18.0
incidence_per_1000_uninfected,GNQ,SEX_BTSX,2017,,,
incidence_per_1000_uninfected,MRT,SEX_FMLE,2015,0.1,0.11,0.1
incidence_per_1000_uninfected,MWI,SEX_MLE,1998,10.0,11.2,9.2
incidence_per_1000_uninfected,UGA,SEX_MLE,1999,4.7,5.4,4.3
incidence_per_1000_uninfected,MOZ,SEX_BTSX,2005,8.4,9.5,7.8
incidence_per_1000_uninfected,GNQ,SEX_MLE,2001,,,
incidence_per_1000_uninfected,MWI,SEX_FMLE,2024,0.7,0.95,0.55
incidence_per_1000_uninfected,GAB,SEX_FMLE,2012,2.2,3.0,1.6
incidence_per_1000_uninfected,NAM,SEX_MLE,2007,6.0,7.0,5.3
incidence_per_1000_uninfected,CPV,SEX_FMLE,2015,0.36,0.46,0.3
incidence_per_1000_uninfected,RWA,SEX_MLE,2018,0.28,0.44,0.2
incidence_per_1000_uninfected,COD,SEX_BTSX,2000,1.1,1.4,0.92
incidence_per_1000_uninfected,ZWE,SEX_FMLE,2018,2.0,2.6,1.6
incidence_per_1000_uninfected,TGO,SEX_BTSX,1999,2.9,3.8,2.3
incidence_per_1000_uninfected,CPV,SEX_MLE,2018,0.5,0.67,0.38
incidence_per_1000_uninfected,CPV,SEX_BTSX,2007,0.36,0.44,0.3
incidence_per_1000_uninfected,GHA,SEX_MLE,2012,0.64,0.82,0.51
incidence_per_1000_uninfected,CPV,SEX_MLE,1998,0.52,0.65,0.43
incidence_per_1000_uninfected,NAM,SEX_BTSX,2021,1.9,2.5,1.4
incidence_per_1000_uninfected,ZMB,SEX_FMLE,1992,14.1,15.7,12.6
incidence_per_1000_uninfected,BEN,SEX_MLE,2006,0.55,0.69,0.47
incidence_per_1000_uninfected,CPV,SEX_MLE,2017,0.52,0.7,0.41
incidence_per_1000_uninfected,MUS,SEX_MLE,1990,,,
incidence_per_1000_uninfected,NGA,SEX_BTSX,2013,0.67,0.82,0.58
incidence_per_1000_uninfected,CIV,SEX_FMLE,1996,6.5,7.9,5.4
incidence_per_1000_uninfected,SLE,SEX_BTSX,2010,0.93,1.1,0.78
incidence_per_1000_uninfected,CAF,SEX_BTSX,2019,0.96,1.5,0.55
incidence_per_1000_uninfected,BEN,SEX_MLE,1994,1.1,1.5,0.92
incidence_per_1000_uninfected,SLE,SEX_FMLE,2020,0.71,1.0,0.51
incidence_per_1000_uninfected,SLE,SEX_MLE,1992,1.1,1.5,0.68
incidence_per_1000_uninfected,ERI,SEX_FMLE,1994,2.1,3.0,1.5
incidence_per_1000_uninfected,MLI,SEX_BTSX,2014,0.41,0.56,0.33
incidence_per_1000_uninfected,AGO,SEX_MLE,2017,0.61,0.73,0.51
incidence_per_1000_uninfected,SEN,SEX_MLE,2001,0.63,0.7,0.57
incidence_per_1000_uninfected,SYC,SEX_FMLE,2024,,,
incidence_per_1000_uninfected,TGO,SEX_FMLE,2002,2.3,2.9,1.9
incidence_per_1000_uninfected,ZMB,SEX_MLE,2002,6.8,7.6,6.3
incidence_per_1000_uninfected,BDI,SEX_FMLE,2009,0.5,0.67,0.35
incidence_per_1000_uninfected,MWI,SEX_MLE,2001,7.7,8.9,7.1
incidence_per_1000_uninfected,BDI,SEX_FMLE,2005,0.75,0.97,0.57
incidence_per_1000_uninfected,COG,SEX_BTSX,1998,2.9,3.3,2.5
incidence_per_1000_uninfected,CIV,SEX_FMLE,2004,2.7,3.3,2.4
incidence_per_1000_uninfected,CMR,SEX_FMLE,1993,3.7,4.3,2.9
incidence_per_1000_uninfected,BEN,SEX_BTSX,2003,0.74,0.89,0.64
incidence_per_1000_uninfected,BFA,SEX_MLE,2008,0.35,0.46,0.27
incidence_per_1000_uninfected,GMB,SEX_BTSX,2001,1.6,2.2,1.2
incidence_per_1000_uninfected,UGA,SEX_BTSX,2010,3.4,3.9,3.1
incidence_per_1000_uninfected,SYC,SEX_FMLE,1993,,,
incidence_per_1000_uninfected,SLE,SEX_FMLE,2005,1.2,1.4,1.0
incidence_per_1000_uninfected,NER,SEX_FMLE,2020,0.1,0.1,0.1
incidence_per_1000_uninfected,GNQ,SEX_BTSX,2004,,,
incidence_per_1000_uninfected,TZA,SEX_FMLE,2014,2.5,2.9,2.2
incidence_per_1000_uninfected,ZWE,SEX_MLE,2004,9.5,10.9,8.6
incidence_per_1000_uninfected,TGO,SEX_FMLE,1999,3.3,4.3,2.7
incidence_per_1000_uninfected,GAB,SEX_MLE,1995,2.9,4.4,1.9
incidence_per_1000_uninfected,MRT,SEX_BTSX,2011,0.1,0.14,0.1
incidence_per_1000_uninfected,ZAF,SEX_FMLE,2008,11.0,12.2,9.9
incidence_per_1000_uninfected,GNB,SEX_BTSX,2014,1.1,1.4,0.75
incidence_per_1000_uninfected,ZAF,SEX_FMLE,2013,7.8,8.9,7.0
incidence_per_1000_uninfected,GNB,SEX_BTSX,2018,0.82,1.1,0.58
incidence_per_1000_uninfected,AGO,SEX_MLE,1994,0.75,1.0,0.53
incidence_per_1000_uninfected,MOZ,SEX_FMLE,2022,4.5,5.4,3.6
incidence_per_1000_uninfected,CMR,SEX_MLE,2001,3.7,4.3,3.2
incidence_per_1000_uninfected,SWZ,SEX_BTSX,2015,11.5,13.0,10.2
incidence_per_1000_uninfected,KEN,SEX_BTSX,2000,4.7,7.3,3.0
incidence_per_1000_uninfected,CMR,SEX_MLE,2005,2.7,3.2,2.4
incidence_per_1000_uninfected,DZA,SEX_MLE,1991,0.01,0.01,0.01
incidence_per_1000_uninfected,NAM,SEX_FMLE,2024,2.0,2.7,1.6
incidence_per_1000_uninfected,NGA,SEX_FMLE,1998,2.0,2.2,1.7
incidence_per_1000_uninfected,MOZ,SEX_MLE,2011,6.4,7.4,5.9
incidence_per_1000_uninfected,NER,SEX_FMLE,1998,0.53,0.63,0.46
incidence_per_1000_uninfected,TZA,SEX_MLE,1995,4.1,4.9,3.6
incidence_per_1000_uninfected,LSO,SEX_MLE,2003,15.2,17.7,13.3
incidence_per_1000_uninfected,TZA,SEX_FMLE,2008,2.3,2.7,2.1
incidence_per_1000_uninfected,COD,SEX_MLE,2002,0.88,1.1,0.73
incidence_per_1000_uninfected,SWZ,SEX_FMLE,2009,19.5,21.7,17.3
incidence_per_1000_uninfected,BEN,SEX_FMLE,2015,0.28,0.38,0.2
incidence_per_1000_uninfected,SEN,SEX_FMLE,2007,0.22,0.25,0.2
incidence_per_1000_uninfected,GAB,SEX_MLE,2014,0.93,1.3,0.68
incidence_per_1000_uninfected,TGO,SEX_FMLE,2008,1.4,1.8,1.1
incidence_per_1000_uninfected,NER,SEX_BTSX,2000,0.43,0.51,0.37
incidence_per_1000_uninfected,GIN,SEX_BTSX,2006,1.1,1.3,0.96
incidence_per_1000_uninfected,LSO,SEX_FMLE,2001,19.0,21.7,16.6
incidence_per_1000_uninfected,RWA,SEX_BTSX,2013,0.83,1.1,0.66
incidence_per_1000_uninfected,RWA,SEX_FMLE,2022,0.29,0.48,0.18
incidence_per_1000_uninfected,STP,SEX_MLE,2002,,,
incidence_per_1000_uninfected,ZWE,SEX_BTSX,2010,6.8,7.9,6.2
incidence_per_1000_uninfected,SYC,SEX_FMLE,1999,,,
incidence_per_1000_uninfected,AGO,SEX_BTSX,2000,1.3,1.5,1.1
incidence_per_1000_uninfected,UGA,SEX_FMLE,1999,5.5,6.0,5.0
incidence_per_1000_uninfected,NAM,SEX_BTSX,1992,8.0,9.1,7.1
incidence_per_1000_uninfected,GIN,SEX_BTSX,1999,1.3,1.6,1.1
incidence_per_1000_uninfected,GAB,SEX_FMLE,2022,1.2,2.1,0.67
incidence_per_1000_uninfected,MLI,SEX_MLE,2016,0.32,0.44,0.24
incidence_per_1000_uninfected,SEN,SEX_FMLE,2014,0.1,0.12,0.1
incidence_per_1000_uninfected,SEN,SEX_MLE,2016,0.11,0.14,0.1
incidence_per_1000_uninfected,GNB,SEX_MLE,2015,0.79,1.0,0.57
incidence_per_1000_uninfected,MOZ,SEX_BTSX,2016,5.7,6.4,5.1
incidence_per_1000_uninfected,ETH,SEX_MLE,2011,0.24,0.53,0.13
incidence_per_1000_uninfected,COD,SEX_FMLE,1997,1.6,2.0,1.2
incidence_per_1000_uninfected,ZWE,SEX_MLE,2007,7.9,9.1,7.1
incidence_per_1000_uninfected,COG,SEX_BTSX,2024,1.7,2.8,0.79
incidence_per_1000_uninfected,GHA,SEX_FMLE,2014,0.98,1.2,0.81
incidence_per_1000_uninfected,KEN,SEX_FMLE,2009,2.3,3.7,1.5
incidence_per_1000_uninfected,ZWE,SEX_FMLE,2010,7.1,8.2,6.4
incidence_per_1000_uninfected,TGO,SEX_MLE,2000,2.3,3.0,1.8
incidence_per_1000_uninfected,MWI,SEX_BTSX,2020,1.0,1.3,0.88
incidence_per_1000_uninfected,MWI,SEX_MLE,2010,3.4,4.0,3.1
incidence_per_1000_uninfected,UGA,SEX_BTSX,2006,4.0,4.5,3.7
incidence_per_1000_uninfected,DZA,SEX_FMLE,2005,0.1,0.1,0.1
incidence_per_1000_uninfected,SEN,SEX_BTSX,2015,0.1,0.12,0.1
incidence_per_1000_uninfected,SWZ,SEX_BTSX,2010,15.7,17.5,14.2
incidence_per_1000_uninfected,CAF,SEX_MLE,1990,4.9,7.2,3.7
incidence_per_1000_uninfected,UGA,SEX_BTSX,2003,4.5,5.0,4.2
incidence_per_1000_uninfected,GIN,SEX_FMLE,2004,1.3,1.5,1.1
incidence_per_1000_uninfected,BFA,SEX_BTSX,2008,0.36,0.46,0.27
incidence_per_1000_uninfected,MOZ,SEX_BTSX,1990,3.0,3.8,2.4
incidence_per_1000_uninfected,ETH,SEX_BTSX,2002,0.86,1.7,0.49
incidence_per_1000_uninfected,GNQ,SEX_MLE,2017,,,
incidence_per_1000_uninfected,NER,SEX_MLE,2018,0.1,0.1,0.1
incidence_per_1000_uninfected,NER,SEX_FMLE,1995,0.68,0.85,0.55
incidence_per_1000_uninfected,LSO,SEX_MLE,2017,4.7,6.1,3.8
incidence_per_1000_uninfected,ZWE,SEX_MLE,1992,28.7,34.7,24.8
incidence_per_1000_uninfected,COD,SEX_BTSX,1991,1.9,2.7,1.5
incidence_per_1000_uninfected,MRT,SEX_BTSX,2007,0.22,0.29,0.16
incidence_per_1000_uninfected,BDI,SEX_FMLE,1995,1.5,2.8,0.9
incidence_per_1000_uninfected,ZWE,SEX_FMLE,2007,8.9,10.0,8.0
incidence_per_1000_uninfected,NER,SEX_BTSX,1993,0.69,0.82,0.55
incidence_per_1000_uninfected,LSO,SEX_FMLE,1999,21.1,24.1,18.3
incidence_per_1000_uninfected,DZA,SEX_BTSX,2013,0.1,0.1,0.1
incidence_per_1000_uninfected,RWA,SEX_FMLE,2006,1.9,2.3,1.7
incidence_per_1000_uninfected,GIN,SEX_MLE,1998,1.2,1.5,0.96
incidence_per_1000_uninfected,BEN,SEX_MLE,2019,0.13,0.18,0.1
incidence_per_1000_uninfected,GNB,SEX_MLE,2007,2.1,2.5,1.7
incidence_per_1000_uninfected,NGA,SEX_MLE,2022,0.22,0.31,0.17
incidence_per_1000_uninfected,COM,SEX_MLE,2011,0.1,0.1,0.01
incidence_per_1000_uninfected,GAB,SEX_BTSX,2010,1.9,2.5,1.5
incidence_per_1000_uninfected,NGA,SEX_MLE,2023,0.21,0.28,0.16
incidence_per_1000_uninfected,ZAF,SEX_BTSX,2015,5.7,6.4,5.1
incidence_per_1000_uninfected,CMR,SEX_MLE,2019,0.6,0.81,0.49
incidence_per_1000_uninfected,CAF,SEX_FMLE,2006,3.1,3.9,2.5
incidence_per_1000_uninfected,SSD,SEX_FMLE,2022,0.75,1.1,0.52
incidence_per_1000_uninfected,NER,SEX_BTSX,2006,0.21,0.25,0.18
incidence_per_1000_uninfected,MUS,SEX_FMLE,2022,,,
incidence_per_1000_uninfected,MDG,SEX_MLE,1992,0.1,0.1,0.01
incidence_per_1000_uninfected,CAF,SEX_FMLE,2013,2.1,2.8,1.5
incidence_per_1000_uninfected,GIN,SEX_BTSX,1990,0.54,0.85,0.23
incidence_per_1000_uninfected,BDI,SEX_FMLE,2000,1.4,1.7,1.1
incidence_per_1000_uninfected,LBR,SEX_BTSX,2010,,,
incidence_per_1000_uninfected,AGO,SEX_MLE,2008,0.92,1.1,0.79
incidence_per_1000_uninfected,GMB,SEX_MLE,2000,1.6,2.1,1.2
incidence_per_1000_uninfected,ZMB,SEX_FMLE,2017,5.8,6.6,5.2
incidence_per_1000_uninfected,SYC,SEX_MLE,2012,,,
incidence_per_1000_uninfected,GAB,SEX_FMLE,2005,3.3,4.2,2.6
incidence_per_1000_uninfected,ETH,SEX_FMLE,2017,0.21,0.4,0.12
incidence_per_1000_uninfected,ZWE,SEX_BTSX,2006,9.0,10.0,8.2
incidence_per_1000_uninfected,STP,SEX_BTSX,1992,,,
incidence_per_1000_uninfected,CIV,SEX_FMLE,1995,7.2,8.7,6.0
incidence_per_1000_uninfected,COG,SEX_BTSX,1995,3.2,3.8,2.8
incidence_per_1000_uninfected,ERI,SEX_MLE,2013,0.1,0.17,0.1
incidence_per_1000_uninfected,GAB,SEX_BTSX,2006,2.4,3.1,2.0
incidence_per_1000_uninfected,ZAF,SEX_FMLE,2017,6.0,6.7,5.2
incidence_per_1000_uninfected,MWI,SEX_FMLE,2013,3.9,4.4,3.5
incidence_per_1000_uninfected,NER,SEX_FMLE,2023,0.1,0.1,0.1
incidence_per_1000_uninfected,SWZ,SEX_BTSX,2016,9.1,10.5,7.9
incidence_per_1000_uninfected,GMB,SEX_FMLE,2011,1.2,1.6,0.87
incidence_per_1000_uninfected,SYC,SEX_MLE,2017,,,
incidence_per_1000_uninfected,LBR,SEX_MLE,2013,,,
incidence_per_1000_uninfected,GIN,SEX_BTSX,2001,1.3,1.6,1.1
incidence_per_1000_uninfected,LBR,SEX_BTSX,2009,,,
incidence_per_1000_uninfected,SYC,SEX_FMLE,2012,,,
incidence_per_1000_uninfected,ZMB,SEX_FMLE,1994,12.9,14.4,11.5
incidence_per_1000_uninfected,NAM,SEX_MLE,2001,9.5,11.2,8.7
incidence_per_1000_uninfected,DZA,SEX_FMLE,2009,0.1,0.1,0.1
incidence_per_1000_uninfected,ZMB,SEX_MLE,2000,7.4,8.3,6.8
incidence_per_1000_uninfected,MOZ,SEX_FMLE,2007,8.7,9.8,7.8
incidence_per_1000_uninfected,SLE,SEX_BTSX,2006,1.1,1.3,0.97
incidence_per_1000_uninfected,SLE,SEX_FMLE,2016,0.9,1.1,0.72
incidence_per_1000_uninfected,MLI,SEX_BTSX,2019,0.29,0.41,0.22
incidence_per_1000_uninfected,BEN,SEX_BTSX,2007,0.61,0.75,0.52
incidence_per_1000_uninfected,CIV,SEX_FMLE,2011,1.2,1.7,0.93
incidence_per_1000_uninfected,LSO,SEX_BTSX,2014,9.9,12.0,8.4
incidence_per_1000_uninfected,MDG,SEX_BTSX,1998,0.1,0.1,0.1
incidence_per_1000_uninfected,NER,SEX_MLE,2011,0.1,0.12,0.1
incidence_per_1000_uninfected,COM,SEX_MLE,1994,0.1,0.1,0.1
incidence_per_1000_uninfected,LSO,SEX_FMLE,2006,18.0,20.9,15.8
incidence_per_1000_uninfected,NAM,SEX_BTSX,1998,13.4,15.0,12.2
incidence_per_1000_uninfected,NER,SEX_BTSX,2001,0.39,0.46,0.34
incidence_per_1000_uninfected,UGA,SEX_BTSX,2016,2.0,2.4,1.7
incidence_per_1000_uninfected,GMB,SEX_BTSX,1992,0.65,1.0,0.38
incidence_per_1000_uninfected,RWA,SEX_BTSX,2010,1.1,1.4,0.92
incidence_per_1000_uninfected,MWI,SEX_MLE,2019,0.96,1.2,0.83
incidence_per_1000_uninfected,SLE,SEX_MLE,2021,0.39,0.58,0.26
incidence_per_1000_uninfected,BDI,SEX_BTSX,1997,2.1,2.6,1.8
incidence_per_1000_uninfected,BEN,SEX_BTSX,2015,0.23,0.32,0.17
incidence_per_1000_uninfected,CIV,SEX_BTSX,2009,1.3,1.7,1.0
incidence_per_1000_uninfected,DZA,SEX_FMLE,2021,0.1,0.1,0.1
incidence_per_1000_uninfected,DZA,SEX_FMLE,1999,0.1,0.1,0.1
incidence_per_1000_uninfected,LSO,SEX_FMLE,2010,14.0,16.5,12.1
incidence_per_1000_uninfected,LBR,SEX_MLE,2014,,,
incidence_per_1000_uninfected,SYC,SEX_FMLE,1998,,,
incidence_per_1000_uninfected,GMB,SEX_BTSX,2024,0.41,0.72,0.23
incidence_per_1000_uninfected,BEN,SEX_BTSX,2020,0.14,0.21,0.1
incidence_per_1000_uninfected,SYC,SEX_MLE,2019,,,
incidence_per_1000_uninfected,BEN,SEX_MLE,1997,1.1,1.4,0.93
incidence_per_1000_uninfected,TZA,SEX_FMLE,2021,1.5,1.9,1.3
incidence_per_1000_uninfected,KEN,SEX_MLE,2023,0.25,0.4,0.16
incidence_per_1000_uninfected,SLE,SEX_MLE,2006,1.0,1.2,0.89
incidence_per_1000_uninfected,LSO,SEX_MLE,1996,19.6,23.3,16.8
incidence_per_1000_uninfected,NAM,SEX_BTSX,2008,6.6,7.6,5.9
incidence_per_1000_uninfected,GNB,SEX_MLE,2000,4.0,5.0,3.3
incidence_per_1000_uninfected,NER,SEX_BTSX,2018,0.1,0.1,0.1
incidence_per_1000_uninfected,TGO,SEX_BTSX,2005,1.6,2.0,1.3
incidence_per_1000_uninfected,GIN,SEX_MLE,2004,1.1,1.3,0.88
incidence_per_1000_uninfected,CIV,SEX_MLE,1995,5.5,6.8,4.6
incidence_per_1000_uninfected,BWA,SEX_FMLE,2002,17.1,18.8,15.4
incidence_per_1000_uninfected,MWI,SEX_MLE,2024,0.45,0.62,0.35
incidence_per_1000_uninfected,MUS,SEX_BTSX,2006,,,
incidence_per_1000_uninfected,DZA,SEX_MLE,2017,0.1,0.1,0.1
incidence_per_1000_uninfected,GNB,SEX_MLE,2011,1.4,1.8,1.2
incidence_per_1000_uninfected,ZAF,SEX_MLE,2011,5.8,6.9,5.2
incidence_per_1000_uninfected,COD,SEX_BTSX,2021,0.27,0.39,0.17
incidence_per_1000_uninfected,LSO,SEX_FMLE,2015,10.4,12.6,8.6
incidence_per_1000_uninfected,SYC,SEX_BTSX,2023,,,
incidence_per_1000_uninfected,MOZ,SEX_FMLE,2009,8.6,9.8,7.8
incidence_per_1000_uninfected,BDI,SEX_BTSX,2022,0.11,0.16,0.1
incidence_per_1000_uninfected,AGO,SEX_FMLE,2010,1.5,1.8,1.3
incidence_per_1000_uninfected,CMR,SEX_FMLE,2017,1.1,1.4,0.83
incidence_per_1000_uninfected,SWZ,SEX_FMLE,2011,17.4,19.6,15.3
incidence_per_1000_uninfected,NGA,SEX_BTSX,2021,0.33,0.44,0.26
incidence_per_1000_uninfected,TZA,SEX_MLE,2016,1.4,1.7,1.3
incidence_per_1000_uninfected,CMR,SEX_BTSX,1992,2.7,3.2,2.1
incidence_per_1000_uninfected,GMB,SEX_BTSX,1990,0.35,0.64,0.18
incidence_per_1000_uninfected,GNB,SEX_FMLE,1996,3.4,4.2,2.4
incidence_per_1000_uninfected,ERI,SEX_MLE,1995,1.5,2.2,1.1
incidence_per_1000_uninfected,ERI,SEX_MLE,2017,0.1,0.14,0.1
incidence_per_1000_uninfected,COM,SEX_FMLE,1993,0.1,0.1,0.01
incidence_per_1000_uninfected,MWI,SEX_FMLE,2005,7.0,7.9,6.5
incidence_per_1000_uninfected,SLE,SEX_MLE,2002,1.2,1.4,0.98
incidence_per_1000_uninfected,MOZ,SEX_FMLE,1998,9.7,11.1,8.7
incidence_per_1000_uninfected,CAF,SEX_FMLE,1997,6.3,7.8,5.1
incidence_per_1000_uninfected,CMR,SEX_BTSX,1995,4.3,5.0,3.7
incidence_per_1000_uninfected,NER,SEX_FMLE,1992,0.55,0.69,0.43
incidence_per_1000_uninfected,LBR,SEX_MLE,1995,,,
incidence_per_1000_uninfected,NAM,SEX_BTSX,1999,12.8,14.3,11.8
incidence_per_1000_uninfected,TGO,SEX_BTSX,2002,2.1,2.6,1.7
incidence_per_1000_uninfected,GNB,SEX_MLE,1990,0.39,0.59,0.25
incidence_per_1000_uninfected,NAM,SEX_MLE,1994,9.8,11.3,8.7
incidence_per_1000_uninfected,MRT,SEX_FMLE,1991,0.35,0.52,0.25
incidence_per_1000_uninfected,SSD,SEX_BTSX,2009,1.3,1.7,1.0
incidence_per_1000_uninfected,BWA,SEX_FMLE,1994,29.8,32.3,27.7
incidence_per_1000_uninfected,ZMB,SEX_BTSX,2003,7.4,8.2,6.9
incidence_per_1000_uninfected,DZA,SEX_BTSX,1991,0.01,0.01,0.01
incidence_per_1000_uninfected,KEN,SEX_FMLE,2010,2.1,3.3,1.3
incidence_per_1000_uninfected,NER,SEX_BTSX,2019,0.1,0.1,0.1
incidence_per_1000_uninfected,TZA,SEX_FMLE,2004,3.1,3.5,2.8
incidence_per_1000_uninfected,SLE,SEX_MLE,2023,0.27,0.45,0.17
incidence_per_1000_uninfected,CPV,SEX_BTSX,1996,0.47,0.62,0.38
incidence_per_1000_uninfected,MOZ,SEX_BTSX,2007,7.7,8.7,7.1
incidence_per_1000_uninfected,GNB,SEX_BTSX,1996,3.0,3.7,2.1
incidence_per_1000_uninfected,BWA,SEX_MLE,2015,4.5,5.1,4.0
incidence_per_1000_uninfected,STP,SEX_MLE,1996,,,
incidence_per_1000_uninfected,BFA,SEX_BTSX,1999,0.99,1.2,0.83
incidence_per_1000_uninfected,MOZ,SEX_MLE,2006,7.2,8.3,6.6
incidence_per_1000_uninfected,CPV,SEX_BTSX,2015,0.41,0.53,0.34
incidence_per_1000_uninfected,CIV,SEX_FMLE,2006,2.2,2.7,1.8
incidence_per_1000_uninfected,BDI,SEX_BTSX,1992,4.0,5.2,3.1
incidence_per_1000_uninfected,GIN,SEX_MLE,2001,1.2,1.5,0.98
incidence_per_1000_uninfected,CIV,SEX_MLE,2024,0.19,0.34,0.1
incidence_per_1000_uninfected,ZAF,SEX_MLE,2015,4.4,5.4,3.9
incidence_per_1000_uninfected,GAB,SEX_BTSX,2002,3.1,3.8,2.4
incidence_per_1000_uninfected,SWZ,SEX_MLE,2009,15.0,16.9,13.6
incidence_per_1000_uninfected,MUS,SEX_MLE,2011,,,
incidence_per_1000_uninfected,GNQ,SEX_BTSX,2015,,,
incidence_per_1000_uninfected,MDG,SEX_BTSX,2023,0.45,0.62,0.34
incidence_per_1000_uninfected,COD,SEX_FMLE,2001,1.1,1.4,0.94
incidence_per_1000_uninfected,AGO,SEX_MLE,2006,0.93,1.1,0.8
incidence_per_1000_uninfected,CIV,SEX_MLE,2014,0.52,0.77,0.34
incidence_per_1000_uninfected,COD,SEX_BTSX,1998,1.3,1.6,1.0
incidence_per_1000_uninfected,MLI,SEX_MLE,1993,1.4,1.8,1.1
incidence_per_1000_uninfected,CAF,SEX_FMLE,1993,7.9,11.1,6.0
incidence_per_1000_uninfected,ERI,SEX_FMLE,1992,2.3,3.5,1.6
incidence_per_1000_uninfected,COG,SEX_BTSX,2002,2.3,2.7,2.0
incidence_per_1000_uninfected,UGA,SEX_MLE,2001,4.4,5.0,4.0
incidence_per_1000_uninfected,ZWE,SEX_MLE,2002,10.9,12.6,10.0
incidence_per_1000_uninfected,TGO,SEX_BTSX,1993,2.9,3.7,2.2
incidence_per_1000_uninfected,COG,SEX_FMLE,2021,2.6,3.9,1.5
incidence_per_1000_uninfected,ZMB,SEX_MLE,1995,9.6,11.1,8.6
incidence_per_1000_uninfected,SYC,SEX_MLE,1994,,,
incidence_per_1000_uninfected,ZMB,SEX_BTSX,2001,8.0,8.9,7.4
incidence_per_1000_uninfected,SEN,SEX_MLE,2022,0.19,0.22,0.17
incidence_per_1000_uninfected,COD,SEX_FMLE,1991,2.1,2.8,1.6
incidence_per_1000_uninfected,COM,SEX_FMLE,2003,0.1,0.1,0.01
incidence_per_1000_uninfected,LSO,SEX_BTSX,1996,23.0,26.8,20.1
incidence_per_1000_uninfected,GNQ,SEX_BTSX,2019,,,
incidence_per_1000_uninfected,GIN,SEX_FMLE,1997,1.4,1.8,1.1
incidence_per_1000_uninfected,GNQ,SEX_MLE,2000,,,
incidence_per_1000_uninfected,MLI,SEX_BTSX,2000,0.98,1.2,0.84
incidence_per_1000_uninfected,BWA,SEX_MLE,2010,6.4,7.4,5.5
incidence_per_1000_uninfected,ETH,SEX_FMLE,2018,0.19,0.38,0.11
incidence_per_1000_uninfected,SEN,SEX_MLE,2010,0.19,0.22,0.17
incidence_per_1000_uninfected,GHA,SEX_BTSX,2009,0.98,1.2,0.83
incidence_per_1000_uninfected,SSD,SEX_BTSX,2004,1.6,2.2,1.2
incidence_per_1000_uninfected,GAB,SEX_FMLE,2021,1.4,2.3,0.82
incidence_per_1000_uninfected,RWA,SEX_FMLE,2013,0.98,1.3,0.78
incidence_per_1000_uninfected,SSD,SEX_FMLE,1998,2.2,3.2,1.6
incidence_per_1000_uninfected,COM,SEX_MLE,2000,0.1,0.1,0.01
incidence_per_1000_uninfected,ZWE,SEX_FMLE,2000,14.5,16.1,13.1
incidence_per_1000_uninfected,TCD,SEX_FMLE,2001,1.5,1.8,1.1
incidence_per_1000_uninfected,COG,SEX_BTSX,1997,2.8,3.3,2.5
incidence_per_1000_uninfected,BFA,SEX_MLE,2018,0.15,0.2,0.11
incidence_per_1000_uninfected,LBR,SEX_FMLE,2012,,,
incidence_per_1000_uninfected,SSD,SEX_FMLE,1996,2.2,3.2,1.4
incidence_per_1000_uninfected,MUS,SEX_FMLE,2020,,,
incidence_per_1000_uninfected,MDG,SEX_MLE,2006,0.17,0.23,0.12
incidence_per_1000_uninfected,GHA,SEX_MLE,1996,1.7,2.0,1.4
incidence_per_1000_uninfected,CAF,SEX_FMLE,2011,2.3,2.9,1.7
incidence_per_1000_uninfected,RWA,SEX_FMLE,2008,1.5,1.9,1.3
incidence_per_1000_uninfected,BDI,SEX_BTSX,1993,2.5,3.9,1.8
incidence_per_1000_uninfected,MWI,SEX_MLE,2017,1.4,1.7,1.2
incidence_per_1000_uninfected,MUS,SEX_MLE,1998,,,
incidence_per_1000_uninfected,BDI,SEX_BTSX,1990,5.0,7.2,3.4
incidence_per_1000_uninfected,KEN,SEX_BTSX,1999,5.2,8.2,3.3
incidence_per_1000_uninfected,DZA,SEX_BTSX,1996,0.01,0.01,0.01
incidence_per_1000_uninfected,GHA,SEX_FMLE,2010,1.1,1.4,0.95
incidence_per_1000_uninfected,CPV,SEX_FMLE,2014,0.36,0.46,0.29
incidence_per_1000_uninfected,COG,SEX_FMLE,2010,2.2,2.7,1.7
incidence_per_1000_uninfected,CAF,SEX_MLE,1994,5.6,7.4,4.3
incidence_per_1000_uninfected,UGA,SEX_FMLE,2024,1.0,1.4,0.71
incidence_per_1000_uninfected,CPV,SEX_MLE,2003,0.51,0.63,0.44
incidence_per_1000_uninfected,MOZ,SEX_BTSX,1997,8.0,9.2,7.2
incidence_per_1000_uninfected,BDI,SEX_FMLE,2024,0.12,0.18,0.1
incidence_per_1000_uninfected,NAM,SEX_MLE,2012,4.2,5.1,3.6
incidence_per_1000_uninfected,SWZ,SEX_MLE,2015,9.3,10.9,8.4
incidence_per_1000_uninfected,BWA,SEX_FMLE,2022,2.8,3.3,2.3
incidence_per_1000_uninfected,BEN,SEX_BTSX,2018,0.17,0.24,0.11
incidence_per_1000_uninfected,AGO,SEX_BTSX,2015,0.94,1.1,0.79
incidence_per_1000_uninfected,COD,SEX_MLE,2003,0.82,1.0,0.67
incidence_per_1000_uninfected,ZWE,SEX_MLE,2000,12.7,14.4,11.5
incidence_per_1000_uninfected,SSD,SEX_FMLE,2000,2.0,2.9,1.5
incidence_per_1000_uninfected,ZAF,SEX_FMLE,1994,11.2,12.3,9.9
incidence_per_1000_uninfected,MDG,SEX_MLE,1996,0.1,0.1,0.1
incidence_per_1000_uninfected,BEN,SEX_FMLE,2004,0.8,0.96,0.69
incidence_per_1000_uninfected,SEN,SEX_BTSX,1995,0.48,0.52,0.46
incidence_per_1000_uninfected,GHA,SEX_MLE,1995,1.7,2.1,1.5
incidence_per_1000_uninfected,SWZ,SEX_MLE,2019,5.1,6.3,4.3
incidence_per_1000_uninfected,GHA,SEX_BTSX,2012,0.82,1.0,0.67
incidence_per_1000_uninfected,UGA,SEX_BTSX,1999,5.1,5.6,4.7
incidence_per_1000_uninfected,MDG,SEX_FMLE,2022,0.28,0.41,0.18
incidence_per_1000_uninfected,KEN,SEX_MLE,2022,0.3,0.48,0.19
incidence_per_1000_uninfected,RWA,SEX_FMLE,2015,0.72,1.1,0.55
incidence_per_1000_uninfected,CAF,SEX_BTSX,2003,3.5,4.2,2.9
incidence_per_1000_uninfected,GIN,SEX_MLE,2024,0.25,0.4,0.15
incidence_per_1000_uninfected,BWA,SEX_MLE,1995,22.0,24.5,20.0
incidence_per_1000_uninfected,TZA,SEX_MLE,2012,1.7,2.1,1.5
incidence_per_1000_uninfected,CIV,SEX_MLE,2012,0.74,1.0,0.55
incidence_per_1000_uninfected,GHA,SEX_FMLE,1996,2.4,2.8,2.0
incidence_per_1000_uninfected,TZA,SEX_MLE,1992,4.9,5.8,4.3
incidence_per_1000_uninfected,MOZ,SEX_BTSX,2003,8.8,9.9,8.0
incidence_per_1000_uninfected,DZA,SEX_FMLE,2015,0.1,0.1,0.1
incidence_per_1000_uninfected,ZMB,SEX_MLE,2024,1.1,1.5,0.79
incidence_per_1000_uninfected,DZA,SEX_BTSX,1997,0.1,0.1,0.01
incidence_per_1000_uninfected,COG,SEX_BTSX,2014,1.7,2.3,1.3
incidence_per_1000_uninfected,LSO,SEX_FMLE,1994,23.6,29.3,19.8
incidence_per_1000_uninfected,TCD,SEX_MLE,2010,0.64,0.82,0.5
incidence_per_1000_uninfected,ZWE,SEX_MLE,1994,23.9,28.3,21.2
incidence_per_1000_uninfected,RWA,SEX_FMLE,2009,1.3,1.7,1.1
incidence_per_1000_uninfected,MDG,SEX_BTSX,2000,0.1,0.12,0.1
incidence_per_1000_uninfected,UGA,SEX_BTSX,2017,1.7,2.1,1.5
incidence_per_1000_uninfected,UGA,SEX_FMLE,2003,4.9,5.3,4.5
incidence_per_1000_uninfected,ZAF,SEX_MLE,2001,10.2,11.8,9.1
incidence_per_1000_uninfected,GNQ,SEX_FMLE,1991,,,
incidence_per_1000_uninfected,TCD,SEX_BTSX,2013,0.52,0.7,0.39
incidence_per_1000_uninfected,CIV,SEX_BTSX,2018,0.5,0.74,0.31
incidence_per_1000_uninfected,CPV,SEX_MLE,1991,0.48,0.93,0.32
incidence_per_1000_uninfected,LBR,SEX_MLE,2021,,,
incidence_per_1000_uninfected,GAB,SEX_MLE,2006,1.7,2.2,1.4
incidence_per_1000_uninfected,ZWE,SEX_BTSX,2003,10.8,12.0,9.8
incidence_per_1000_uninfected,AGO,SEX_MLE,2024,0.33,0.42,0.26
incidence_per_1000_uninfected,COG,SEX_BTSX,1996,3.0,3.6,2.7
incidence_per_1000_uninfected,NGA,SEX_BTSX,2022,0.28,0.38,0.22
incidence_per_1000_uninfected,BDI,SEX_BTSX,2004,0.81,1.0,0.63
incidence_per_1000_uninfected,LSO,SEX_MLE,2015,7.1,9.1,5.9
incidence_per_1000_uninfected,AGO,SEX_MLE,2016,0.63,0.76,0.53
incidence_per_1000_uninfected,CMR,SEX_FMLE,1998,5.5,6.2,4.8
incidence_per_1000_uninfected,DZA,SEX_MLE,1997,0.1,0.1,0.01
incidence_per_1000_uninfected,SWZ,SEX_FMLE,2004,23.5,25.6,21.5
incidence_per_1000_uninfected,GIN,SEX_FMLE,2005,1.3,1.5,1.1
incidence_per_1000_uninfected,GIN,SEX_BTSX,2014,0.84,1.0,0.67
incidence_per_1000_uninfected,LSO,SEX_FMLE,1993,19.2,23.7,16.0
incidence_per_1000_uninfected,GNB,SEX_FMLE,1997,4.2,5.2,3.1
incidence_per_1000_uninfected,SEN,SEX_BTSX,2021,0.13,0.15,0.12
incidence_per_1000_uninfected,ERI,SEX_BTSX,2009,0.16,0.29,0.1
incidence_per_1000_uninfected,GNQ,SEX_MLE,2014,,,
incidence_per_1000_uninfected,COM,SEX_FMLE,1990,0.1,0.1,0.01
incidence_per_1000_uninfected,COD,SEX_FMLE,2022,0.3,0.47,0.18
incidence_per_1000_uninfected,BDI,SEX_MLE,2005,0.65,0.84,0.5
incidence_per_1000_uninfected,KEN,SEX_MLE,1994,7.3,11.7,4.7
incidence_per_1000_uninfected,CMR,SEX_BTSX,2009,2.2,2.5,1.9
incidence_per_1000_uninfected,MOZ,SEX_MLE,2010,6.7,7.7,6.2
incidence_per_1000_uninfected,ZWE,SEX_FMLE,1994,28.0,31.3,25.3
incidence_per_1000_uninfected,ZMB,SEX_BTSX,1991,12.7,14.2,11.5
incidence_per_1000_uninfected,MLI,SEX_FMLE,2020,0.29,0.42,0.21
incidence_per_1000_uninfected,MLI,SEX_FMLE,2012,0.48,0.67,0.38
incidence_per_1000_uninfected,CIV,SEX_MLE,2015,0.51,0.74,0.35
incidence_per_1000_uninfected,NGA,SEX_FMLE,1995,2.1,2.4,1.8
incidence_per_1000_uninfected,GNQ,SEX_FMLE,2001,,,
incidence_per_1000_uninfected,MLI,SEX_MLE,2011,0.41,0.57,0.33
incidence_per_1000_uninfected,ZAF,SEX_FMLE,1990,3.5,3.9,3.2
incidence_per_1000_uninfected,SLE,SEX_BTSX,2016,0.77,0.95,0.6
incidence_per_1000_uninfected,MWI,SEX_FMLE,2019,1.5,1.8,1.2
incidence_per_1000_uninfected,SLE,SEX_FMLE,2002,1.4,1.6,1.2
incidence_per_1000_uninfected,ZMB,SEX_BTSX,1992,12.6,14.0,11.4
incidence_per_1000_uninfected,NER,SEX_BTSX,1990,0.47,0.63,0.35
incidence_per_1000_uninfected,BEN,SEX_BTSX,1992,0.9,1.2,0.69
incidence_per_1000_uninfected,COM,SEX_BTSX,2007,0.1,0.1,0.01
incidence_per_1000_uninfected,GMB,SEX_BTSX,2006,1.5,2.0,1.2
incidence_per_1000_uninfected,MOZ,SEX_BTSX,2021,4.1,4.9,3.4
incidence_per_1000_uninfected,CIV,SEX_MLE,2023,0.21,0.36,0.11
incidence_per_1000_uninfected,MLI,SEX_MLE,2014,0.36,0.48,0.28
incidence_per_1000_uninfected,BDI,SEX_FMLE,2020,0.13,0.21,0.1
incidence_per_1000_uninfected,STP,SEX_MLE,1991,,,
incidence_per_1000_uninfected,GMB,SEX_MLE,2005,1.4,1.9,1.1
incidence_per_1000_uninfected,MLI,SEX_FMLE,2001,1.0,1.2,0.86
incidence_per_1000_uninfected,BFA,SEX_MLE,2009,0.31,0.4,0.24
incidence_per_1000_uninfected,ZWE,SEX_FMLE,1996,21.5,24.1,19.2
incidence_per_1000_uninfected,COD,SEX_BTSX,2009,0.61,0.77,0.5
incidence_per_1000_uninfected,SYC,SEX_MLE,1995,,,
incidence_per_1000_uninfected,TCD,SEX_MLE,2004,1.0,1.3,0.79
incidence_per_1000_uninfected,CAF,SEX_BTSX,2008,2.4,3.0,1.9
incidence_per_1000_uninfected,SWZ,SEX_BTSX,1999,24.9,27.1,23.0
incidence_per_1000_uninfected,COM,SEX_BTSX,2009,0.1,0.1,0.01
incidence_per_1000_uninfected,GAB,SEX_BTSX,2018,1.2,1.8,0.75
incidence_per_1000_uninfected,GMB,SEX_MLE,2021,0.52,0.81,0.32
incidence_per_1000_uninfected,ERI,SEX_FMLE,2003,0.63,0.9,0.4
incidence_per_1000_uninfected,UGA,SEX_MLE,2003,4.2,4.7,3.8
incidence_per_1000_uninfected,ETH,SEX_MLE,2019,0.1,0.19,0.1
incidence_per_1000_uninfected,KEN,SEX_FMLE,2022,0.59,0.92,0.37
incidence_per_1000_uninfected,AGO,SEX_MLE,1996,0.83,1.1,0.64
incidence_per_1000_uninfected,COD,SEX_MLE,2020,0.23,0.32,0.16
incidence_per_1000_uninfected,SYC,SEX_MLE,2002,,,
incidence_per_1000_uninfected,MUS,SEX_BTSX,2016,,,
incidence_per_1000_uninfected,NGA,SEX_BTSX,2019,0.42,0.53,0.34
incidence_per_1000_uninfected,ETH,SEX_FMLE,1990,4.0,7.7,2.3
incidence_per_1000_uninfected,ERI,SEX_FMLE,2000,1.1,1.5,0.82
incidence_per_1000_uninfected,NER,SEX_MLE,2003,0.34,0.4,0.3
incidence_per_1000_uninfected,MOZ,SEX_FMLE,1992,4.9,6.0,4.2
incidence_per_1000_uninfected,ZMB,SEX_MLE,1999,7.8,8.9,7.1
incidence_per_1000_uninfected,MLI,SEX_MLE,2024,0.15,0.23,0.11
incidence_per_1000_uninfected,BWA,SEX_MLE,2013,5.1,5.9,4.4
incidence_per_1000_uninfected,AGO,SEX_FMLE,2015,1.2,1.5,1.0
incidence_per_1000_uninfected,GNQ,SEX_MLE,1999,,,
incidence_per_1000_uninfected,ZMB,SEX_MLE,1990,10.8,12.6,9.3
incidence_per_1000_uninfected,MWI,SEX_BTSX,1992,13.9,15.0,13.2
incidence_per_1000_uninfected,AGO,SEX_MLE,2009,0.88,1.1,0.77
incidence_per_1000_uninfected,RWA,SEX_MLE,2001,2.7,3.1,2.4
incidence_per_1000_uninfected,SYC,SEX_BTSX,2007,,,
incidence_per_1000_uninfected,GIN,SEX_MLE,1997,1.2,1.5,0.94
incidence_per_1000_uninfected,COG,SEX_MLE,1996,2.3,2.8,2.0
incidence_per_1000_uninfected,SLE,SEX_BTSX,2001,1.3,1.6,1.1
incidence_per_1000_uninfected,MRT,SEX_BTSX,2014,0.1,0.1,0.1
incidence_per_1000_uninfected,LBR,SEX_MLE,2010,,,
incidence_per_1000_uninfected,AGO,SEX_FMLE,2001,1.6,1.9,1.4
incidence_per_1000_uninfected,SEN,SEX_MLE,2012,0.15,0.18,0.13
incidence_per_1000_uninfected,MRT,SEX_BTSX,1996,0.59,0.73,0.46
incidence_per_1000_uninfected,GAB,SEX_MLE,1996,2.9,4.4,1.9
incidence_per_1000_uninfected,NGA,SEX_FMLE,1994,2.0,2.3,1.8
incidence_per_1000_uninfected,ETH,SEX_BTSX,2005,0.59,1.2,0.34
incidence_per_1000_uninfected,BWA,SEX_BTSX,1999,20.3,22.3,18.6
incidence_per_1000_uninfected,ETH,SEX_FMLE,2020,0.14,0.28,0.1
incidence_per_1000_uninfected,AGO,SEX_BTSX,2024,0.55,0.68,0.44
incidence_per_1000_uninfected,BEN,SEX_BTSX,2022,0.12,0.18,0.1
incidence_per_1000_uninfected,DZA,SEX_MLE,2018,0.1,0.1,0.1
incidence_per_1000_uninfected,SWZ,SEX_FMLE,2019,8.2,9.8,6.7
incidence_per_1000_uninfected,LSO,SEX_MLE,2005,14.8,18.1,12.8
incidence_per_1000_uninfected,CAF,SEX_MLE,2008,2.1,2.7,1.7
incidence_per_1000_uninfected,KEN,SEX_MLE,2006,2.2,3.5,1.4
incidence_per_1000_uninfected,AGO,SEX_BTSX,1999,1.2,1.5,1.0
incidence_per_1000_uninfected,TCD,SEX_FMLE,2015,0.52,0.69,0.37
incidence_per_1000_uninfected,LBR,SEX_FMLE,2024,,,
incidence_per_1000_uninfected,NAM,SEX_BTSX,2018,2.6,3.4,2.1
incidence_per_1000_uninfected,ZWE,SEX_FMLE,1999,16.0,17.9,14.6
incidence_per_1000_uninfected,BFA,SEX_MLE,2022,0.11,0.17,0.1
incidence_per_1000_uninfected,CIV,SEX_MLE,1991,6.9,9.0,5.3
incidence_per_1000_uninfected,CAF,SEX_MLE,2021,0.68,1.2,0.4
incidence_per_1000_uninfected,TCD,SEX_BTSX,1997,1.9,2.5,1.4
incidence_per_1000_uninfected,DZA,SEX_FMLE,2003,0.1,0.1,0.1
incidence_per_1000_uninfected,MUS,SEX_FMLE,2003,,,
incidence_per_1000_uninfected,BDI,SEX_FMLE,2012,0.4,0.54,0.27
incidence_per_1000_uninfected,GMB,SEX_FMLE,1997,1.6,2.2,1.1
incidence_per_1000_uninfected,AGO,SEX_BTSX,2013,1.1,1.3,0.9
incidence_per_1000_uninfected,ZMB,SEX_MLE,2020,2.0,2.4,1.7
incidence_per_1000_uninfected,RWA,SEX_FMLE,1992,5.1,6.1,4.2
incidence_per_1000_uninfected,GNQ,SEX_BTSX,2001,,,
incidence_per_1000_uninfected,SLE,SEX_MLE,2005,1.1,1.3,0.91
incidence_per_1000_uninfected,LSO,SEX_MLE,2007,14.1,17.3,12.1
incidence_per_1000_uninfected,DZA,SEX_FMLE,2006,0.1,0.1,0.1
incidence_per_1000_uninfected,BWA,SEX_FMLE,2012,8.3,9.1,7.2
incidence_per_1000_uninfected,COG,SEX_BTSX,2023,1.8,2.9,0.9
incidence_per_1000_uninfected,NER,SEX_MLE,2007,0.21,0.25,0.17
incidence_per_1000_uninfected,TGO,SEX_BTSX,2018,0.47,0.65,0.33
incidence_per_1000_uninfected,TGO,SEX_FMLE,1993,3.3,4.2,2.5
incidence_per_1000_uninfected,ETH,SEX_FMLE,2022,0.13,0.25,0.1
incidence_per_1000_uninfected,GIN,SEX_BTSX,2005,1.2,1.4,0.99
incidence_per_1000_uninfected,CMR,SEX_FMLE,2022,0.65,0.94,0.44
incidence_per_1000_uninfected,CAF,SEX_BTSX,2023,0.65,1.3,0.33
incidence_per_1000_uninfected,SLE,SEX_FMLE,2007,1.2,1.4,0.99
incidence_per_1000_uninfected,GNB,SEX_BTSX,2022,0.54,0.8,0.34
incidence_per_1000_uninfected,LBR,SEX_FMLE,2004,,,
incidence_per_1000_uninfected,ZAF,SEX_MLE,2007,7.8,9.1,6.7
incidence_per_1000_uninfected,CMR,SEX_MLE,2021,0.48,0.68,0.36
incidence_per_1000_uninfected,MRT,SEX_MLE,2021,0.1,0.1,0.1
incidence_per_1000_uninfected,DZA,SEX_BTSX,2021,0.1,0.1,0.1
incidence_per_1000_uninfected,ETH,SEX_MLE,2001,0.81,1.8,0.43
incidence_per_1000_uninfected,COD,SEX_BTSX,2008,0.63,0.8,0.52
incidence_per_1000_uninfected,CMR,SEX_FMLE,2011,1.9,2.3,1.6
incidence_per_1000_uninfected,DZA,SEX_FMLE,1993,0.01,0.01,0.01
incidence_per_1000_uninfected,ERI,SEX_FMLE,1997,1.8,2.3,1.3
incidence_per_1000_uninfected,BDI,SEX_MLE,2015,0.2,0.29,0.14
incidence_per_1000_uninfected,MOZ,SEX_FMLE,2016,6.8,7.7,6.0
incidence_per_1000_uninfected,MRT,SEX_BTSX,2019,0.1,0.1,0.1
incidence_per_1000_uninfected,GNQ,SEX_FMLE,2008,,,
incidence_per_1000_uninfected,COM,SEX_MLE,1993,0.1,0.1,0.01
incidence_per_1000_uninfected,BFA,SEX_BTSX,2007,0.38,0.48,0.29
incidence_per_1000_uninfected,TZA,SEX_MLE,2013,1.6,1.9,1.4
incidence_per_1000_uninfected,GIN,SEX_BTSX,1997,1.3,1.6,1.1
incidence_per_1000_uninfected,ZAF,SEX_BTSX,2011,7.3,8.2,6.5
incidence_per_1000_uninfected,GNQ,SEX_BTSX,1999,,,
incidence_per_1000_uninfected,MUS,SEX_FMLE,2002,,,
incidence_per_1000_uninfected,NGA,SEX_MLE,2017,0.39,0.51,0.32
incidence_per_1000_uninfected,COD,SEX_MLE,2021,0.21,0.31,0.14
incidence_per_1000_uninfected,SSD,SEX_FMLE,2015,1.2,1.5,0.94
incidence_per_1000_uninfected,MLI,SEX_FMLE,1996,1.5,1.8,1.2
incidence_per_1000_uninfected,ZAF,SEX_BTSX,2002,12.2,13.4,11.0
incidence_per_1000_uninfected,RWA,SEX_MLE,2016,0.38,0.59,0.29
incidence_per_1000_uninfected,MWI,SEX_FMLE,1993,15.4,16.5,14.4
incidence_per_1000_uninfected,CIV,SEX_BTSX,2010,1.2,1.5,0.92
incidence_per_1000_uninfected,MUS,SEX_MLE,2000,,,
incidence_per_1000_uninfected,GAB,SEX_MLE,1991,1.7,3.0,0.95
incidence_per_1000_uninfected,MOZ,SEX_MLE,1999,7.7,9.3,6.9
incidence_per_1000_uninfected,LSO,SEX_MLE,2021,2.3,3.1,1.8
incidence_per_1000_uninfected,LSO,SEX_BTSX,1990,5.5,6.8,4.3
incidence_per_1000_uninfected,RWA,SEX_FMLE,2001,3.3,3.7,3.1
incidence_per_1000_uninfected,STP,SEX_BTSX,2013,,,
incidence_per_1000_uninfected,GIN,SEX_FMLE,2003,1.4,1.6,1.2
incidence_per_1000_uninfected,GNQ,SEX_BTSX,1994,,,
incidence_per_1000_uninfected,GIN,SEX_MLE,2014,0.72,0.9,0.58
incidence_per_1000_uninfected,BDI,SEX_FMLE,2007,0.67,0.85,0.52
incidence_per_1000_uninfected,CIV,SEX_MLE,2007,1.5,1.8,1.2
incidence_per_1000_uninfected,STP,SEX_MLE,2020,,,
incidence_per_1000_uninfected,COG,SEX_BTSX,1990,4.7,6.1,3.7
incidence_per_1000_uninfected,MWI,SEX_FMLE,2014,3.5,4.0,3.2
incidence_per_1000_uninfected,ETH,SEX_MLE,1993,2.6,5.6,1.4
incidence_per_1000_uninfected,SSD,SEX_MLE,2008,1.2,1.5,0.9
incidence_per_1000_uninfected,GMB,SEX_MLE,1999,1.5,2.1,1.1
incidence_per_1000_uninfected,UGA,SEX_FMLE,1996,6.1,6.8,5.6
incidence_per_1000_uninfected,BEN,SEX_FMLE,2017,0.24,0.36,0.17
incidence_per_1000_uninfected,ERI,SEX_MLE,1993,1.8,2.7,1.2
incidence_per_1000_uninfected,MUS,SEX_MLE,2010,,,
incidence_per_1000_uninfected,BFA,SEX_MLE,2015,0.18,0.23,0.13
incidence_per_1000_uninfected,TZA,SEX_MLE,2011,1.8,2.1,1.7
incidence_per_1000_uninfected,LBR,SEX_FMLE,2022,,,
incidence_per_1000_uninfected,ZAF,SEX_FMLE,1992,7.1,7.9,6.3
incidence_per_1000_uninfected,MLI,SEX_MLE,2002,0.77,0.96,0.65
incidence_per_1000_uninfected,TZA,SEX_FMLE,2020,1.7,2.1,1.5
incidence_per_1000_uninfected,SLE,SEX_BTSX,2021,0.49,0.72,0.33
incidence_per_1000_uninfected,GHA,SEX_BTSX,2022,0.55,0.83,0.38
incidence_per_1000_uninfected,STP,SEX_BTSX,2007,,,
incidence_per_1000_uninfected,NGA,SEX_BTSX,1993,1.8,2.1,1.6
incidence_per_1000_uninfected,TZA,SEX_BTSX,1993,5.5,6.2,4.9
incidence_per_1000_uninfected,TGO,SEX_BTSX,1991,1.9,2.4,1.4
incidence_per_1000_uninfected,CPV,SEX_BTSX,2017,0.47,0.61,0.38
incidence_per_1000_uninfected,RWA,SEX_FMLE,1991,4.8,6.3,3.6
incidence_per_1000_uninfected,MOZ,SEX_BTSX,2008,7.8,8.7,7.1
incidence_per_1000_uninfected,TGO,SEX_BTSX,2010,1.1,1.4,0.84
incidence_per_1000_uninfected,ETH,SEX_MLE,2012,0.2,0.44,0.11
incidence_per_1000_uninfected,MRT,SEX_BTSX,2003,0.43,0.52,0.36
incidence_per_1000_uninfected,STP,SEX_FMLE,1994,,,
incidence_per_1000_uninfected,STP,SEX_MLE,2009,,,
incidence_per_1000_uninfected,TGO,SEX_BTSX,2001,2.3,3.0,1.9
incidence_per_1000_uninfected,GNQ,SEX_FMLE,1993,,,
incidence_per_1000_uninfected,TCD,SEX_MLE,1999,1.4,1.9,1.1
incidence_per_1000_uninfected,CIV,SEX_FMLE,2014,0.82,1.2,0.52
incidence_per_1000_uninfected,RWA,SEX_MLE,2008,1.2,1.5,1.0
incidence_per_1000_uninfected,RWA,SEX_BTSX,2005,1.9,2.3,1.8
incidence_per_1000_uninfected,TCD,SEX_BTSX,2014,0.44,0.6,0.31
incidence_per_1000_uninfected,SLE,SEX_BTSX,2023,0.33,0.55,0.21
incidence_per_1000_uninfected,CPV,SEX_FMLE,2003,0.43,0.5,0.39
incidence_per_1000_uninfected,GIN,SEX_FMLE,2017,0.84,1.1,0.65
incidence_per_1000_uninfected,SYC,SEX_MLE,1992,,,
incidence_per_1000_uninfected,COD,SEX_MLE,2010,0.49,0.64,0.4
incidence_per_1000_uninfected,BFA,SEX_FMLE,2013,0.22,0.29,0.16
incidence_per_1000_uninfected,MWI,SEX_BTSX,2002,7.9,8.9,7.4
incidence_per_1000_uninfected,COM,SEX_BTSX,2013,0.1,0.1,0.01
incidence_per_1000_uninfected,UGA,SEX_FMLE,1998,5.7,6.2,5.3
incidence_per_1000_uninfected,TCD,SEX_FMLE,1996,2.0,2.6,1.5
incidence_per_1000_uninfected,SYC,SEX_MLE,1990,,,
incidence_per_1000_uninfected,SSD,SEX_MLE,2022,0.44,0.62,0.3
incidence_per_1000_uninfected,GNQ,SEX_BTSX,2003,,,
incidence_per_1000_uninfected,COD,SEX_FMLE,2009,0.68,0.86,0.55
incidence_per_1000_uninfected,CMR,SEX_FMLE,1992,3.0,3.5,2.4
incidence_per_1000_uninfected,TZA,SEX_FMLE,2022,1.3,1.7,1.0
incidence_per_1000_uninfected,MDG,SEX_MLE,2012,0.2,0.26,0.15
incidence_per_1000_uninfected,CAF,SEX_BTSX,2020,0.91,1.5,0.51
incidence_per_1000_uninfected,TGO,SEX_MLE,2002,1.8,2.3,1.5
incidence_per_1000_uninfected,TCD,SEX_FMLE,1993,2.3,3.1,1.6
incidence_per_1000_uninfected,SYC,SEX_BTSX,2000,,,
incidence_per_1000_uninfected,CIV,SEX_MLE,2022,0.22,0.37,0.12
incidence_per_1000_uninfected,BDI,SEX_MLE,2013,0.26,0.36,0.17
incidence_per_1000_uninfected,BWA,SEX_MLE,2017,3.5,3.9,3.0
incidence_per_1000_uninfected,LBR,SEX_FMLE,2017,,,
incidence_per_1000_uninfected,KEN,SEX_BTSX,2012,1.4,2.2,0.9
incidence_per_1000_uninfected,ERI,SEX_FMLE,2016,0.11,0.21,0.1
incidence_per_1000_uninfected,TCD,SEX_FMLE,2010,0.76,0.97,0.59
incidence_per_1000_uninfected,TZA,SEX_BTSX,2011,2.1,2.4,1.9
incidence_per_1000_uninfected,ERI,SEX_FMLE,2006,0.33,0.54,0.16
incidence_per_1000_uninfected,TCD,SEX_BTSX,1995,2.0,2.7,1.5
incidence_per_1000_uninfected,CAF,SEX_MLE,2013,1.5,2.0,1.1
incidence_per_1000_uninfected,LSO,SEX_BTSX,2009,14.1,16.6,12.2
incidence_per_1000_uninfected,CIV,SEX_FMLE,2018,0.63,0.93,0.38
incidence_per_1000_uninfected,CPV,SEX_BTSX,1998,0.48,0.6,0.41
incidence_per_1000_uninfected,GMB,SEX_FMLE,2024,0.43,0.78,0.24
incidence_per_1000_uninfected,ZMB,SEX_BTSX,2021,2.3,2.9,1.9
incidence_per_1000_uninfected,KEN,SEX_FMLE,2000,5.5,8.6,3.5
incidence_per_1000_uninfected,GHA,SEX_BTSX,1998,1.8,2.1,1.6
incidence_per_1000_uninfected,ZMB,SEX_MLE,1991,11.1,12.9,9.8
incidence_per_1000_uninfected,AGO,SEX_MLE,1991,0.58,0.85,0.36
incidence_per_1000_uninfected,CMR,SEX_BTSX,1991,2.1,2.5,1.6
incidence_per_1000_uninfected,GIN,SEX_MLE,2011,0.77,0.98,0.63
incidence_per_1000_uninfected,MDG,SEX_FMLE,2008,0.17,0.21,0.13
incidence_per_1000_uninfected,MWI,SEX_BTSX,1990,12.6,13.4,12.0
incidence_per_1000_uninfected,ETH,SEX_FMLE,2007,0.56,1.1,0.33
incidence_per_1000_uninfected,ZAF,SEX_MLE,2003,9.4,10.9,8.3
incidence_per_1000_uninfected,STP,SEX_MLE,2003,,,
incidence_per_1000_uninfected,NGA,SEX_FMLE,2009,1.0,1.3,0.93
incidence_per_1000_uninfected,COD,SEX_FMLE,2008,0.7,0.9,0.58
incidence_per_1000_uninfected,COG,SEX_MLE,1997,2.2,2.6,1.9
incidence_per_1000_uninfected,RWA,SEX_MLE,1993,4.0,4.8,3.3
incidence_per_1000_uninfected,SSD,SEX_FMLE,2014,1.4,1.7,1.1
incidence_per_1000_uninfected,BWA,SEX_BTSX,2011,7.8,8.5,7.0
incidence_per_1000_uninfected,NGA,SEX_BTSX,2016,0.52,0.67,0.44
incidence_per_1000_uninfected,NER,SEX_MLE,1994,0.76,0.92,0.6
incidence_per_1000_uninfected,TCD,SEX_BTSX,2018,0.33,0.46,0.22
incidence_per_1000_uninfected,COD,SEX_BTSX,2019,0.32,0.43,0.23
incidence_per_1000_uninfected,MUS,SEX_FMLE,1997,,,
incidence_per_1000_uninfected,TCD,SEX_FMLE,2004,1.2,1.5,0.91
incidence_per_1000_uninfected,LBR,SEX_MLE,1997,,,
incidence_per_1000_uninfected,SYC,SEX_MLE,2003,,,
incidence_per_1000_uninfected,TZA,SEX_BTSX,2022,0.98,1.3,0.81
incidence_per_1000_uninfected,CPV,SEX_BTSX,2004,0.47,0.56,0.42
incidence_per_1000_uninfected,AGO,SEX_BTSX,2011,1.2,1.3,0.99
incidence_per_1000_uninfected,NER,SEX_BTSX,1996,0.65,0.77,0.54
incidence_per_1000_uninfected,MOZ,SEX_MLE,1992,3.8,4.8,3.1
incidence_per_1000_uninfected,BEN,SEX_FMLE,2003,0.83,0.98,0.72
incidence_per_1000_uninfected,BFA,SEX_MLE,2010,0.28,0.36,0.21
incidence_per_1000_uninfected,GAB,SEX_BTSX,2008,2.1,2.7,1.7
incidence_per_1000_uninfected,NGA,SEX_FMLE,2010,1.0,1.2,0.88
incidence_per_1000_uninfected,GNQ,SEX_FMLE,2023,,,
incidence_per_1000_uninfected,GIN,SEX_BTSX,1992,0.78,1.1,0.42
incidence_per_1000_uninfected,SSD,SEX_BTSX,2003,1.6,2.1,1.2
incidence_per_1000_uninfected,ERI,SEX_FMLE,2021,0.14,0.24,0.1
incidence_per_1000_uninfected,LBR,SEX_FMLE,2003,,,
incidence_per_1000_uninfected,KEN,SEX_MLE,1998,4.7,7.5,3.0
incidence_per_1000_uninfected,CMR,SEX_BTSX,2011,1.7,2.0,1.4
incidence_per_1000_uninfected,CPV,SEX_FMLE,2022,0.34,0.49,0.21
incidence_per_1000_uninfected,BWA,SEX_MLE,2000,16.0,18.2,14.5
incidence_per_1000_uninfected,ZWE,SEX_MLE,2017,1.9,2.5,1.6
incidence_per_1000_uninfected,COG,SEX_FMLE,2003,2.8,3.2,2.4
incidence_per_1000_uninfected,CAF,SEX_MLE,2014,1.3,1.8,0.95
incidence_per_1000_uninfected,BEN,SEX_BTSX,1997,1.3,1.6,1.1
incidence_per_1000_uninfected,MLI,SEX_BTSX,2005,0.76,0.97,0.64
incidence_per_1000_uninfected,TCD,SEX_FMLE,1999,1.7,2.1,1.3
incidence_per_1000_uninfected,LSO,SEX_FMLE,1997,24.5,27.8,21.5
incidence_per_1000_uninfected,RWA,SEX_BTSX,2017,0.41,0.63,0.31
incidence_per_1000_uninfected,STP,SEX_BTSX,2008,,,
incidence_per_1000_uninfected,SLE,SEX_FMLE,1998,1.5,1.9,1.3
incidence_per_1000_uninfected,GHA,SEX_BTSX,2024,0.47,0.76,0.31
incidence_per_1000_uninfected,MOZ,SEX_MLE,1993,4.3,5.4,3.6
incidence_per_1000_uninfected,NGA,SEX_BTSX,2023,0.26,0.34,0.2
incidence_per_1000_uninfected,MUS,SEX_MLE,2022,,,
incidence_per_1000_uninfected,TGO,SEX_BTSX,1990,1.5,2.0,1.1
incidence_per_1000_uninfected,NAM,SEX_BTSX,1997,13.9,15.5,12.5
incidence_per_1000_uninfected,KEN,SEX_BTSX,1996,7.2,11.2,4.6
incidence_per_1000_uninfected,MDG,SEX_BTSX,1996,0.1,0.1,0.1
incidence_per_1000_uninfected,BEN,SEX_BTSX,2004,0.72,0.88,0.61
incidence_per_1000_uninfected,CMR,SEX_MLE,1990,1.5,1.8,1.1
incidence_per_1000_uninfected,ZAF,SEX_MLE,1994,8.9,10.5,7.9
incidence_per_1000_uninfected,GNB,SEX_BTSX,1994,1.6,2.1,1.0
incidence_per_1000_uninfected,UGA,SEX_FMLE,2015,2.5,3.0,2.2
incidence_per_1000_uninfected,STP,SEX_FMLE,1990,,,
incidence_per_1000_uninfected,MWI,SEX_MLE,2013,2.6,3.0,2.3
incidence_per_1000_uninfected,ZAF,SEX_MLE,2024,2.1,2.6,1.8
incidence_per_1000_uninfected,CMR,SEX_MLE,2022,0.4,0.57,0.28
